effect	roi	family	behavior	n	pearson_r	pearson_p	spearman_rho	spearman_p	pearson_q_fdr	spearman_q_fdr
down_minus_passive_FE	expl_amygdala_L	exploratory_context	mean_reg_success_z	33	0.07873939907721537	0.6631560561819397	0.13836898395721925	0.44253145035519226	0.7368400624243775	0.7278861097319954
down_minus_passive_FE	expl_amygdala_L	exploratory_context	reg_success_z_up	33	-0.10312320263513998	0.5679441197160753	-0.08155080213903744	0.6518721495502794	0.7368400624243775	0.8691628660670392
down_minus_passive_FE	expl_amygdala_L	exploratory_context	reg_success_z_down	33	0.24064673892971103	0.17732739373746662	0.3145053475935829	0.07465523191796591	0.5910913124582221	0.6024218642436419
down_minus_passive_FE	expl_amygdala_L	exploratory_context	success_asymmetry_z_up_minus_down	33	-0.26934481823809286	0.1295754180820798	-0.2757352941176471	0.12037839527912197	0.5910913124582221	0.6024218642436419
down_minus_passive_FE	expl_amygdala_L	exploratory_context	task_separation_rating_z_up_minus_down	33	0.0828743888898229	0.6465857057549609	0.19050802139037434	0.288257662056037	0.7368400624243775	0.7278861097319954
down_minus_passive_FE	expl_amygdala_L	exploratory_context	passive_sensory_slope_z	33	-0.15657047435698718	0.38422787290957516	-0.1537433155080214	0.39297801242050523	0.610229245662187	0.7278861097319954
down_minus_passive_FE	expl_amygdala_L	exploratory_context	passive_withinrun_slope_z	33	0.22846914326869588	0.20095245046837665	0.27038770053475936	0.12804016152888492	0.610229245662187	0.6024218642436419
down_minus_passive_FE	expl_amygdala_L	exploratory_context	passive_acrossrun_slope_z	33	0.24966386589447334	0.16115044167359838	0.3044786096256685	0.08491943142258884	0.5910913124582221	0.6024218642436419
down_minus_passive_FE	expl_amygdala_R	exploratory_context	mean_reg_success_z	33	0.18377700286027898	0.3059465210869838	0.188168449197861	0.2943300446735416	0.610229245662187	0.7278861097319954
down_minus_passive_FE	expl_amygdala_R	exploratory_context	reg_success_z_up	33	0.08180730830418212	0.6508463461917845	0.13703208556149735	0.44699484440963666	0.7368400624243775	0.7278861097319954
down_minus_passive_FE	expl_amygdala_R	exploratory_context	reg_success_z_down	33	0.2103758525102419	0.2399440468400025	0.1002673796791444	0.5787679823624801	0.610229245662187	0.7983006653275587
down_minus_passive_FE	expl_amygdala_R	exploratory_context	success_asymmetry_z_up_minus_down	33	-0.0925322795749194	0.6085372214507606	-0.012366310160427808	0.945544926243306	0.7368400624243775	0.9697896679418523
down_minus_passive_FE	expl_amygdala_R	exploratory_context	task_separation_rating_z_up_minus_down	33	0.1738529176505057	0.33324638790318845	0.2005347593582888	0.26314893638942444	0.610229245662187	0.7278861097319954
down_minus_passive_FE	expl_amygdala_R	exploratory_context	passive_sensory_slope_z	33	-0.20122936118098028	0.26146444793812756	-0.22359625668449198	0.2109909558237476	0.610229245662187	0.6492029409961465
down_minus_passive_FE	expl_amygdala_R	exploratory_context	passive_withinrun_slope_z	33	0.4448622608867795	0.009486095110698473	0.4485294117647059	0.0088449661412445	0.3391097752962722	0.35379864564978
down_minus_passive_FE	expl_amygdala_R	exploratory_context	passive_acrossrun_slope_z	33	0.41282837635739233	0.01695548876481361	0.3719919786096257	0.03303117734197031	0.3391097752962722	0.6024218642436419
down_minus_passive_FE	expl_hippocampus_L	exploratory_context	mean_reg_success_z	33	0.15305261143895987	0.39513307138368703	0.13703208556149735	0.44699484440963666	0.610229245662187	0.7278861097319954
down_minus_passive_FE	expl_hippocampus_L	exploratory_context	reg_success_z_up	33	-0.0006073025556118106	0.9973237697536136	0.05147058823529412	0.7760550005541944	0.9973237697536136	0.8966528299144235
down_minus_passive_FE	expl_hippocampus_L	exploratory_context	reg_success_z_down	33	0.2500799616910327	0.16043045225777774	0.17947860962566847	0.31759266666718405	0.5910913124582221	0.7278861097319954
down_minus_passive_FE	expl_hippocampus_L	exploratory_context	success_asymmetry_z_up_minus_down	33	-0.19133195064256955	0.28613840862050316	-0.16209893048128343	0.3674482773926785	0.610229245662187	0.7278861097319954
down_minus_passive_FE	expl_hippocampus_L	exploratory_context	task_separation_rating_z_up_minus_down	33	0.1696189893765059	0.34533398848714975	0.1323529411764706	0.4628067843986101	0.610229245662187	0.7278861097319954
down_minus_passive_FE	expl_hippocampus_L	exploratory_context	passive_sensory_slope_z	33	-0.20587011734610428	0.25039211752370644	-0.22660427807486633	0.20475431290313792	0.610229245662187	0.6492029409961465
down_minus_passive_FE	expl_hippocampus_L	exploratory_context	passive_withinrun_slope_z	33	0.09573579269875813	0.5961295196717451	0.12934491978609627	0.47312597132579703	0.7368400624243775	0.7278861097319954
down_minus_passive_FE	expl_hippocampus_L	exploratory_context	passive_acrossrun_slope_z	33	0.043923523025205774	0.8082305862987149	0.00033422459893048126	0.9985271540782654	0.846828523866102	0.9985271540782654
down_minus_passive_FE	expl_hippocampus_R	exploratory_context	mean_reg_success_z	33	0.06552018359206642	0.71715649485508	-0.0250668449197861	0.889871122764298	0.7753043187622487	0.9582489937419073
down_minus_passive_FE	expl_hippocampus_R	exploratory_context	reg_success_z_up	33	-0.03986675641827209	0.8256578107694494	-0.05447860962566846	0.7633288007476038	0.846828523866102	0.8966528299144235
down_minus_passive_FE	expl_hippocampus_R	exploratory_context	reg_success_z_down	33	0.15019979398066435	0.4041057869586132	-0.021724598930481284	0.9044829307460704	0.610229245662187	0.9582489937419073
down_minus_passive_FE	expl_hippocampus_R	exploratory_context	success_asymmetry_z_up_minus_down	33	-0.14774931719236	0.4119047408219762	-0.06016042780748663	0.73945799530583	0.610229245662187	0.8966528299144235
down_minus_passive_FE	expl_hippocampus_R	exploratory_context	task_separation_rating_z_up_minus_down	33	0.08934724274483187	0.6209804827991251	-0.02038770053475936	0.9103365440548119	0.7368400624243775	0.9582489937419073
down_minus_passive_FE	expl_hippocampus_R	exploratory_context	passive_sensory_slope_z	33	-0.2478849968999771	0.16425466312101197	-0.2520053475935829	0.15712894658325915	0.5910913124582221	0.603014792484547
down_minus_passive_FE	expl_hippocampus_R	exploratory_context	passive_withinrun_slope_z	33	0.17187214017774405	0.3388686899804559	0.17580213903743316	0.327769885770716	0.610229245662187	0.7278861097319954
down_minus_passive_FE	expl_hippocampus_R	exploratory_context	passive_acrossrun_slope_z	33	0.15474642510167436	0.3898603079347556	0.10327540106951873	0.5673698669462608	0.610229245662187	0.7983006653275587
down_minus_passive_FE	expl_hypothalamus	exploratory_context	mean_reg_success_z	33	-0.25772250867637225	0.14761451450827257	-0.26537433155080214	0.13554491945481942	0.5910913124582221	0.6024218642436419
down_minus_passive_FE	expl_hypothalamus	exploratory_context	reg_success_z_up	33	-0.13931076801101563	0.4394018014706944	-0.1463903743315508	0.4162660637821015	0.6277168592438492	0.7278861097319954
down_minus_passive_FE	expl_hypothalamus	exploratory_context	reg_success_z_down	33	-0.26824142433938664	0.1312145020121504	-0.2934491978609626	0.09742721476356996	0.5910913124582221	0.6024218642436419
down_minus_passive_FE	expl_hypothalamus	exploratory_context	success_asymmetry_z_up_minus_down	33	0.08889067912281676	0.6227727657779333	0.07219251336898397	0.6897124203111333	0.7368400624243775	0.8899515100788817
down_minus_passive_FE	expl_hypothalamus	exploratory_context	task_separation_rating_z_up_minus_down	33	-0.30079820719762057	0.08894767315366602	-0.27907754010695185	0.11576626243553408	0.5910913124582221	0.6024218642436419
down_minus_passive_FE	expl_hypothalamus	exploratory_context	passive_sensory_slope_z	33	0.20011589771842236	0.2641681571253468	0.11864973262032086	0.5107701271230385	0.610229245662187	0.7566964846267237
down_minus_passive_FE	expl_hypothalamus	exploratory_context	passive_withinrun_slope_z	33	-0.2601559376950245	0.1436944741574463	-0.04946524064171123	0.7845712261751205	0.5910913124582221	0.8966528299144235
down_minus_passive_FE	expl_hypothalamus	exploratory_context	passive_acrossrun_slope_z	33	-0.30057935484853093	0.08919173888374916	-0.2469919786096257	0.16582906793325045	0.5910913124582221	0.603014792484547
down_minus_passive_FE	reg_NAc_L	targeted_regulatory_value	mean_reg_success_z	33	-0.12137668029994536	0.5010329432489762	-0.16243315508021391	0.3664479855237246	0.8553953952579976	0.8292794971163894
down_minus_passive_FE	reg_NAc_L	targeted_regulatory_value	reg_success_z_up	33	-0.2429887287270586	0.1730195230069273	-0.19518716577540107	0.2763555669498004	0.7868179771831818	0.8292794971163894
down_minus_passive_FE	reg_NAc_L	targeted_regulatory_value	reg_success_z_down	33	0.06688651095168235	0.7115069666953816	0.028743315508021394	0.8738392913498084	0.9230360649021166	0.902027655586899
down_minus_passive_FE	reg_NAc_L	targeted_regulatory_value	success_asymmetry_z_up_minus_down	33	-0.25301050778102296	0.1554249548918882	-0.14572192513368984	0.41842081934456576	0.7868179771831818	0.8292794971163894
down_minus_passive_FE	reg_NAc_L	targeted_regulatory_value	task_separation_rating_z_up_minus_down	33	-0.14240403664204146	0.4292080180055396	-0.16176470588235295	0.3684501845786665	0.8175225043942045	0.8292794971163894
down_minus_passive_FE	reg_NAc_L	targeted_regulatory_value	passive_sensory_slope_z	33	-0.29500030717605863	0.09558827498444535	-0.30347593582887705	0.0860026965064321	0.7868179771831818	0.7193233734336125
down_minus_passive_FE	reg_NAc_L	targeted_regulatory_value	passive_withinrun_slope_z	33	0.22291857002208357	0.21241385883425679	0.10828877005347595	0.5486036459003207	0.7868179771831818	0.8292794971163894
down_minus_passive_FE	reg_NAc_L	targeted_regulatory_value	passive_acrossrun_slope_z	33	0.1610176803902705	0.3706953829372047	0.05581550802139038	0.7576919536696729	0.8087899264084467	0.8950287111040746
down_minus_passive_FE	reg_NAc_R	targeted_regulatory_value	mean_reg_success_z	33	-0.25085182817387247	0.15910098171648368	-0.26370320855614976	0.13811686759192326	0.7868179771831818	0.7193233734336125
down_minus_passive_FE	reg_NAc_R	targeted_regulatory_value	reg_success_z_up	33	-0.18759132865824207	0.29584040718369314	-0.2907754010695187	0.10066010426074985	0.7868179771831818	0.7193233734336125
down_minus_passive_FE	reg_NAc_R	targeted_regulatory_value	reg_success_z_down	33	-0.2044532867044897	0.2537389720391468	-0.1410427807486631	0.43367780657980803	0.7868179771831818	0.8292794971163894
down_minus_passive_FE	reg_NAc_R	targeted_regulatory_value	success_asymmetry_z_up_minus_down	33	8.54980634643716e-05	0.9996232307914129	-0.03877005347593583	0.8303834964050092	0.9996232307914129	0.8996976664398864
down_minus_passive_FE	reg_NAc_R	targeted_regulatory_value	task_separation_rating_z_up_minus_down	33	-0.27619113702532516	0.11974142836518913	-0.2563502673796792	0.1498590361320026	0.7868179771831818	0.7193233734336125
down_minus_passive_FE	reg_NAc_R	targeted_regulatory_value	passive_sensory_slope_z	33	-0.3310922404116039	0.059819947403440654	-0.4237967914438503	0.013981645191551317	0.7253079374588379	0.26844758767778526
down_minus_passive_FE	reg_NAc_R	targeted_regulatory_value	passive_withinrun_slope_z	33	0.14537754012764897	0.41953338091311493	0.07486631016042782	0.6788204790669589	0.8175225043942045	0.8876868908156917
down_minus_passive_FE	reg_NAc_R	targeted_regulatory_value	passive_acrossrun_slope_z	33	0.18034126845328438	0.31523349747907026	0.2162433155080214	0.2267821191339349	0.7868179771831818	0.8292794971163894
down_minus_passive_FE	reg_PAG_sphere	targeted_regulatory_value	mean_reg_success_z	33	0.1875791799162023	0.2958722541496311	0.13703208556149735	0.44699484440963666	0.7868179771831818	0.8292794971163894
down_minus_passive_FE	reg_PAG_sphere	targeted_regulatory_value	reg_success_z_up	33	0.25155062569876196	0.15790421675672156	0.26270053475935834	0.13967709483795157	0.7868179771831818	0.7193233734336125
down_minus_passive_FE	reg_PAG_sphere	targeted_regulatory_value	reg_success_z_down	33	0.03167238503888593	0.8611014611770393	0.11697860962566847	0.5167833474033252	0.952712604943262	0.8292794971163894
down_minus_passive_FE	reg_PAG_sphere	targeted_regulatory_value	success_asymmetry_z_up_minus_down	33	0.18492033769686034	0.30289467689106203	0.16677807486631016	0.3535915778619937	0.7868179771831818	0.8292794971163894
down_minus_passive_FE	reg_PAG_sphere	targeted_regulatory_value	task_separation_rating_z_up_minus_down	33	0.12380029638964474	0.4924580670688908	0.10862299465240642	0.5473630062546808	0.8553953952579976	0.8292794971163894
down_minus_passive_FE	reg_PAG_sphere	targeted_regulatory_value	passive_sensory_slope_z	33	0.17104288693613223	0.3412395475838635	0.1734625668449198	0.3343498183117761	0.7868179771831818	0.8292794971163894
down_minus_passive_FE	reg_PAG_sphere	targeted_regulatory_value	passive_withinrun_slope_z	33	-0.3529518304512921	0.04393186801845488	-0.35193850267379684	0.04458442126328791	0.7029098882952781	0.6114434916108056
down_minus_passive_FE	reg_PAG_sphere	targeted_regulatory_value	passive_acrossrun_slope_z	33	-0.15562238598383638	0.38714951911320916	-0.1731283422459893	0.3352963701201831	0.8175225043942045	0.8292794971163894
down_minus_passive_FE	reg_SMA_preSMA	targeted_regulatory_value	mean_reg_success_z	33	0.005776468472734043	0.9745486097671054	-0.0625	0.729696377006099	0.9952836865706609	0.8950287111040746
down_minus_passive_FE	reg_SMA_preSMA	targeted_regulatory_value	reg_success_z_up	33	0.04691736270658775	0.7954267993644828	0.06818181818181819	0.7061649594759432	0.9319297860912106	0.8919978435485598
down_minus_passive_FE	reg_SMA_preSMA	targeted_regulatory_value	reg_success_z_down	33	-0.04169310454133763	0.8178014768561048	-0.15441176470588236	0.3908988526259167	0.9319297860912106	0.8292794971163894
down_minus_passive_FE	reg_SMA_preSMA	targeted_regulatory_value	success_asymmetry_z_up_minus_down	33	0.0708121562305471	0.695359602990814	0.05147058823529412	0.7760550005541944	0.918393735030389	0.8950287111040746
down_minus_passive_FE	reg_SMA_preSMA	targeted_regulatory_value	task_separation_rating_z_up_minus_down	33	0.002106822945854639	0.9907159416195068	-0.032754010695187165	0.8564062242139914	0.9996232307914129	0.8996976664398864
down_minus_passive_FE	reg_SMA_preSMA	targeted_regulatory_value	passive_sensory_slope_z	33	0.2426704868560856	0.17360049086234414	0.26871657754010697	0.13050680217858426	0.7868179771831818	0.7193233734336125
down_minus_passive_FE	reg_SMA_preSMA	targeted_regulatory_value	passive_withinrun_slope_z	33	-0.08923995137481365	0.6214014733694895	-0.1002673796791444	0.5787679823624801	0.88038250313922	0.8292794971163894
down_minus_passive_FE	reg_SMA_preSMA	targeted_regulatory_value	passive_acrossrun_slope_z	33	-0.021932553609826277	0.9035728361529152	-0.10160427807486631	0.5736895349853548	0.9638110252297761	0.8292794971163894
down_minus_passive_FE	reg_anterior_insula_L	targeted_regulatory_value	mean_reg_success_z	33	-0.19051751768594577	0.2882331791910575	-0.11831550802139038	0.511969983443831	0.7868179771831818	0.8292794971163894
down_minus_passive_FE	reg_anterior_insula_L	targeted_regulatory_value	reg_success_z_up	33	-0.205748482192559	0.2506782900457266	-0.18348930481283424	0.30671749914488927	0.7868179771831818	0.8292794971163894
down_minus_passive_FE	reg_anterior_insula_L	targeted_regulatory_value	reg_success_z_down	33	-0.08635256335215413	0.6327749241313143	-0.11831550802139038	0.511969983443831	0.88038250313922	0.8292794971163894
down_minus_passive_FE	reg_anterior_insula_L	targeted_regulatory_value	success_asymmetry_z_up_minus_down	33	-0.10512517355231235	0.5604118030983625	-0.08790106951871658	0.6266648621266663	0.8553953952579976	0.8473215037205628
down_minus_passive_FE	reg_anterior_insula_L	targeted_regulatory_value	task_separation_rating_z_up_minus_down	33	-0.1811430334815477	0.3130506994548061	-0.11931818181818182	0.5083746131110635	0.7868179771831818	0.8292794971163894
down_minus_passive_FE	reg_anterior_insula_L	targeted_regulatory_value	passive_sensory_slope_z	33	-0.17432863850893857	0.33190466076867386	-0.21290106951871657	0.23421810769459153	0.7868179771831818	0.8292794971163894
down_minus_passive_FE	reg_anterior_insula_L	targeted_regulatory_value	passive_withinrun_slope_z	33	0.08389183588042162	0.6425334740575943	0.034090909090909095	0.8506095583620601	0.8811887644218437	0.8996976664398864
down_minus_passive_FE	reg_anterior_insula_L	targeted_regulatory_value	passive_acrossrun_slope_z	33	-0.11641403272852627	0.518822719361578	-0.11363636363636365	0.5289134599467652	0.8553953952579976	0.8292794971163894
down_minus_passive_FE	reg_anterior_insula_R	targeted_regulatory_value	mean_reg_success_z	33	-0.4053093952690866	0.01928485352987274	-0.49899732620320864	0.003116154959782306	0.7029098882952781	0.11303335475650884
down_minus_passive_FE	reg_anterior_insula_R	targeted_regulatory_value	reg_success_z_up	33	-0.330334823058264	0.06044232812156983	-0.4933155080213904	0.0035322923361409014	0.7253079374588379	0.11303335475650884
down_minus_passive_FE	reg_anterior_insula_R	targeted_regulatory_value	reg_success_z_down	33	-0.30067229996094524	0.08908802326029505	-0.47493315508021394	0.00522437814307872	0.7868179771831818	0.1253850754338893
down_minus_passive_FE	reg_anterior_insula_R	targeted_regulatory_value	success_asymmetry_z_up_minus_down	33	-0.04514130813271033	0.8030163786967575	-0.0965909090909091	0.5928361548232959	0.9319297860912106	0.8337803492182934
down_minus_passive_FE	reg_anterior_insula_R	targeted_regulatory_value	task_separation_rating_z_up_minus_down	33	-0.39032056207409527	0.024724394266270898	-0.5073529411764707	0.0025814865082201344	0.7029098882952781	0.11303335475650884
down_minus_passive_FE	reg_anterior_insula_R	targeted_regulatory_value	passive_sensory_slope_z	33	-0.1992143363488633	0.266370704496335	-0.38903743315508027	0.02524349192753109	0.7868179771831818	0.40389587084049744
down_minus_passive_FE	reg_anterior_insula_R	targeted_regulatory_value	passive_withinrun_slope_z	33	-0.09698723852094891	0.5913124398966679	-0.13469251336898397	0.4548640229918324	0.8744431822377078	0.8292794971163894
down_minus_passive_FE	reg_anterior_insula_R	targeted_regulatory_value	passive_acrossrun_slope_z	33	-0.12794571817347877	0.47796668550368493	0.1627673796791444	0.36544930986990654	0.8553953952579976	0.8292794971163894
down_minus_passive_FE	reg_caudate_L	secondary_subcortical	mean_reg_success_z	33	-0.18703160906119634	0.29730993279802637	-0.17580213903743316	0.327769885770716	0.5930542004652067	0.655539771541432
down_minus_passive_FE	reg_caudate_L	secondary_subcortical	reg_success_z_up	33	-0.31566104456128585	0.07353699229949076	-0.2469919786096257	0.16582906793325045	0.5930542004652067	0.655539771541432
down_minus_passive_FE	reg_caudate_L	secondary_subcortical	reg_success_z_down	33	0.039054748434667136	0.8291561801631749	0.043114973262032084	0.8116970583519417	0.8844332588407199	0.8956657195607632
down_minus_passive_FE	reg_caudate_L	secondary_subcortical	success_asymmetry_z_up_minus_down	33	-0.29217816948373715	0.09895403443649572	-0.18482620320855617	0.3031452156624844	0.5930542004652067	0.655539771541432
down_minus_passive_FE	reg_caudate_L	secondary_subcortical	task_separation_rating_z_up_minus_down	33	-0.2091203794687737	0.24282544921239183	-0.19084224598930483	0.2873967833049059	0.5930542004652067	0.655539771541432
down_minus_passive_FE	reg_caudate_L	secondary_subcortical	passive_sensory_slope_z	33	-0.12307525562685204	0.49501542854374725	-0.04578877005347594	0.8002475072362791	0.7200224415181778	0.8956657195607632
down_minus_passive_FE	reg_caudate_L	secondary_subcortical	passive_withinrun_slope_z	33	0.09490612804347667	0.5993324124071664	0.09926470588235295	0.5825899413169034	0.7445407485515185	0.847403551006405
down_minus_passive_FE	reg_caudate_L	secondary_subcortical	passive_acrossrun_slope_z	33	-0.10351588408934327	0.5664630510464429	-0.12132352941176472	0.501221832595384	0.7445407485515185	0.8268533558453204
down_minus_passive_FE	reg_caudate_R	secondary_subcortical	mean_reg_success_z	33	-0.22814286324448976	0.20161407141948318	-0.24231283422459893	0.1742550572140458	0.5930542004652067	0.655539771541432
down_minus_passive_FE	reg_caudate_R	secondary_subcortical	reg_success_z_up	33	-0.2679960325824889	0.13158109751199482	-0.26336898395721925	0.13863551813672886	0.5930542004652067	0.655539771541432
down_minus_passive_FE	reg_caudate_R	secondary_subcortical	reg_success_z_down	33	-0.07986218946863838	0.6586407092927425	-0.07352941176470588	0.6842586450037624	0.7806112110136207	0.8742140574225901
down_minus_passive_FE	reg_caudate_R	secondary_subcortical	success_asymmetry_z_up_minus_down	33	-0.16181779630210535	0.36829092721530304	-0.08288770053475936	0.6465326241586704	0.5930542004652067	0.8742140574225901
down_minus_passive_FE	reg_caudate_R	secondary_subcortical	task_separation_rating_z_up_minus_down	33	-0.21944935092742757	0.21980114869422535	-0.20487967914438504	0.2527286442903155	0.5930542004652067	0.655539771541432
down_minus_passive_FE	reg_caudate_R	secondary_subcortical	passive_sensory_slope_z	33	-0.17385286140873105	0.3332465467244159	-0.11697860962566847	0.5167833474033252	0.5930542004652067	0.8268533558453204
down_minus_passive_FE	reg_caudate_R	secondary_subcortical	passive_withinrun_slope_z	33	0.09933646797825212	0.582316029242765	0.022727272727272728	0.9000959400442231	0.7445407485515185	0.9291312929488754
down_minus_passive_FE	reg_caudate_R	secondary_subcortical	passive_acrossrun_slope_z	33	0.16102980585819376	0.3706588752907542	0.2125668449197861	0.23497063091173914	0.5930542004652067	0.655539771541432
down_minus_passive_FE	reg_dlPFC_IFJ_L	targeted_regulatory_value	mean_reg_success_z	33	0.3724382299895805	0.03280493261947813	0.2907754010695187	0.10066010426074985	0.7029098882952781	0.7193233734336125
down_minus_passive_FE	reg_dlPFC_IFJ_L	targeted_regulatory_value	reg_success_z_up	33	0.10487428593690867	0.5613532281380609	0.21122994652406418	0.23799698630972407	0.8553953952579976	0.8292794971163894
down_minus_passive_FE	reg_dlPFC_IFJ_L	targeted_regulatory_value	reg_success_z_down	33	0.49269637933452387	0.003580413483388906	0.29244652406417115	0.09863017217525316	0.343719694405335	0.7193233734336125
down_minus_passive_FE	reg_dlPFC_IFJ_L	targeted_regulatory_value	success_asymmetry_z_up_minus_down	33	-0.2887878458981264	0.10311542922046817	-0.049799465240641716	0.7831501222160653	0.7868179771831818	0.8950287111040746
down_minus_passive_FE	reg_dlPFC_IFJ_L	targeted_regulatory_value	task_separation_rating_z_up_minus_down	33	0.35520192012671975	0.042510266351872446	0.28810160427807485	0.10397360426948142	0.7029098882952781	0.7193233734336125
down_minus_passive_FE	reg_dlPFC_IFJ_L	targeted_regulatory_value	passive_sensory_slope_z	33	0.013115687120956248	0.9422503706116967	0.10060160427807488	0.5774964897113983	0.9832177780295965	0.8292794971163894
down_minus_passive_FE	reg_dlPFC_IFJ_L	targeted_regulatory_value	passive_withinrun_slope_z	33	0.17960733141457105	0.3172399463238745	0.031751336898395724	0.8607585785241871	0.7868179771831818	0.8996976664398864
down_minus_passive_FE	reg_dlPFC_IFJ_L	targeted_regulatory_value	passive_acrossrun_slope_z	33	-0.04672718681626738	0.7962386081742597	-0.13770053475935828	0.44476011125125836	0.9319297860912106	0.8292794971163894
down_minus_passive_FE	reg_dlPFC_IFJ_R	targeted_regulatory_value	mean_reg_success_z	33	-0.039985578438378355	0.8251461647682593	-0.07586898395721926	0.6747522433605396	0.9319297860912106	0.8876868908156917
down_minus_passive_FE	reg_dlPFC_IFJ_R	targeted_regulatory_value	reg_success_z_up	33	0.04253341212357685	0.8141925441981284	-0.03141711229946524	0.8622102636715578	0.9319297860912106	0.8996976664398864
down_minus_passive_FE	reg_dlPFC_IFJ_R	targeted_regulatory_value	reg_success_z_down	33	-0.1114927108446527	0.5367652897402065	-0.10294117647058824	0.5686312610734869	0.8553953952579976	0.8292794971163894
down_minus_passive_FE	reg_dlPFC_IFJ_R	targeted_regulatory_value	success_asymmetry_z_up_minus_down	33	0.12042983217967254	0.5044032451641695	0.16243315508021391	0.3664479855237246	0.8553953952579976	0.8292794971163894
down_minus_passive_FE	reg_dlPFC_IFJ_R	targeted_regulatory_value	task_separation_rating_z_up_minus_down	33	-0.04898540824307508	0.7866126395610755	-0.1002673796791444	0.5787679823624801	0.9319297860912106	0.8292794971163894
down_minus_passive_FE	reg_dlPFC_IFJ_R	targeted_regulatory_value	passive_sensory_slope_z	33	-0.11176731607387037	0.5357563552483041	-0.0023395721925133692	0.9896903457319353	0.8553953952579976	0.9896903457319353
down_minus_passive_FE	reg_dlPFC_IFJ_R	targeted_regulatory_value	passive_withinrun_slope_z	33	-0.15126118279111694	0.40075404063999326	-0.27038770053475936	0.12804016152888492	0.8175225043942045	0.7193233734336125
down_minus_passive_FE	reg_dlPFC_IFJ_R	targeted_regulatory_value	passive_acrossrun_slope_z	33	-0.23689240499515546	0.18439062941324286	-0.2606951871657754	0.1428361607556724	0.7868179771831818	0.7193233734336125
down_minus_passive_FE	reg_mOFC	targeted_regulatory_value	mean_reg_success_z	33	0.07007989835960456	0.6983619026793583	0.08923796791443851	0.6214092571939174	0.918393735030389	0.8473215037205628
down_minus_passive_FE	reg_mOFC	targeted_regulatory_value	reg_success_z_up	33	-0.08752479267382214	0.6281473489069177	-0.019385026737967916	0.9147298093091305	0.88038250313922	0.9341921456774099
down_minus_passive_FE	reg_mOFC	targeted_regulatory_value	reg_success_z_down	33	0.20954381379408865	0.241851063937751	0.23362299465240643	0.19070087012477865	0.7868179771831818	0.7959688492164674
down_minus_passive_FE	reg_mOFC	targeted_regulatory_value	success_asymmetry_z_up_minus_down	33	-0.23264590821741996	0.19261571002887404	-0.27139037433155083	0.12657681309236102	0.7868179771831818	0.7193233734336125
down_minus_passive_FE	reg_mOFC	targeted_regulatory_value	task_separation_rating_z_up_minus_down	33	0.05265407862899114	0.7710409194483666	0.06049465240641711	0.7380609923298289	0.9319297860912106	0.8950287111040746
down_minus_passive_FE	reg_mOFC	targeted_regulatory_value	passive_sensory_slope_z	33	-0.1703714889608883	0.34316646817640295	-0.1233288770053476	0.49412008966351806	0.7868179771831818	0.8292794971163894
down_minus_passive_FE	reg_mOFC	targeted_regulatory_value	passive_withinrun_slope_z	33	0.13089778561255014	0.46778381275544817	0.14371657754010697	0.4249224051589565	0.8553953952579976	0.8292794971163894
down_minus_passive_FE	reg_mOFC	targeted_regulatory_value	passive_acrossrun_slope_z	33	-0.015370837567058274	0.932341723872089	0.05949197860962566	0.742254450552122	0.9832177780295965	0.8950287111040746
down_minus_passive_FE	reg_pgACC_rACC	targeted_regulatory_value	mean_reg_success_z	33	0.0595416456938033	0.7420465566782716	0.034759358288770054	0.8477140817369522	0.9319297860912106	0.8996976664398864
down_minus_passive_FE	reg_pgACC_rACC	targeted_regulatory_value	reg_success_z_up	33	-0.0967899006448276	0.5920709046401147	-0.05447860962566846	0.7633288007476038	0.8744431822377078	0.8950287111040746
down_minus_passive_FE	reg_pgACC_rACC	targeted_regulatory_value	reg_success_z_down	33	0.2024627925334228	0.25849073503936204	0.12633689839572193	0.48356425151950666	0.7868179771831818	0.8292794971163894
down_minus_passive_FE	reg_pgACC_rACC	targeted_regulatory_value	success_asymmetry_z_up_minus_down	33	-0.23494377221839005	0.18813371443980842	-0.17279411764705885	0.33624456078509823	0.7868179771831818	0.8292794971163894
down_minus_passive_FE	reg_pgACC_rACC	targeted_regulatory_value	task_separation_rating_z_up_minus_down	33	0.050354573099462924	0.7807913564399713	0.03643048128342246	0.8404840126193108	0.9319297860912106	0.8996976664398864
down_minus_passive_FE	reg_pgACC_rACC	targeted_regulatory_value	passive_sensory_slope_z	33	-0.14227677705171193	0.42962480268072795	-0.14939839572192515	0.4066470435736812	0.8175225043942045	0.8292794971163894
down_minus_passive_FE	reg_pgACC_rACC	targeted_regulatory_value	passive_withinrun_slope_z	33	0.18467357617710425	0.303551710442596	0.23897058823529416	0.18045677272738112	0.7868179771831818	0.7874477355376631
down_minus_passive_FE	reg_pgACC_rACC	targeted_regulatory_value	passive_acrossrun_slope_z	33	0.1124283554848301	0.5333313429936124	0.05046791443850268	0.7803099810395576	0.8553953952579976	0.8950287111040746
down_minus_passive_FE	reg_putamen_L	secondary_subcortical	mean_reg_success_z	33	-0.1724236672489243	0.33729743784083144	-0.3114973262032086	0.07762768908917983	0.5930542004652067	0.655539771541432
down_minus_passive_FE	reg_putamen_L	secondary_subcortical	reg_success_z_up	33	-0.09345830366754398	0.6049393581981088	-0.17981283422459893	0.3166773387949127	0.7445407485515185	0.655539771541432
down_minus_passive_FE	reg_putamen_L	secondary_subcortical	reg_success_z_down	33	-0.1791828622048812	0.3184039919217777	-0.2891042780748663	0.10272152506031645	0.5930542004652067	0.655539771541432
down_minus_passive_FE	reg_putamen_L	secondary_subcortical	success_asymmetry_z_up_minus_down	33	0.05904572769729479	0.7441231445338696	0.10360962566844921	0.566109748438977	0.8211014008649596	0.847403551006405
down_minus_passive_FE	reg_putamen_L	secondary_subcortical	task_separation_rating_z_up_minus_down	33	-0.17005376202439268	0.3440806475000608	-0.2934491978609626	0.09742721476356996	0.5930542004652067	0.655539771541432
down_minus_passive_FE	reg_putamen_L	secondary_subcortical	passive_sensory_slope_z	33	-0.1296592107836665	0.4720421809688518	-0.07787433155080214	0.6666429225381993	0.7193023710001551	0.8742140574225901
down_minus_passive_FE	reg_putamen_L	secondary_subcortical	passive_withinrun_slope_z	33	-0.2753932390340496	0.12085801529092519	-0.13669786096256686	0.44811448366069073	0.5930542004652067	0.7966479709523391
down_minus_passive_FE	reg_putamen_L	secondary_subcortical	passive_acrossrun_slope_z	33	-0.0639317236222768	0.7237430256461471	-0.06717914438502674	0.7102989216558544	0.8211014008649596	0.8742140574225901
down_minus_passive_FE	reg_putamen_R	secondary_subcortical	mean_reg_success_z	33	-0.28258875640970826	0.11106452763455665	-0.2757352941176471	0.12037839527912197	0.5930542004652067	0.655539771541432
down_minus_passive_FE	reg_putamen_R	secondary_subcortical	reg_success_z_up	33	-0.20226411743745334	0.2589682141098448	-0.20220588235294118	0.25910828144541664	0.5930542004652067	0.655539771541432
down_minus_passive_FE	reg_putamen_R	secondary_subcortical	reg_success_z_down	33	-0.24018968030642573	0.17817688702860768	-0.2309491978609626	0.19597266517705586	0.5930542004652067	0.655539771541432
down_minus_passive_FE	reg_putamen_R	secondary_subcortical	success_asymmetry_z_up_minus_down	33	0.01515867958502499	0.9332734987066083	0.029077540106951877	0.8723841943214823	0.9572567307609551	0.9291312929488754
down_minus_passive_FE	reg_putamen_R	secondary_subcortical	task_separation_rating_z_up_minus_down	33	-0.26494221689766284	0.13620657040153938	-0.22660427807486633	0.20475431290313792	0.5930542004652067	0.655539771541432
down_minus_passive_FE	reg_putamen_R	secondary_subcortical	passive_sensory_slope_z	33	0.16831367007027093	0.3491134918317433	0.16677807486631016	0.3535915778619937	0.5930542004652067	0.6655841465637529
down_minus_passive_FE	reg_putamen_R	secondary_subcortical	passive_withinrun_slope_z	33	-0.22020951330092492	0.2181676780039474	-0.0006684491978609625	0.997054312927772	0.5930542004652067	0.997054312927772
down_minus_passive_FE	reg_putamen_R	secondary_subcortical	passive_acrossrun_slope_z	33	0.009703898110508702	0.9572567307609551	0.04779411764705883	0.7916869072056375	0.9572567307609551	0.8956657195607632
down_minus_passive_FE	reg_vmPFC	targeted_regulatory_value	mean_reg_success_z	33	0.1891150416816699	0.2918634094085031	0.18883689839572196	0.2925868224174906	0.7868179771831818	0.8292794971163894
down_minus_passive_FE	reg_vmPFC	targeted_regulatory_value	reg_success_z_up	33	0.07766843681432514	0.6674738447707906	0.11631016042780751	0.5191983581800304	0.9024998464506464	0.8292794971163894
down_minus_passive_FE	reg_vmPFC	targeted_regulatory_value	reg_success_z_down	33	0.2235832852565508	0.21101812958010782	0.2459893048128342	0.1676096232885519	0.7868179771831818	0.7662154207476658
down_minus_passive_FE	reg_vmPFC	targeted_regulatory_value	success_asymmetry_z_up_minus_down	33	-0.1060506260439901	0.5569454593769091	-0.12232620320855615	0.4976645500887904	0.8553953952579976	0.8292794971163894
down_minus_passive_FE	reg_vmPFC	targeted_regulatory_value	task_separation_rating_z_up_minus_down	33	0.1700009079546549	0.34423286501764205	0.1607620320855615	0.3714655888832621	0.7868179771831818	0.8292794971163894
down_minus_passive_FE	reg_vmPFC	targeted_regulatory_value	passive_sensory_slope_z	33	-0.09233481942932653	0.6093055797417734	-0.10995989304812835	0.5424136858461404	0.88038250313922	0.8292794971163894
down_minus_passive_FE	reg_vmPFC	targeted_regulatory_value	passive_withinrun_slope_z	33	-0.03114423972416235	0.8633957982298313	0.06918449197860962	0.7020392231895696	0.952712604943262	0.8919978435485598
down_minus_passive_FE	reg_vmPFC	targeted_regulatory_value	passive_acrossrun_slope_z	33	-0.023396024924492546	0.8971715580453207	0.007018716577540108	0.9690775819028417	0.9638110252297761	0.9792783985544504
down_minus_passive_FE	reg_vmPFC_mOFC	targeted_regulatory_value	mean_reg_success_z	33	0.16229966644632748	0.3668473062899474	0.16544117647058826	0.35751819232230664	0.8087899264084467	0.8292794971163894
down_minus_passive_FE	reg_vmPFC_mOFC	targeted_regulatory_value	reg_success_z_up	33	0.009928295682773609	0.9562692458677257	0.07352941176470588	0.6842586450037624	0.9871166408957168	0.8876868908156917
down_minus_passive_FE	reg_vmPFC_mOFC	targeted_regulatory_value	reg_success_z_down	33	0.25367288281523553	0.15430938078596335	0.28810160427807485	0.10397360426948142	0.7868179771831818	0.7193233734336125
down_minus_passive_FE	reg_vmPFC_mOFC	targeted_regulatory_value	success_asymmetry_z_up_minus_down	33	-0.18531641181148045	0.30184196065908203	-0.22794117647058826	0.20202380018198193	0.7868179771831818	0.8080952007279277
down_minus_passive_FE	reg_vmPFC_mOFC	targeted_regulatory_value	task_separation_rating_z_up_minus_down	33	0.1408512281967146	0.43430883045942115	0.13135026737967917	0.46623318914674183	0.8175225043942045	0.8292794971163894
down_minus_passive_FE	reg_vmPFC_mOFC	targeted_regulatory_value	passive_sensory_slope_z	33	-0.14565067921870192	0.4186508490478787	-0.09491978609625669	0.5992796260006483	0.8175225043942045	0.8337803492182934
down_minus_passive_FE	reg_vmPFC_mOFC	targeted_regulatory_value	passive_withinrun_slope_z	33	0.04274499242306368	0.813284441745811	0.11931818181818182	0.5083746131110635	0.9319297860912106	0.8292794971163894
down_minus_passive_FE	reg_vmPFC_mOFC	targeted_regulatory_value	passive_acrossrun_slope_z	33	-0.023346981866471904	0.8973859734586087	-0.0357620320855615	0.8433745394626119	0.9638110252297761	0.8996976664398864
down_minus_passive_FE	sensory_S1_L	targeted_sensory	mean_reg_success_z	33	-0.07688070842057446	0.670656425157446	-0.15006684491978609	0.40452674589825	0.9433651562418705	0.8859465588453688
down_minus_passive_FE	sensory_S1_L	targeted_sensory	reg_success_z_up	33	-0.21526260657120821	0.228947247670272	-0.22794117647058826	0.20202380018198193	0.9264343766150879	0.8859465588453688
down_minus_passive_FE	sensory_S1_L	targeted_sensory	reg_success_z_down	33	0.10919650966697615	0.5452372020035687	-0.08121657754010696	0.6532096995488069	0.9433651562418705	0.9078640723420963
down_minus_passive_FE	sensory_S1_L	targeted_sensory	success_asymmetry_z_up_minus_down	33	-0.26224986808711914	0.14038254641870737	-0.28810160427807485	0.10397360426948142	0.8807143815658051	0.8096550815206186
down_minus_passive_FE	sensory_S1_L	targeted_sensory	task_separation_rating_z_up_minus_down	33	-0.093610142227257	0.604350289179612	-0.18850267379679145	0.29345760796543935	0.9433651562418705	0.8859465588453688
down_minus_passive_FE	sensory_S1_L	targeted_sensory	passive_sensory_slope_z	33	0.1393427085213177	0.43929587202439513	0.22292780748663105	0.2123944192352814	0.9433651562418705	0.8859465588453688
down_minus_passive_FE	sensory_S1_L	targeted_sensory	passive_withinrun_slope_z	33	0.059316426308443276	0.7429894113429568	-0.07921122994652408	0.6612571404568393	0.9433651562418705	0.9078640723420963
down_minus_passive_FE	sensory_S1_L	targeted_sensory	passive_acrossrun_slope_z	33	-0.22954524596993142	0.19878103931978294	-0.2219251336898396	0.2145116106453367	0.9264343766150879	0.8859465588453688
down_minus_passive_FE	sensory_S1_R	targeted_sensory	mean_reg_success_z	33	0.047348308931416554	0.7935879881008956	-0.04344919786096257	0.8102637173955713	0.9433651562418705	0.9457170837282748
down_minus_passive_FE	sensory_S1_R	targeted_sensory	reg_success_z_up	33	-0.08401548569616396	0.6420416939857575	-0.02573529411764706	0.8869528699303689	0.9433651562418705	0.9735507756740946
down_minus_passive_FE	sensory_S1_R	targeted_sensory	reg_success_z_down	33	0.16867718594220443	0.3480584454361128	-0.031751336898395724	0.8607585785241871	0.9264343766150879	0.9711122424375445
down_minus_passive_FE	sensory_S1_R	targeted_sensory	success_asymmetry_z_up_minus_down	33	-0.19854510240027765	0.2680134131991404	-0.19886363636363638	0.26723071307171153	0.9264343766150879	0.8859465588453688
down_minus_passive_FE	sensory_S1_R	targeted_sensory	task_separation_rating_z_up_minus_down	33	0.029724949608947386	0.8695667712215579	-0.07754010695187166	0.6679919373571094	0.9433651562418705	0.9078640723420963
down_minus_passive_FE	sensory_S1_R	targeted_sensory	passive_sensory_slope_z	33	0.08796275406823964	0.626421968736161	0.22961229946524067	0.19864627738941937	0.9433651562418705	0.8859465588453688
down_minus_passive_FE	sensory_S1_R	targeted_sensory	passive_withinrun_slope_z	33	0.06807394585519955	0.7066093174098428	-0.02540106951871658	0.8884118166127934	0.9433651562418705	0.9735507756740946
down_minus_passive_FE	sensory_S1_R	targeted_sensory	passive_acrossrun_slope_z	33	0.07915484037008749	0.6614839754663945	0.005681818181818182	0.9749655121615297	0.9433651562418705	0.9861720123013173
down_minus_passive_FE	sensory_S2_operculum_L	targeted_sensory	mean_reg_success_z	33	0.1630668567244651	0.36455583484419085	0.27339572192513373	0.12368730242062967	0.9264343766150879	0.8141004165566584
down_minus_passive_FE	sensory_S2_operculum_L	targeted_sensory	reg_success_z_up	33	0.08559690382029884	0.6357652941844406	0.143048128342246	0.42710199975129104	0.9433651562418705	0.8859465588453688
down_minus_passive_FE	sensory_S2_operculum_L	targeted_sensory	reg_success_z_down	33	0.17249810480199856	0.3370857133087256	0.1233288770053476	0.49412008966351806	0.9264343766150879	0.8859465588453688
down_minus_passive_FE	sensory_S2_operculum_L	targeted_sensory	success_asymmetry_z_up_minus_down	33	-0.06047920702789995	0.7381255333493422	-0.061831550802139035	0.7324812401851004	0.9433651562418705	0.9078640723420963
down_minus_passive_FE	sensory_S2_operculum_L	targeted_sensory	task_separation_rating_z_up_minus_down	33	0.19689782114081278	0.2720849806501066	0.26938502673796794	0.12951597536128656	0.9264343766150879	0.8141004165566584
down_minus_passive_FE	sensory_S2_operculum_L	targeted_sensory	passive_sensory_slope_z	33	0.02754840394374537	0.8790448046799247	0.06818181818181819	0.7061649594759432	0.9433651562418705	0.9078640723420963
down_minus_passive_FE	sensory_S2_operculum_L	targeted_sensory	passive_withinrun_slope_z	33	0.2062869779238038	0.24941301004447683	0.06550802139037433	0.7172068500953872	0.9264343766150879	0.9078640723420963
down_minus_passive_FE	sensory_S2_operculum_L	targeted_sensory	passive_acrossrun_slope_z	33	0.08284368447043579	0.6467081494050155	-0.07052139037433156	0.6965512193700478	0.9433651562418705	0.9078640723420963
down_minus_passive_FE	sensory_S2_operculum_R	targeted_sensory	mean_reg_success_z	33	-0.1642361045352336	0.36107988349484227	-0.056149732620320865	0.7562846412420678	0.9264343766150879	0.9116855949219448
down_minus_passive_FE	sensory_S2_operculum_R	targeted_sensory	reg_success_z_up	33	-0.15148438858984073	0.40005120808378797	-0.06316844919786097	0.7269148990369839	0.9264343766150879	0.9078640723420963
down_minus_passive_FE	sensory_S2_operculum_R	targeted_sensory	reg_success_z_down	33	-0.10263300373895445	0.5697954608951965	-0.1627673796791444	0.36544930986990654	0.9433651562418705	0.8859465588453688
down_minus_passive_FE	sensory_S2_operculum_R	targeted_sensory	success_asymmetry_z_up_minus_down	33	-0.04759793223870376	0.7925233645079235	-0.015040106951871657	0.9337942947887252	0.9433651562418705	0.9735507756740946
down_minus_passive_FE	sensory_S2_operculum_R	targeted_sensory	task_separation_rating_z_up_minus_down	33	-0.17431514804673084	0.3319426635960865	-0.06651069518716578	0.7130594140459106	0.9264343766150879	0.9078640723420963
down_minus_passive_FE	sensory_S2_operculum_R	targeted_sensory	passive_sensory_slope_z	33	0.0460683593699895	0.7990525785860005	0.0855614973262032	0.6359055472641292	0.9433651562418705	0.9078640723420963
down_minus_passive_FE	sensory_S2_operculum_R	targeted_sensory	passive_withinrun_slope_z	33	0.3201613969099042	0.06930609867774218	0.19819518716577542	0.2688749474117801	0.8256206207703233	0.8859465588453688
down_minus_passive_FE	sensory_S2_operculum_R	targeted_sensory	passive_acrossrun_slope_z	33	0.29683712511338567	0.09344490823319282	0.2907754010695187	0.10066010426074985	0.8256206207703233	0.8096550815206186
down_minus_passive_FE	sensory_dACC_MCC	targeted_sensory	mean_reg_success_z	33	-0.035583391279904036	0.8441473644345721	0.00033422459893048126	0.9985271540782654	0.9433651562418705	0.9985271540782654
down_minus_passive_FE	sensory_dACC_MCC	targeted_sensory	reg_success_z_up	33	-0.15199296382679037	0.39845243530455726	-0.11363636363636365	0.5289134599467652	0.9264343766150879	0.8859465588453688
down_minus_passive_FE	sensory_dACC_MCC	targeted_sensory	reg_success_z_down	33	0.10757671984815056	0.5512511644885254	0.06584224598930481	0.7158234836979873	0.9433651562418705	0.9078640723420963
down_minus_passive_FE	sensory_dACC_MCC	targeted_sensory	success_asymmetry_z_up_minus_down	33	-0.20842425427229913	0.24443303164361055	-0.16209893048128343	0.3674482773926785	0.9264343766150879	0.8859465588453688
down_minus_passive_FE	sensory_dACC_MCC	targeted_sensory	task_separation_rating_z_up_minus_down	33	-0.06721940497600724	0.7101327725400279	-0.058489304812834236	0.746455195029992	0.9433651562418705	0.9116855949219448
down_minus_passive_FE	sensory_dACC_MCC	targeted_sensory	passive_sensory_slope_z	33	0.1101235419185134	0.5418093032961769	0.01838235294117647	0.9191255525351129	0.9433651562418705	0.9735507756740946
down_minus_passive_FE	sensory_dACC_MCC	targeted_sensory	passive_withinrun_slope_z	33	-0.05083321931891385	0.7787590293484979	-0.012366310160427808	0.945544926243306	0.9433651562418705	0.9735507756740946
down_minus_passive_FE	sensory_dACC_MCC	targeted_sensory	passive_acrossrun_slope_z	33	-0.21681378285325334	0.2255290949220115	-0.19786096256684493	0.2696995351757362	0.9264343766150879	0.8859465588453688
down_minus_passive_FE	sensory_insula_all_L	targeted_sensory	mean_reg_success_z	33	-0.35428367558365803	0.0430858782670892	-0.2967914438502674	0.09349776501490516	0.8256206207703233	0.8096550815206186
down_minus_passive_FE	sensory_insula_all_L	targeted_sensory	reg_success_z_up	33	-0.2749421785184443	0.1214926506469385	-0.26303475935828874	0.1391555932761931	0.8256206207703233	0.8163794805536662
down_minus_passive_FE	sensory_insula_all_L	targeted_sensory	reg_success_z_down	33	-0.27785810678724715	0.11743346395791832	-0.28308823529411764	0.11040751111644799	0.8256206207703233	0.8096550815206186
down_minus_passive_FE	sensory_insula_all_L	targeted_sensory	success_asymmetry_z_up_minus_down	33	-0.016507747662550566	0.9273500696336571	-0.016042780748663103	0.929391209708627	0.9600800720913155	0.9735507756740946
down_minus_passive_FE	sensory_insula_all_L	targeted_sensory	task_separation_rating_z_up_minus_down	33	-0.395513170570933	0.02271259684731219	-0.32787433155080214	0.062499411422488875	0.8256206207703233	0.7857068864541459
down_minus_passive_FE	sensory_insula_all_L	targeted_sensory	passive_sensory_slope_z	33	0.0022581465263604404	0.9900491413888086	-0.08355614973262032	0.6438693159436282	0.9921550933152329	0.9078640723420963
down_minus_passive_FE	sensory_insula_all_L	targeted_sensory	passive_withinrun_slope_z	33	-0.040436570484723426	0.8232048434133218	-0.1266711229946524	0.48239860854170424	0.9433651562418705	0.8859465588453688
down_minus_passive_FE	sensory_insula_all_L	targeted_sensory	passive_acrossrun_slope_z	33	0.029658046132458114	0.8698578521797135	-0.011029411764705883	0.9514246216815017	0.9433651562418705	0.9735507756740946
down_minus_passive_FE	sensory_insula_all_R	targeted_sensory	mean_reg_success_z	33	-0.34105900213310764	0.05209160336398883	-0.4268048128342246	0.013247195467651776	0.8256206207703233	0.3092483986040067
down_minus_passive_FE	sensory_insula_all_R	targeted_sensory	reg_success_z_up	33	-0.25619061604367516	0.1501217695850804	-0.4214572192513369	0.014576226974034049	0.8807143815658051	0.3092483986040067
down_minus_passive_FE	sensory_insula_all_R	targeted_sensory	reg_success_z_down	33	-0.276732719892118	0.11898791935827979	-0.4314839572192513	0.012169262117510325	0.8256206207703233	0.3092483986040067
down_minus_passive_FE	sensory_insula_all_R	targeted_sensory	success_asymmetry_z_up_minus_down	33	-0.0017802266339456102	0.9921550933152329	-0.04144385026737968	0.8188726779732702	0.9921550933152329	0.9457170837282748
down_minus_passive_FE	sensory_insula_all_R	targeted_sensory	task_separation_rating_z_up_minus_down	33	-0.3143221993207714	0.07483364951803714	-0.4107620320855615	0.017570931738864017	0.8256206207703233	0.3092483986040067
down_minus_passive_FE	sensory_insula_all_R	targeted_sensory	passive_sensory_slope_z	33	-0.10627767038167096	0.5560965695028953	-0.20287433155080214	0.2575035229850527	0.9433651562418705	0.8859465588453688
down_minus_passive_FE	sensory_insula_all_R	targeted_sensory	passive_withinrun_slope_z	33	-0.06110657120659705	0.7355054068267813	-0.11229946524064173	0.5338037603934453	0.9433651562418705	0.8859465588453688
down_minus_passive_FE	sensory_insula_all_R	targeted_sensory	passive_acrossrun_slope_z	33	-0.020360959329192248	0.9104536787357791	0.19385026737967917	0.2797231598232803	0.9539377865097056	0.8859465588453688
down_minus_passive_FE	sensory_posterior_insula_L	targeted_sensory	mean_reg_success_z	33	-0.09057106979885379	0.6161867961193159	-0.0912433155080214	0.6135602236770792	0.9433651562418705	0.9078640723420963
down_minus_passive_FE	sensory_posterior_insula_L	targeted_sensory	reg_success_z_up	33	-0.020332811232084528	0.9105769780319918	-0.11597593582887701	0.520407937086603	0.9539377865097056	0.8859465588453688
down_minus_passive_FE	sensory_posterior_insula_L	targeted_sensory	reg_success_z_down	33	-0.12544860673475386	0.48666931000673314	-0.1504010695187166	0.40346895918794123	0.9433651562418705	0.8859465588453688
down_minus_passive_FE	sensory_posterior_insula_L	targeted_sensory	success_asymmetry_z_up_minus_down	33	0.0788247939446973	0.6628122257160141	0.042112299465240643	0.8160006648697484	0.9433651562418705	0.9457170837282748
down_minus_passive_FE	sensory_posterior_insula_L	targeted_sensory	task_separation_rating_z_up_minus_down	33	-0.152131172749448	0.3980185905361763	-0.1587566844919786	0.3775398845682104	0.9264343766150879	0.8859465588453688
down_minus_passive_FE	sensory_posterior_insula_L	targeted_sensory	passive_sensory_slope_z	33	0.19328271994929647	0.28116077105375364	0.11463903743315508	0.5252600175737376	0.9264343766150879	0.8859465588453688
down_minus_passive_FE	sensory_posterior_insula_L	targeted_sensory	passive_withinrun_slope_z	33	0.15974675211490735	0.37453368350747596	0.15073529411764705	0.4024127489932253	0.9264343766150879	0.8859465588453688
down_minus_passive_FE	sensory_posterior_insula_L	targeted_sensory	passive_acrossrun_slope_z	33	0.24538275896643785	0.16869333488364552	0.19786096256684493	0.2696995351757362	0.9264343766150879	0.8859465588453688
down_minus_passive_FE	sensory_posterior_insula_R	targeted_sensory	mean_reg_success_z	33	-0.21401698352274007	0.23171733711671336	-0.13836898395721925	0.44253145035519226	0.9264343766150879	0.8859465588453688
down_minus_passive_FE	sensory_posterior_insula_R	targeted_sensory	reg_success_z_up	33	-0.04964974217353352	0.7837866514223967	-0.11397058823529413	0.5276942812247967	0.9433651562418705	0.8859465588453688
down_minus_passive_FE	sensory_posterior_insula_R	targeted_sensory	reg_success_z_down	33	-0.29468459023138366	0.09596041975240827	-0.2446524064171123	0.17000487197920242	0.8256206207703233	0.8859465588453688
down_minus_passive_FE	sensory_posterior_insula_R	targeted_sensory	success_asymmetry_z_up_minus_down	33	0.18359460069332934	0.30643518364867667	0.1360294117647059	0.45035829855079756	0.9264343766150879	0.8859465588453688
down_minus_passive_FE	sensory_posterior_insula_R	targeted_sensory	task_separation_rating_z_up_minus_down	33	-0.18376413180587853	0.30598098703298676	-0.11363636363636365	0.5289134599467652	0.9264343766150879	0.8859465588453688
down_minus_passive_FE	sensory_posterior_insula_R	targeted_sensory	passive_sensory_slope_z	33	0.02904421298405479	0.8725292706157086	0.017379679144385027	0.9235236467638146	0.9433651562418705	0.9735507756740946
down_minus_passive_FE	sensory_posterior_insula_R	targeted_sensory	passive_withinrun_slope_z	33	-0.11525752516372012	0.5230125729718258	-0.1534090909090909	0.39401997651584897	0.9433651562418705	0.8859465588453688
down_minus_passive_FE	sensory_posterior_insula_R	targeted_sensory	passive_acrossrun_slope_z	33	-0.041545507842744064	0.8184357530238683	0.09993315508021391	0.580040723866565	0.9433651562418705	0.8955014684255741
down_minus_passive_FE	sensory_thalamus_L	targeted_sensory	mean_reg_success_z	33	-0.0652916044046784	0.7181030779125623	-0.10962566844919787	0.5436490247460217	0.9433651562418705	0.8859465588453688
down_minus_passive_FE	sensory_thalamus_L	targeted_sensory	reg_success_z_up	33	-0.09953536522208634	0.5815571481018952	-0.17212566844919788	0.33814585655326235	0.9433651562418705	0.8859465588453688
down_minus_passive_FE	sensory_thalamus_L	targeted_sensory	reg_success_z_down	33	0.002021954372821191	0.9910899137163098	-0.0661764705882353	0.7144410036926252	0.9921550933152329	0.9078640723420963
down_minus_passive_FE	sensory_thalamus_L	targeted_sensory	success_asymmetry_z_up_minus_down	33	-0.08427649252852631	0.6410041075999933	-0.2396390374331551	0.17920413532345603	0.9433651562418705	0.8859465588453688
down_minus_passive_FE	sensory_thalamus_L	targeted_sensory	task_separation_rating_z_up_minus_down	33	-0.13360896201948255	0.4585335310709263	-0.14973262032085563	0.40558610780410564	0.9433651562418705	0.8859465588453688
down_minus_passive_FE	sensory_thalamus_L	targeted_sensory	passive_sensory_slope_z	33	-0.12155878602293335	0.5003860420331243	-0.1380347593582888	0.4436450208910081	0.9433651562418705	0.8859465588453688
down_minus_passive_FE	sensory_thalamus_L	targeted_sensory	passive_withinrun_slope_z	33	-0.155054919474865	0.3889043780685125	-0.15675133689839574	0.3836719840488263	0.9264343766150879	0.8859465588453688
down_minus_passive_FE	sensory_thalamus_L	targeted_sensory	passive_acrossrun_slope_z	33	-0.3356236489238845	0.05620124112535946	-0.33389037433155083	0.05756437113292545	0.8256206207703233	0.7857068864541459
down_minus_passive_FE	sensory_thalamus_R	targeted_sensory	mean_reg_success_z	33	-0.12844741614824726	0.47622804428786164	-0.10327540106951873	0.5673698669462608	0.9433651562418705	0.8915812194869812
down_minus_passive_FE	sensory_thalamus_R	targeted_sensory	reg_success_z_up	33	-0.07216996517396423	0.6898045364126375	-0.10594919786096257	0.5573248802897377	0.9433651562418705	0.8915812194869812
down_minus_passive_FE	sensory_thalamus_R	targeted_sensory	reg_success_z_down	33	-0.13070720436777275	0.46843773349366885	-0.1290106951871658	0.47427992651165907	0.9433651562418705	0.8859465588453688
down_minus_passive_FE	sensory_thalamus_R	targeted_sensory	success_asymmetry_z_up_minus_down	33	0.039750497453039935	0.8261584884348415	-0.039438502673796796	0.8275024482622404	0.9433651562418705	0.9457170837282748
down_minus_passive_FE	sensory_thalamus_R	targeted_sensory	task_separation_rating_z_up_minus_down	33	-0.1586999580268777	0.3777125535293892	-0.12199197860962568	0.49884888931376836	0.9264343766150879	0.8859465588453688
down_minus_passive_FE	sensory_thalamus_R	targeted_sensory	passive_sensory_slope_z	33	-0.07392775450646584	0.6826366435301661	-0.15441176470588236	0.3908988526259167	0.9433651562418705	0.8859465588453688
down_minus_passive_FE	sensory_thalamus_R	targeted_sensory	passive_withinrun_slope_z	33	-0.27460640661787494	0.12196668261379777	-0.30347593582887705	0.0860026965064321	0.8256206207703233	0.8096550815206186
down_minus_passive_FE	sensory_thalamus_R	targeted_sensory	passive_acrossrun_slope_z	33	-0.39351969502242007	0.023468327147585722	-0.4167780748663102	0.01582907183566089	0.8256206207703233	0.3092483986040067
regulation_mean_minus_passive_FE	expl_amygdala_L	exploratory_context	mean_reg_success_z	33	0.014336857597173087	0.9368836612848824	0.058155080213903754	0.7478570431344127	0.9941372418771071	0.9381075126163279
regulation_mean_minus_passive_FE	expl_amygdala_L	exploratory_context	reg_success_z_up	33	0.16202912779314446	0.3676573919302106	0.04879679144385027	0.7874154792984165	0.6838430528940059	0.9381075126163279
regulation_mean_minus_passive_FE	expl_amygdala_L	exploratory_context	reg_success_z_down	33	-0.15313289900336108	0.39488221870123114	-0.03342245989304813	0.8535069513307668	0.6838430528940059	0.9456998584382399
regulation_mean_minus_passive_FE	expl_amygdala_L	exploratory_context	success_asymmetry_z_up_minus_down	33	0.25152860201296695	0.15794183545212376	0.21724598930481284	0.22458289342180426	0.6838430528940059	0.6126321715527656
regulation_mean_minus_passive_FE	expl_amygdala_L	exploratory_context	task_separation_rating_z_up_minus_down	33	-0.015608114136393538	0.9312997353892231	0.125	0.48824131583041164	0.9941372418771071	0.9091539107642671
regulation_mean_minus_passive_FE	expl_amygdala_L	exploratory_context	passive_sensory_slope_z	33	0.18092201365600197	0.31365147715075986	0.20287433155080214	0.2575035229850527	0.6838430528940059	0.621087060135163
regulation_mean_minus_passive_FE	expl_amygdala_L	exploratory_context	passive_withinrun_slope_z	33	-0.01647842205668038	0.927478791671071	-0.01771390374331551	0.9220573619772838	0.9941372418771071	0.9456998584382399
regulation_mean_minus_passive_FE	expl_amygdala_L	exploratory_context	passive_acrossrun_slope_z	33	0.4040542958310745	0.019698419132002064	0.4077540106951872	0.018500018764353338	0.19698419132002062	0.37000037528706675
regulation_mean_minus_passive_FE	expl_amygdala_R	exploratory_context	mean_reg_success_z	33	0.020632091901762926	0.9092661210622931	0.0875668449197861	0.6279815970315183	0.9941372418771071	0.9303431067133604
regulation_mean_minus_passive_FE	expl_amygdala_R	exploratory_context	reg_success_z_up	33	0.16210465795953524	0.3674311221701689	0.046457219251336904	0.7973913857238787	0.6838430528940059	0.9381075126163279
regulation_mean_minus_passive_FE	expl_amygdala_R	exploratory_context	reg_success_z_down	33	-0.14295629906435406	0.4274019080587537	-0.05046791443850268	0.7803099810395576	0.6838430528940059	0.9381075126163279
regulation_mean_minus_passive_FE	expl_amygdala_R	exploratory_context	success_asymmetry_z_up_minus_down	33	0.24382597955000934	0.1714976779685809	0.09558823529411765	0.596698617762806	0.6838430528940059	0.9239568161395999
regulation_mean_minus_passive_FE	expl_amygdala_R	exploratory_context	task_separation_rating_z_up_minus_down	33	-0.007925653721438582	0.9650841683329502	0.11397058823529413	0.5276942812247967	0.9941372418771071	0.9177291847387768
regulation_mean_minus_passive_FE	expl_amygdala_R	exploratory_context	passive_sensory_slope_z	33	0.16437399753603466	0.3606712608195949	-0.09625668449197862	0.5941224316700895	0.6838430528940059	0.9239568161395999
regulation_mean_minus_passive_FE	expl_amygdala_R	exploratory_context	passive_withinrun_slope_z	33	-0.001330413221593391	0.9941372418771071	0.2149064171122995	0.2297370643322871	0.9941372418771071	0.6126321715527656
regulation_mean_minus_passive_FE	expl_amygdala_R	exploratory_context	passive_acrossrun_slope_z	33	0.4129689123354319	0.016914292670285956	0.4271390374331551	0.013167628614754952	0.19698419132002062	0.37000037528706675
regulation_mean_minus_passive_FE	expl_hippocampus_L	exploratory_context	mean_reg_success_z	33	0.021424178458418243	0.9057979037719556	0.24364973262032086	0.1718172423210968	0.9941372418771071	0.5688912574643213
regulation_mean_minus_passive_FE	expl_hippocampus_L	exploratory_context	reg_success_z_up	33	0.16810240827835726	0.34972753128700423	0.30848930481283426	0.08069095262315354	0.6838430528940059	0.5688912574643213
regulation_mean_minus_passive_FE	expl_hippocampus_L	exploratory_context	reg_success_z_down	33	-0.14819878033247122	0.41046794805968856	-0.011029411764705883	0.9514246216815017	0.6838430528940059	0.9514246216815017
regulation_mean_minus_passive_FE	expl_hippocampus_L	exploratory_context	success_asymmetry_z_up_minus_down	33	0.2528116502654315	0.15576100425721096	0.24732620320855614	0.1652385663410133	0.6838430528940059	0.5688912574643213
regulation_mean_minus_passive_FE	expl_hippocampus_L	exploratory_context	task_separation_rating_z_up_minus_down	33	-0.008146124486967849	0.9641135165374061	0.2573529411764706	0.14821658381521285	0.9941372418771071	0.5688912574643213
regulation_mean_minus_passive_FE	expl_hippocampus_L	exploratory_context	passive_sensory_slope_z	33	0.17138130258496784	0.3402707916231431	-0.0945855614973262	0.60057193049074	0.6838430528940059	0.9239568161395999
regulation_mean_minus_passive_FE	expl_hippocampus_L	exploratory_context	passive_withinrun_slope_z	33	-0.007074818902945826	0.9688305305192144	0.07219251336898397	0.6897124203111333	0.9941372418771071	0.9381075126163279
regulation_mean_minus_passive_FE	expl_hippocampus_L	exploratory_context	passive_acrossrun_slope_z	33	0.409798073380063	0.017864339985258937	0.3061497326203209	0.0831373355364988	0.19698419132002062	0.5688912574643213
regulation_mean_minus_passive_FE	expl_hippocampus_R	exploratory_context	mean_reg_success_z	33	0.014810095729309839	0.9348046293543225	-0.07586898395721926	0.6747522433605396	0.9941372418771071	0.9381075126163279
regulation_mean_minus_passive_FE	expl_hippocampus_R	exploratory_context	reg_success_z_up	33	0.16152074886058337	0.3691825153894926	0.02840909090909091	0.8752947941525229	0.6838430528940059	0.9456998584382399
regulation_mean_minus_passive_FE	expl_hippocampus_R	exploratory_context	reg_success_z_down	33	-0.15180792632156487	0.39903370104679886	-0.25467914438502676	0.15262571589262436	0.6838430528940059	0.5688912574643213
regulation_mean_minus_passive_FE	expl_hippocampus_R	exploratory_context	success_asymmetry_z_up_minus_down	33	0.25009499866018486	0.1604044764481588	0.25367647058823534	0.15430335403770434	0.6838430528940059	0.5688912574643213
regulation_mean_minus_passive_FE	expl_hippocampus_R	exploratory_context	task_separation_rating_z_up_minus_down	33	-0.013649145921571366	0.9399056451337756	-0.058155080213903754	0.7478570431344127	0.9941372418771071	0.9381075126163279
regulation_mean_minus_passive_FE	expl_hippocampus_R	exploratory_context	passive_sensory_slope_z	33	0.167809069760174	0.3505812091761019	-0.12967914438502673	0.4719734865045869	0.6838430528940059	0.9091539107642671
regulation_mean_minus_passive_FE	expl_hippocampus_R	exploratory_context	passive_withinrun_slope_z	33	-0.003975665975398298	0.9824815429780487	0.12165775401069519	0.5000346509203469	0.9941372418771071	0.9091539107642671
regulation_mean_minus_passive_FE	expl_hippocampus_R	exploratory_context	passive_acrossrun_slope_z	33	0.4073071199238398	0.018641472999556645	0.2540106951871658	0.1537426682027345	0.19698419132002062	0.5688912574643213
regulation_mean_minus_passive_FE	expl_hypothalamus	exploratory_context	mean_reg_success_z	33	-0.008685966526186093	0.9617370065779053	-0.1891711229946524	0.2917176880397182	0.9941372418771071	0.6482615289771515
regulation_mean_minus_passive_FE	expl_hypothalamus	exploratory_context	reg_success_z_up	33	0.155622051427611	0.3871505523553678	0.02072192513368984	0.9088726948802046	0.6838430528940059	0.9456998584382399
regulation_mean_minus_passive_FE	expl_hypothalamus	exploratory_context	reg_success_z_down	33	-0.18367231932211434	0.3062269123126641	-0.3068181818181818	0.08243261551187084	0.6838430528940059	0.5688912574643213
regulation_mean_minus_passive_FE	expl_hypothalamus	exploratory_context	success_asymmetry_z_up_minus_down	33	0.2695066020897208	0.1293363654066482	0.23663101604278075	0.18488965867590443	0.6838430528940059	0.5688912574643213
regulation_mean_minus_passive_FE	expl_hypothalamus	exploratory_context	task_separation_rating_z_up_minus_down	33	-0.04066809610880918	0.8222086266530376	-0.20020053475935828	0.2639620005574443	0.9941372418771071	0.621087060135163
regulation_mean_minus_passive_FE	expl_hypothalamus	exploratory_context	passive_sensory_slope_z	33	0.2072753015971244	0.24710184550598846	0.2750668449197861	0.12131699972096621	0.6838430528940059	0.5688912574643213
regulation_mean_minus_passive_FE	expl_hypothalamus	exploratory_context	passive_withinrun_slope_z	33	-0.03837270502228869	0.8320971176590646	-0.02774064171122995	0.8782069986183596	0.9941372418771071	0.9456998584382399
regulation_mean_minus_passive_FE	expl_hypothalamus	exploratory_context	passive_acrossrun_slope_z	33	0.36589685296449254	0.03625039212058412	-0.15508021390374332	0.3888260585713065	0.29000313696467295	0.8185811759395927
regulation_mean_minus_passive_FE	reg_NAc_L	targeted_regulatory_value	mean_reg_success_z	33	0.01911376922840824	0.9159187687878154	0.09625668449197862	0.5941224316700895	0.9916727255790299	0.9618285679372207
regulation_mean_minus_passive_FE	reg_NAc_L	targeted_regulatory_value	reg_success_z_up	33	0.16174153112607853	0.3685197155536212	0.16911764705882354	0.3467826629243095	0.7113901773103749	0.9618285679372207
regulation_mean_minus_passive_FE	reg_NAc_L	targeted_regulatory_value	reg_success_z_down	33	-0.14503504615946566	0.42064147120726003	0.013368983957219253	0.941136987858924	0.7113901773103749	0.9955814813197184
regulation_mean_minus_passive_FE	reg_NAc_L	targeted_regulatory_value	success_asymmetry_z_up_minus_down	33	0.24511036748725878	0.1691816376994788	0.20287433155080214	0.2575035229850527	0.7113901773103749	0.9618285679372207
regulation_mean_minus_passive_FE	reg_NAc_L	targeted_regulatory_value	task_separation_rating_z_up_minus_down	33	-0.012493401169056773	0.944986120390049	0.11196524064171123	0.5350297188371909	0.9916727255790299	0.9618285679372207
regulation_mean_minus_passive_FE	reg_NAc_L	targeted_regulatory_value	passive_sensory_slope_z	33	0.15619648268184894	0.3853788373150889	-0.10762032085561499	0.551088877362806	0.7113901773103749	0.9618285679372207
regulation_mean_minus_passive_FE	reg_NAc_L	targeted_regulatory_value	passive_withinrun_slope_z	33	0.009084453942041873	0.9599829786736883	0.16911764705882354	0.3467826629243095	0.9916727255790299	0.9618285679372207
regulation_mean_minus_passive_FE	reg_NAc_L	targeted_regulatory_value	passive_acrossrun_slope_z	33	0.4172040362448549	0.015711418664061835	0.2533422459893048	0.1548655152198047	0.22061601093461022	0.9618285679372207
regulation_mean_minus_passive_FE	reg_NAc_R	targeted_regulatory_value	mean_reg_success_z	33	0.010352273142633742	0.9544036642135815	0.029077540106951877	0.8723841943214823	0.9916727255790299	0.9955814813197184
regulation_mean_minus_passive_FE	reg_NAc_R	targeted_regulatory_value	reg_success_z_up	33	0.1697419345732434	0.3449792879448425	0.15775401069518719	0.38059872273025785	0.7113901773103749	0.9618285679372207
regulation_mean_minus_passive_FE	reg_NAc_R	targeted_regulatory_value	reg_success_z_down	33	-0.1680277577812161	0.3499446611501676	-0.16544117647058826	0.35751819232230664	0.7113901773103749	0.9618285679372207
regulation_mean_minus_passive_FE	reg_NAc_R	targeted_regulatory_value	success_asymmetry_z_up_minus_down	33	0.2693052119017127	0.12963399027000463	0.37433155080213903	0.03185901986942967	0.7113901773103749	0.5998485804909107
regulation_mean_minus_passive_FE	reg_NAc_R	targeted_regulatory_value	task_separation_rating_z_up_minus_down	33	-0.02008077913278076	0.9116810647157697	0.04044117647058824	0.8231850219656422	0.9916727255790299	0.9955814813197184
regulation_mean_minus_passive_FE	reg_NAc_R	targeted_regulatory_value	passive_sensory_slope_z	33	0.1555691270806957	0.38731402383500607	-0.14605614973262032	0.4173426623454898	0.7113901773103749	0.9618285679372207
regulation_mean_minus_passive_FE	reg_NAc_R	targeted_regulatory_value	passive_withinrun_slope_z	33	-0.003527676929559195	0.9844553186640865	0.003342245989304813	0.9852723280032905	0.9916727255790299	0.9955814813197184
regulation_mean_minus_passive_FE	reg_NAc_R	targeted_regulatory_value	passive_acrossrun_slope_z	33	0.42147507827871544	0.014571609294876421	0.39371657754010697	0.023392777700796917	0.22061601093461022	0.5998485804909107
regulation_mean_minus_passive_FE	reg_PAG_sphere	targeted_regulatory_value	mean_reg_success_z	33	0.02413261858327489	0.893952050169956	-0.0023395721925133692	0.9896903457319353	0.9916727255790299	0.9955814813197184
regulation_mean_minus_passive_FE	reg_PAG_sphere	targeted_regulatory_value	reg_success_z_up	33	0.18262957047881104	0.30902871356816425	0.2199197860962567	0.21878927576989096	0.7113901773103749	0.9618285679372207
regulation_mean_minus_passive_FE	reg_PAG_sphere	targeted_regulatory_value	reg_success_z_down	33	-0.1596093207546562	0.3749501313454368	-0.12366310160427807	0.49294146286781126	0.7113901773103749	0.9618285679372207
regulation_mean_minus_passive_FE	reg_PAG_sphere	targeted_regulatory_value	success_asymmetry_z_up_minus_down	33	0.273593579790848	0.12340488359892986	0.3355614973262032	0.05624967445354633	0.7113901773103749	0.5998485804909107
regulation_mean_minus_passive_FE	reg_PAG_sphere	targeted_regulatory_value	task_separation_rating_z_up_minus_down	33	-0.009353715783626692	0.9587978686355947	0.02038770053475936	0.9103365440548119	0.9916727255790299	0.9955814813197184
regulation_mean_minus_passive_FE	reg_PAG_sphere	targeted_regulatory_value	passive_sensory_slope_z	33	0.17304848034442805	0.3355227882600099	0.008355614973262033	0.9631912536997345	0.7113901773103749	0.9955814813197184
regulation_mean_minus_passive_FE	reg_PAG_sphere	targeted_regulatory_value	passive_withinrun_slope_z	33	-0.031263052723672836	0.8628795617879663	-0.19919786096256686	0.2664110658976326	0.9916727255790299	0.9618285679372207
regulation_mean_minus_passive_FE	reg_PAG_sphere	targeted_regulatory_value	passive_acrossrun_slope_z	33	0.41053159092399677	0.017640705368714663	0.1467245989304813	0.41519102511589856	0.22061601093461022	0.9618285679372207
regulation_mean_minus_passive_FE	reg_SMA_preSMA	targeted_regulatory_value	mean_reg_success_z	33	0.016388033044073106	0.9278755572284818	-0.047459893048128345	0.7931120453812652	0.9916727255790299	0.9796483556828253
regulation_mean_minus_passive_FE	reg_SMA_preSMA	targeted_regulatory_value	reg_success_z_up	33	0.1649575735314487	0.35894498760634785	0.10561497326203209	0.5585759882590495	0.7113901773103749	0.9618285679372207
regulation_mean_minus_passive_FE	reg_SMA_preSMA	targeted_regulatory_value	reg_success_z_down	33	-0.1529801760833513	0.3953594689698411	-0.13636363636363638	0.4492356356420384	0.7113901773103749	0.9618285679372207
regulation_mean_minus_passive_FE	reg_SMA_preSMA	targeted_regulatory_value	success_asymmetry_z_up_minus_down	33	0.25384618322174846	0.15401846460352178	0.08355614973262032	0.6438693159436282	0.7113901773103749	0.9618285679372207
regulation_mean_minus_passive_FE	reg_SMA_preSMA	targeted_regulatory_value	task_separation_rating_z_up_minus_down	33	-0.013030267413640455	0.9426258627968503	-0.001002673796791444	0.9955814813197184	0.9916727255790299	0.9955814813197184
regulation_mean_minus_passive_FE	reg_SMA_preSMA	targeted_regulatory_value	passive_sensory_slope_z	33	0.18652319267579726	0.29864877663174555	0.31517379679144386	0.07400684967219391	0.7113901773103749	0.5998485804909107
regulation_mean_minus_passive_FE	reg_SMA_preSMA	targeted_regulatory_value	passive_withinrun_slope_z	33	-0.022909917329448803	0.8992971250724054	0.05147058823529412	0.7760550005541944	0.9916727255790299	0.9796483556828253
regulation_mean_minus_passive_FE	reg_SMA_preSMA	targeted_regulatory_value	passive_acrossrun_slope_z	33	0.3980081629618688	0.021795166841552877	0.17747326203208558	0.32311920486247325	0.22061601093461022	0.9618285679372207
regulation_mean_minus_passive_FE	reg_anterior_insula_L	targeted_regulatory_value	mean_reg_success_z	33	0.01802976062880784	0.9206718899791789	0.09358288770053476	0.6044560071231155	0.9916727255790299	0.9618285679372207
regulation_mean_minus_passive_FE	reg_anterior_insula_L	targeted_regulatory_value	reg_success_z_up	33	0.1688383600832572	0.347591280661327	0.16711229946524064	0.35261398945090494	0.7113901773103749	0.9618285679372207
regulation_mean_minus_passive_FE	reg_anterior_insula_L	targeted_regulatory_value	reg_success_z_down	33	-0.15453207455621604	0.3905253137921692	-0.11898395721925133	0.5095716695403048	0.7113901773103749	0.9618285679372207
regulation_mean_minus_passive_FE	reg_anterior_insula_L	targeted_regulatory_value	success_asymmetry_z_up_minus_down	33	0.2582560845601205	0.14674839332202966	0.21824866310160426	0.22239820005625166	0.7113901773103749	0.9618285679372207
regulation_mean_minus_passive_FE	reg_anterior_insula_L	targeted_regulatory_value	task_separation_rating_z_up_minus_down	33	-0.012512057229184404	0.9449040938075579	0.09558823529411765	0.596698617762806	0.9916727255790299	0.9618285679372207
regulation_mean_minus_passive_FE	reg_anterior_insula_L	targeted_regulatory_value	passive_sensory_slope_z	33	0.16239447815686295	0.3665636579772617	-0.18014705882352944	0.31576365800969947	0.7113901773103749	0.9618285679372207
regulation_mean_minus_passive_FE	reg_anterior_insula_L	targeted_regulatory_value	passive_withinrun_slope_z	33	-0.01021949211161014	0.9549879009814443	-0.06651069518716578	0.7130594140459106	0.9916727255790299	0.9724379116350642
regulation_mean_minus_passive_FE	reg_anterior_insula_L	targeted_regulatory_value	passive_acrossrun_slope_z	33	0.4056835473267378	0.019162971829605482	0.19451871657754014	0.2780360639635026	0.22061601093461022	0.9618285679372207
regulation_mean_minus_passive_FE	reg_anterior_insula_R	targeted_regulatory_value	mean_reg_success_z	33	-0.022547642104680764	0.9008816669179384	-0.34090909090909094	0.052201652501716274	0.9916727255790299	0.5998485804909107
regulation_mean_minus_passive_FE	reg_anterior_insula_R	targeted_regulatory_value	reg_success_z_up	33	0.12868184706972907	0.475416751751179	-0.3472593582887701	0.047699136155807426	0.7735594604764946	0.5998485804909107
regulation_mean_minus_passive_FE	reg_anterior_insula_R	targeted_regulatory_value	reg_success_z_down	33	-0.17691598051277693	0.32466553397299347	-0.2964572192513369	0.09388518276866462	0.7113901773103749	0.6437841104137002
regulation_mean_minus_passive_FE	reg_anterior_insula_R	targeted_regulatory_value	success_asymmetry_z_up_minus_down	33	0.24195843138809064	0.17490540213342395	-0.07954545454545456	0.6599132825015057	0.7113901773103749	0.9618285679372207
regulation_mean_minus_passive_FE	reg_anterior_insula_R	targeted_regulatory_value	task_separation_rating_z_up_minus_down	33	-0.05006885816664413	0.782005179016977	-0.3288770053475936	0.061654586962576634	0.9916727255790299	0.5998485804909107
regulation_mean_minus_passive_FE	reg_anterior_insula_R	targeted_regulatory_value	passive_sensory_slope_z	33	0.1497393728932742	0.4055646891952716	-0.2302807486631016	0.19730632045564375	0.7113901773103749	0.9618285679372207
regulation_mean_minus_passive_FE	reg_anterior_insula_R	targeted_regulatory_value	passive_withinrun_slope_z	33	-0.0254259845776015	0.8883030457261416	-0.12165775401069519	0.5000346509203469	0.9916727255790299	0.9618285679372207
regulation_mean_minus_passive_FE	reg_anterior_insula_R	targeted_regulatory_value	passive_acrossrun_slope_z	33	0.39310169423701385	0.023629393253924266	0.19886363636363638	0.26723071307171153	0.22061601093461022	0.9618285679372207
regulation_mean_minus_passive_FE	reg_caudate_L	secondary_subcortical	mean_reg_success_z	33	0.011280039032123271	0.950322159192688	-0.034090909090909095	0.8506095583620601	0.9732336806589158	0.9882176333995196
regulation_mean_minus_passive_FE	reg_caudate_L	secondary_subcortical	reg_success_z_up	33	0.15482003108018397	0.38963210220111943	0.007352941176470589	0.9676058377556672	0.6462564008258203	0.9882176333995196
regulation_mean_minus_passive_FE	reg_caudate_L	secondary_subcortical	reg_success_z_down	33	-0.15026157593721423	0.40391025051613766	0.014371657754010697	0.9367307629739008	0.6462564008258203	0.9882176333995196
regulation_mean_minus_passive_FE	reg_caudate_L	secondary_subcortical	success_asymmetry_z_up_minus_down	33	0.24334540927047463	0.17237002679895863	0.09090909090909091	0.6148655064072002	0.6462564008258203	0.9882176333995196
regulation_mean_minus_passive_FE	reg_caudate_L	secondary_subcortical	task_separation_rating_z_up_minus_down	33	-0.01918126226528179	0.9156229205867394	-0.04712566844919786	0.7945378407598194	0.9732336806589158	0.9882176333995196
regulation_mean_minus_passive_FE	reg_caudate_L	secondary_subcortical	passive_sensory_slope_z	33	0.17327635404360184	0.3348769862109087	0.09959893048128343	0.5813147111970498	0.6462564008258203	0.9882176333995196
regulation_mean_minus_passive_FE	reg_caudate_L	secondary_subcortical	passive_withinrun_slope_z	33	-0.014125367857121119	0.9378129120753719	-0.08422459893048129	0.6412103483753364	0.9732336806589158	0.9882176333995196
regulation_mean_minus_passive_FE	reg_caudate_L	secondary_subcortical	passive_acrossrun_slope_z	33	0.3908562963222592	0.02451027576646055	-0.07419786096256685	0.6815375957464214	0.22711579288588093	0.9882176333995196
regulation_mean_minus_passive_FE	reg_caudate_R	secondary_subcortical	mean_reg_success_z	33	0.010048779111255075	0.9557390722235317	0.00267379679144385	0.9882176333995196	0.9732336806589158	0.9882176333995196
regulation_mean_minus_passive_FE	reg_caudate_R	secondary_subcortical	reg_success_z_up	33	0.15845444057212874	0.3784604141768382	0.09625668449197862	0.5941224316700895	0.6462564008258203	0.9882176333995196
regulation_mean_minus_passive_FE	reg_caudate_R	secondary_subcortical	reg_success_z_down	33	-0.15622699210361718	0.38528486920419436	-0.02974598930481283	0.869475236028857	0.6462564008258203	0.9882176333995196
regulation_mean_minus_passive_FE	reg_caudate_R	secondary_subcortical	success_asymmetry_z_up_minus_down	33	0.2509183214960978	0.15898682482000168	0.24431818181818185	0.17060747543451557	0.6462564008258203	0.9882176333995196
regulation_mean_minus_passive_FE	reg_caudate_R	secondary_subcortical	task_separation_rating_z_up_minus_down	33	-0.018266440518361335	0.9196338690762026	0.032754010695187165	0.8564062242139914	0.9732336806589158	0.9882176333995196
regulation_mean_minus_passive_FE	reg_caudate_R	secondary_subcortical	passive_sensory_slope_z	33	0.16673883944294923	0.3537064460117931	0.030080213903743314	0.8680213839757225	0.6462564008258203	0.9882176333995196
regulation_mean_minus_passive_FE	reg_caudate_R	secondary_subcortical	passive_withinrun_slope_z	33	-0.016410414121605075	0.9277773131574323	-0.134024064171123	0.45712590304009937	0.9732336806589158	0.9882176333995196
regulation_mean_minus_passive_FE	reg_caudate_R	secondary_subcortical	passive_acrossrun_slope_z	33	0.40521607305416535	0.01931535375760522	0.2025401069518717	0.25830508094052596	0.22711579288588093	0.9882176333995196
regulation_mean_minus_passive_FE	reg_dlPFC_IFJ_L	targeted_regulatory_value	mean_reg_success_z	33	0.038349198252927146	0.8321985177709134	0.34391711229946526	0.05002852947925167	0.9916727255790299	0.5998485804909107
regulation_mean_minus_passive_FE	reg_dlPFC_IFJ_L	targeted_regulatory_value	reg_success_z_up	33	0.1702534867756759	0.3435058174174002	0.31417112299465244	0.07498107256136384	0.7113901773103749	0.5998485804909107
regulation_mean_minus_passive_FE	reg_dlPFC_IFJ_L	targeted_regulatory_value	reg_success_z_down	33	-0.12296048398808913	0.4954208681565699	0.3068181818181818	0.08243261551187084	0.7926733890505118	0.6087331607030463
regulation_mean_minus_passive_FE	reg_dlPFC_IFJ_L	targeted_regulatory_value	success_asymmetry_z_up_minus_down	33	0.23534117262230933	0.1873660653971521	0.01570855614973262	0.9308586828074159	0.7113901773103749	0.9955814813197184
regulation_mean_minus_passive_FE	reg_dlPFC_IFJ_L	targeted_regulatory_value	task_separation_rating_z_up_minus_down	33	0.005532257450707541	0.9756242896129916	0.3175133689839572	0.07177191036614668	0.9916727255790299	0.5998485804909107
regulation_mean_minus_passive_FE	reg_dlPFC_IFJ_L	targeted_regulatory_value	passive_sensory_slope_z	33	0.1870504215446527	0.2972604660344918	0.3653074866310161	0.03657469476706916	0.7113901773103749	0.5998485804909107
regulation_mean_minus_passive_FE	reg_dlPFC_IFJ_L	targeted_regulatory_value	passive_withinrun_slope_z	33	-0.008800040252892865	0.9612348682398265	0.13736631016042783	0.44587671968002296	0.9916727255790299	0.9618285679372207
regulation_mean_minus_passive_FE	reg_dlPFC_IFJ_L	targeted_regulatory_value	passive_acrossrun_slope_z	33	0.39238531156801365	0.023907552482562343	0.03676470588235294	0.8390395131748796	0.22061601093461022	0.9955814813197184
regulation_mean_minus_passive_FE	reg_dlPFC_IFJ_R	targeted_regulatory_value	mean_reg_success_z	33	0.030083955029430173	0.8680051127503955	0.18716577540106952	0.2969572614974286	0.9916727255790299	0.9618285679372207
regulation_mean_minus_passive_FE	reg_dlPFC_IFJ_R	targeted_regulatory_value	reg_success_z_up	33	0.17557264997697022	0.3284117545728018	0.16878342245989306	0.34775047527399006	0.7113901773103749	0.9618285679372207
regulation_mean_minus_passive_FE	reg_dlPFC_IFJ_R	targeted_regulatory_value	reg_success_z_down	33	-0.1422238427967846	0.42979823212501816	0.1266711229946524	0.48239860854170424	0.7113901773103749	0.9618285679372207
regulation_mean_minus_passive_FE	reg_dlPFC_IFJ_R	targeted_regulatory_value	success_asymmetry_z_up_minus_down	33	0.2544616380707302	0.15298851422971288	0.09759358288770054	0.5889846267330374	0.7113901773103749	0.9618285679372207
regulation_mean_minus_passive_FE	reg_dlPFC_IFJ_R	targeted_regulatory_value	task_separation_rating_z_up_minus_down	33	-0.001889692904261868	0.9916727255790299	0.1463903743315508	0.4162660637821015	0.9916727255790299	0.9618285679372207
regulation_mean_minus_passive_FE	reg_dlPFC_IFJ_R	targeted_regulatory_value	passive_sensory_slope_z	33	0.17260440610634895	0.33678349878995867	0.15207219251336898	0.3982036993589423	0.7113901773103749	0.9618285679372207
regulation_mean_minus_passive_FE	reg_dlPFC_IFJ_R	targeted_regulatory_value	passive_withinrun_slope_z	33	-0.017917318812889205	0.9211650777900305	-0.03208556149732621	0.8593073405151728	0.9916727255790299	0.9955814813197184
regulation_mean_minus_passive_FE	reg_dlPFC_IFJ_R	targeted_regulatory_value	passive_acrossrun_slope_z	33	0.3835240675639129	0.027577001366826278	-0.07921122994652408	0.6612571404568393	0.22061601093461022	0.9618285679372207
regulation_mean_minus_passive_FE	reg_mOFC	targeted_regulatory_value	mean_reg_success_z	33	0.015631077023808223	0.931198900902276	0.06784759358288771	0.7075420381042201	0.9916727255790299	0.9724379116350642
regulation_mean_minus_passive_FE	reg_mOFC	targeted_regulatory_value	reg_success_z_up	33	0.1546246516671489	0.39023802017873843	0.061831550802139035	0.7324812401851004	0.7113901773103749	0.9724379116350642
regulation_mean_minus_passive_FE	reg_mOFC	targeted_regulatory_value	reg_success_z_down	33	-0.1429581888972349	0.42739573481537224	0.09157754010695188	0.6122561044810437	0.7113901773103749	0.9618285679372207
regulation_mean_minus_passive_FE	reg_mOFC	targeted_regulatory_value	success_asymmetry_z_up_minus_down	33	0.2376100542731023	0.18302540823587965	-0.09525401069518717	0.5979885206977005	0.7113901773103749	0.9618285679372207
regulation_mean_minus_passive_FE	reg_mOFC	targeted_regulatory_value	task_separation_rating_z_up_minus_down	33	-0.016845278538143982	0.9258686399781779	0.07185828877005349	0.6910782746456152	0.9916727255790299	0.9724379116350642
regulation_mean_minus_passive_FE	reg_mOFC	targeted_regulatory_value	passive_sensory_slope_z	33	0.15230426768974797	0.3974756186571819	-0.20320855614973263	0.25670360715392326	0.7113901773103749	0.9618285679372207
regulation_mean_minus_passive_FE	reg_mOFC	targeted_regulatory_value	passive_withinrun_slope_z	33	-0.010366053236245768	0.9543430331066108	0.18348930481283424	0.30671749914488927	0.9916727255790299	0.9618285679372207
regulation_mean_minus_passive_FE	reg_mOFC	targeted_regulatory_value	passive_acrossrun_slope_z	33	0.39797166763499253	0.02180836215085035	0.32286096256684493	0.06686087642022254	0.22061601093461022	0.5998485804909107
regulation_mean_minus_passive_FE	reg_pgACC_rACC	targeted_regulatory_value	mean_reg_success_z	33	0.014998176065930242	0.9339784705668408	0.012366310160427808	0.945544926243306	0.9916727255790299	0.9955814813197184
regulation_mean_minus_passive_FE	reg_pgACC_rACC	targeted_regulatory_value	reg_success_z_up	33	0.1610210532777708	0.37068522755445715	0.12032085561497326	0.5047918747287523	0.7113901773103749	0.9618285679372207
regulation_mean_minus_passive_FE	reg_pgACC_rACC	targeted_regulatory_value	reg_success_z_down	33	-0.15095711272621778	0.40171263306244853	-0.0501336898395722	0.7817297057371496	0.7113901773103749	0.9796483556828253
regulation_mean_minus_passive_FE	reg_pgACC_rACC	targeted_regulatory_value	success_asymmetry_z_up_minus_down	33	0.24903042689754967	0.16225095933350298	0.1657754010695187	0.3565341011029075	0.7113901773103749	0.9618285679372207
regulation_mean_minus_passive_FE	reg_pgACC_rACC	targeted_regulatory_value	task_separation_rating_z_up_minus_down	33	-0.014433370407929467	0.9364596271090608	0.022727272727272728	0.9000959400442231	0.9916727255790299	0.9955814813197184
regulation_mean_minus_passive_FE	reg_pgACC_rACC	targeted_regulatory_value	passive_sensory_slope_z	33	0.17236902320636235	0.3374529149188224	0.12934491978609627	0.47312597132579703	0.7113901773103749	0.9618285679372207
regulation_mean_minus_passive_FE	reg_pgACC_rACC	targeted_regulatory_value	passive_withinrun_slope_z	33	-0.00814506737651541	0.9641181704868899	0.10929144385026739	0.5448856929339969	0.9916727255790299	0.9618285679372207
regulation_mean_minus_passive_FE	reg_pgACC_rACC	targeted_regulatory_value	passive_acrossrun_slope_z	33	0.4023500629099428	0.02027173538904141	0.1524064171122995	0.3971553911306439	0.22061601093461022	0.9618285679372207
regulation_mean_minus_passive_FE	reg_putamen_L	secondary_subcortical	mean_reg_success_z	33	0.011879011599798827	0.9476877607766387	-0.053810160427807494	0.7661517238575037	0.9732336806589158	0.9882176333995196
regulation_mean_minus_passive_FE	reg_putamen_L	secondary_subcortical	reg_success_z_up	33	0.16281612788674377	0.36530378350550896	0.12600267379679145	0.48473134590697164	0.6462564008258203	0.9882176333995196
regulation_mean_minus_passive_FE	reg_putamen_L	secondary_subcortical	reg_success_z_down	33	-0.1579955382756075	0.37986057929165107	-0.18014705882352944	0.31576365800969947	0.6462564008258203	0.9882176333995196
regulation_mean_minus_passive_FE	reg_putamen_L	secondary_subcortical	success_asymmetry_z_up_minus_down	33	0.2558932628419498	0.1506120047071335	0.37667112299465244	0.030720976666322602	0.6462564008258203	0.49153562666116163
regulation_mean_minus_passive_FE	reg_putamen_L	secondary_subcortical	task_separation_rating_z_up_minus_down	33	-0.01841869006597363	0.9189662079850008	-0.05447860962566846	0.7633288007476038	0.9732336806589158	0.9882176333995196
regulation_mean_minus_passive_FE	reg_putamen_L	secondary_subcortical	passive_sensory_slope_z	33	0.17331061374056206	0.3347799589123374	0.18582887700534761	0.30048333101439884	0.6462564008258203	0.9882176333995196
regulation_mean_minus_passive_FE	reg_putamen_L	secondary_subcortical	passive_withinrun_slope_z	33	-0.04684937213127195	0.7957170083827739	-0.3900401069518717	0.024837097119832306	0.9732336806589158	0.49153562666116163
regulation_mean_minus_passive_FE	reg_putamen_L	secondary_subcortical	passive_acrossrun_slope_z	33	0.3816942082737267	0.028389474110735117	-0.12098930481283422	0.5024104320143286	0.22711579288588093	0.9882176333995196
regulation_mean_minus_passive_FE	reg_putamen_R	secondary_subcortical	mean_reg_success_z	33	0.006075009741703348	0.9732336806589158	-0.11530748663101605	0.5228312294083539	0.9732336806589158	0.9882176333995196
regulation_mean_minus_passive_FE	reg_putamen_R	secondary_subcortical	reg_success_z_up	33	0.1508413921424577	0.40207778991572346	-0.05113636363636364	0.7774726241623274	0.6462564008258203	0.9882176333995196
regulation_mean_minus_passive_FE	reg_putamen_R	secondary_subcortical	reg_success_z_down	33	-0.15440993510811002	0.39090453476536596	-0.11430481283422461	0.5264764662429087	0.6462564008258203	0.9882176333995196
regulation_mean_minus_passive_FE	reg_putamen_R	secondary_subcortical	success_asymmetry_z_up_minus_down	33	0.2432038379371417	0.17262761282451447	0.07018716577540107	0.6979218181866196	0.6462564008258203	0.9882176333995196
regulation_mean_minus_passive_FE	reg_putamen_R	secondary_subcortical	task_separation_rating_z_up_minus_down	33	-0.024559974549951135	0.8920849180347438	-0.09157754010695188	0.6122561044810437	0.9732336806589158	0.9882176333995196
regulation_mean_minus_passive_FE	reg_putamen_R	secondary_subcortical	passive_sensory_slope_z	33	0.17875073129697855	0.31959177664674454	0.18582887700534761	0.30048333101439884	0.6462564008258203	0.9882176333995196
regulation_mean_minus_passive_FE	reg_putamen_R	secondary_subcortical	passive_withinrun_slope_z	33	-0.04846928039151111	0.7888100266931196	-0.26704545454545453	0.133008309055652	0.9732336806589158	0.9882176333995196
regulation_mean_minus_passive_FE	reg_putamen_R	secondary_subcortical	passive_acrossrun_slope_z	33	0.3827649094873749	0.027911729448409854	0.013034759358288772	0.9426061165811512	0.22711579288588093	0.9882176333995196
regulation_mean_minus_passive_FE	reg_vmPFC	targeted_regulatory_value	mean_reg_success_z	33	0.01528718779831116	0.9327090941218191	0.04679144385026738	0.7959642889922955	0.9916727255790299	0.9796483556828253
regulation_mean_minus_passive_FE	reg_vmPFC	targeted_regulatory_value	reg_success_z_up	33	0.15431837088653583	0.39118896455988456	0.09057486631016043	0.6161719493705241	0.7113901773103749	0.9618285679372207
regulation_mean_minus_passive_FE	reg_vmPFC	targeted_regulatory_value	reg_success_z_down	33	-0.14318497113716624	0.4266552966692491	0.0357620320855615	0.8433745394626119	0.7113901773103749	0.9955814813197184
regulation_mean_minus_passive_FE	reg_vmPFC	targeted_regulatory_value	success_asymmetry_z_up_minus_down	33	0.23752852375248293	0.18318014837455812	-0.004010695187165776	0.9823272134277938	0.7113901773103749	0.9955814813197184
regulation_mean_minus_passive_FE	reg_vmPFC	targeted_regulatory_value	task_separation_rating_z_up_minus_down	33	-0.017252600087204816	0.9240812234476042	-0.0106951871657754	0.9528949503889094	0.9916727255790299	0.9955814813197184
regulation_mean_minus_passive_FE	reg_vmPFC	targeted_regulatory_value	passive_sensory_slope_z	33	0.15844771356822202	0.37848091721780885	-0.04913101604278075	0.7859930133070245	0.7113901773103749	0.9796483556828253
regulation_mean_minus_passive_FE	reg_vmPFC	targeted_regulatory_value	passive_withinrun_slope_z	33	-0.015418198670993429	0.9321337310337754	-0.0053475935828877	0.9764377093265237	0.9916727255790299	0.9955814813197184
regulation_mean_minus_passive_FE	reg_vmPFC	targeted_regulatory_value	passive_acrossrun_slope_z	33	0.38602393780616784	0.026497936040633174	0.07219251336898397	0.6897124203111333	0.22061601093461022	0.9724379116350642
regulation_mean_minus_passive_FE	reg_vmPFC_mOFC	targeted_regulatory_value	mean_reg_success_z	33	0.015486520724624343	0.9318336930510346	0.06016042780748663	0.73945799530583	0.9916727255790299	0.9724379116350642
regulation_mean_minus_passive_FE	reg_vmPFC_mOFC	targeted_regulatory_value	reg_success_z_up	33	0.15461186541712504	0.3902776923490613	0.06149732620320855	0.73387493109816	0.7113901773103749	0.9724379116350642
regulation_mean_minus_passive_FE	reg_vmPFC_mOFC	targeted_regulatory_value	reg_success_z_down	33	-0.14317983359758324	0.42667206272820063	0.09725935828877007	0.5902672492299021	0.7113901773103749	0.9618285679372207
regulation_mean_minus_passive_FE	reg_vmPFC_mOFC	targeted_regulatory_value	success_asymmetry_z_up_minus_down	33	0.23776855558684795	0.18272484562474808	-0.08923796791443851	0.6214092571939174	0.7113901773103749	0.9618285679372207
regulation_mean_minus_passive_FE	reg_vmPFC_mOFC	targeted_regulatory_value	task_separation_rating_z_up_minus_down	33	-0.017045641118188383	0.9249893599217566	0.01270053475935829	0.9440754309557142	0.9916727255790299	0.9955814813197184
regulation_mean_minus_passive_FE	reg_vmPFC_mOFC	targeted_regulatory_value	passive_sensory_slope_z	33	0.15524235223076344	0.38832424419602923	-0.1447192513368984	0.42166462616408107	0.7113901773103749	0.9618285679372207
regulation_mean_minus_passive_FE	reg_vmPFC_mOFC	targeted_regulatory_value	passive_withinrun_slope_z	33	-0.012687548056959689	0.9441325266308837	0.07921122994652408	0.6612571404568393	0.9916727255790299	0.9618285679372207
regulation_mean_minus_passive_FE	reg_vmPFC_mOFC	targeted_regulatory_value	passive_acrossrun_slope_z	33	0.3928298035040896	0.023734647935260582	0.14070855614973263	0.4347791567176632	0.22061601093461022	0.9618285679372207
regulation_mean_minus_passive_FE	sensory_S1_L	targeted_sensory	mean_reg_success_z	33	0.012824181975401236	0.9435318331364936	-0.05915775401069519	0.743653894612581	0.989843602749853	0.9502139809399731
regulation_mean_minus_passive_FE	sensory_S1_L	targeted_sensory	reg_success_z_up	33	0.15570349613446943	0.38689906601893337	0.021724598930481284	0.9044829307460704	0.6864386653599973	0.9838229988615416
regulation_mean_minus_passive_FE	sensory_S1_L	targeted_sensory	reg_success_z_down	33	-0.14870755036776293	0.408844990671954	-0.18382352941176472	0.3058219532868944	0.6864386653599973	0.9502139809399731
regulation_mean_minus_passive_FE	sensory_S1_L	targeted_sensory	success_asymmetry_z_up_minus_down	33	0.24289392190881243	0.1731924533283999	-0.01270053475935829	0.9440754309557142	0.6864386653599973	0.9865265368732238
regulation_mean_minus_passive_FE	sensory_S1_L	targeted_sensory	task_separation_rating_z_up_minus_down	33	-0.017978453897617278	0.9208969259313562	-0.07419786096256685	0.6815375957464214	0.989843602749853	0.9502139809399731
regulation_mean_minus_passive_FE	sensory_S1_L	targeted_sensory	passive_sensory_slope_z	33	0.18201126853954835	0.3106976342743572	0.3074866310160428	0.08173250734940385	0.6864386653599973	0.8990575808434423
regulation_mean_minus_passive_FE	sensory_S1_L	targeted_sensory	passive_withinrun_slope_z	33	-0.013576652325521589	0.9402242494971442	-0.03676470588235294	0.8390395131748796	0.989843602749853	0.9589023007712909
regulation_mean_minus_passive_FE	sensory_S1_L	targeted_sensory	passive_acrossrun_slope_z	33	0.3885204959147524	0.025455139459498566	-0.054144385026737976	0.7647398908495782	0.2052997315308686	0.9554474181231828
regulation_mean_minus_passive_FE	sensory_S1_R	targeted_sensory	mean_reg_success_z	33	0.015231039823507805	0.9329556905628166	-0.04044117647058824	0.8231850219656422	0.989843602749853	0.9589023007712909
regulation_mean_minus_passive_FE	sensory_S1_R	targeted_sensory	reg_success_z_up	33	0.15644343058321059	0.38461862739653774	0.03676470588235294	0.8390395131748796	0.6864386653599973	0.9589023007712909
regulation_mean_minus_passive_FE	sensory_S1_R	targeted_sensory	reg_success_z_down	33	-0.14559127625466328	0.41884269582069994	-0.09090909090909091	0.6148655064072002	0.6864386653599973	0.9502139809399731
regulation_mean_minus_passive_FE	sensory_S1_R	targeted_sensory	success_asymmetry_z_up_minus_down	33	0.24113103563956725	0.17643040851172495	-0.06149732620320855	0.73387493109816	0.6864386653599973	0.9502139809399731
regulation_mean_minus_passive_FE	sensory_S1_R	targeted_sensory	task_separation_rating_z_up_minus_down	33	-0.01638073057657939	0.9279076123964076	-0.0731951871657754	0.6856206349165245	0.989843602749853	0.9502139809399731
regulation_mean_minus_passive_FE	sensory_S1_R	targeted_sensory	passive_sensory_slope_z	33	0.17947810355507154	0.3175940538717022	0.3128342245989305	0.07629548550277292	0.6864386653599973	0.8990575808434423
regulation_mean_minus_passive_FE	sensory_S1_R	targeted_sensory	passive_withinrun_slope_z	33	-0.014773604795413457	0.9349649266264011	0.0106951871657754	0.9528949503889094	0.989843602749853	0.9865265368732238
regulation_mean_minus_passive_FE	sensory_S1_R	targeted_sensory	passive_acrossrun_slope_z	33	0.3996153729068904	0.02122057465013059	0.17613636363636365	0.3268364625330694	0.2052997315308686	0.9502139809399731
regulation_mean_minus_passive_FE	sensory_S2_operculum_L	targeted_sensory	mean_reg_success_z	33	0.030382493903195598	0.8667068537375388	0.3643048128342246	0.03713181755671594	0.989843602749853	0.6413017598653944
regulation_mean_minus_passive_FE	sensory_S2_operculum_L	targeted_sensory	reg_success_z_up	33	0.1755343990389033	0.32851881572138675	0.41744652406417115	0.015644769143201096	0.6864386653599973	0.561493550429228
regulation_mean_minus_passive_FE	sensory_S2_operculum_L	targeted_sensory	reg_success_z_down	33	-0.14169566990465254	0.4315308101632104	0.06483957219251336	0.7199762261610809	0.6904492962611366	0.9502139809399731
regulation_mean_minus_passive_FE	sensory_S2_operculum_L	targeted_sensory	success_asymmetry_z_up_minus_down	33	0.2540268139339205	0.1537156651071654	0.2891042780748663	0.10272152506031645	0.6864386653599973	0.9072036945679546
regulation_mean_minus_passive_FE	sensory_S2_operculum_L	targeted_sensory	task_separation_rating_z_up_minus_down	33	0.003868322397161569	0.9829544745817119	0.4057486631016043	0.01914182558281459	0.989843602749853	0.561493550429228
regulation_mean_minus_passive_FE	sensory_S2_operculum_L	targeted_sensory	passive_sensory_slope_z	33	0.17242228211098665	0.3373013783920657	0.08990641711229946	0.6187883027440202	0.6864386653599973	0.9502139809399731
regulation_mean_minus_passive_FE	sensory_S2_operculum_L	targeted_sensory	passive_withinrun_slope_z	33	-0.004216184544276485	0.9814218938789296	0.05113636363636364	0.7774726241623274	0.989843602749853	0.9554474181231828
regulation_mean_minus_passive_FE	sensory_S2_operculum_L	targeted_sensory	passive_acrossrun_slope_z	33	0.40285317506905505	0.020101063855064716	0.1306818181818182	0.4685248746522628	0.2052997315308686	0.9502139809399731
regulation_mean_minus_passive_FE	sensory_S2_operculum_R	targeted_sensory	mean_reg_success_z	33	0.014286964165162385	0.9371028774169826	-0.019050802139037436	0.916194787986969	0.989843602749853	0.9838229988615416
regulation_mean_minus_passive_FE	sensory_S2_operculum_R	targeted_sensory	reg_success_z_up	33	0.16439979430342305	0.36059484708600786	0.07118983957219252	0.6938128492026008	0.6864386653599973	0.9502139809399731
regulation_mean_minus_passive_FE	sensory_S2_operculum_R	targeted_sensory	reg_success_z_down	33	-0.15579654845100402	0.38661185349809146	-0.18382352941176472	0.3058219532868944	0.6864386653599973	0.9502139809399731
regulation_mean_minus_passive_FE	sensory_S2_operculum_R	targeted_sensory	success_asymmetry_z_up_minus_down	33	0.2555316321716567	0.15120977360137744	0.134024064171123	0.45712590304009937	0.6864386653599973	0.9502139809399731
regulation_mean_minus_passive_FE	sensory_S2_operculum_R	targeted_sensory	task_separation_rating_z_up_minus_down	33	-0.013981842125639642	0.9384435862401438	0.03843582887700535	0.8318248362260137	0.989843602749853	0.9589023007712909
regulation_mean_minus_passive_FE	sensory_S2_operculum_R	targeted_sensory	passive_sensory_slope_z	33	0.166750570246607	0.35367209980685543	-0.08455882352941177	0.6398825011079129	0.6864386653599973	0.9502139809399731
regulation_mean_minus_passive_FE	sensory_S2_operculum_R	targeted_sensory	passive_withinrun_slope_z	33	-0.0024706850320269603	0.9891126117321368	0.09792780748663102	0.5877032285854515	0.989843602749853	0.9502139809399731
regulation_mean_minus_passive_FE	sensory_S2_operculum_R	targeted_sensory	passive_acrossrun_slope_z	33	0.4241069170765222	0.013904378665119385	0.49298128342245995	0.0035581996990351576	0.2052997315308686	0.31312157351509384
regulation_mean_minus_passive_FE	sensory_dACC_MCC	targeted_sensory	mean_reg_success_z	33	0.02302241136420258	0.898805169041095	0.2663770053475936	0.13401872760662967	0.989843602749853	0.9072036945679546
regulation_mean_minus_passive_FE	sensory_dACC_MCC	targeted_sensory	reg_success_z_up	33	0.16742400491864795	0.3517037350497331	0.20220588235294118	0.25910828144541664	0.6864386653599973	0.9500636986331944
regulation_mean_minus_passive_FE	sensory_dACC_MCC	targeted_sensory	reg_success_z_down	33	-0.14485528171482007	0.42122372647090744	0.161096256684492	0.37045884125115935	0.6864386653599973	0.9502139809399731
regulation_mean_minus_passive_FE	sensory_dACC_MCC	targeted_sensory	success_asymmetry_z_up_minus_down	33	0.24969645727135834	0.16109396374374127	0.06149732620320855	0.73387493109816	0.6864386653599973	0.9502139809399731
regulation_mean_minus_passive_FE	sensory_dACC_MCC	targeted_sensory	task_separation_rating_z_up_minus_down	33	-0.007946811556844013	0.9649910160000438	0.24097593582887702	0.17671732441599358	0.989843602749853	0.9429541410587835
regulation_mean_minus_passive_FE	sensory_dACC_MCC	targeted_sensory	passive_sensory_slope_z	33	0.18311245663320305	0.30772923244562506	0.16878342245989306	0.34775047527399006	0.6864386653599973	0.9502139809399731
regulation_mean_minus_passive_FE	sensory_dACC_MCC	targeted_sensory	passive_withinrun_slope_z	33	-0.013080924877383056	0.942403178737856	0.0875668449197861	0.6279815970315183	0.989843602749853	0.9502139809399731
regulation_mean_minus_passive_FE	sensory_dACC_MCC	targeted_sensory	passive_acrossrun_slope_z	33	0.39563962556849475	0.022665343440784864	0.07252673796791445	0.6883475263707606	0.2052997315308686	0.9502139809399731
regulation_mean_minus_passive_FE	sensory_insula_all_L	targeted_sensory	mean_reg_success_z	33	0.0068326777085749215	0.969896840023756	-0.10394385026737968	0.564850908472895	0.989843602749853	0.9502139809399731
regulation_mean_minus_passive_FE	sensory_insula_all_L	targeted_sensory	reg_success_z_up	33	0.15845090862575303	0.37847117901315663	-0.028074866310160432	0.8767506981148385	0.6864386653599973	0.9838229988615416
regulation_mean_minus_passive_FE	sensory_insula_all_L	targeted_sensory	reg_success_z_down	33	-0.16146418554386605	0.3693524347302793	-0.2115641711229947	0.23723795668923148	0.6864386653599973	0.9429541410587835
regulation_mean_minus_passive_FE	sensory_insula_all_L	targeted_sensory	success_asymmetry_z_up_minus_down	33	0.25491170258162316	0.15223849998622527	0.15441176470588236	0.3908988526259167	0.6864386653599973	0.9502139809399731
regulation_mean_minus_passive_FE	sensory_insula_all_L	targeted_sensory	task_separation_rating_z_up_minus_down	33	-0.024429099554650873	0.8926566552022258	-0.12399732620320857	0.4917642698479151	0.989843602749853	0.9502139809399731
regulation_mean_minus_passive_FE	sensory_insula_all_L	targeted_sensory	passive_sensory_slope_z	33	0.16326981621011646	0.3639510536374789	-0.27439839572192515	0.122261034278864	0.6864386653599973	0.9072036945679546
regulation_mean_minus_passive_FE	sensory_insula_all_L	targeted_sensory	passive_withinrun_slope_z	33	-0.020385593622044763	0.9103457729114127	-0.11597593582887701	0.520407937086603	0.989843602749853	0.9502139809399731
regulation_mean_minus_passive_FE	sensory_insula_all_L	targeted_sensory	passive_acrossrun_slope_z	33	0.40266570702820703	0.020164519115507713	0.2075534759358289	0.24645392323127294	0.2052997315308686	0.9429541410587835
regulation_mean_minus_passive_FE	sensory_insula_all_R	targeted_sensory	mean_reg_success_z	33	-0.0023047917430923017	0.989843602749853	-0.21691176470588236	0.22531435283945314	0.989843602749853	0.9429541410587835
regulation_mean_minus_passive_FE	sensory_insula_all_R	targeted_sensory	reg_success_z_up	33	0.14766859098531324	0.4121630972514928	-0.20955882352941177	0.24181657237567883	0.6864386653599973	0.9429541410587835
regulation_mean_minus_passive_FE	sensory_insula_all_R	targeted_sensory	reg_success_z_down	33	-0.1646097744324825	0.35997321506492713	-0.2700534759358289	0.1285307118518977	0.6864386653599973	0.9072036945679546
regulation_mean_minus_passive_FE	sensory_insula_all_R	targeted_sensory	success_asymmetry_z_up_minus_down	33	0.24834974765548132	0.16343954832229596	0.044451871657754015	0.805967340002315	0.6864386653599973	0.9589023007712909
regulation_mean_minus_passive_FE	sensory_insula_all_R	targeted_sensory	task_separation_rating_z_up_minus_down	33	-0.029229007661233854	0.8717248924147968	-0.170120320855615	0.34388901895534485	0.989843602749853	0.9502139809399731
regulation_mean_minus_passive_FE	sensory_insula_all_R	targeted_sensory	passive_sensory_slope_z	33	0.16116345102516524	0.3702566338601864	-0.08622994652406417	0.6332597693885482	0.6864386653599973	0.9502139809399731
regulation_mean_minus_passive_FE	sensory_insula_all_R	targeted_sensory	passive_withinrun_slope_z	33	-0.020103725940987187	0.9115805340142262	-0.1677807486631016	0.3506636960656433	0.989843602749853	0.9502139809399731
regulation_mean_minus_passive_FE	sensory_insula_all_R	targeted_sensory	passive_acrossrun_slope_z	33	0.4010933187400534	0.020703317477401152	0.24231283422459893	0.1742550572140458	0.2052997315308686	0.9429541410587835
regulation_mean_minus_passive_FE	sensory_posterior_insula_L	targeted_sensory	mean_reg_success_z	33	0.010620610891592334	0.9532230490566796	-0.1109625668449198	0.5387156719824292	0.989843602749853	0.9502139809399731
regulation_mean_minus_passive_FE	sensory_posterior_insula_L	targeted_sensory	reg_success_z_up	33	0.15900964308268878	0.37677047024408294	-0.09926470588235295	0.5825899413169034	0.6864386653599973	0.9502139809399731
regulation_mean_minus_passive_FE	sensory_posterior_insula_L	targeted_sensory	reg_success_z_down	33	-0.15589989666670684	0.38629300698046154	-0.13903743315508021	0.440308875721791	0.6864386653599973	0.9502139809399731
regulation_mean_minus_passive_FE	sensory_posterior_insula_L	targeted_sensory	success_asymmetry_z_up_minus_down	33	0.2511302098485513	0.15862344423439279	0.08923796791443851	0.6214092571939174	0.6864386653599973	0.9502139809399731
regulation_mean_minus_passive_FE	sensory_posterior_insula_L	targeted_sensory	task_separation_rating_z_up_minus_down	33	-0.020586885714364227	0.9094641103440028	-0.13201871657754014	0.46394743354607615	0.989843602749853	0.9502139809399731
regulation_mean_minus_passive_FE	sensory_posterior_insula_L	targeted_sensory	passive_sensory_slope_z	33	0.16433463255830005	0.36078788415639595	-0.15106951871657756	0.4013581166223674	0.6864386653599973	0.9502139809399731
regulation_mean_minus_passive_FE	sensory_posterior_insula_L	targeted_sensory	passive_withinrun_slope_z	33	-0.0064428765528852325	0.971613501726803	0.12132352941176472	0.501221832595384	0.989843602749853	0.9502139809399731
regulation_mean_minus_passive_FE	sensory_posterior_insula_L	targeted_sensory	passive_acrossrun_slope_z	33	0.4120720290414522	0.017178640633781946	0.36564171122994654	0.03639049841925177	0.2052997315308686	0.6413017598653944
regulation_mean_minus_passive_FE	sensory_posterior_insula_R	targeted_sensory	mean_reg_success_z	33	0.007124955492714304	0.9686097521678241	-0.06818181818181819	0.7061649594759432	0.989843602749853	0.9502139809399731
regulation_mean_minus_passive_FE	sensory_posterior_insula_R	targeted_sensory	reg_success_z_up	33	0.16483978292600276	0.35929302506119026	-0.016377005347593582	0.9279239648353177	0.6864386653599973	0.9838229988615416
regulation_mean_minus_passive_FE	sensory_posterior_insula_R	targeted_sensory	reg_success_z_down	33	-0.16794721511365002	0.3501790202630269	-0.22092245989304812	0.21664322095076466	0.6864386653599973	0.9429541410587835
regulation_mean_minus_passive_FE	sensory_posterior_insula_R	targeted_sensory	success_asymmetry_z_up_minus_down	33	0.2651690932976763	0.13585888398513724	0.22225935828877005	0.21380427936121113	0.6864386653599973	0.9429541410587835
regulation_mean_minus_passive_FE	sensory_posterior_insula_R	targeted_sensory	task_separation_rating_z_up_minus_down	33	-0.019761576944529905	0.9130796384205848	-0.024064171122994655	0.8942511515271847	0.989843602749853	0.9838229988615416
regulation_mean_minus_passive_FE	sensory_posterior_insula_R	targeted_sensory	passive_sensory_slope_z	33	0.17369298796520155	0.33369820124732447	0.12165775401069519	0.5000346509203469	0.6864386653599973	0.9502139809399731
regulation_mean_minus_passive_FE	sensory_posterior_insula_R	targeted_sensory	passive_withinrun_slope_z	33	-0.026187414992531625	0.8849798664378155	-0.21056149732620322	0.23951993116893414	0.989843602749853	0.9429541410587835
regulation_mean_minus_passive_FE	sensory_posterior_insula_R	targeted_sensory	passive_acrossrun_slope_z	33	0.3919152150886328	0.02409154522913072	0.1233288770053476	0.49412008966351806	0.2052997315308686	0.9502139809399731
regulation_mean_minus_passive_FE	sensory_thalamus_L	targeted_sensory	mean_reg_success_z	33	0.01982631180616938	0.9127959839669223	0.13836898395721925	0.44253145035519226	0.989843602749853	0.9502139809399731
regulation_mean_minus_passive_FE	sensory_thalamus_L	targeted_sensory	reg_success_z_up	33	0.1661746121238447	0.35536079285413275	0.15942513368983957	0.3755086858721369	0.6864386653599973	0.9502139809399731
regulation_mean_minus_passive_FE	sensory_thalamus_L	targeted_sensory	reg_success_z_down	33	-0.14870277665531262	0.4088602017395407	0.01771390374331551	0.9220573619772838	0.6864386653599973	0.9838229988615416
regulation_mean_minus_passive_FE	sensory_thalamus_L	targeted_sensory	success_asymmetry_z_up_minus_down	33	0.2515938514256375	0.1578304015758557	0.0501336898395722	0.7817297057371496	0.6864386653599973	0.9554474181231828
regulation_mean_minus_passive_FE	sensory_thalamus_L	targeted_sensory	task_separation_rating_z_up_minus_down	33	-0.01312927284307688	0.9421906509433098	0.11864973262032086	0.5107701271230385	0.989843602749853	0.9502139809399731
regulation_mean_minus_passive_FE	sensory_thalamus_L	targeted_sensory	passive_sensory_slope_z	33	0.1771760904568126	0.32394321926958436	0.10227272727272728	0.5711578644496516	0.6864386653599973	0.9502139809399731
regulation_mean_minus_passive_FE	sensory_thalamus_L	targeted_sensory	passive_withinrun_slope_z	33	-0.013344395936265095	0.9412450613483322	0.003342245989304813	0.9852723280032905	0.989843602749853	0.986744959233409
regulation_mean_minus_passive_FE	sensory_thalamus_L	targeted_sensory	passive_acrossrun_slope_z	33	0.39014982520122027	0.024792955829756366	-0.05882352941176471	0.7450541441461153	0.2052997315308686	0.9502139809399731
regulation_mean_minus_passive_FE	sensory_thalamus_R	targeted_sensory	mean_reg_success_z	33	0.019508216283057496	0.9141899120932226	-0.006016042780748664	0.9734933960724184	0.989843602749853	0.986744959233409
regulation_mean_minus_passive_FE	sensory_thalamus_R	targeted_sensory	reg_success_z_up	33	0.1697301023186223	0.3450134147416726	0.1931818181818182	0.2814168558467061	0.6864386653599973	0.9502139809399731
regulation_mean_minus_passive_FE	sensory_thalamus_R	targeted_sensory	reg_success_z_down	33	-0.1530941109112581	0.395003397854574	-0.2556818181818182	0.15096131061267362	0.6864386653599973	0.9429541410587835
regulation_mean_minus_passive_FE	sensory_thalamus_R	targeted_sensory	success_asymmetry_z_up_minus_down	33	0.257900039920112	0.1473259276336631	0.3532754010695187	0.04372511999082234	0.6864386653599973	0.6413017598653944
regulation_mean_minus_passive_FE	sensory_thalamus_R	targeted_sensory	task_separation_rating_z_up_minus_down	33	-0.011437252917895279	0.9496306507123444	0.003008021390374332	0.986744959233409	0.989843602749853	0.986744959233409
regulation_mean_minus_passive_FE	sensory_thalamus_R	targeted_sensory	passive_sensory_slope_z	33	0.18400806728529595	0.30532819595862437	0.15207219251336898	0.3982036993589423	0.6864386653599973	0.9502139809399731
regulation_mean_minus_passive_FE	sensory_thalamus_R	targeted_sensory	passive_withinrun_slope_z	33	-0.019582137417969065	0.9138659593522753	-0.28141711229946526	0.11261721987019953	0.989843602749853	0.9072036945679546
regulation_mean_minus_passive_FE	sensory_thalamus_R	targeted_sensory	passive_acrossrun_slope_z	33	0.38801752660558597	0.025662466441358577	-0.1229946524064171	0.49530014797909305	0.2052997315308686	0.9502139809399731
stim_down_FE	expl_amygdala_L	exploratory_context	mean_reg_success_z	33	0.06311533859523204	0.7271357725344114	0.05748663101604279	0.7506631144505707	0.9446327839935826	0.9661341984993728
stim_down_FE	expl_amygdala_L	exploratory_context	reg_success_z_up	33	-0.2456709736478478	0.16817776205327917	-0.19886363636363638	0.26723071307171153	0.5174700370870128	0.6307106042550549
stim_down_FE	expl_amygdala_L	exploratory_context	reg_success_z_down	33	0.37046114438797	0.033816958114821265	0.2967914438502674	0.09349776501490516	0.2705356649185701	0.49516826243626555
stim_down_FE	expl_amygdala_L	exploratory_context	success_asymmetry_z_up_minus_down	33	-0.48688703609592954	0.004060236242313546	-0.48796791443850274	0.003966981013281172	0.12924794256442032	0.15867924053124685
stim_down_FE	expl_amygdala_L	exploratory_context	task_separation_rating_z_up_minus_down	33	0.036564154164548716	0.8399062245855752	0.04612299465240642	0.798819126593981	0.9446327839935826	0.9661341984993728
stim_down_FE	expl_amygdala_L	exploratory_context	passive_sensory_slope_z	33	-0.2993149151899233	0.09061190272663933	-0.25467914438502676	0.15262571589262436	0.40271956767395256	0.5923331022392998
stim_down_FE	expl_amygdala_L	exploratory_context	passive_withinrun_slope_z	33	0.3506099991457488	0.045451686729159224	0.29211229946524064	0.09903365248725311	0.3030112448610615	0.49516826243626555
stim_down_FE	expl_amygdala_L	exploratory_context	passive_acrossrun_slope_z	33	0.041273366734987736	0.8196055373353214	-0.01002673796791444	0.9558360603869237	0.9446327839935826	0.9661341984993728
stim_down_FE	expl_amygdala_R	exploratory_context	mean_reg_success_z	33	-0.010382725205082075	0.9542696783583284	-0.017045454545454548	0.9249901786454771	0.9808148552848263	0.9661341984993728
stim_down_FE	expl_amygdala_R	exploratory_context	reg_success_z_up	33	-0.10367160122933636	0.5658762239921427	-0.06818181818181819	0.7061649594759432	0.9446327839935826	0.9661341984993728
stim_down_FE	expl_amygdala_R	exploratory_context	reg_success_z_down	33	0.09600842024220542	0.5950786712326154	-0.007687165775401069	0.9661341984993728	0.9446327839935826	0.9661341984993728
stim_down_FE	expl_amygdala_R	exploratory_context	success_asymmetry_z_up_minus_down	33	-0.15943226767965457	0.375487042676581	-0.17780748663101606	0.322194001265344	0.750974085353162	0.678303160558619
stim_down_FE	expl_amygdala_R	exploratory_context	task_separation_rating_z_up_minus_down	33	-0.05443923346958581	0.7634950074094901	-0.04679144385026738	0.7959642889922955	0.9446327839935826	0.9661341984993728
stim_down_FE	expl_amygdala_R	exploratory_context	passive_sensory_slope_z	33	-0.25087604630060173	0.1590593967898167	-0.2259358288770054	0.2061290917022299	0.5174700370870128	0.6307106042550549
stim_down_FE	expl_amygdala_R	exploratory_context	passive_withinrun_slope_z	33	0.4645120341221019	0.006462397128221016	0.4278074866310161	0.013009699044380487	0.12924794256442032	0.25667427216301897
stim_down_FE	expl_amygdala_R	exploratory_context	passive_acrossrun_slope_z	33	0.2730796628557952	0.12413943390804401	0.2025401069518717	0.25830508094052596	0.49655773563217603	0.6307106042550549
stim_down_FE	expl_hippocampus_L	exploratory_context	mean_reg_success_z	33	0.034192470881178716	0.8501695055942244	0.04144385026737968	0.8188726779732702	0.9446327839935826	0.9661341984993728
stim_down_FE	expl_hippocampus_L	exploratory_context	reg_success_z_up	33	-0.1652509117783616	0.35807913320328566	-0.11463903743315508	0.5252600175737376	0.750974085353162	0.955018213770432
stim_down_FE	expl_hippocampus_L	exploratory_context	reg_success_z_down	33	0.2357269836750144	0.18662290885287225	0.22393048128342247	0.21029162040040167	0.5332083110082064	0.6307106042550549
stim_down_FE	expl_hippocampus_L	exploratory_context	success_asymmetry_z_up_minus_down	33	-0.3172311637241194	0.0720386728739279	-0.35895721925133695	0.040220213643020246	0.3601933643696395	0.32176170914416197
stim_down_FE	expl_hippocampus_L	exploratory_context	task_separation_rating_z_up_minus_down	33	-0.016629926162066835	0.926813797888406	-0.026737967914438505	0.88257823313894	0.9808148552848263	0.9661341984993728
stim_down_FE	expl_hippocampus_L	exploratory_context	passive_sensory_slope_z	33	-0.38112500771567326	0.02864616295195263	-0.3693181818181818	0.034413492591808786	0.2705356649185701	0.32176170914416197
stim_down_FE	expl_hippocampus_L	exploratory_context	passive_withinrun_slope_z	33	0.1898419721982483	0.28997816137042887	0.30715240641711233	0.08208198608208586	0.722913806096738	0.49516826243626555
stim_down_FE	expl_hippocampus_L	exploratory_context	passive_acrossrun_slope_z	33	-0.07266258246235141	0.6877930450726086	-0.06717914438502674	0.7102989216558544	0.9446327839935826	0.9661341984993728
stim_down_FE	expl_hippocampus_R	exploratory_context	mean_reg_success_z	33	0.18329519533171476	0.30723836759111367	0.1841577540106952	0.3049280573145062	0.722913806096738	0.6776179051433471
stim_down_FE	expl_hippocampus_R	exploratory_context	reg_success_z_up	33	0.04693188481420339	0.7953648171033076	0.08823529411764706	0.6253492573066257	0.9446327839935826	0.9661341984993728
stim_down_FE	expl_hippocampus_R	exploratory_context	reg_success_z_down	33	0.24758011493077095	0.16479096663857673	0.2800802139037434	0.11440871411412269	0.5174700370870128	0.5084831738405453
stim_down_FE	expl_hippocampus_R	exploratory_context	success_asymmetry_z_up_minus_down	33	-0.14990992184326032	0.40502393489340177	-0.1985294117647059	0.2680520068083983	0.7714741617017177	0.6307106042550549
stim_down_FE	expl_hippocampus_R	exploratory_context	task_separation_rating_z_up_minus_down	33	0.1254557470151789	0.48664431010890313	0.12232620320855615	0.4976645500887904	0.884807836561642	0.9479324763596008
stim_down_FE	expl_hippocampus_R	exploratory_context	passive_sensory_slope_z	33	-0.31926737923123416	0.0701310895750481	-0.21824866310160426	0.22239820005625166	0.3601933643696395	0.6307106042550549
stim_down_FE	expl_hippocampus_R	exploratory_context	passive_withinrun_slope_z	33	0.16143367430674532	0.369444111367454	0.24866310160427807	0.16289160311580747	0.750974085353162	0.5923331022392998
stim_down_FE	expl_hippocampus_R	exploratory_context	passive_acrossrun_slope_z	33	0.05828550977579712	0.7473098839846619	0.023729946524064172	0.8957118490330904	0.9446327839935826	0.9661341984993728
stim_down_FE	expl_hypothalamus	exploratory_context	mean_reg_success_z	33	0.042926414769633006	0.8125059671498451	0.012032085561497327	0.9470145977029851	0.9446327839935826	0.9661341984993728
stim_down_FE	expl_hypothalamus	exploratory_context	reg_success_z_up	33	0.056846044251027496	0.7533551685823221	0.054812834224598934	0.7619184577700732	0.9446327839935826	0.9661341984993728
stim_down_FE	expl_hypothalamus	exploratory_context	reg_success_z_down	33	0.008032186751426855	0.9646151363082082	-0.03676470588235294	0.8390395131748796	0.9808148552848263	0.9661341984993728
stim_down_FE	expl_hypothalamus	exploratory_context	success_asymmetry_z_up_minus_down	33	0.04112124918988824	0.8202595731270313	0.09391711229946524	0.6031601242581388	0.9446327839935826	0.9661341984993728
stim_down_FE	expl_hypothalamus	exploratory_context	task_separation_rating_z_up_minus_down	33	-0.004353972990884379	0.9808148552848263	-0.007687165775401069	0.9661341984993728	0.9808148552848263	0.9661341984993728
stim_down_FE	expl_hypothalamus	exploratory_context	passive_sensory_slope_z	33	0.07388924143204745	0.6827934032254177	-0.018048128342245992	0.9205913289978269	0.9446327839935826	0.9661341984993728
stim_down_FE	expl_hypothalamus	exploratory_context	passive_withinrun_slope_z	33	-0.21085024495398633	0.23886127065551244	-0.16878342245989306	0.34775047527399006	0.6369633884146998	0.6955009505479801
stim_down_FE	expl_hypothalamus	exploratory_context	passive_acrossrun_slope_z	33	-0.3910559531005309	0.024430869923818772	-0.4054144385026738	0.01925057041222642	0.2705356649185701	0.25667427216301897
stim_down_FE	reg_NAc_L	targeted_regulatory_value	mean_reg_success_z	33	-0.030928269938803526	0.8643343178365304	-0.12967914438502673	0.4719734865045869	0.9640721874364541	0.7551575784073391
stim_down_FE	reg_NAc_L	targeted_regulatory_value	reg_success_z_up	33	-0.1973008063109348	0.27108522844308985	-0.15207219251336898	0.3982036993589423	0.7100188323540829	0.7551575784073391
stim_down_FE	reg_NAc_L	targeted_regulatory_value	reg_success_z_down	33	0.16451617554036507	0.3602502292143373	0.0822192513368984	0.6492002448128057	0.7100188323540829	0.8422057230003965
stim_down_FE	reg_NAc_L	targeted_regulatory_value	success_asymmetry_z_up_minus_down	33	-0.28953253087799197	0.10219023627988554	-0.1644385026737968	0.360480205447817	0.6252336109853422	0.7551575784073391
stim_down_FE	reg_NAc_L	targeted_regulatory_value	task_separation_rating_z_up_minus_down	33	-0.083152102806611	0.6454786466825886	-0.1731283422459893	0.3352963701201831	0.8606381955767848	0.7551575784073391
stim_down_FE	reg_NAc_L	targeted_regulatory_value	passive_sensory_slope_z	33	-0.19490986501293575	0.27705190675495067	-0.1861631016042781	0.2995993373695546	0.7100188323540829	0.7551575784073391
stim_down_FE	reg_NAc_L	targeted_regulatory_value	passive_withinrun_slope_z	33	0.08598953871762867	0.6342108123968152	-0.04512032085561497	0.8031061703437151	0.857524478733722	0.9322031884364125
stim_down_FE	reg_NAc_L	targeted_regulatory_value	passive_acrossrun_slope_z	33	0.02647325592354639	0.8837328384834162	0.03542780748663102	0.8448205578157595	0.9640721874364541	0.9557839888021473
stim_down_FE	reg_NAc_R	targeted_regulatory_value	mean_reg_success_z	33	-0.1256492892769984	0.48596692191342333	-0.13302139037433156	0.4605299531844579	0.7900856519315804	0.7551575784073391
stim_down_FE	reg_NAc_R	targeted_regulatory_value	reg_success_z_up	33	-0.1738139706757674	0.33335638143912616	-0.19451871657754014	0.2780360639635026	0.7100188323540829	0.7551575784073391
stim_down_FE	reg_NAc_R	targeted_regulatory_value	reg_success_z_down	33	-0.015427570380299196	0.9320925743978888	-0.02306149732620321	0.8986342479576831	0.9726183385021449	0.9593715713121311
stim_down_FE	reg_NAc_R	targeted_regulatory_value	success_asymmetry_z_up_minus_down	33	-0.13270161711867257	0.46161840171838675	-0.134024064171123	0.45712590304009937	0.7900856519315804	0.7551575784073391
stim_down_FE	reg_NAc_R	targeted_regulatory_value	task_separation_rating_z_up_minus_down	33	-0.17900870654106807	0.3188823570836202	-0.18382352941176472	0.3058219532868944	0.7100188323540829	0.7551575784073391
stim_down_FE	reg_NAc_R	targeted_regulatory_value	passive_sensory_slope_z	33	-0.22623396741067406	0.20551513420060324	-0.29946524064171126	0.09044216389420168	0.7046233172592111	0.6847501873615243
stim_down_FE	reg_NAc_R	targeted_regulatory_value	passive_withinrun_slope_z	33	0.2679750759679855	0.1316124399407612	0.17747326203208558	0.32311920486247325	0.6252336109853422	0.7551575784073391
stim_down_FE	reg_NAc_R	targeted_regulatory_value	passive_acrossrun_slope_z	33	0.09930244419363533	0.5824458890782303	0.24632352941176472	0.16701459487539558	0.8345493336046285	0.7551575784073391
stim_down_FE	reg_PAG_sphere	targeted_regulatory_value	mean_reg_success_z	33	0.23912910528578207	0.18015916277823432	0.2309491978609626	0.19597266517705586	0.6918111850684198	0.7551575784073391
stim_down_FE	reg_PAG_sphere	targeted_regulatory_value	reg_success_z_up	33	0.4056111514707523	0.01918650504655606	0.438168449197861	0.010758123296776742	0.4604761211173455	0.34425994549685573
stim_down_FE	reg_PAG_sphere	targeted_regulatory_value	reg_success_z_down	33	-0.0521370374869049	0.7732303565732911	0.058155080213903754	0.7478570431344127	0.9437224333186384	0.9204394377038926
stim_down_FE	reg_PAG_sphere	targeted_regulatory_value	success_asymmetry_z_up_minus_down	33	0.37692716277950716	0.03059847080949166	0.3452540106951872	0.0490861304203357	0.5874906395422399	0.4941033399529385
stim_down_FE	reg_PAG_sphere	targeted_regulatory_value	task_separation_rating_z_up_minus_down	33	0.16582933158432484	0.3563754602434901	0.1647727272727273	0.35949124529424703	0.7100188323540829	0.7551575784073391
stim_down_FE	reg_PAG_sphere	targeted_regulatory_value	passive_sensory_slope_z	33	0.29355044866482516	0.09730636159731999	0.2820855614973262	0.11172939427098127	0.6252336109853422	0.735103362257185
stim_down_FE	reg_PAG_sphere	targeted_regulatory_value	passive_withinrun_slope_z	33	-0.3442524794437212	0.04979078078431278	-0.27038770053475936	0.12804016152888492	0.6252336109853422	0.7551575784073391
stim_down_FE	reg_PAG_sphere	targeted_regulatory_value	passive_acrossrun_slope_z	33	-0.09987617014666837	0.5802578493176408	-0.09859625668449198	0.5851441177245604	0.8345493336046285	0.8042373365298281
stim_down_FE	reg_SMA_preSMA	targeted_regulatory_value	mean_reg_success_z	33	0.027519759034101546	0.8791696552886035	-0.019719251336898398	0.9132651059631332	0.9640721874364541	0.9593715713121311
stim_down_FE	reg_SMA_preSMA	targeted_regulatory_value	reg_success_z_up	33	0.04952073899787311	0.7843352029073625	0.08856951871657755	0.6240347859600837	0.9437224333186384	0.8206484856461375
stim_down_FE	reg_SMA_preSMA	targeted_regulatory_value	reg_success_z_down	33	-0.009095514627002789	0.9599342952837463	-0.14906417112299467	0.407709551863366	0.9803584292259537	0.7551575784073391
stim_down_FE	reg_SMA_preSMA	targeted_regulatory_value	success_asymmetry_z_up_minus_down	33	0.04810201138888723	0.7903746294795077	0.13703208556149735	0.44699484440963666	0.9437224333186384	0.7551575784073391
stim_down_FE	reg_SMA_preSMA	targeted_regulatory_value	task_separation_rating_z_up_minus_down	33	-0.016040040915275035	0.9294032385176199	-0.06149732620320855	0.73387493109816	0.9726183385021449	0.9149609530574463
stim_down_FE	reg_SMA_preSMA	targeted_regulatory_value	passive_sensory_slope_z	33	0.16470949804904064	0.3596782142032444	0.21056149732620322	0.23951993116893414	0.7100188323540829	0.7551575784073391
stim_down_FE	reg_SMA_preSMA	targeted_regulatory_value	passive_withinrun_slope_z	33	0.02663202818386244	0.8830402865532214	-0.035093582887700536	0.8462670734185679	0.9640721874364541	0.9557839888021473
stim_down_FE	reg_SMA_preSMA	targeted_regulatory_value	passive_acrossrun_slope_z	33	0.023481362664072143	0.8967984799294579	-0.017045454545454548	0.9249901786454771	0.967333191834022	0.9593715713121311
stim_down_FE	reg_anterior_insula_L	targeted_regulatory_value	mean_reg_success_z	33	-0.12297201981112431	0.4953801093583147	-0.15808823529411764	0.37957750603297036	0.7900856519315804	0.7551575784073391
stim_down_FE	reg_anterior_insula_L	targeted_regulatory_value	reg_success_z_up	33	-0.17321261050337658	0.33505756088746247	-0.12165775401069519	0.5000346509203469	0.7100188323540829	0.7742472014250533
stim_down_FE	reg_anterior_insula_L	targeted_regulatory_value	reg_success_z_down	33	-0.011719679121364244	0.9483884842127992	-0.19618983957219252	0.2738471909729176	0.9789816611228895	0.7551575784073391
stim_down_FE	reg_anterior_insula_L	targeted_regulatory_value	success_asymmetry_z_up_minus_down	33	-0.13503112816027643	0.4537205188019593	-0.024064171122994655	0.8942511515271847	0.7900856519315804	0.9593715713121311
stim_down_FE	reg_anterior_insula_L	targeted_regulatory_value	task_separation_rating_z_up_minus_down	33	-0.1165050415684186	0.5184937090800996	-0.1587566844919786	0.3775398845682104	0.7900856519315804	0.7551575784073391
stim_down_FE	reg_anterior_insula_L	targeted_regulatory_value	passive_sensory_slope_z	33	0.06210432546589458	0.7313444117983717	0.019050802139037436	0.916194787986969	0.9314474394352691	0.9593715713121311
stim_down_FE	reg_anterior_insula_L	targeted_regulatory_value	passive_withinrun_slope_z	33	0.09494825539595532	0.5991696026962016	0.17279411764705885	0.33624456078509823	0.8360665504748119	0.7551575784073391
stim_down_FE	reg_anterior_insula_L	targeted_regulatory_value	passive_acrossrun_slope_z	33	-0.24837297685296977	0.1633988834074258	-0.06784759358288771	0.7075420381042201	0.6820127307440381	0.8937373112895413
stim_down_FE	reg_anterior_insula_R	targeted_regulatory_value	mean_reg_success_z	33	-0.4155724366349744	0.016166074389076326	-0.40441176470588236	0.019579887571886518	0.4604761211173455	0.46991730172527646
stim_down_FE	reg_anterior_insula_R	targeted_regulatory_value	reg_success_z_up	33	-0.40938354585126135	0.017991761406465807	-0.5010026737967915	0.002979784711791184	0.4604761211173455	0.2860593323319537
stim_down_FE	reg_anterior_insula_R	targeted_regulatory_value	reg_success_z_down	33	-0.23129027973713898	0.19529458131549965	-0.26036096256684493	0.14336769800032703	0.694380733566221	0.7551575784073391
stim_down_FE	reg_anterior_insula_R	targeted_regulatory_value	success_asymmetry_z_up_minus_down	33	-0.1637894221272474	0.3624054456807298	-0.23763368983957223	0.18298056654138034	0.7100188323540829	0.7551575784073391
stim_down_FE	reg_anterior_insula_R	targeted_regulatory_value	task_separation_rating_z_up_minus_down	33	-0.4062350606230127	0.018984481083437546	-0.4435160427807487	0.00973113238791186	0.4604761211173455	0.34425994549685573
stim_down_FE	reg_anterior_insula_R	targeted_regulatory_value	passive_sensory_slope_z	33	-0.11664447593659795	0.5179898323431837	-0.21758021390374332	0.22385304871533357	0.7900856519315804	0.7551575784073391
stim_down_FE	reg_anterior_insula_R	targeted_regulatory_value	passive_withinrun_slope_z	33	-0.1099985083473217	0.5422710443130216	-0.0982620320855615	0.586423057886333	0.8134065664695325	0.8042373365298281
stim_down_FE	reg_anterior_insula_R	targeted_regulatory_value	passive_acrossrun_slope_z	33	-0.18207196935747083	0.3105335407976161	-0.047459893048128345	0.7931120453812652	0.7100188323540829	0.9322031884364125
stim_down_FE	reg_caudate_L	secondary_subcortical	mean_reg_success_z	33	0.04736370946256533	0.7935222954517313	0.07820855614973263	0.6652949317765311	0.9688235033531218	0.8641656521004858
stim_down_FE	reg_caudate_L	secondary_subcortical	reg_success_z_up	33	-0.1784747729160973	0.3203517345829796	0.035093582887700536	0.8462670734185679	0.724408869118673	0.8986342479576831
stim_down_FE	reg_caudate_L	secondary_subcortical	reg_success_z_down	33	0.27159578093337555	0.1262785668585577	0.23462566844919788	0.18874977548553618	0.6879819412348254	0.6944291474377933
stim_down_FE	reg_caudate_L	secondary_subcortical	success_asymmetry_z_up_minus_down	33	-0.35559302139947396	0.042266984652977076	-0.17078877005347595	0.341968090287774	0.6879819412348254	0.7816413492291977
stim_down_FE	reg_caudate_L	secondary_subcortical	task_separation_rating_z_up_minus_down	33	0.028248222818636384	0.875995496165142	0.058155080213903754	0.7478570431344127	0.9688235033531218	0.8641656521004858
stim_down_FE	reg_caudate_L	secondary_subcortical	passive_sensory_slope_z	33	-0.019504421289273783	0.914206543679155	0.02540106951871658	0.8884118166127934	0.9688235033531218	0.8986342479576831
stim_down_FE	reg_caudate_L	secondary_subcortical	passive_withinrun_slope_z	33	0.050021691699975675	0.7822056082204921	0.06985294117647059	0.699293354344076	0.9688235033531218	0.8641656521004858
stim_down_FE	reg_caudate_L	secondary_subcortical	passive_acrossrun_slope_z	33	-0.2521134734441099	0.15694500359042413	-0.31116310160427807	0.07796353695031716	0.6879819412348254	0.5812472457197627
stim_down_FE	reg_caudate_R	secondary_subcortical	mean_reg_success_z	33	-0.013958133559530884	0.9385477688733368	-0.06517379679144385	0.7185910989104528	0.9688235033531218	0.8641656521004858
stim_down_FE	reg_caudate_R	secondary_subcortical	reg_success_z_up	33	-0.171307670513484	0.3404814296397812	-0.161096256684492	0.37045884125115935	0.724408869118673	0.7903121946691399
stim_down_FE	reg_caudate_R	secondary_subcortical	reg_success_z_down	33	0.16385709533655649	0.3622044345593365	0.10862299465240642	0.5473630062546808	0.724408869118673	0.8641656521004858
stim_down_FE	reg_caudate_R	secondary_subcortical	success_asymmetry_z_up_minus_down	33	-0.26742416390547213	0.13243835064129647	-0.21758021390374332	0.22385304871533357	0.6879819412348254	0.7163297558890674
stim_down_FE	reg_caudate_R	secondary_subcortical	task_separation_rating_z_up_minus_down	33	-0.02790464933935899	0.8774923269391497	-0.052807486631016046	0.7703916380336323	0.9688235033531218	0.8641656521004858
stim_down_FE	reg_caudate_R	secondary_subcortical	passive_sensory_slope_z	33	-0.03305732136350603	0.8550904404925685	0.049799465240641716	0.7831501222160653	0.9688235033531218	0.8641656521004858
stim_down_FE	reg_caudate_R	secondary_subcortical	passive_withinrun_slope_z	33	0.3015997804479303	0.08805811781568472	0.3372326203208556	0.05495885087422206	0.6879819412348254	0.5812472457197627
stim_down_FE	reg_caudate_R	secondary_subcortical	passive_acrossrun_slope_z	33	0.12704524644692128	0.4810955384759608	0.1751336898395722	0.3296416598719488	0.9055916018371027	0.7816413492291977
stim_down_FE	reg_dlPFC_IFJ_L	targeted_regulatory_value	mean_reg_success_z	33	0.26041434599553637	0.14328270251747427	0.2606951871657754	0.1428361607556724	0.6252336109853422	0.7551575784073391
stim_down_FE	reg_dlPFC_IFJ_L	targeted_regulatory_value	reg_success_z_up	33	0.14760823810993956	0.41235631046025756	0.13168449197860962	0.46508956911767874	0.7762001138075436	0.7551575784073391
stim_down_FE	reg_dlPFC_IFJ_L	targeted_regulatory_value	reg_success_z_down	33	0.2635897649749402	0.13829275002273902	0.24398395721925137	0.17121159838825914	0.6252336109853422	0.7551575784073391
stim_down_FE	reg_dlPFC_IFJ_L	targeted_regulatory_value	success_asymmetry_z_up_minus_down	33	-0.07844432086629335	0.6643446662303248	-0.044451871657754015	0.805967340002315	0.873658739152208	0.9322031884364125
stim_down_FE	reg_dlPFC_IFJ_L	targeted_regulatory_value	task_separation_rating_z_up_minus_down	33	0.2697546175306366	0.12897052881285387	0.27974598930481287	0.11485990035268516	0.6252336109853422	0.735103362257185
stim_down_FE	reg_dlPFC_IFJ_L	targeted_regulatory_value	passive_sensory_slope_z	33	-0.09449486205217458	0.600922833153771	-0.02573529411764706	0.8869528699303689	0.8360665504748119	0.9593715713121311
stim_down_FE	reg_dlPFC_IFJ_L	targeted_regulatory_value	passive_withinrun_slope_z	33	0.20907967873803385	0.2429192456446007	0.16677807486631016	0.3535915778619937	0.7066741691479294	0.7551575784073391
stim_down_FE	reg_dlPFC_IFJ_L	targeted_regulatory_value	passive_acrossrun_slope_z	33	0.12492894373463045	0.48849054947758347	0.04879679144385027	0.7874154792984165	0.7900856519315804	0.9322031884364125
stim_down_FE	reg_dlPFC_IFJ_R	targeted_regulatory_value	mean_reg_success_z	33	-0.11865735109031904	0.5107427933393787	-0.10427807486631017	0.5635933499586385	0.7900856519315804	0.8042373365298281
stim_down_FE	reg_dlPFC_IFJ_R	targeted_regulatory_value	reg_success_z_up	33	-0.06065384333636262	0.7373958895529213	-0.1179812834224599	0.5131712360759381	0.9314474394352691	0.7806119056299046
stim_down_FE	reg_dlPFC_IFJ_R	targeted_regulatory_value	reg_success_z_down	33	-0.1272974541741536	0.4802181295197723	-0.13268716577540107	0.4616676236302907	0.7900856519315804	0.7551575784073391
stim_down_FE	reg_dlPFC_IFJ_R	targeted_regulatory_value	success_asymmetry_z_up_minus_down	33	0.046720816929084585	0.7962658031126011	0.008021390374331552	0.9646626688942839	0.9437224333186384	0.9808547396196755
stim_down_FE	reg_dlPFC_IFJ_R	targeted_regulatory_value	task_separation_rating_z_up_minus_down	33	-0.13883175774520373	0.440992091556716	-0.15140374331550802	0.4003050633718558	0.7900856519315804	0.7551575784073391
stim_down_FE	reg_dlPFC_IFJ_R	targeted_regulatory_value	passive_sensory_slope_z	33	-0.13650924238041154	0.4487470163469699	-0.11597593582887701	0.520407937086603	0.7900856519315804	0.7806119056299046
stim_down_FE	reg_dlPFC_IFJ_R	targeted_regulatory_value	passive_withinrun_slope_z	33	-0.04812051660227551	0.7902957761400932	-0.07887700534759359	0.6626020370825527	0.9437224333186384	0.8481306074656675
stim_down_FE	reg_dlPFC_IFJ_R	targeted_regulatory_value	passive_acrossrun_slope_z	33	-0.17080838412698443	0.3419118238791608	-0.16310160427807488	0.36445225131769754	0.7100188323540829	0.7551575784073391
stim_down_FE	reg_mOFC	targeted_regulatory_value	mean_reg_success_z	33	0.11712345543647104	0.5162607707249115	0.15106951871657756	0.4013581166223674	0.7900856519315804	0.7551575784073391
stim_down_FE	reg_mOFC	targeted_regulatory_value	reg_success_z_up	33	-0.09102522925152112	0.6144118073325295	-0.0501336898395722	0.7817297057371496	0.8426219071988977	0.9322031884364125
stim_down_FE	reg_mOFC	targeted_regulatory_value	reg_success_z_down	33	0.29002018085915404	0.10158779343947896	0.3419117647058824	0.051469097911764426	0.6252336109853422	0.4941033399529385
stim_down_FE	reg_mOFC	targeted_regulatory_value	success_asymmetry_z_up_minus_down	33	-0.2969641301419551	0.09329807325379348	-0.3776737967914439	0.03024350793658851	0.6252336109853422	0.4838961269854162
stim_down_FE	reg_mOFC	targeted_regulatory_value	task_separation_rating_z_up_minus_down	33	0.10661457178799473	0.5548380451015151	0.13001336898395724	0.4708224740961786	0.8194531127653146	0.7551575784073391
stim_down_FE	reg_mOFC	targeted_regulatory_value	passive_sensory_slope_z	33	-0.16500367686289324	0.35880882036218575	-0.0912433155080214	0.6135602236770792	0.7100188323540829	0.8180802982361056
stim_down_FE	reg_mOFC	targeted_regulatory_value	passive_withinrun_slope_z	33	0.2894217933630912	0.10232741714046553	0.29745989304812837	0.09272658787187307	0.6252336109853422	0.6847501873615243
stim_down_FE	reg_mOFC	targeted_regulatory_value	passive_acrossrun_slope_z	33	0.02806240205309942	0.8768050009230187	0.13335561497326204	0.4593937749927751	0.9640721874364541	0.7551575784073391
stim_down_FE	reg_pgACC_rACC	targeted_regulatory_value	mean_reg_success_z	33	0.212207062474764	0.23578251566567995	0.016042780748663103	0.929391209708627	0.7066741691479294	0.9593715713121311
stim_down_FE	reg_pgACC_rACC	targeted_regulatory_value	reg_success_z_up	33	0.02805067370839934	0.8768560980982419	-0.031751336898395724	0.8607585785241871	0.9640721874364541	0.9593715713121311
stim_down_FE	reg_pgACC_rACC	targeted_regulatory_value	reg_success_z_down	33	0.3152627325760155	0.07392091455298203	0.10260695187165776	0.5698939278887764	0.6252336109853422	0.8042373365298281
stim_down_FE	reg_pgACC_rACC	targeted_regulatory_value	success_asymmetry_z_up_minus_down	33	-0.21725015792037008	0.22457378049294313	-0.1861631016042781	0.2995993373695546	0.7066741691479294	0.7551575784073391
stim_down_FE	reg_pgACC_rACC	targeted_regulatory_value	task_separation_rating_z_up_minus_down	33	0.19267054232402536	0.28271676637220094	-0.0046791443850267385	0.9793823278219826	0.7100188323540829	0.9808547396196755
stim_down_FE	reg_pgACC_rACC	targeted_regulatory_value	passive_sensory_slope_z	33	-0.3151969979315745	0.07398442385217295	-0.3061497326203209	0.0831373355364988	0.6252336109853422	0.6847501873615243
stim_down_FE	reg_pgACC_rACC	targeted_regulatory_value	passive_withinrun_slope_z	33	0.18382137462364895	0.30582772169987577	0.10394385026737968	0.564850908472895	0.7100188323540829	0.8042373365298281
stim_down_FE	reg_pgACC_rACC	targeted_regulatory_value	passive_acrossrun_slope_z	33	0.16957175454100554	0.34547032113736503	0.09959893048128343	0.5813147111970498	0.7100188323540829	0.8042373365298281
stim_down_FE	reg_putamen_L	secondary_subcortical	mean_reg_success_z	33	-0.03866541717189602	0.8308346811824483	-0.14872994652406418	0.40877363131776545	0.9688235033531218	0.8175472626355309
stim_down_FE	reg_putamen_L	secondary_subcortical	reg_success_z_up	33	0.09795257293002933	0.5876083280882609	0.06383689839572193	0.7241368385900291	0.9688235033531218	0.8641656521004858
stim_down_FE	reg_putamen_L	secondary_subcortical	reg_success_z_down	33	-0.1697088454348498	0.3450747293606052	-0.23128342245989308	0.19530819771687935	0.724408869118673	0.6944291474377933
stim_down_FE	reg_putamen_L	secondary_subcortical	success_asymmetry_z_up_minus_down	33	0.2109168062522392	0.238709610535117	0.1915106951871658	0.28567997875535706	0.6944279579203404	0.7618132766809521
stim_down_FE	reg_putamen_L	secondary_subcortical	task_separation_rating_z_up_minus_down	33	-0.06792660159972586	0.7072164254668492	-0.20487967914438504	0.2527286442903155	0.9688235033531218	0.7352106015718269
stim_down_FE	reg_putamen_L	secondary_subcortical	passive_sensory_slope_z	33	0.020186045277934647	0.9112199014447806	0.05113636363636364	0.7774726241623274	0.9688235033531218	0.8641656521004858
stim_down_FE	reg_putamen_L	secondary_subcortical	passive_withinrun_slope_z	33	-0.24781865984817042	0.16437124698732775	-0.3018048128342246	0.0878316795722999	0.6879819412348254	0.5812472457197627
stim_down_FE	reg_putamen_L	secondary_subcortical	passive_acrossrun_slope_z	33	-0.0009446761856346797	0.9958370592061399	-0.13001336898395724	0.4708224740961786	0.9958370592061399	0.8370177317265397
stim_down_FE	reg_putamen_R	secondary_subcortical	mean_reg_success_z	33	-0.2501935451211035	0.16023431585822356	-0.29913101604278075	0.09081988214371292	0.6879819412348254	0.5812472457197627
stim_down_FE	reg_putamen_R	secondary_subcortical	reg_success_z_up	33	-0.1717570106593918	0.33919724625563763	-0.13703208556149735	0.44699484440963666	0.724408869118673	0.8370177317265397
stim_down_FE	reg_putamen_R	secondary_subcortical	reg_success_z_down	33	-0.22062868622578316	0.21727049693923886	-0.27339572192513373	0.12368730242062967	0.6944279579203404	0.6596656129100249
stim_down_FE	reg_putamen_R	secondary_subcortical	success_asymmetry_z_up_minus_down	33	0.025589828286752513	0.8875878083118068	0.05147058823529412	0.7760550005541944	0.9688235033531218	0.8641656521004858
stim_down_FE	reg_putamen_R	secondary_subcortical	task_separation_rating_z_up_minus_down	33	-0.23219954571866672	0.19349492097229465	-0.24197860962566844	0.17486832800930693	0.6879819412348254	0.6944291474377933
stim_down_FE	reg_putamen_R	secondary_subcortical	passive_sensory_slope_z	33	0.23567633693797468	0.18672034734038656	0.30848930481283426	0.08069095262315354	0.6879819412348254	0.5812472457197627
stim_down_FE	reg_putamen_R	secondary_subcortical	passive_withinrun_slope_z	33	-0.10830492609672898	0.5485436444226935	0.06016042780748663	0.73945799530583	0.9688235033531218	0.8641656521004858
stim_down_FE	reg_putamen_R	secondary_subcortical	passive_acrossrun_slope_z	33	0.03159670374530295	0.8614301633467685	0.02306149732620321	0.8986342479576831	0.9688235033531218	0.8986342479576831
stim_down_FE	reg_vmPFC	targeted_regulatory_value	mean_reg_success_z	33	0.24303170191909979	0.1729411791142199	0.25066844919786097	0.15941611541532075	0.6917647164568796	0.7551575784073391
stim_down_FE	reg_vmPFC	targeted_regulatory_value	reg_success_z_up	33	0.06378597237465253	0.7243483650433203	0.09191176470588236	0.6109531521101034	0.9314474394352691	0.8180802982361056
stim_down_FE	reg_vmPFC	targeted_regulatory_value	reg_success_z_down	33	0.32656926890892235	0.06361261933501905	0.3462566844919786	0.048388666587664	0.6252336109853422	0.4941033399529385
stim_down_FE	reg_vmPFC	targeted_regulatory_value	success_asymmetry_z_up_minus_down	33	-0.19617466146300033	0.2738850512271238	-0.2322860962566845	0.1933242217416976	0.7100188323540829	0.7551575784073391
stim_down_FE	reg_vmPFC	targeted_regulatory_value	task_separation_rating_z_up_minus_down	33	0.2338477787385305	0.19026224228290042	0.22292780748663105	0.2123944192352814	0.694380733566221	0.7551575784073391
stim_down_FE	reg_vmPFC	targeted_regulatory_value	passive_sensory_slope_z	33	-0.2731638633442009	0.12401886312688136	-0.20454545454545456	0.2535203562234606	0.6252336109853422	0.7551575784073391
stim_down_FE	reg_vmPFC	targeted_regulatory_value	passive_withinrun_slope_z	33	0.005130361033605257	0.977394619499126	0.13469251336898397	0.4548640229918324	0.9834072496258284	0.7551575784073391
stim_down_FE	reg_vmPFC	targeted_regulatory_value	passive_acrossrun_slope_z	33	0.02066695650050241	0.909113428436238	0.1483957219251337	0.40983928056969854	0.9697209903319872	0.7551575784073391
stim_down_FE	reg_vmPFC_mOFC	targeted_regulatory_value	mean_reg_success_z	33	0.22063980393623359	0.21724673542565184	0.19953208556149735	0.2655930649718847	0.7066741691479294	0.7551575784073391
stim_down_FE	reg_vmPFC_mOFC	targeted_regulatory_value	reg_success_z_up	33	-0.003765555062580788	0.9834072496258284	0.004344919786096257	0.9808547396196755	0.9834072496258284	0.9808547396196755
stim_down_FE	reg_vmPFC_mOFC	targeted_regulatory_value	reg_success_z_down	33	0.36366202276009074	0.03749257330257682	0.38335561497326204	0.027650990012286478	0.5998811728412291	0.4838961269854162
stim_down_FE	reg_vmPFC_mOFC	targeted_regulatory_value	success_asymmetry_z_up_minus_down	33	-0.280627532419641	0.11367272705833115	-0.3552807486631016	0.04246114129083662	0.6252336109853422	0.4941033399529385
stim_down_FE	reg_vmPFC_mOFC	targeted_regulatory_value	task_separation_rating_z_up_minus_down	33	0.2092210366432159	0.24259358476164034	0.1661096256684492	0.35555163444125915	0.7066741691479294	0.7551575784073391
stim_down_FE	reg_vmPFC_mOFC	targeted_regulatory_value	passive_sensory_slope_z	33	-0.2648920039367481	0.13628360955454596	-0.1607620320855615	0.3714655888832621	0.6252336109853422	0.7551575784073391
stim_down_FE	reg_vmPFC_mOFC	targeted_regulatory_value	passive_withinrun_slope_z	33	0.14999843485654785	0.4047434510070819	0.18549465240641713	0.30136897535144624	0.7762001138075436	0.7551575784073391
stim_down_FE	reg_vmPFC_mOFC	targeted_regulatory_value	passive_acrossrun_slope_z	33	0.027931741963781967	0.8773742785544542	0.12600267379679145	0.48473134590697164	0.9640721874364541	0.76285588864048
stim_down_FE	sensory_S1_L	targeted_sensory	mean_reg_success_z	33	0.2837218614275175	0.10957824083492725	0.36564171122994654	0.03639049841925177	0.6955808869705304	0.6244993941951803
stim_down_FE	sensory_S1_L	targeted_sensory	reg_success_z_up	33	0.03835853934620294	0.832158223191827	0.15608288770053477	0.3857288235217897	0.9471931465324486	0.9564937092541679
stim_down_FE	sensory_S1_L	targeted_sensory	reg_success_z_down	33	0.4205768217401559	0.014805389678744786	0.3703208556149733	0.03388972198023421	0.6955808869705304	0.6244993941951803
stim_down_FE	sensory_S1_L	targeted_sensory	success_asymmetry_z_up_minus_down	33	-0.2890437307586839	0.1027968080049368	-0.26704545454545453	0.133008309055652	0.6955808869705304	0.9564937092541679
stim_down_FE	sensory_S1_L	targeted_sensory	task_separation_rating_z_up_minus_down	33	0.2828955711938391	0.11066059565440257	0.3068181818181818	0.08243261551187084	0.6955808869705304	0.7254070165044634
stim_down_FE	sensory_S1_L	targeted_sensory	passive_sensory_slope_z	33	-0.012220885601164484	0.9461843740337329	0.1587566844919786	0.3775398845682104	0.9570600564938907	0.9564937092541679
stim_down_FE	sensory_S1_L	targeted_sensory	passive_withinrun_slope_z	33	0.2503155430202307	0.16002384129551797	0.07553475935828878	0.6761073250302029	0.8283587078826813	0.9564937092541679
stim_down_FE	sensory_S1_L	targeted_sensory	passive_acrossrun_slope_z	33	-0.11040233931441869	0.5407803943975487	-0.11831550802139038	0.511969983443831	0.9471931465324486	0.9564937092541679
stim_down_FE	sensory_S1_R	targeted_sensory	mean_reg_success_z	33	0.13272073150135572	0.4615533015689263	0.0625	0.729696377006099	0.9471931465324486	0.9564937092541679
stim_down_FE	sensory_S1_R	targeted_sensory	reg_success_z_up	33	-0.08628413235200022	0.6330454920469292	-0.09725935828877007	0.5902672492299021	0.9471931465324486	0.9564937092541679
stim_down_FE	sensory_S1_R	targeted_sensory	reg_success_z_down	33	0.3102734726820817	0.07886296736954745	0.15073529411764705	0.4024127489932253	0.6955808869705304	0.9564937092541679
stim_down_FE	sensory_S1_R	targeted_sensory	success_asymmetry_z_up_minus_down	33	-0.3084779088978466	0.08070273260030754	-0.3452540106951872	0.0490861304203357	0.6955808869705304	0.6244993941951803
stim_down_FE	sensory_S1_R	targeted_sensory	task_separation_rating_z_up_minus_down	33	0.1115327036522392	0.5366182945918138	-0.018048128342245992	0.9205913289978269	0.9471931465324486	0.9787277439367669
stim_down_FE	sensory_S1_R	targeted_sensory	passive_sensory_slope_z	33	-0.16242911319065628	0.36646007273421793	-0.04712566844919786	0.7945378407598194	0.9471931465324486	0.9564937092541679
stim_down_FE	sensory_S1_R	targeted_sensory	passive_withinrun_slope_z	33	0.08924642218386467	0.6213760798265904	-0.007352941176470589	0.9676058377556672	0.9471931465324486	0.9787277439367669
stim_down_FE	sensory_S1_R	targeted_sensory	passive_acrossrun_slope_z	33	0.024907362480622815	0.8905675873438671	0.01771390374331551	0.9220573619772838	0.9538918456796868	0.9787277439367669
stim_down_FE	sensory_S2_operculum_L	targeted_sensory	mean_reg_success_z	33	0.3781174562294235	0.03003418195273377	0.3375668449197861	0.05470352555861253	0.6955808869705304	0.6244993941951803
stim_down_FE	sensory_S2_operculum_L	targeted_sensory	reg_success_z_up	33	0.28830107353026097	0.10372360521244126	0.2697192513368984	0.12902264915368578	0.6955808869705304	0.9564937092541679
stim_down_FE	sensory_S2_operculum_L	targeted_sensory	reg_success_z_down	33	0.3021465403229727	0.0874552672215363	0.22426470588235295	0.20959388115596983	0.6955808869705304	0.9564937092541679
stim_down_FE	sensory_S2_operculum_L	targeted_sensory	success_asymmetry_z_up_minus_down	33	0.009077992964503413	0.9600114166064356	0.009358288770053477	0.9587777421568817	0.9600114166064356	0.9787277439367669
stim_down_FE	sensory_S2_operculum_L	targeted_sensory	task_separation_rating_z_up_minus_down	33	0.3869745012366375	0.026096832783320447	0.33489304812834225	0.05677267219956184	0.6955808869705304	0.6244993941951803
stim_down_FE	sensory_S2_operculum_L	targeted_sensory	passive_sensory_slope_z	33	-0.08678608336245654	0.6310619248516081	-0.11831550802139038	0.511969983443831	0.9471931465324486	0.9564937092541679
stim_down_FE	sensory_S2_operculum_L	targeted_sensory	passive_withinrun_slope_z	33	0.11203319186842879	0.5347803598769076	-0.07486631016042782	0.6788204790669589	0.9471931465324486	0.9564937092541679
stim_down_FE	sensory_S2_operculum_L	targeted_sensory	passive_acrossrun_slope_z	33	0.018763150581272963	0.9174558438227577	-0.04044117647058824	0.8231850219656422	0.9538918456796868	0.9564937092541679
stim_down_FE	sensory_S2_operculum_R	targeted_sensory	mean_reg_success_z	33	0.08267359876669332	0.6473865849696495	0.09258021390374332	0.608350760958039	0.9471931465324486	0.9564937092541679
stim_down_FE	sensory_S2_operculum_R	targeted_sensory	reg_success_z_up	33	0.05257779912863861	0.7713638203109062	0.12566844919786097	0.4858998895401718	0.9471931465324486	0.9564937092541679
stim_down_FE	sensory_S2_operculum_R	targeted_sensory	reg_success_z_down	33	0.07745456411457051	0.6683373739825637	-0.04010695187165776	0.8246236053131015	0.9471931465324486	0.9564937092541679
stim_down_FE	sensory_S2_operculum_R	targeted_sensory	success_asymmetry_z_up_minus_down	33	-0.015400265720043401	0.932212485550603	0.0645053475935829	0.7213622278574703	0.9538918456796868	0.9564937092541679
stim_down_FE	sensory_S2_operculum_R	targeted_sensory	task_separation_rating_z_up_minus_down	33	0.034157477902420665	0.850321120182539	0.06517379679144385	0.7185910989104528	0.9471931465324486	0.9564937092541679
stim_down_FE	sensory_S2_operculum_R	targeted_sensory	passive_sensory_slope_z	33	0.12371919751095159	0.49274378383594347	0.09491978609625669	0.5992796260006483	0.9471931465324486	0.9564937092541679
stim_down_FE	sensory_S2_operculum_R	targeted_sensory	passive_withinrun_slope_z	33	0.044105399824043864	0.8074513214914848	0.0106951871657754	0.9528949503889094	0.9471931465324486	0.9787277439367669
stim_down_FE	sensory_S2_operculum_R	targeted_sensory	passive_acrossrun_slope_z	33	-0.0381995331325744	0.8328441837793842	0.07854278074866311	0.663947968738732	0.9471931465324486	0.9564937092541679
stim_down_FE	sensory_dACC_MCC	targeted_sensory	mean_reg_success_z	33	-0.06667601040542488	0.7123763781734318	-0.10360962566844921	0.566109748438977	0.9471931465324486	0.9564937092541679
stim_down_FE	sensory_dACC_MCC	targeted_sensory	reg_success_z_up	33	-0.15477541141479345	0.38977043043204074	-0.13469251336898397	0.4548640229918324	0.9471931465324486	0.9564937092541679
stim_down_FE	sensory_dACC_MCC	targeted_sensory	reg_success_z_down	33	0.05993828646233401	0.7403869616702948	-0.04512032085561497	0.8031061703437151	0.9471931465324486	0.9564937092541679
stim_down_FE	sensory_dACC_MCC	targeted_sensory	success_asymmetry_z_up_minus_down	33	-0.17438581819631702	0.3317436144366648	-0.1266711229946524	0.48239860854170424	0.9471931465324486	0.9564937092541679
stim_down_FE	sensory_dACC_MCC	targeted_sensory	task_separation_rating_z_up_minus_down	33	-0.11495265722011243	0.5241198073173037	-0.18750000000000003	0.2960798714764273	0.9471931465324486	0.9564937092541679
stim_down_FE	sensory_dACC_MCC	targeted_sensory	passive_sensory_slope_z	33	-0.10714991546762782	0.5528409497090436	-0.12466577540106953	0.48941419410196607	0.9471931465324486	0.9564937092541679
stim_down_FE	sensory_dACC_MCC	targeted_sensory	passive_withinrun_slope_z	33	-0.09220079577689219	0.6098273270556058	-0.01570855614973262	0.9308586828074159	0.9471931465324486	0.9787277439367669
stim_down_FE	sensory_dACC_MCC	targeted_sensory	passive_acrossrun_slope_z	33	-0.1790218559569961	0.31884622309007427	-0.04812834224598931	0.7902624305760928	0.9471931465324486	0.9564937092541679
stim_down_FE	sensory_insula_all_L	targeted_sensory	mean_reg_success_z	33	-0.22485500313492598	0.20836545142655333	-0.2165775401069519	0.22604742780194953	0.9471931465324486	0.9564937092541679
stim_down_FE	sensory_insula_all_L	targeted_sensory	reg_success_z_up	33	-0.20120142222781318	0.2615320659855816	-0.19418449197860962	0.27887878695136586	0.9471931465324486	0.9564937092541679
stim_down_FE	sensory_insula_all_L	targeted_sensory	reg_success_z_down	33	-0.14726286823502366	0.4134629561894821	-0.1504010695187166	0.40346895918794123	0.9471931465324486	0.9564937092541679
stim_down_FE	sensory_insula_all_L	targeted_sensory	success_asymmetry_z_up_minus_down	33	-0.054867169307600015	0.7616892484008443	-0.0661764705882353	0.7144410036926252	0.9471931465324486	0.9564937092541679
stim_down_FE	sensory_insula_all_L	targeted_sensory	task_separation_rating_z_up_minus_down	33	-0.2653882482637123	0.13552364957579177	-0.24030748663101606	0.17795765626557253	0.7453800726668547	0.9564937092541679
stim_down_FE	sensory_insula_all_L	targeted_sensory	passive_sensory_slope_z	33	0.19751891112597353	0.2705451388303695	0.1179812834224599	0.5131712360759381	0.9471931465324486	0.9564937092541679
stim_down_FE	sensory_insula_all_L	targeted_sensory	passive_withinrun_slope_z	33	-0.02686191346581971	0.8820376960232813	-0.018716577540106954	0.9176600372964949	0.9538918456796868	0.9787277439367669
stim_down_FE	sensory_insula_all_L	targeted_sensory	passive_acrossrun_slope_z	33	-0.0822396384509122	0.6491188212412752	-0.03208556149732621	0.8593073405151728	0.9471931465324486	0.9694749482735283
stim_down_FE	sensory_insula_all_R	targeted_sensory	mean_reg_success_z	33	-0.33677701857108033	0.05530842019970748	-0.3252005347593583	0.06479680260966611	0.6955808869705304	0.6335687366278464
stim_down_FE	sensory_insula_all_R	targeted_sensory	reg_success_z_up	33	-0.3463789344652666	0.04830417286016388	-0.42580213903743314	0.01348832329622385	0.6955808869705304	0.6244993941951803
stim_down_FE	sensory_insula_all_R	targeted_sensory	reg_success_z_down	33	-0.1715135134655143	0.33989277748887015	-0.2058823529411765	0.2503633426974544	0.9471931465324486	0.9564937092541679
stim_down_FE	sensory_insula_all_R	targeted_sensory	success_asymmetry_z_up_minus_down	33	-0.15703363940571996	0.38280525115158043	-0.2306149732620321	0.19663870569576514	0.9471931465324486	0.9564937092541679
stim_down_FE	sensory_insula_all_R	targeted_sensory	task_separation_rating_z_up_minus_down	33	-0.31844636088137557	0.07089544524139821	-0.3482620320855615	0.04701747765093277	0.6955808869705304	0.6244993941951803
stim_down_FE	sensory_insula_all_R	targeted_sensory	passive_sensory_slope_z	33	-0.044716277158797675	0.804835305140757	-0.1413770053475936	0.4325779915405583	0.9471931465324486	0.9564937092541679
stim_down_FE	sensory_insula_all_R	targeted_sensory	passive_withinrun_slope_z	33	-0.08625051903757022	0.6331784121336282	-0.18549465240641713	0.30136897535144624	0.9471931465324486	0.9564937092541679
stim_down_FE	sensory_insula_all_R	targeted_sensory	passive_acrossrun_slope_z	33	-0.11990265766840363	0.5062846333982697	-0.054144385026737976	0.7647398908495782	0.9471931465324486	0.9564937092541679
stim_down_FE	sensory_posterior_insula_L	targeted_sensory	mean_reg_success_z	33	-0.049217285543702104	0.7856259587912849	-0.05447860962566846	0.7633288007476038	0.9471931465324486	0.9564937092541679
stim_down_FE	sensory_posterior_insula_L	targeted_sensory	reg_success_z_up	33	0.05589028246855436	0.7573770360062406	-0.021056149732620322	0.9074091398127873	0.9471931465324486	0.9787277439367669
stim_down_FE	sensory_posterior_insula_L	targeted_sensory	reg_success_z_down	33	-0.14108643279572017	0.4335340759302485	-0.06818181818181819	0.7061649594759432	0.9471931465324486	0.9564937092541679
stim_down_FE	sensory_posterior_insula_L	targeted_sensory	success_asymmetry_z_up_minus_down	33	0.15411395913340561	0.39182436823396566	0.13636363636363638	0.4492356356420384	0.9471931465324486	0.9564937092541679
stim_down_FE	sensory_posterior_insula_L	targeted_sensory	task_separation_rating_z_up_minus_down	33	-0.11002878379533733	0.5421592218975612	-0.1109625668449198	0.5387156719824292	0.9471931465324486	0.9564937092541679
stim_down_FE	sensory_posterior_insula_L	targeted_sensory	passive_sensory_slope_z	33	0.35161104897409273	0.04479694530288626	0.205548128342246	0.2511501380265316	0.6955808869705304	0.9564937092541679
stim_down_FE	sensory_posterior_insula_L	targeted_sensory	passive_withinrun_slope_z	33	0.021436029261622046	0.9057460268446244	-0.007352941176470589	0.9676058377556672	0.9538918456796868	0.9787277439367669
stim_down_FE	sensory_posterior_insula_L	targeted_sensory	passive_acrossrun_slope_z	33	0.09953757420968962	0.5815487223039888	0.14772727272727273	0.4119752829385066	0.9471931465324486	0.9564937092541679
stim_down_FE	sensory_posterior_insula_R	targeted_sensory	mean_reg_success_z	33	-0.16792591010972746	0.3502410283462889	-0.19752673796791445	0.2705257703839178	0.9471931465324486	0.9564937092541679
stim_down_FE	sensory_posterior_insula_R	targeted_sensory	reg_success_z_up	33	-0.08732940809381631	0.628917704685121	-0.17914438502673796	0.3185096413213883	0.9471931465324486	0.9564937092541679
stim_down_FE	sensory_posterior_insula_R	targeted_sensory	reg_success_z_down	33	-0.17852934345016752	0.32020136454584597	-0.24331550802139038	0.17242440870677642	0.9471931465324486	0.9564937092541679
stim_down_FE	sensory_posterior_insula_R	targeted_sensory	success_asymmetry_z_up_minus_down	33	0.06364137730154432	0.7249490645244817	0.054144385026737976	0.7647398908495782	0.9471931465324486	0.9564937092541679
stim_down_FE	sensory_posterior_insula_R	targeted_sensory	task_separation_rating_z_up_minus_down	33	-0.15091325756404175	0.40185099596801044	-0.21791443850267384	0.2231248178773673	0.9471931465324486	0.9564937092541679
stim_down_FE	sensory_posterior_insula_R	targeted_sensory	passive_sensory_slope_z	33	0.07330211623436539	0.6851847851663385	0.03977272727272728	0.8260627489013268	0.9471931465324486	0.9564937092541679
stim_down_FE	sensory_posterior_insula_R	targeted_sensory	passive_withinrun_slope_z	33	-0.1694919127335344	0.34570084056748485	-0.33890374331550804	0.053691612158174196	0.9471931465324486	0.6244993941951803
stim_down_FE	sensory_posterior_insula_R	targeted_sensory	passive_acrossrun_slope_z	33	-0.17379936353958497	0.3333976404639555	-0.04679144385026738	0.7959642889922955	0.9471931465324486	0.9564937092541679
stim_down_FE	sensory_thalamus_L	targeted_sensory	mean_reg_success_z	33	0.11223727275998761	0.5340317844141745	0.1768048128342246	0.32497454582472607	0.9471931465324486	0.9564937092541679
stim_down_FE	sensory_thalamus_L	targeted_sensory	reg_success_z_up	33	0.09380673548987986	0.6035879548227799	0.08890374331550803	0.6227214514660669	0.9471931465324486	0.9564937092541679
stim_down_FE	sensory_thalamus_L	targeted_sensory	reg_success_z_down	33	0.08072203786619525	0.6551907665379724	0.15608288770053477	0.3857288235217897	0.9471931465324486	0.9564937092541679
stim_down_FE	sensory_thalamus_L	targeted_sensory	success_asymmetry_z_up_minus_down	33	0.016375856131657467	0.9279290094930347	-0.04846256684491979	0.7888386198299027	0.9538918456796868	0.9564937092541679
stim_down_FE	sensory_thalamus_L	targeted_sensory	task_separation_rating_z_up_minus_down	33	0.07732942080448191	0.668842844390324	0.15975935828877008	0.37449549759185863	0.9471931465324486	0.9564937092541679
stim_down_FE	sensory_thalamus_L	targeted_sensory	passive_sensory_slope_z	33	-0.10229340954102029	0.571079613552739	-0.11163101604278076	0.5362570253519456	0.9471931465324486	0.9564937092541679
stim_down_FE	sensory_thalamus_L	targeted_sensory	passive_withinrun_slope_z	33	0.034399400485685655	0.8492730465210004	0.06016042780748663	0.73945799530583	0.9471931465324486	0.9564937092541679
stim_down_FE	sensory_thalamus_L	targeted_sensory	passive_acrossrun_slope_z	33	-0.2763861268447768	0.11946972914684331	-0.17814171122994654	0.3212704427573754	0.7008890776614808	0.9564937092541679
stim_down_FE	sensory_thalamus_R	targeted_sensory	mean_reg_success_z	33	-0.06873398350590448	0.7038919214430609	-0.052807486631016046	0.7703916380336323	0.9471931465324486	0.9564937092541679
stim_down_FE	sensory_thalamus_R	targeted_sensory	reg_success_z_up	33	-0.01990958461138556	0.9124311157068317	-0.05080213903743316	0.7788909524183301	0.9538918456796868	0.9564937092541679
stim_down_FE	sensory_thalamus_R	targeted_sensory	reg_success_z_down	33	-0.09032335103645649	0.6171558548048003	-0.10828877005347595	0.5486036459003207	0.9471931465324486	0.9564937092541679
stim_down_FE	sensory_thalamus_R	targeted_sensory	success_asymmetry_z_up_minus_down	33	0.052373740505481214	0.7722278115116585	0.05113636363636364	0.7774726241623274	0.9471931465324486	0.9564937092541679
stim_down_FE	sensory_thalamus_R	targeted_sensory	task_separation_rating_z_up_minus_down	33	-0.06288793597156364	0.7280817258115955	-0.0357620320855615	0.8433745394626119	0.9471931465324486	0.9638566165286993
stim_down_FE	sensory_thalamus_R	targeted_sensory	passive_sensory_slope_z	33	-0.14816015513925385	0.4105913093976998	-0.15140374331550802	0.4003050633718558	0.9471931465324486	0.9564937092541679
stim_down_FE	sensory_thalamus_R	targeted_sensory	passive_withinrun_slope_z	33	-0.03817088434138072	0.8329677889469531	-0.0006684491978609625	0.997054312927772	0.9471931465324486	0.997054312927772
stim_down_FE	sensory_thalamus_R	targeted_sensory	passive_acrossrun_slope_z	33	-0.2094466852280582	0.2420743396889212	-0.13970588235294118	0.4380924011633607	0.9471931465324486	0.9564937092541679
stim_down_temp_FE	expl_amygdala_L	exploratory_context	mean_reg_success_z	33	0.11655238268375018	0.5183226045571612	0.11430481283422461	0.5264764662429087	0.8295939871553077	0.9646626688942839
stim_down_temp_FE	expl_amygdala_L	exploratory_context	reg_success_z_up	33	0.06603229348818063	0.7150372660245835	0.04512032085561497	0.8031061703437151	0.945077559480789	0.9646626688942839
stim_down_temp_FE	expl_amygdala_L	exploratory_context	reg_success_z_down	33	0.1180084554487413	0.5130735237088664	0.03776737967914439	0.8347091249286811	0.8295939871553077	0.9646626688942839
stim_down_temp_FE	expl_amygdala_L	exploratory_context	success_asymmetry_z_up_minus_down	33	-0.03516215320315284	0.8459702625069107	-0.0945855614973262	0.60057193049074	0.945077559480789	0.9646626688942839
stim_down_temp_FE	expl_amygdala_L	exploratory_context	task_separation_rating_z_up_minus_down	33	0.1426465673053408	0.4284143309113638	0.11163101604278076	0.5362570253519456	0.8295939871553077	0.9646626688942839
stim_down_temp_FE	expl_amygdala_L	exploratory_context	passive_sensory_slope_z	33	-0.035658581459806146	0.8438220638323581	-0.05514705882352942	0.7605088661288665	0.945077559480789	0.9646626688942839
stim_down_temp_FE	expl_amygdala_L	exploratory_context	passive_withinrun_slope_z	33	0.33577556724804514	0.05608299353790657	0.27840909090909094	0.11667795764270027	0.5608299353790657	0.7110739058072427
stim_down_temp_FE	expl_amygdala_L	exploratory_context	passive_acrossrun_slope_z	33	0.11650434082677642	0.5184962419720673	0.057152406417112306	0.7520673293676933	0.8295939871553077	0.9646626688942839
stim_down_temp_FE	expl_amygdala_R	exploratory_context	mean_reg_success_z	33	-0.12402806207196404	0.49165608522144794	-0.12733957219251338	0.48007168541307754	0.8295939871553077	0.9646626688942839
stim_down_temp_FE	expl_amygdala_R	exploratory_context	reg_success_z_up	33	-0.35356305146665373	0.043541979818163434	-0.31918449197860965	0.07020796340945766	0.5608299353790657	0.5741752829291734
stim_down_temp_FE	expl_amygdala_R	exploratory_context	reg_success_z_down	33	0.18301318654688134	0.3079960941900172	0.13870320855614976	0.44141940138798075	0.8295939871553077	0.9646626688942839
stim_down_temp_FE	expl_amygdala_R	exploratory_context	success_asymmetry_z_up_minus_down	33	-0.43353183291095004	0.011721279522659682	-0.34358288770053474	0.0502663671994735	0.4688511809063873	0.5741752829291734
stim_down_temp_FE	expl_amygdala_R	exploratory_context	task_separation_rating_z_up_minus_down	33	-0.13409750764804637	0.45687709374194746	-0.1657754010695187	0.3565341011029075	0.8295939871553077	0.9646626688942839
stim_down_temp_FE	expl_amygdala_R	exploratory_context	passive_sensory_slope_z	33	-0.2276541925427531	0.20260780499445896	-0.18516042780748665	0.302256270273499	0.6753593499815299	0.9646626688942839
stim_down_temp_FE	expl_amygdala_R	exploratory_context	passive_withinrun_slope_z	33	0.10010192522089571	0.5793978840815909	-0.008355614973262033	0.9631912536997345	0.8371834477553193	0.9646626688942839
stim_down_temp_FE	expl_amygdala_R	exploratory_context	passive_acrossrun_slope_z	33	-0.13025718829237914	0.46998373209276945	-0.08990641711229946	0.6187883027440202	0.8295939871553077	0.9646626688942839
stim_down_temp_FE	expl_hippocampus_L	exploratory_context	mean_reg_success_z	33	-0.021189464180801615	0.9068254447071585	-0.080548128342246	0.6558879769223642	0.9545530996917458	0.9646626688942839
stim_down_temp_FE	expl_hippocampus_L	exploratory_context	reg_success_z_up	33	-0.14450791024365023	0.42235013196780774	-0.2570187165775401	0.14876260895759377	0.8295939871553077	0.7110739058072427
stim_down_temp_FE	expl_hippocampus_L	exploratory_context	reg_success_z_down	33	0.12288004069052635	0.49570514072428373	0.04010695187165776	0.8246236053131015	0.8295939871553077	0.9646626688942839
stim_down_temp_FE	expl_hippocampus_L	exploratory_context	success_asymmetry_z_up_minus_down	33	-0.21388011378158506	0.23202308944587816	-0.36062834224598933	0.03923362649089259	0.7139171982950097	0.5741752829291734
stim_down_temp_FE	expl_hippocampus_L	exploratory_context	task_separation_rating_z_up_minus_down	33	-0.00719355981259286	0.9683076541843608	-0.07018716577540107	0.6979218181866196	0.9931360555737034	0.9646626688942839
stim_down_temp_FE	expl_hippocampus_L	exploratory_context	passive_sensory_slope_z	33	-0.3119414601061796	0.07718313241526478	-0.23529411764705885	0.18745684547276387	0.6174650593221183	0.7498273818910555
stim_down_temp_FE	expl_hippocampus_L	exploratory_context	passive_withinrun_slope_z	33	0.24860219467568567	0.1629980045390916	0.3275401069518717	0.0627830326827784	0.6605152827695924	0.5741752829291734
stim_down_temp_FE	expl_hippocampus_L	exploratory_context	passive_acrossrun_slope_z	33	0.14266269160434894	0.428361592572392	0.08322192513368984	0.6452004292298033	0.8295939871553077	0.9646626688942839
stim_down_temp_FE	expl_hippocampus_R	exploratory_context	mean_reg_success_z	33	-0.0008614657779279222	0.9962037429449155	-0.008021390374331552	0.9646626688942839	0.9962037429449155	0.9646626688942839
stim_down_temp_FE	expl_hippocampus_R	exploratory_context	reg_success_z_up	33	-0.2283987027501811	0.20109516004298203	-0.22459893048128346	0.20889773707277667	0.6753593499815299	0.7596281348100969
stim_down_temp_FE	expl_hippocampus_R	exploratory_context	reg_success_z_down	33	0.24738841348880328	0.1651288206923981	0.17780748663101606	0.322194001265344	0.6605152827695924	0.9646626688942839
stim_down_temp_FE	expl_hippocampus_R	exploratory_context	success_asymmetry_z_up_minus_down	33	-0.3786179144152945	0.029799479231410762	-0.3175133689839572	0.07177191036614668	0.5608299353790657	0.5741752829291734
stim_down_temp_FE	expl_hippocampus_R	exploratory_context	task_separation_rating_z_up_minus_down	33	0.026243365118101207	0.8847357534206609	0.012366310160427808	0.945544926243306	0.9545530996917458	0.9646626688942839
stim_down_temp_FE	expl_hippocampus_R	exploratory_context	passive_sensory_slope_z	33	-0.28253813150380935	0.11113128321539577	-0.25835561497326204	0.14658724141188167	0.6350359040879758	0.7110739058072427
stim_down_temp_FE	expl_hippocampus_R	exploratory_context	passive_withinrun_slope_z	33	0.28728651361992	0.10499990550527587	0.2503342245989305	0.15999162880662962	0.6350359040879758	0.7110739058072427
stim_down_temp_FE	expl_hippocampus_R	exploratory_context	passive_acrossrun_slope_z	33	0.09293845518406273	0.6069579996226064	0.017379679144385027	0.9235236467638146	0.8371834477553193	0.9646626688942839
stim_down_temp_FE	expl_hypothalamus	exploratory_context	mean_reg_success_z	33	-0.0416057475250023	0.8181768677456134	-0.026737967914438505	0.88257823313894	0.945077559480789	0.9646626688942839
stim_down_temp_FE	expl_hypothalamus	exploratory_context	reg_success_z_up	33	-0.09354894302196289	0.6045876866160911	-0.07419786096256685	0.6815375957464214	0.8371834477553193	0.9646626688942839
stim_down_temp_FE	expl_hypothalamus	exploratory_context	reg_success_z_down	33	0.03410008386979163	0.8505698035327101	-0.04077540106951872	0.821747003322018	0.945077559480789	0.9646626688942839
stim_down_temp_FE	expl_hypothalamus	exploratory_context	success_asymmetry_z_up_minus_down	33	-0.1037782740451782	0.5654743829121349	-0.0982620320855615	0.586423057886333	0.8371834477553193	0.9646626688942839
stim_down_temp_FE	expl_hypothalamus	exploratory_context	task_separation_rating_z_up_minus_down	33	-0.057016916551982905	0.7526368005886729	-0.0427807486631016	0.8131309995317153	0.945077559480789	0.9646626688942839
stim_down_temp_FE	expl_hypothalamus	exploratory_context	passive_sensory_slope_z	33	-0.03961715031864604	0.8267328402842351	-0.015374331550802138	0.9323263794090122	0.945077559480789	0.9646626688942839
stim_down_temp_FE	expl_hypothalamus	exploratory_context	passive_withinrun_slope_z	33	0.2652066059272834	0.13580145897243903	0.05882352941176471	0.7450541441461153	0.6605152827695924	0.9646626688942839
stim_down_temp_FE	expl_hypothalamus	exploratory_context	passive_acrossrun_slope_z	33	0.12284192372359926	0.4958398683269075	-0.054812834224598934	0.7619184577700732	0.8295939871553077	0.9646626688942839
stim_down_temp_FE	reg_NAc_L	targeted_regulatory_value	mean_reg_success_z	33	0.03717195040042746	0.8372801228187496	0.08355614973262032	0.6438693159436282	0.9930786044457008	0.908813495024427
stim_down_temp_FE	reg_NAc_L	targeted_regulatory_value	reg_success_z_up	33	0.2053418189583958	0.2516366269854893	0.27139037433155083	0.12657681309236102	0.9828541853402398	0.8679552897761897
stim_down_temp_FE	reg_NAc_L	targeted_regulatory_value	reg_success_z_down	33	-0.16310030448635784	0.36445612572195435	-0.1821524064171123	0.31031617781514	0.9828541853402398	0.8957577931148041
stim_down_temp_FE	reg_NAc_L	targeted_regulatory_value	success_asymmetry_z_up_minus_down	33	0.29513580460355904	0.0954288974694951	0.33288770053475936	0.05836476826788061	0.83283401427923	0.6311885438915831
stim_down_temp_FE	reg_NAc_L	targeted_regulatory_value	task_separation_rating_z_up_minus_down	33	0.05091734715324706	0.7784019715466534	0.0822192513368984	0.6492002448128057	0.9930786044457008	0.908813495024427
stim_down_temp_FE	reg_NAc_L	targeted_regulatory_value	passive_sensory_slope_z	33	0.03470922721043879	0.8479311638920732	0.0357620320855615	0.8433745394626119	0.9930786044457008	0.9704703751227541
stim_down_temp_FE	reg_NAc_L	targeted_regulatory_value	passive_withinrun_slope_z	33	-0.06791764260994755	0.7072533452415752	0.08790106951871658	0.6266648621266663	0.9930786044457008	0.908813495024427
stim_down_temp_FE	reg_NAc_L	targeted_regulatory_value	passive_acrossrun_slope_z	33	0.10576774606651627	0.5580039505619474	0.18516042780748665	0.302256270273499	0.9930786044457008	0.8957577931148041
stim_down_temp_FE	reg_NAc_R	targeted_regulatory_value	mean_reg_success_z	33	0.09897546667849949	0.5836945309635577	0.14973262032085563	0.40558610780410564	0.9930786044457008	0.9078631670482185
stim_down_temp_FE	reg_NAc_R	targeted_regulatory_value	reg_success_z_up	33	0.09416054515205326	0.6022170151229518	0.10762032085561499	0.551088877362806	0.9930786044457008	0.908813495024427
stim_down_temp_FE	reg_NAc_R	targeted_regulatory_value	reg_success_z_down	33	0.058724859824993994	0.7454676783714038	0.019719251336898398	0.9132651059631332	0.9930786044457008	0.9836334971756484
stim_down_temp_FE	reg_NAc_R	targeted_regulatory_value	success_asymmetry_z_up_minus_down	33	0.033455209572821214	0.8533649537550859	0.011697860962566845	0.9484844405922175	0.9930786044457008	0.9836334971756484
stim_down_temp_FE	reg_NAc_R	targeted_regulatory_value	task_separation_rating_z_up_minus_down	33	0.0718667955650687	0.6910434985895506	0.10427807486631017	0.5635933499586385	0.9930786044457008	0.908813495024427
stim_down_temp_FE	reg_NAc_R	targeted_regulatory_value	passive_sensory_slope_z	33	0.1787263609287262	0.3196588446919591	0.06951871657754011	0.7006658239714338	0.9828541853402398	0.9214235493322966
stim_down_temp_FE	reg_NAc_R	targeted_regulatory_value	passive_withinrun_slope_z	33	0.19029188912535602	0.28881524362983185	0.21022727272727276	0.2402838477334271	0.9828541853402398	0.8957577931148041
stim_down_temp_FE	reg_NAc_R	targeted_regulatory_value	passive_acrossrun_slope_z	33	0.06497857916492658	0.719400033020417	0.013368983957219253	0.941136987858924	0.9930786044457008	0.9836334971756484
stim_down_temp_FE	reg_PAG_sphere	targeted_regulatory_value	mean_reg_success_z	33	-0.011657886361914706	0.9486602509422964	0.018716577540106954	0.9176600372964949	0.9930786044457008	0.9836334971756484
stim_down_temp_FE	reg_PAG_sphere	targeted_regulatory_value	reg_success_z_up	33	-0.003256543534302523	0.9856499383160399	0.07419786096256685	0.6815375957464214	0.9930786044457008	0.9214235493322966
stim_down_temp_FE	reg_PAG_sphere	targeted_regulatory_value	reg_success_z_down	33	-0.015450670243154996	0.931991130178482	-0.11831550802139038	0.511969983443831	0.9930786044457008	0.908813495024427
stim_down_temp_FE	reg_PAG_sphere	targeted_regulatory_value	success_asymmetry_z_up_minus_down	33	0.009083026319613944	0.9599892623364062	0.10661764705882353	0.5548265632603793	0.9930786044457008	0.908813495024427
stim_down_temp_FE	reg_PAG_sphere	targeted_regulatory_value	task_separation_rating_z_up_minus_down	33	-0.004326579296331089	0.9809355396804037	0.03442513368983957	0.8491615782324099	0.9930786044457008	0.9704703751227541
stim_down_temp_FE	reg_PAG_sphere	targeted_regulatory_value	passive_sensory_slope_z	33	0.039865095713757945	0.825664962239822	0.21390374331550804	0.23197028416660867	0.9930786044457008	0.8957577931148041
stim_down_temp_FE	reg_PAG_sphere	targeted_regulatory_value	passive_withinrun_slope_z	33	0.14693022940114642	0.41453038720225033	0.02306149732620321	0.8986342479576831	0.9828541853402398	0.9836334971756484
stim_down_temp_FE	reg_PAG_sphere	targeted_regulatory_value	passive_acrossrun_slope_z	33	0.27730005031230626	0.11820238199841358	0.3536096256684492	0.04351238513790257	0.9456190559873087	0.6311885438915831
stim_down_temp_FE	reg_SMA_preSMA	targeted_regulatory_value	mean_reg_success_z	33	-0.19705465422725538	0.27169561399892833	-0.20020053475935828	0.2639620005574443	0.9828541853402398	0.8957577931148041
stim_down_temp_FE	reg_SMA_preSMA	targeted_regulatory_value	reg_success_z_up	33	-0.10979513263449536	0.5430224961120359	-0.15508021390374332	0.3888260585713065	0.9930786044457008	0.9078631670482185
stim_down_temp_FE	reg_SMA_preSMA	targeted_regulatory_value	reg_success_z_down	33	-0.2015266116676667	0.26074575156660595	-0.20220588235294118	0.25910828144541664	0.9828541853402398	0.8957577931148041
stim_down_temp_FE	reg_SMA_preSMA	targeted_regulatory_value	success_asymmetry_z_up_minus_down	33	0.06251630967847309	0.7296284705268586	0.08155080213903744	0.6518721495502794	0.9930786044457008	0.908813495024427
stim_down_temp_FE	reg_SMA_preSMA	targeted_regulatory_value	task_separation_rating_z_up_minus_down	33	-0.17037922072069323	0.3431442403865646	-0.17145721925133692	0.3400537012402106	0.9828541853402398	0.8957577931148041
stim_down_temp_FE	reg_SMA_preSMA	targeted_regulatory_value	passive_sensory_slope_z	33	0.0891124042930726	0.6219020967463972	0.14237967914438504	0.4292877733384498	0.9930786044457008	0.908813495024427
stim_down_temp_FE	reg_SMA_preSMA	targeted_regulatory_value	passive_withinrun_slope_z	33	0.011662730398037656	0.9486389464955424	-0.039104278074866314	0.8289426989227944	0.9930786044457008	0.9704703751227541
stim_down_temp_FE	reg_SMA_preSMA	targeted_regulatory_value	passive_acrossrun_slope_z	33	-0.1429277012790571	0.4274953303290095	-0.12633689839572193	0.48356425151950666	0.9828541853402398	0.908813495024427
stim_down_temp_FE	reg_anterior_insula_L	targeted_regulatory_value	mean_reg_success_z	33	-0.0636459657745364	0.7249299998970422	-0.04177807486631016	0.8174363801688884	0.9930786044457008	0.9704703751227541
stim_down_temp_FE	reg_anterior_insula_L	targeted_regulatory_value	reg_success_z_up	33	0.07874588872688919	0.6631299241473976	0.06016042780748663	0.73945799530583	0.9930786044457008	0.9344537944519208
stim_down_temp_FE	reg_anterior_insula_L	targeted_regulatory_value	reg_success_z_down	33	-0.1894961466078838	0.29087406397754995	-0.10728609625668449	0.552333463627276	0.9828541853402398	0.908813495024427
stim_down_temp_FE	reg_anterior_insula_L	targeted_regulatory_value	success_asymmetry_z_up_minus_down	33	0.2100512347395686	0.24068686234895906	0.0855614973262032	0.6359055472641292	0.9828541853402398	0.908813495024427
stim_down_temp_FE	reg_anterior_insula_L	targeted_regulatory_value	task_separation_rating_z_up_minus_down	33	-0.08390960072089032	0.6424628105600777	-0.0106951871657754	0.9528949503889094	0.9930786044457008	0.9836334971756484
stim_down_temp_FE	reg_anterior_insula_L	targeted_regulatory_value	passive_sensory_slope_z	33	-0.02389450943804839	0.8949925998279844	-0.05581550802139038	0.7576919536696729	0.9930786044457008	0.9344537944519208
stim_down_temp_FE	reg_anterior_insula_L	targeted_regulatory_value	passive_withinrun_slope_z	33	0.05005141710870576	0.7820792914532483	0.125	0.48824131583041164	0.9930786044457008	0.908813495024427
stim_down_temp_FE	reg_anterior_insula_L	targeted_regulatory_value	passive_acrossrun_slope_z	33	0.15572712231886143	0.3868261304209782	0.07052139037433156	0.6965512193700478	0.9828541853402398	0.9214235493322966
stim_down_temp_FE	reg_anterior_insula_R	targeted_regulatory_value	mean_reg_success_z	33	0.13851013971671242	0.44206160407448725	0.13368983957219252	0.4582590909752243	0.9828541853402398	0.908813495024427
stim_down_temp_FE	reg_anterior_insula_R	targeted_regulatory_value	reg_success_z_up	33	0.11094089764966392	0.5387954640311848	0.061831550802139035	0.7324812401851004	0.9930786044457008	0.9344537944519208
stim_down_temp_FE	reg_anterior_insula_R	targeted_regulatory_value	reg_success_z_down	33	0.10487291018146397	0.5613583924960621	0.1681149732620321	0.3496909925288374	0.9930786044457008	0.8957577931148041
stim_down_temp_FE	reg_anterior_insula_R	targeted_regulatory_value	success_asymmetry_z_up_minus_down	33	0.012189064572566854	0.9463242990072626	-0.09692513368983958	0.5915510929665697	0.9930786044457008	0.908813495024427
stim_down_temp_FE	reg_anterior_insula_R	targeted_regulatory_value	task_separation_rating_z_up_minus_down	33	0.19628132263596543	0.2736190677552345	0.14939839572192515	0.4066470435736812	0.9828541853402398	0.9078631670482185
stim_down_temp_FE	reg_anterior_insula_R	targeted_regulatory_value	passive_sensory_slope_z	33	0.14162090209099254	0.43177638333840845	0.15407754010695188	0.3919376373936643	0.9828541853402398	0.9078631670482185
stim_down_temp_FE	reg_anterior_insula_R	targeted_regulatory_value	passive_withinrun_slope_z	33	-0.03001326911417075	0.8683125549860712	-0.03810160427807487	0.8332667138980836	0.9930786044457008	0.9704703751227541
stim_down_temp_FE	reg_anterior_insula_R	targeted_regulatory_value	passive_acrossrun_slope_z	33	-0.23089747911621128	0.19607562703583623	-0.25	0.16056863389412462	0.9828541853402398	0.8957577931148041
stim_down_temp_FE	reg_caudate_L	secondary_subcortical	mean_reg_success_z	33	0.1152671541692884	0.5229776204857499	0.08255347593582889	0.6478658971996248	0.8217926853915618	0.8450948517780914
stim_down_temp_FE	reg_caudate_L	secondary_subcortical	reg_success_z_up	33	0.34340287689739407	0.0503948374257731	0.2767379679144385	0.11898063506183351	0.6869673462875248	0.8450948517780914
stim_down_temp_FE	reg_caudate_L	secondary_subcortical	reg_success_z_down	33	-0.1862228149820432	0.29944157473129435	-0.20487967914438504	0.2527286442903155	0.6869673462875248	0.8450948517780914
stim_down_temp_FE	reg_caudate_L	secondary_subcortical	success_asymmetry_z_up_minus_down	33	0.4275358684603173	0.013073679177493403	0.34090909090909094	0.052201652501716274	0.4183577336797889	0.8450948517780914
stim_down_temp_FE	reg_caudate_L	secondary_subcortical	task_separation_rating_z_up_minus_down	33	0.08238340126270866	0.6485447638356968	0.06784759358288771	0.7075420381042201	0.8217926853915618	0.8450948517780914
stim_down_temp_FE	reg_caudate_L	secondary_subcortical	passive_sensory_slope_z	33	0.1858043702906172	0.30054821400079207	0.12132352941176472	0.501221832595384	0.6869673462875248	0.8450948517780914
stim_down_temp_FE	reg_caudate_L	secondary_subcortical	passive_withinrun_slope_z	33	-0.1011975152786346	0.575232569700989	-0.15140374331550802	0.4003050633718558	0.8217926853915618	0.8450948517780914
stim_down_temp_FE	reg_caudate_L	secondary_subcortical	passive_acrossrun_slope_z	33	-0.10161801065446738	0.5736374736770723	-0.11631016042780751	0.5191983581800304	0.8217926853915618	0.8450948517780914
stim_down_temp_FE	reg_caudate_R	secondary_subcortical	mean_reg_success_z	33	0.21680160972988088	0.2255557838647489	0.12466577540106953	0.48941419410196607	0.6869673462875248	0.8450948517780914
stim_down_temp_FE	reg_caudate_R	secondary_subcortical	reg_success_z_up	33	0.3072295348657354	0.0820012354127198	0.1768048128342246	0.32497454582472607	0.6869673462875248	0.8450948517780914
stim_down_temp_FE	reg_caudate_R	secondary_subcortical	reg_success_z_down	33	0.018643556745383056	0.9179801979140197	-0.034759358288770054	0.8477140817369522	0.9382531247740775	0.904228353852749
stim_down_temp_FE	reg_caudate_R	secondary_subcortical	success_asymmetry_z_up_minus_down	33	0.2411423810517952	0.17640943383253335	0.21356951871657756	0.23271793505045704	0.6869673462875248	0.8450948517780914
stim_down_temp_FE	reg_caudate_R	secondary_subcortical	task_separation_rating_z_up_minus_down	33	0.2027569457882758	0.25778485761603986	0.09191176470588236	0.6109531521101034	0.6869673462875248	0.8450948517780914
stim_down_temp_FE	reg_caudate_R	secondary_subcortical	passive_sensory_slope_z	33	0.30220147760561533	0.08739486948109967	0.18783422459893048	0.2952041325210402	0.6869673462875248	0.8450948517780914
stim_down_temp_FE	reg_caudate_R	secondary_subcortical	passive_withinrun_slope_z	33	0.15357240151606869	0.3935106480042191	0.1303475935828877	0.46967293613710237	0.742019908695951	0.8450948517780914
stim_down_temp_FE	reg_caudate_R	secondary_subcortical	passive_acrossrun_slope_z	33	-0.038155063703036035	0.8330360487505621	-0.007687165775401069	0.9661341984993728	0.9192121917247582	0.9690775819028417
stim_down_temp_FE	reg_dlPFC_IFJ_L	targeted_regulatory_value	mean_reg_success_z	33	-0.37393740917524443	0.03205408093176907	-0.36463903743315507	0.03694535215454358	0.3577250471585313	0.6311885438915831
stim_down_temp_FE	reg_dlPFC_IFJ_L	targeted_regulatory_value	reg_success_z_up	33	-0.164904868032166	0.3591006923277401	-0.17212566844919788	0.33814585655326235	0.9828541853402398	0.8957577931148041
stim_down_temp_FE	reg_dlPFC_IFJ_L	targeted_regulatory_value	reg_success_z_down	33	-0.429748804693236	0.01256003563875102	-0.393048128342246	0.023650099251070898	0.3577250471585313	0.6311885438915831
stim_down_temp_FE	reg_dlPFC_IFJ_L	targeted_regulatory_value	success_asymmetry_z_up_minus_down	33	0.19085747267934722	0.2873576024921542	0.16644385026737968	0.35457079310794326	0.9828541853402398	0.8957577931148041
stim_down_temp_FE	reg_dlPFC_IFJ_L	targeted_regulatory_value	task_separation_rating_z_up_minus_down	33	-0.37244020061268085	0.032803936338141326	-0.34893048128342247	0.046567381629945274	0.3577250471585313	0.6311885438915831
stim_down_temp_FE	reg_dlPFC_IFJ_L	targeted_regulatory_value	passive_sensory_slope_z	33	0.24296632801285986	0.1730603714689327	0.18549465240641713	0.30136897535144624	0.9828541853402398	0.8957577931148041
stim_down_temp_FE	reg_dlPFC_IFJ_L	targeted_regulatory_value	passive_withinrun_slope_z	33	-0.19350334697722135	0.280601352164961	-0.1821524064171123	0.31031617781514	0.9828541853402398	0.8957577931148041
stim_down_temp_FE	reg_dlPFC_IFJ_L	targeted_regulatory_value	passive_acrossrun_slope_z	33	-0.12049970491577991	0.5041541456648919	-0.2396390374331551	0.17920413532345603	0.9930786044457008	0.8957577931148041
stim_down_temp_FE	reg_dlPFC_IFJ_R	targeted_regulatory_value	mean_reg_success_z	33	-0.22312413601533632	0.21198154841071232	-0.10795454545454546	0.5498456038599482	0.9828541853402398	0.908813495024427
stim_down_temp_FE	reg_dlPFC_IFJ_R	targeted_regulatory_value	reg_success_z_up	33	-0.13599474379139342	0.4504748349476099	-0.054812834224598934	0.7619184577700732	0.9828541853402398	0.9344537944519208
stim_down_temp_FE	reg_dlPFC_IFJ_R	targeted_regulatory_value	reg_success_z_down	33	-0.21547114506459072	0.2284856869163286	-0.11764705882352942	0.5143738825813196	0.9828541853402398	0.908813495024427
stim_down_temp_FE	reg_dlPFC_IFJ_R	targeted_regulatory_value	success_asymmetry_z_up_minus_down	33	0.05137982110486757	0.7764399221047001	0.11029411764705883	0.5411796789505693	0.9930786044457008	0.908813495024427
stim_down_temp_FE	reg_dlPFC_IFJ_R	targeted_regulatory_value	task_separation_rating_z_up_minus_down	33	-0.21126927550112864	0.23790758503156315	-0.13770053475935828	0.44476011125125836	0.9828541853402398	0.908813495024427
stim_down_temp_FE	reg_dlPFC_IFJ_R	targeted_regulatory_value	passive_sensory_slope_z	33	0.10576879383934042	0.5580000282496991	0.12800802139037434	0.47775059360152305	0.9930786044457008	0.908813495024427
stim_down_temp_FE	reg_dlPFC_IFJ_R	targeted_regulatory_value	passive_withinrun_slope_z	33	-0.15726485978885357	0.38209620246391596	-0.19585561497326204	0.2746816672977247	0.9828541853402398	0.8957577931148041
stim_down_temp_FE	reg_dlPFC_IFJ_R	targeted_regulatory_value	passive_acrossrun_slope_z	33	-0.39013388502924623	0.024799364787192513	-0.38268716577540113	0.027946195288041115	0.3577250471585313	0.6311885438915831
stim_down_temp_FE	reg_mOFC	targeted_regulatory_value	mean_reg_success_z	33	-0.02168217096728836	0.9046686275278355	-0.017379679144385027	0.9235236467638146	0.9930786044457008	0.9836334971756484
stim_down_temp_FE	reg_mOFC	targeted_regulatory_value	reg_success_z_up	33	-0.01794957183258012	0.9210236079246248	-0.008021390374331552	0.9646626688942839	0.9930786044457008	0.9851874065303325
stim_down_temp_FE	reg_mOFC	targeted_regulatory_value	reg_success_z_down	33	-0.015781540124822212	0.9305382143254862	-0.10093582887700536	0.5762262489294739	0.9930786044457008	0.908813495024427
stim_down_temp_FE	reg_mOFC	targeted_regulatory_value	success_asymmetry_z_up_minus_down	33	-0.0028773164315317183	0.9873208719467548	-0.031751336898395724	0.8607585785241871	0.9930786044457008	0.972150865156729
stim_down_temp_FE	reg_mOFC	targeted_regulatory_value	task_separation_rating_z_up_minus_down	33	0.03690032629610105	0.8384535162950316	0.058489304812834236	0.746455195029992	0.9930786044457008	0.9344537944519208
stim_down_temp_FE	reg_mOFC	targeted_regulatory_value	passive_sensory_slope_z	33	-0.37816460287207	0.030012007106099997	-0.3008021390374332	0.08894329301883587	0.3577250471585313	0.711546344150687
stim_down_temp_FE	reg_mOFC	targeted_regulatory_value	passive_withinrun_slope_z	33	0.30873054853291454	0.08044188986250536	0.30715240641711233	0.08208198608208586	0.7722421426800514	0.711546344150687
stim_down_temp_FE	reg_mOFC	targeted_regulatory_value	passive_acrossrun_slope_z	33	0.13980239524438295	0.4377728840482337	0.14204545454545453	0.43038297329925623	0.9828541853402398	0.908813495024427
stim_down_temp_FE	reg_pgACC_rACC	targeted_regulatory_value	mean_reg_success_z	33	-0.0025644768016056564	0.9886993321479803	0.003008021390374332	0.986744959233409	0.9930786044457008	0.986744959233409
stim_down_temp_FE	reg_pgACC_rACC	targeted_regulatory_value	reg_success_z_up	33	-0.0496584630213423	0.783749572033441	-0.004344919786096257	0.9808547396196755	0.9930786044457008	0.986744959233409
stim_down_temp_FE	reg_pgACC_rACC	targeted_regulatory_value	reg_success_z_down	33	0.04991329941739894	0.7826662625137839	-0.05314171122994653	0.7689776016843931	0.9930786044457008	0.9344537944519208
stim_down_temp_FE	reg_pgACC_rACC	targeted_regulatory_value	success_asymmetry_z_up_minus_down	33	-0.0793630933044352	0.6606463958029906	-0.08489304812834225	0.6385557495125169	0.9930786044457008	0.908813495024427
stim_down_temp_FE	reg_pgACC_rACC	targeted_regulatory_value	task_separation_rating_z_up_minus_down	33	0.00998407785010929	0.9560237804752256	-0.016377005347593582	0.9279239648353177	0.9930786044457008	0.9836334971756484
stim_down_temp_FE	reg_pgACC_rACC	targeted_regulatory_value	passive_sensory_slope_z	33	-0.16676610697556107	0.3536266134527131	-0.188168449197861	0.2943300446735416	0.9828541853402398	0.8957577931148041
stim_down_temp_FE	reg_pgACC_rACC	targeted_regulatory_value	passive_withinrun_slope_z	33	0.10246088999732378	0.5704461337886028	0.06985294117647059	0.699293354344076	0.9930786044457008	0.9214235493322966
stim_down_temp_FE	reg_pgACC_rACC	targeted_regulatory_value	passive_acrossrun_slope_z	33	0.26196446788012984	0.14083064294753492	0.16143048128342247	0.3694537061719527	0.9828541853402398	0.9078631670482185
stim_down_temp_FE	reg_putamen_L	secondary_subcortical	mean_reg_success_z	33	0.09656752200541217	0.5929261214668891	-0.049799465240641716	0.7831501222160653	0.8217926853915618	0.8641656521004858
stim_down_temp_FE	reg_putamen_L	secondary_subcortical	reg_success_z_up	33	0.16389521643666813	0.36209123191583054	0.16844919786096257	0.34871991870164487	0.742019908695951	0.8450948517780914
stim_down_temp_FE	reg_putamen_L	secondary_subcortical	reg_success_z_down	33	-0.021160424604597747	0.9069525855896725	-0.2767379679144385	0.11898063506183351	0.9382531247740775	0.8450948517780914
stim_down_temp_FE	reg_putamen_L	secondary_subcortical	success_asymmetry_z_up_minus_down	33	0.15237617017759897	0.397250196619626	0.26871657754010697	0.13050680217858426	0.742019908695951	0.8450948517780914
stim_down_temp_FE	reg_putamen_L	secondary_subcortical	task_separation_rating_z_up_minus_down	33	0.04589798157179092	0.7997806982421332	-0.09324866310160429	0.6057530763506189	0.9140350837052951	0.8450948517780914
stim_down_temp_FE	reg_putamen_L	secondary_subcortical	passive_sensory_slope_z	33	-0.23469091821845753	0.18862329328310462	-0.2359625668449198	0.18617014332469822	0.6869673462875248	0.8450948517780914
stim_down_temp_FE	reg_putamen_L	secondary_subcortical	passive_withinrun_slope_z	33	-0.10828792870222331	0.5486067706556187	-0.20187165775401072	0.25991312491482343	0.8217926853915618	0.8450948517780914
stim_down_temp_FE	reg_putamen_L	secondary_subcortical	passive_acrossrun_slope_z	33	-0.08761316102834431	0.6277990594838117	-0.06016042780748663	0.73945799530583	0.8217926853915618	0.8450948517780914
stim_down_temp_FE	reg_putamen_R	secondary_subcortical	mean_reg_success_z	33	0.14604264428190936	0.4173861986414725	0.07386363636363637	0.6828976306872525	0.742019908695951	0.8450948517780914
stim_down_temp_FE	reg_putamen_R	secondary_subcortical	reg_success_z_up	33	0.23136184368144108	0.19515251725571256	0.11731283422459894	0.5155779205106487	0.6869673462875248	0.8450948517780914
stim_down_temp_FE	reg_putamen_R	secondary_subcortical	reg_success_z_down	33	-0.01402518552699451	0.9382531247740775	-0.06483957219251336	0.7199762261610809	0.9382531247740775	0.8450948517780914
stim_down_temp_FE	reg_putamen_R	secondary_subcortical	success_asymmetry_z_up_minus_down	33	0.20300965723514233	0.25717944369186313	0.17580213903743316	0.327769885770716	0.6869673462875248	0.8450948517780914
stim_down_temp_FE	reg_putamen_R	secondary_subcortical	task_separation_rating_z_up_minus_down	33	0.07761079016242153	0.667706556880644	-0.007018716577540108	0.9690775819028417	0.8217926853915618	0.9690775819028417
stim_down_temp_FE	reg_putamen_R	secondary_subcortical	passive_sensory_slope_z	33	0.06316170875249337	0.7269429296411237	-0.08856951871657755	0.6240347859600837	0.8615619906857762	0.8450948517780914
stim_down_temp_FE	reg_putamen_R	secondary_subcortical	passive_withinrun_slope_z	33	-0.2101881796964635	0.24037330674863833	-0.08121657754010696	0.6532096995488069	0.6869673462875248	0.8450948517780914
stim_down_temp_FE	reg_putamen_R	secondary_subcortical	passive_acrossrun_slope_z	33	-0.25155522233021893	0.15789636605646737	-0.1574197860962567	0.3816215420082977	0.6869673462875248	0.8450948517780914
stim_down_temp_FE	reg_vmPFC	targeted_regulatory_value	mean_reg_success_z	33	0.0015706510456313895	0.9930786044457008	-0.2125668449197861	0.23497063091173914	0.9930786044457008	0.8957577931148041
stim_down_temp_FE	reg_vmPFC	targeted_regulatory_value	reg_success_z_up	33	-0.10749998135649783	0.5515368467479574	-0.20220588235294118	0.25910828144541664	0.9930786044457008	0.8957577931148041
stim_down_temp_FE	reg_vmPFC	targeted_regulatory_value	reg_success_z_down	33	0.11965816039725644	0.5071583882927454	-0.19886363636363638	0.26723071307171153	0.9930786044457008	0.8957577931148041
stim_down_temp_FE	reg_vmPFC	targeted_regulatory_value	success_asymmetry_z_up_minus_down	33	-0.18066068926139497	0.3143627408203191	-0.16677807486631016	0.3535915778619937	0.9828541853402398	0.8957577931148041
stim_down_temp_FE	reg_vmPFC	targeted_regulatory_value	task_separation_rating_z_up_minus_down	33	0.020054706367855515	0.9117952919647349	-0.18750000000000003	0.2960798714764273	0.9930786044457008	0.8957577931148041
stim_down_temp_FE	reg_vmPFC	targeted_regulatory_value	passive_sensory_slope_z	33	-0.4142890706749795	0.01653136633285417	-0.37800802139037437	0.030085704875244066	0.3577250471585313	0.6311885438915831
stim_down_temp_FE	reg_vmPFC	targeted_regulatory_value	passive_withinrun_slope_z	33	0.1673713685049899	0.3518573465865205	0.10060160427807488	0.5774964897113983	0.9828541853402398	0.908813495024427
stim_down_temp_FE	reg_vmPFC	targeted_regulatory_value	passive_acrossrun_slope_z	33	0.3972069642512944	0.02208637257568836	0.33188502673796794	0.05917392598983592	0.3577250471585313	0.6311885438915831
stim_down_temp_FE	reg_vmPFC_mOFC	targeted_regulatory_value	mean_reg_success_z	33	-0.007031046482872395	0.9690232858684991	-0.23763368983957223	0.18298056654138034	0.9930786044457008	0.8957577931148041
stim_down_temp_FE	reg_vmPFC_mOFC	targeted_regulatory_value	reg_success_z_up	33	-0.0928078215782172	0.6074657167837579	-0.17847593582887702	0.3203485296994499	0.9930786044457008	0.8957577931148041
stim_down_temp_FE	reg_vmPFC_mOFC	targeted_regulatory_value	reg_success_z_down	33	0.0896366015057452	0.6198456833964581	-0.2827540106951872	0.11084682757672065	0.9930786044457008	0.8185611882588603
stim_down_temp_FE	reg_vmPFC_mOFC	targeted_regulatory_value	success_asymmetry_z_up_minus_down	33	-0.14554020499315298	0.4190076739781693	-0.08121657754010696	0.6532096995488069	0.9828541853402398	0.908813495024427
stim_down_temp_FE	reg_vmPFC_mOFC	targeted_regulatory_value	task_separation_rating_z_up_minus_down	33	0.03013711202731913	0.8677739235136835	-0.18549465240641713	0.30136897535144624	0.9930786044457008	0.8957577931148041
stim_down_temp_FE	reg_vmPFC_mOFC	targeted_regulatory_value	passive_sensory_slope_z	33	-0.47576185835088114	0.00513532907364145	-0.3739973262032086	0.03202436539612744	0.3577250471585313	0.6311885438915831
stim_down_temp_FE	reg_vmPFC_mOFC	targeted_regulatory_value	passive_withinrun_slope_z	33	0.2518107060719972	0.15746046084983725	0.12065508021390375	0.5036004468412304	0.9828541853402398	0.908813495024427
stim_down_temp_FE	reg_vmPFC_mOFC	targeted_regulatory_value	passive_acrossrun_slope_z	33	0.37100373973684003	0.03353672317111231	0.31550802139037437	0.07368430347479707	0.3577250471585313	0.7073693133580519
stim_down_temp_FE	sensory_S1_L	targeted_sensory	mean_reg_success_z	33	-0.03960097895773271	0.826802499455517	-0.11965240641711229	0.5071789602394279	0.9904519025511619	0.9384776784184053
stim_down_temp_FE	sensory_S1_L	targeted_sensory	reg_success_z_up	33	-0.10139994975529314	0.5744644113418719	-0.19518716577540107	0.2763555669498004	0.9904519025511619	0.9384776784184053
stim_down_temp_FE	sensory_S1_L	targeted_sensory	reg_success_z_down	33	0.04591912399738181	0.7996903358230438	-0.009358288770053477	0.9587777421568817	0.9904519025511619	0.9690775819028417
stim_down_temp_FE	sensory_S1_L	targeted_sensory	success_asymmetry_z_up_minus_down	33	-0.1193227072002149	0.5083584146604826	-0.1915106951871658	0.28567997875535706	0.9904519025511619	0.9384776784184053
stim_down_temp_FE	sensory_S1_L	targeted_sensory	task_separation_rating_z_up_minus_down	33	-0.017021086894449422	0.9250971101061686	-0.0875668449197861	0.6279815970315183	0.9904519025511619	0.9384776784184053
stim_down_temp_FE	sensory_S1_L	targeted_sensory	passive_sensory_slope_z	33	0.002199155561432446	0.9903090815360257	0.02840909090909091	0.8752947941525229	0.9904519025511619	0.9690775819028417
stim_down_temp_FE	sensory_S1_L	targeted_sensory	passive_withinrun_slope_z	33	0.05483548847488698	0.7618228897257396	0.031751336898395724	0.8607585785241871	0.9904519025511619	0.9690775819028417
stim_down_temp_FE	sensory_S1_L	targeted_sensory	passive_acrossrun_slope_z	33	-0.0839793132914222	0.6421855434511103	-0.01771390374331551	0.9220573619772838	0.9904519025511619	0.9690775819028417
stim_down_temp_FE	sensory_S1_R	targeted_sensory	mean_reg_success_z	33	-0.13162169906090113	0.46530431515407994	-0.1179812834224599	0.5131712360759381	0.9904519025511619	0.9384776784184053
stim_down_temp_FE	sensory_S1_R	targeted_sensory	reg_success_z_up	33	-0.16604090674349076	0.3557535037776509	-0.11965240641711229	0.5071789602394279	0.9904519025511619	0.9384776784184053
stim_down_temp_FE	sensory_S1_R	targeted_sensory	reg_success_z_down	33	-0.03362747741545543	0.8526181013457449	-0.024398395721925134	0.8927907948752833	0.9904519025511619	0.9690775819028417
stim_down_temp_FE	sensory_S1_R	targeted_sensory	success_asymmetry_z_up_minus_down	33	-0.11235295632400528	0.5336076767981357	-0.11129679144385027	0.5374856772874539	0.9904519025511619	0.9384776784184053
stim_down_temp_FE	sensory_S1_R	targeted_sensory	task_separation_rating_z_up_minus_down	33	-0.10458029615671147	0.5624573132632588	-0.0625	0.729696377006099	0.9904519025511619	0.9690775819028417
stim_down_temp_FE	sensory_S1_R	targeted_sensory	passive_sensory_slope_z	33	-0.05780708905663566	0.7493174754171525	0.09425133689839572	0.6018654309769457	0.9904519025511619	0.9384776784184053
stim_down_temp_FE	sensory_S1_R	targeted_sensory	passive_withinrun_slope_z	33	-0.008455813335970215	0.9627501559886921	-0.017045454545454548	0.9249901786454771	0.9904519025511619	0.9690775819028417
stim_down_temp_FE	sensory_S1_R	targeted_sensory	passive_acrossrun_slope_z	33	-0.11579432189012019	0.5210657872641346	-0.10260695187165776	0.5698939278887764	0.9904519025511619	0.9384776784184053
stim_down_temp_FE	sensory_S2_operculum_L	targeted_sensory	mean_reg_success_z	33	-0.20195947421237354	0.25970149568078943	-0.15106951871657756	0.4013581166223674	0.9904519025511619	0.9384776784184053
stim_down_temp_FE	sensory_S2_operculum_L	targeted_sensory	reg_success_z_up	33	-0.15720944975097387	0.3822660502752482	-0.09558823529411765	0.596698617762806	0.9904519025511619	0.9384776784184053
stim_down_temp_FE	sensory_S2_operculum_L	targeted_sensory	reg_success_z_down	33	-0.15787171939387748	0.3802388832443392	-0.05648395721925135	0.7548780969314797	0.9904519025511619	0.9690775819028417
stim_down_temp_FE	sensory_S2_operculum_L	targeted_sensory	success_asymmetry_z_up_minus_down	33	-0.010205884874415119	0.9550477741527602	-0.08188502673796792	0.650535663449122	0.9904519025511619	0.9384776784184053
stim_down_temp_FE	sensory_S2_operculum_L	targeted_sensory	task_separation_rating_z_up_minus_down	33	-0.24810458195734847	0.16386917636510823	-0.15708556149732622	0.38264596280556573	0.9904519025511619	0.9384776784184053
stim_down_temp_FE	sensory_S2_operculum_L	targeted_sensory	passive_sensory_slope_z	33	-0.03569637912341205	0.8436585466843382	-0.11597593582887701	0.520407937086603	0.9904519025511619	0.9384776784184053
stim_down_temp_FE	sensory_S2_operculum_L	targeted_sensory	passive_withinrun_slope_z	33	-0.19927841915337002	0.2662137524812908	-0.196524064171123	0.27301436335652507	0.9904519025511619	0.9384776784184053
stim_down_temp_FE	sensory_S2_operculum_L	targeted_sensory	passive_acrossrun_slope_z	33	-0.05496427622575693	0.7612796580604705	-0.20721925133689842	0.24723253462821249	0.9904519025511619	0.9384776784184053
stim_down_temp_FE	sensory_S2_operculum_R	targeted_sensory	mean_reg_success_z	33	-0.13366898384755543	0.45832985188464187	-0.10294117647058824	0.5686312610734869	0.9904519025511619	0.9384776784184053
stim_down_temp_FE	sensory_S2_operculum_R	targeted_sensory	reg_success_z_up	33	0.0904146364328971	0.6167986787796919	0.1129679144385027	0.5313558982647614	0.9904519025511619	0.9384776784184053
stim_down_temp_FE	sensory_S2_operculum_R	targeted_sensory	reg_success_z_down	33	-0.3163180830618085	0.07290707944378766	-0.19585561497326204	0.2746816672977247	0.9904519025511619	0.9384776784184053
stim_down_temp_FE	sensory_S2_operculum_R	targeted_sensory	success_asymmetry_z_up_minus_down	33	0.31652360432409427	0.07271090718380835	0.2600267379679145	0.14390067609593132	0.9904519025511619	0.9384776784184053
stim_down_temp_FE	sensory_S2_operculum_R	targeted_sensory	task_separation_rating_z_up_minus_down	33	-0.19151232593633374	0.2856757985124883	-0.1109625668449198	0.5387156719824292	0.9904519025511619	0.9384776784184053
stim_down_temp_FE	sensory_S2_operculum_R	targeted_sensory	passive_sensory_slope_z	33	0.3250339457922908	0.06494210195816343	0.3205213903743316	0.06897604750622281	0.9904519025511619	0.9384776784184053
stim_down_temp_FE	sensory_S2_operculum_R	targeted_sensory	passive_withinrun_slope_z	33	-0.14453975357160473	0.4222468052707789	-0.21356951871657756	0.23271793505045704	0.9904519025511619	0.9384776784184053
stim_down_temp_FE	sensory_S2_operculum_R	targeted_sensory	passive_acrossrun_slope_z	33	0.05711242354631763	0.7522353662027255	-0.10060160427807488	0.5774964897113983	0.9904519025511619	0.9384776784184053
stim_down_temp_FE	sensory_dACC_MCC	targeted_sensory	mean_reg_success_z	33	-0.1899806915949807	0.2896192889229838	-0.2570187165775401	0.14876260895759377	0.9904519025511619	0.9384776784184053
stim_down_temp_FE	sensory_dACC_MCC	targeted_sensory	reg_success_z_up	33	0.05111828565614334	0.7775493225810041	0.026069518716577544	0.8854942873628043	0.9904519025511619	0.9690775819028417
stim_down_temp_FE	sensory_dACC_MCC	targeted_sensory	reg_success_z_down	33	-0.36527997876755747	0.03658988833632853	-0.4852941176470589	0.00420111239867007	0.9904519025511619	0.36969789108296613
stim_down_temp_FE	sensory_dACC_MCC	targeted_sensory	success_asymmetry_z_up_minus_down	33	0.3212216390924958	0.06833755820548852	0.32820855614973266	0.06221679825857273	0.9904519025511619	0.9384776784184053
stim_down_temp_FE	sensory_dACC_MCC	targeted_sensory	task_separation_rating_z_up_minus_down	33	-0.21131040301405546	0.23781411949948222	-0.2647058823529412	0.13656944517056194	0.9904519025511619	0.9384776784184053
stim_down_temp_FE	sensory_dACC_MCC	targeted_sensory	passive_sensory_slope_z	33	0.11856970108606397	0.5110573106638663	0.11597593582887701	0.520407937086603	0.9904519025511619	0.9384776784184053
stim_down_temp_FE	sensory_dACC_MCC	targeted_sensory	passive_withinrun_slope_z	33	-0.06302751878121268	0.7275010401075963	-0.1731283422459893	0.3352963701201831	0.9904519025511619	0.9384776784184053
stim_down_temp_FE	sensory_dACC_MCC	targeted_sensory	passive_acrossrun_slope_z	33	0.18148415391247724	0.31212487811080003	-0.007018716577540108	0.9690775819028417	0.9904519025511619	0.9690775819028417
stim_down_temp_FE	sensory_insula_all_L	targeted_sensory	mean_reg_success_z	33	-0.04604691058700214	0.7991442321107572	-0.1380347593582888	0.4436450208910081	0.9904519025511619	0.9384776784184053
stim_down_temp_FE	sensory_insula_all_L	targeted_sensory	reg_success_z_up	33	0.032597446224387296	0.8570855610037391	-0.030414438502673797	0.8665679561192239	0.9904519025511619	0.9690775819028417
stim_down_temp_FE	sensory_insula_all_L	targeted_sensory	reg_success_z_down	33	-0.11054727000151733	0.5402458910255127	-0.15207219251336898	0.3982036993589423	0.9904519025511619	0.9384776784184053
stim_down_temp_FE	sensory_insula_all_L	targeted_sensory	success_asymmetry_z_up_minus_down	33	0.11144964334976537	0.5369236075482502	-0.011697860962566845	0.9484844405922175	0.9904519025511619	0.9690775819028417
stim_down_temp_FE	sensory_insula_all_L	targeted_sensory	task_separation_rating_z_up_minus_down	33	-0.07389592285954	0.6827662068907383	-0.1467245989304813	0.41519102511589856	0.9904519025511619	0.9384776784184053
stim_down_temp_FE	sensory_insula_all_L	targeted_sensory	passive_sensory_slope_z	33	-0.12172601513188092	0.49979235872799344	-0.1681149732620321	0.3496909925288374	0.9904519025511619	0.9384776784184053
stim_down_temp_FE	sensory_insula_all_L	targeted_sensory	passive_withinrun_slope_z	33	0.08098335682500105	0.6541436653986633	0.02306149732620321	0.8986342479576831	0.9904519025511619	0.9690775819028417
stim_down_temp_FE	sensory_insula_all_L	targeted_sensory	passive_acrossrun_slope_z	33	0.21967836229059864	0.21930816334815253	0.14906417112299467	0.407709551863366	0.9904519025511619	0.9384776784184053
stim_down_temp_FE	sensory_insula_all_R	targeted_sensory	mean_reg_success_z	33	-0.04505538500099315	0.803384006560876	-0.08288770053475936	0.6465326241586704	0.9904519025511619	0.9384776784184053
stim_down_temp_FE	sensory_insula_all_R	targeted_sensory	reg_success_z_up	33	-0.01613989229246815	0.9289648666237332	-0.04177807486631016	0.8174363801688884	0.9904519025511619	0.9690775819028417
stim_down_temp_FE	sensory_insula_all_R	targeted_sensory	reg_success_z_down	33	-0.05584238966607698	0.7575787353923947	-0.032754010695187165	0.8564062242139914	0.9904519025511619	0.9690775819028417
stim_down_temp_FE	sensory_insula_all_R	targeted_sensory	success_asymmetry_z_up_minus_down	33	0.029195901324129164	0.8718689891339653	-0.019385026737967916	0.9147298093091305	0.9904519025511619	0.9690775819028417
stim_down_temp_FE	sensory_insula_all_R	targeted_sensory	task_separation_rating_z_up_minus_down	33	-0.005022516162427763	0.9778696881205433	-0.05314171122994653	0.7689776016843931	0.9904519025511619	0.9690775819028417
stim_down_temp_FE	sensory_insula_all_R	targeted_sensory	passive_sensory_slope_z	33	0.008028701365587563	0.9646304812021443	0.0427807486631016	0.8131309995317153	0.9904519025511619	0.9690775819028417
stim_down_temp_FE	sensory_insula_all_R	targeted_sensory	passive_withinrun_slope_z	33	-0.010407172813015727	0.954162112357098	-0.1450534759358289	0.42058180274483636	0.9904519025511619	0.9384776784184053
stim_down_temp_FE	sensory_insula_all_R	targeted_sensory	passive_acrossrun_slope_z	33	-0.08521706346517426	0.6372705742927574	-0.11931818181818182	0.5083746131110635	0.9904519025511619	0.9384776784184053
stim_down_temp_FE	sensory_posterior_insula_L	targeted_sensory	mean_reg_success_z	33	-0.02335731825531644	0.8973407823498794	-0.1574197860962567	0.3816215420082977	0.9904519025511619	0.9384776784184053
stim_down_temp_FE	sensory_posterior_insula_L	targeted_sensory	reg_success_z_up	33	-0.04982527818564589	0.7830403955871977	-0.1106283422459893	0.5399470067645689	0.9904519025511619	0.9384776784184053
stim_down_temp_FE	sensory_posterior_insula_L	targeted_sensory	reg_success_z_down	33	0.016210465428485733	0.9286550457008437	-0.08422459893048129	0.6412103483753364	0.9904519025511619	0.9384776784184053
stim_down_temp_FE	sensory_posterior_insula_L	targeted_sensory	success_asymmetry_z_up_minus_down	33	-0.05378431076843275	0.7662609489304325	-0.1179812834224599	0.5131712360759381	0.9904519025511619	0.9384776784184053
stim_down_temp_FE	sensory_posterior_insula_L	targeted_sensory	task_separation_rating_z_up_minus_down	33	-0.05538233150777684	0.7595170568816917	-0.14772727272727273	0.4119752829385066	0.9904519025511619	0.9384776784184053
stim_down_temp_FE	sensory_posterior_insula_L	targeted_sensory	passive_sensory_slope_z	33	-0.21836597674418853	0.2221435377344145	-0.1928475935828877	0.28226617928575826	0.9904519025511619	0.9384776784184053
stim_down_temp_FE	sensory_posterior_insula_L	targeted_sensory	passive_withinrun_slope_z	33	-0.004186141386583502	0.9815542529074026	-0.07854278074866311	0.663947968738732	0.9904519025511619	0.9423777620807808
stim_down_temp_FE	sensory_posterior_insula_L	targeted_sensory	passive_acrossrun_slope_z	33	0.18326188798135884	0.3073277996181468	0.1627673796791444	0.36544930986990654	0.9904519025511619	0.9384776784184053
stim_down_temp_FE	sensory_posterior_insula_R	targeted_sensory	mean_reg_success_z	33	-0.24324436515007028	0.17255384648700642	-0.26270053475935834	0.13967709483795157	0.9904519025511619	0.9384776784184053
stim_down_temp_FE	sensory_posterior_insula_R	targeted_sensory	reg_success_z_up	33	-0.1413895160178087	0.4325368531741233	-0.09759358288770054	0.5889846267330374	0.9904519025511619	0.9384776784184053
stim_down_temp_FE	sensory_posterior_insula_R	targeted_sensory	reg_success_z_down	33	-0.2423831148105327	0.1741262934492257	-0.21824866310160426	0.22239820005625166	0.9904519025511619	0.9384776784184053
stim_down_temp_FE	sensory_posterior_insula_R	targeted_sensory	success_asymmetry_z_up_minus_down	33	0.06743126744080373	0.709258665510878	0.06584224598930481	0.7158234836979873	0.9904519025511619	0.9690775819028417
stim_down_temp_FE	sensory_posterior_insula_R	targeted_sensory	task_separation_rating_z_up_minus_down	33	-0.2292161294919105	0.1994434079950521	-0.22827540106951874	0.2013451332955642	0.9904519025511619	0.9384776784184053
stim_down_temp_FE	sensory_posterior_insula_R	targeted_sensory	passive_sensory_slope_z	33	-0.0021667437738348005	0.9904519025511619	-0.01570855614973262	0.9308586828074159	0.9904519025511619	0.9690775819028417
stim_down_temp_FE	sensory_posterior_insula_R	targeted_sensory	passive_withinrun_slope_z	33	-0.06503457349183996	0.7191679756157078	-0.2272727272727273	0.2033858853004687	0.9904519025511619	0.9384776784184053
stim_down_temp_FE	sensory_posterior_insula_R	targeted_sensory	passive_acrossrun_slope_z	33	0.05897727542839981	0.7444099182668593	0.023729946524064172	0.8957118490330904	0.9904519025511619	0.9690775819028417
stim_down_temp_FE	sensory_thalamus_L	targeted_sensory	mean_reg_success_z	33	-0.06282649169252934	0.7283373904187085	-0.04812834224598931	0.7902624305760928	0.9904519025511619	0.9690775819028417
stim_down_temp_FE	sensory_thalamus_L	targeted_sensory	reg_success_z_up	33	-0.009964028894579355	0.9561120039985674	0.037098930481283425	0.8375955290714742	0.9904519025511619	0.9690775819028417
stim_down_temp_FE	sensory_thalamus_L	targeted_sensory	reg_success_z_down	33	-0.09152994009427684	0.6124417649638565	-0.06651069518716578	0.7130594140459106	0.9904519025511619	0.9690775819028417
stim_down_temp_FE	sensory_thalamus_L	targeted_sensory	success_asymmetry_z_up_minus_down	33	0.06156117332773538	0.7336086289143124	0.10962566844919787	0.5436490247460217	0.9904519025511619	0.9384776784184053
stim_down_temp_FE	sensory_thalamus_L	targeted_sensory	task_separation_rating_z_up_minus_down	33	-0.10337026093397615	0.5670120894385599	-0.08689839572192513	0.6306184434927522	0.9904519025511619	0.9384776784184053
stim_down_temp_FE	sensory_thalamus_L	targeted_sensory	passive_sensory_slope_z	33	0.22456548286340722	0.20896733208064844	0.24231283422459893	0.1742550572140458	0.9904519025511619	0.9384776784184053
stim_down_temp_FE	sensory_thalamus_L	targeted_sensory	passive_withinrun_slope_z	33	-0.04156964483857721	0.8183320199217522	-0.009358288770053477	0.9587777421568817	0.9904519025511619	0.9690775819028417
stim_down_temp_FE	sensory_thalamus_L	targeted_sensory	passive_acrossrun_slope_z	33	-0.09470344450912947	0.6001159902902367	-0.1948529411764706	0.2771949906897657	0.9904519025511619	0.9384776784184053
stim_down_temp_FE	sensory_thalamus_R	targeted_sensory	mean_reg_success_z	33	-0.1922246217043829	0.28385366561305414	-0.09893048128342247	0.5838664111786838	0.9904519025511619	0.9384776784184053
stim_down_temp_FE	sensory_thalamus_R	targeted_sensory	reg_success_z_up	33	-0.05058756493414198	0.7798018966914384	0.06216577540106952	0.7310883874685412	0.9904519025511619	0.9690775819028417
stim_down_temp_FE	sensory_thalamus_R	targeted_sensory	reg_success_z_down	33	-0.2581496420466478	0.14692087925560787	-0.15006684491978609	0.40452674589825	0.9904519025511619	0.9384776784184053
stim_down_temp_FE	sensory_thalamus_R	targeted_sensory	success_asymmetry_z_up_minus_down	33	0.15493655912509166	0.38927098017056627	0.2827540106951872	0.11084682757672065	0.9904519025511619	0.9384776784184053
stim_down_temp_FE	sensory_thalamus_R	targeted_sensory	task_separation_rating_z_up_minus_down	33	-0.2140398708519739	0.23166623583046916	-0.12232620320855615	0.4976645500887904	0.9904519025511619	0.9384776784184053
stim_down_temp_FE	sensory_thalamus_R	targeted_sensory	passive_sensory_slope_z	33	0.30120966310892666	0.08849019953388204	0.37800802139037437	0.030085704875244066	0.9904519025511619	0.9384776784184053
stim_down_temp_FE	sensory_thalamus_R	targeted_sensory	passive_withinrun_slope_z	33	-0.07696291387490115	0.6703240348334415	-0.11397058823529413	0.5276942812247967	0.9904519025511619	0.9384776784184053
stim_down_temp_FE	sensory_thalamus_R	targeted_sensory	passive_acrossrun_slope_z	33	-0.035633374812775696	0.843931114315899	-0.11864973262032086	0.5107701271230385	0.9904519025511619	0.9384776784184053
stim_passive_FE	expl_amygdala_L	exploratory_context	mean_reg_success_z	33	-0.07705718844922796	0.6699429196309453	-0.10594919786096257	0.5573248802897377	0.875285518731995	0.8593476742446916
stim_passive_FE	expl_amygdala_L	exploratory_context	reg_success_z_up	33	-0.2289084883791832	0.20006394064985586	-0.1928475935828877	0.28226617928575826	0.7275052387267485	0.7467924862831313
stim_passive_FE	expl_amygdala_L	exploratory_context	reg_success_z_down	33	0.12377322737715697	0.4925534236176345	-0.011697860962566845	0.9484844405922175	0.875285518731995	0.983799744478463
stim_passive_FE	expl_amygdala_L	exploratory_context	success_asymmetry_z_up_minus_down	33	-0.2847152767411783	0.10828752193260088	-0.28141711229946526	0.11261721987019953	0.6330951960865715	0.6232249091528722
stim_passive_FE	expl_amygdala_L	exploratory_context	task_separation_rating_z_up_minus_down	33	-0.12408215475856636	0.491465718375057	-0.1931818181818182	0.2814168558467061	0.875285518731995	0.7467924862831313
stim_passive_FE	expl_amygdala_L	exploratory_context	passive_sensory_slope_z	33	-0.15418328345624316	0.3916088103777777	-0.10561497326203209	0.5585759882590495	0.7832176207555555	0.8593476742446916
stim_passive_FE	expl_amygdala_L	exploratory_context	passive_withinrun_slope_z	33	0.10109042057838752	0.5756391380952091	0.07085561497326204	0.6951815617571717	0.875285518731995	0.8970084667834474
stim_passive_FE	expl_amygdala_L	exploratory_context	passive_acrossrun_slope_z	33	-0.1936414458338153	0.28025155650328837	-0.17947860962566847	0.31759266666718405	0.7419193097698165	0.7472768627463154
stim_passive_FE	expl_amygdala_R	exploratory_context	mean_reg_success_z	33	-0.26310172435227397	0.1390512771961389	-0.2322860962566845	0.1933242217416976	0.6952563859806945	0.7029971699698094
stim_passive_FE	expl_amygdala_R	exploratory_context	reg_success_z_up	33	-0.2346909352697044	0.18862326023819972	-0.22058823529411767	0.21735696636640467	0.7275052387267485	0.7245232212213489
stim_passive_FE	expl_amygdala_R	exploratory_context	reg_success_z_down	33	-0.173110928465252	0.33534573231561815	-0.18649732620320858	0.29871699451325257	0.7574977166431276	0.7467924862831313
stim_passive_FE	expl_amygdala_R	exploratory_context	success_asymmetry_z_up_minus_down	33	-0.06297985104333323	0.7276993284350658	-0.1290106951871658	0.47427992651165907	0.875285518731995	0.8248346548028854
stim_passive_FE	expl_amygdala_R	exploratory_context	task_separation_rating_z_up_minus_down	33	-0.302158124276129	0.08744252922611552	-0.2737299465240642	0.12321051488700015	0.6330951960865715	0.6232249091528722
stim_passive_FE	expl_amygdala_R	exploratory_context	passive_sensory_slope_z	33	-0.006639028123097952	0.9707496454751137	0.0752005347593583	0.6774634048445489	0.9802616899363397	0.8970084667834474
stim_passive_FE	expl_amygdala_R	exploratory_context	passive_withinrun_slope_z	33	-0.08148742737183227	0.6521256905425004	-0.08957219251336898	0.6200982065032682	0.875285518731995	0.8917691367705799
stim_passive_FE	expl_amygdala_R	exploratory_context	passive_acrossrun_slope_z	33	-0.17117052452743872	0.34087397248940743	-0.20521390374331552	0.2519385717227773	0.7574977166431276	0.7467924862831313
stim_passive_FE	expl_hippocampus_L	exploratory_context	mean_reg_success_z	33	-0.21670152155811032	0.2257753032670499	-0.27272727272727276	0.12464498183057446	0.7419193097698165	0.6232249091528722
stim_passive_FE	expl_hippocampus_L	exploratory_context	reg_success_z_up	33	-0.2827959271353476	0.11079165931515	-0.34090909090909094	0.052201652501716274	0.6330951960865715	0.4176132200137302
stim_passive_FE	expl_hippocampus_L	exploratory_context	reg_success_z_down	33	-0.045095719793568106	0.8032114262988479	-0.08288770053475936	0.6465326241586704	0.875285518731995	0.8917691367705799
stim_passive_FE	expl_hippocampus_L	exploratory_context	success_asymmetry_z_up_minus_down	33	-0.20064850288718894	0.2628726090397297	-0.23696524064171123	0.18425174464136868	0.7419193097698165	0.7029971699698094
stim_passive_FE	expl_hippocampus_L	exploratory_context	task_separation_rating_z_up_minus_down	33	-0.285010644370164	0.10790597295549731	-0.3445855614973262	0.0495555441562025	0.6330951960865715	0.4176132200137302
stim_passive_FE	expl_hippocampus_L	exploratory_context	passive_sensory_slope_z	33	-0.18723792281673782	0.2967677239079266	-0.08288770053475936	0.6465326241586704	0.7419193097698165	0.8917691367705799
stim_passive_FE	expl_hippocampus_L	exploratory_context	passive_withinrun_slope_z	33	0.009318177361878652	0.958954280028357	0.00501336898395722	0.9779099828020289	0.9802616899363397	0.983799744478463
stim_passive_FE	expl_hippocampus_L	exploratory_context	passive_acrossrun_slope_z	33	-0.16264933465963144	0.3658018481559337	-0.1467245989304813	0.41519102511589856	0.770109154012492	0.8248346548028854
stim_passive_FE	expl_hippocampus_R	exploratory_context	mean_reg_success_z	33	0.04359488827891773	0.8096391048270954	0.060828877005347594	0.7366648112464984	0.875285518731995	0.920831014058123
stim_passive_FE	expl_hippocampus_R	exploratory_context	reg_success_z_up	33	0.004479535123020781	0.9802616899363397	-0.0046791443850267385	0.9793823278219826	0.9802616899363397	0.983799744478463
stim_passive_FE	expl_hippocampus_R	exploratory_context	reg_success_z_down	33	0.06616383018035184	0.7144932730501948	0.13135026737967917	0.46623318914674183	0.875285518731995	0.8248346548028854
stim_passive_FE	expl_hippocampus_R	exploratory_context	success_asymmetry_z_up_minus_down	33	-0.0467638942628689	0.7960818977784778	-0.13836898395721925	0.44253145035519226	0.875285518731995	0.8248346548028854
stim_passive_FE	expl_hippocampus_R	exploratory_context	task_separation_rating_z_up_minus_down	33	-0.046899532082453635	0.7955029044870493	-0.01002673796791444	0.9558360603869237	0.875285518731995	0.983799744478463
stim_passive_FE	expl_hippocampus_R	exploratory_context	passive_sensory_slope_z	33	-0.07487413370724987	0.6787887012649155	-0.03241978609625668	0.8578565542209733	0.875285518731995	0.983799744478463
stim_passive_FE	expl_hippocampus_R	exploratory_context	passive_withinrun_slope_z	33	-0.07402481799462957	0.6822416239379672	-0.11163101604278076	0.5362570253519456	0.875285518731995	0.8593476742446916
stim_passive_FE	expl_hippocampus_R	exploratory_context	passive_acrossrun_slope_z	33	-0.10166110266770714	0.5734741222280119	-0.1413770053475936	0.4325779915405583	0.875285518731995	0.8248346548028854
stim_passive_FE	expl_hypothalamus	exploratory_context	mean_reg_success_z	33	0.4093257525270852	0.018009586405619074	0.411096256684492	0.017470142860938814	0.28914450190149704	0.4176132200137302
stim_passive_FE	expl_hypothalamus	exploratory_context	reg_success_z_up	33	0.2467080177633942	0.16633194884095612	0.25835561497326204	0.14658724141188167	0.7275052387267485	0.6514988507194741
stim_passive_FE	expl_hypothalamus	exploratory_context	reg_success_z_down	33	0.3983112484679521	0.02168583764261228	0.34291443850267384	0.05074474419388787	0.28914450190149704	0.4176132200137302
stim_passive_FE	expl_hypothalamus	exploratory_context	success_asymmetry_z_up_minus_down	33	-0.09887396075691114	0.5840823965853641	-0.03375668449197861	0.8520580175786845	0.875285518731995	0.983799744478463
stim_passive_FE	expl_hypothalamus	exploratory_context	task_separation_rating_z_up_minus_down	33	0.4035372238183284	0.01987092592155282	0.39872994652406424	0.02153555109075742	0.28914450190149704	0.4176132200137302
stim_passive_FE	expl_hypothalamus	exploratory_context	passive_sensory_slope_z	33	-0.2066404203777735	0.24858485203725633	-0.16945187165775402	0.34581648231955997	0.7419193097698165	0.7684810718212444
stim_passive_FE	expl_hypothalamus	exploratory_context	passive_withinrun_slope_z	33	0.06492383726080014	0.719626923778596	0.0036764705882352945	0.983799744478463	0.875285518731995	0.983799744478463
stim_passive_FE	expl_hypothalamus	exploratory_context	passive_acrossrun_slope_z	33	-0.10300161929072715	0.5684030500025194	-0.021724598930481284	0.9044829307460704	0.875285518731995	0.983799744478463
stim_passive_FE	reg_NAc_L	targeted_regulatory_value	mean_reg_success_z	33	0.08762931415121067	0.6277354031069087	0.02573529411764706	0.8869528699303689	0.9882793695471698	0.9882037720946818
stim_passive_FE	reg_NAc_L	targeted_regulatory_value	reg_success_z_up	33	0.07687105865051586	0.6706954471509626	0.08823529411764706	0.6253492573066257	0.9882793695471698	0.9882037720946818
stim_passive_FE	reg_NAc_L	targeted_regulatory_value	reg_success_z_down	33	0.05906813464528332	0.7440292802578864	-0.05046791443850268	0.7803099810395576	0.9882793695471698	0.9882037720946818
stim_passive_FE	reg_NAc_L	targeted_regulatory_value	success_asymmetry_z_up_minus_down	33	0.018822279637774338	0.917196607583667	0.04344919786096257	0.8102637173955713	0.9882793695471698	0.9882037720946818
stim_passive_FE	reg_NAc_L	targeted_regulatory_value	task_separation_rating_z_up_minus_down	33	0.05046448290863629	0.7803245540187176	-0.056149732620320865	0.7562846412420678	0.9882793695471698	0.9882037720946818
stim_passive_FE	reg_NAc_L	targeted_regulatory_value	passive_sensory_slope_z	33	0.23527372559569537	0.1874961961040556	0.20187165775401072	0.25991312491482343	0.9882793695471698	0.9882037720946818
stim_passive_FE	reg_NAc_L	targeted_regulatory_value	passive_withinrun_slope_z	33	-0.29010372564140546	0.10148485247201156	-0.2934491978609626	0.09742721476356996	0.9882793695471698	0.9882037720946818
stim_passive_FE	reg_NAc_L	targeted_regulatory_value	passive_acrossrun_slope_z	33	-0.22221892388149891	0.213889766965934	-0.1413770053475936	0.4325779915405583	0.9882793695471698	0.9882037720946818
stim_passive_FE	reg_NAc_R	targeted_regulatory_value	mean_reg_success_z	33	0.22184821880986969	0.21467461504751012	0.05314171122994653	0.7689776016843931	0.9882793695471698	0.9882037720946818
stim_passive_FE	reg_NAc_R	targeted_regulatory_value	reg_success_z_up	33	0.058500202763275146	0.7464094988333737	0.021056149732620322	0.9074091398127873	0.9882793695471698	0.9882037720946818
stim_passive_FE	reg_NAc_R	targeted_regulatory_value	reg_success_z_down	33	0.2978058580173529	0.09232936559120695	0.03141711229946524	0.8622102636715578	0.9882793695471698	0.9882037720946818
stim_passive_FE	reg_NAc_R	targeted_regulatory_value	success_asymmetry_z_up_minus_down	33	-0.17861984318861002	0.3199520876928831	-0.14171122994652408	0.43147971323820344	0.9882793695471698	0.9882037720946818
stim_passive_FE	reg_NAc_R	targeted_regulatory_value	task_separation_rating_z_up_minus_down	33	0.1962778362217719	0.2736277592537026	-0.015040106951871657	0.9337942947887252	0.9882793695471698	0.9882037720946818
stim_passive_FE	reg_NAc_R	targeted_regulatory_value	passive_sensory_slope_z	33	0.3175253628723314	0.0717605898670989	0.42413101604278075	0.013898389535399675	0.9882793695471698	0.9882037720946818
stim_passive_FE	reg_NAc_R	targeted_regulatory_value	passive_withinrun_slope_z	33	0.016858308239753712	0.9258114572279559	-0.037098930481283425	0.8375955290714742	0.9882793695471698	0.9882037720946818
stim_passive_FE	reg_NAc_R	targeted_regulatory_value	passive_acrossrun_slope_z	33	-0.21351176670349353	0.23284728912453817	-0.1824866310160428	0.3094140342510503	0.9882793695471698	0.9882037720946818
stim_passive_FE	reg_PAG_sphere	targeted_regulatory_value	mean_reg_success_z	33	-0.002934870732440635	0.9870672751646454	0.037098930481283425	0.8375955290714742	0.9882793695471698	0.9882037720946818
stim_passive_FE	reg_PAG_sphere	targeted_regulatory_value	reg_success_z_up	33	0.180142574702906	0.31577590549569357	0.16009358288770054	0.3734839180157823	0.9882793695471698	0.9882037720946818
stim_passive_FE	reg_PAG_sphere	targeted_regulatory_value	reg_success_z_down	33	-0.20101013261197487	0.2619953350666673	-0.21356951871657756	0.23271793505045704	0.9882793695471698	0.9882037720946818
stim_passive_FE	reg_PAG_sphere	targeted_regulatory_value	success_asymmetry_z_up_minus_down	33	0.3031178867888724	0.08639208468283338	0.2503342245989305	0.15999162880662962	0.9882793695471698	0.9882037720946818
stim_passive_FE	reg_PAG_sphere	targeted_regulatory_value	task_separation_rating_z_up_minus_down	33	-0.007564727730515888	0.9666732984470133	-0.01771390374331551	0.9220573619772838	0.9882793695471698	0.9882037720946818
stim_passive_FE	reg_PAG_sphere	targeted_regulatory_value	passive_sensory_slope_z	33	0.19919535480722175	0.26641720582752043	0.08656417112299465	0.631938548223677	0.9882793695471698	0.9882037720946818
stim_passive_FE	reg_PAG_sphere	targeted_regulatory_value	passive_withinrun_slope_z	33	0.0434681243666068	0.8101825680612936	0.06417112299465241	0.7227491000021531	0.9882793695471698	0.9882037720946818
stim_passive_FE	reg_PAG_sphere	targeted_regulatory_value	passive_acrossrun_slope_z	33	0.12108273340443335	0.502078030268869	0.2115641711229947	0.23723795668923148	0.9882793695471698	0.9882037720946818
stim_passive_FE	reg_SMA_preSMA	targeted_regulatory_value	mean_reg_success_z	33	-0.07291447273181725	0.6867653179935344	-0.00501336898395722	0.9779099828020289	0.9882793695471698	0.9882037720946818
stim_passive_FE	reg_SMA_preSMA	targeted_regulatory_value	reg_success_z_up	33	-0.10228031064425888	0.571129172370742	-0.08522727272727273	0.6372300970730818	0.9882793695471698	0.9882037720946818
stim_passive_FE	reg_SMA_preSMA	targeted_regulatory_value	reg_success_z_down	33	-0.007410426106562155	0.9673527156916721	0.02774064171122995	0.8782069986183596	0.9882793695471698	0.9882037720946818
stim_passive_FE	reg_SMA_preSMA	targeted_regulatory_value	success_asymmetry_z_up_minus_down	33	-0.07936057058185521	0.6606565396130349	-0.027406417112299467	0.8796636910411236	0.9882793695471698	0.9882037720946818
stim_passive_FE	reg_SMA_preSMA	targeted_regulatory_value	task_separation_rating_z_up_minus_down	33	-0.11220282700137216	0.5341580972986897	-0.08622994652406417	0.6332597693885482	0.9882793695471698	0.9882037720946818
stim_passive_FE	reg_SMA_preSMA	targeted_regulatory_value	passive_sensory_slope_z	33	-0.11802638326701444	0.5130090591579046	-0.11129679144385027	0.5374856772874539	0.9882793695471698	0.9882037720946818
stim_passive_FE	reg_SMA_preSMA	targeted_regulatory_value	passive_withinrun_slope_z	33	0.0667651094158794	0.7120083370910698	0.007018716577540108	0.9690775819028417	0.9882793695471698	0.9882037720946818
stim_passive_FE	reg_SMA_preSMA	targeted_regulatory_value	passive_acrossrun_slope_z	33	0.029418694515545425	0.8708993505951569	-0.08622994652406417	0.6332597693885482	0.9882793695471698	0.9882037720946818
stim_passive_FE	reg_anterior_insula_L	targeted_regulatory_value	mean_reg_success_z	33	-0.01144160362828162	0.9496115145345727	-0.028743315508021394	0.8738392913498084	0.9882793695471698	0.9882037720946818
stim_passive_FE	reg_anterior_insula_L	targeted_regulatory_value	reg_success_z_up	33	-0.05728955274030477	0.7514910266144708	-0.006016042780748664	0.9734933960724184	0.9882793695471698	0.9882037720946818
stim_passive_FE	reg_anterior_insula_L	targeted_regulatory_value	reg_success_z_down	33	0.04375937240919141	0.8089340572794269	0.047459893048128345	0.7931120453812652	0.9882793695471698	0.9882037720946818
stim_passive_FE	reg_anterior_insula_L	targeted_regulatory_value	success_asymmetry_z_up_minus_down	33	-0.0810101971582331	0.6540361531784723	-0.04512032085561497	0.8031061703437151	0.9882793695471698	0.9882037720946818
stim_passive_FE	reg_anterior_insula_L	targeted_regulatory_value	task_separation_rating_z_up_minus_down	33	-0.018531564910600335	0.9184712521107841	-0.02774064171122995	0.8782069986183596	0.9882793695471698	0.9882037720946818
stim_passive_FE	reg_anterior_insula_L	targeted_regulatory_value	passive_sensory_slope_z	33	0.20241608687797458	0.2586029313059345	0.14872994652406418	0.40877363131776545	0.9882793695471698	0.9882037720946818
stim_passive_FE	reg_anterior_insula_L	targeted_regulatory_value	passive_withinrun_slope_z	33	-0.022250935225370933	0.9021797019094165	0.09090909090909091	0.6148655064072002	0.9882793695471698	0.9882037720946818
stim_passive_FE	reg_anterior_insula_L	targeted_regulatory_value	passive_acrossrun_slope_z	33	-0.1529514059951128	0.3954494109057644	-0.09291443850267381	0.6070513287093597	0.9882793695471698	0.9882037720946818
stim_passive_FE	reg_anterior_insula_R	targeted_regulatory_value	mean_reg_success_z	33	0.11868716410472982	0.5106358362660881	0.06951871657754011	0.7006658239714338	0.9882793695471698	0.9882037720946818
stim_passive_FE	reg_anterior_insula_R	targeted_regulatory_value	reg_success_z_up	33	-0.01969809079686435	0.9133578314991361	0.019050802139037436	0.916194787986969	0.9882793695471698	0.9882037720946818
stim_passive_FE	reg_anterior_insula_R	targeted_regulatory_value	reg_success_z_down	33	0.21487254629514874	0.2298122654936112	0.22058823529411767	0.21735696636640467	0.9882793695471698	0.9882037720946818
stim_passive_FE	reg_anterior_insula_R	targeted_regulatory_value	success_asymmetry_z_up_minus_down	33	-0.18033464660521406	0.31525156488135353	-0.10360962566844921	0.566109748438977	0.9882793695471698	0.9882037720946818
stim_passive_FE	reg_anterior_insula_R	targeted_regulatory_value	task_separation_rating_z_up_minus_down	33	0.10255424004372309	0.5700931838520461	0.0554812834224599	0.7591000300292163	0.9882793695471698	0.9882037720946818
stim_passive_FE	reg_anterior_insula_R	targeted_regulatory_value	passive_sensory_slope_z	33	0.21317024621072414	0.23361322435542803	0.22092245989304812	0.21664322095076466	0.9882793695471698	0.9882037720946818
stim_passive_FE	reg_anterior_insula_R	targeted_regulatory_value	passive_withinrun_slope_z	33	0.007304345500835623	0.9678198203922244	0.071524064171123	0.6924450855527109	0.9882793695471698	0.9882037720946818
stim_passive_FE	reg_anterior_insula_R	targeted_regulatory_value	passive_acrossrun_slope_z	33	-0.03467454449024268	0.8480813565812519	-0.07820855614973263	0.6652949317765311	0.9882793695471698	0.9882037720946818
stim_passive_FE	reg_caudate_L	secondary_subcortical	mean_reg_success_z	33	0.1668466282267346	0.3533909304411322	0.08455882352941177	0.6398825011079129	0.9465187877843054	0.9610256636454427
stim_passive_FE	reg_caudate_L	secondary_subcortical	reg_success_z_up	33	0.1353395807676487	0.4526802157300589	0.17647058823529413	0.3259046824120895	0.9465187877843054	0.9610256636454427
stim_passive_FE	reg_caudate_L	secondary_subcortical	reg_success_z_down	33	0.1244735472445467	0.49008942373836895	-0.04879679144385027	0.7874154792984165	0.9465187877843054	0.9610256636454427
stim_passive_FE	reg_caudate_L	secondary_subcortical	success_asymmetry_z_up_minus_down	33	0.017512652714187966	0.922940245352622	0.1109625668449198	0.5387156719824292	0.9465187877843054	0.9610256636454427
stim_passive_FE	reg_caudate_L	secondary_subcortical	task_separation_rating_z_up_minus_down	33	0.16864321831824564	0.34815694930525476	0.08155080213903744	0.6518721495502794	0.9465187877843054	0.9610256636454427
stim_passive_FE	reg_caudate_L	secondary_subcortical	passive_sensory_slope_z	33	0.15228666846377187	0.39753080529171914	0.17379679144385027	0.3334049058784846	0.9465187877843054	0.9610256636454427
stim_passive_FE	reg_caudate_L	secondary_subcortical	passive_withinrun_slope_z	33	-0.1369254051666022	0.4473520550608464	-0.22927807486631016	0.1993186218884746	0.9465187877843054	0.9610256636454427
stim_passive_FE	reg_caudate_L	secondary_subcortical	passive_acrossrun_slope_z	33	-0.08691902883932152	0.6305369844338914	-0.1323529411764706	0.4628067843986101	0.9465187877843054	0.9610256636454427
stim_passive_FE	reg_caudate_R	secondary_subcortical	mean_reg_success_z	33	0.2129767974128636	0.23404782840450458	0.11931818181818182	0.5083746131110635	0.9465187877843054	0.9610256636454427
stim_passive_FE	reg_caudate_R	secondary_subcortical	reg_success_z_up	33	0.13324643851979992	0.4597647501279006	0.13335561497326204	0.4593937749927751	0.9465187877843054	0.9610256636454427
stim_passive_FE	reg_caudate_R	secondary_subcortical	reg_success_z_down	33	0.20192848338082164	0.25977616765601413	0.029411764705882356	0.8709295076786825	0.9465187877843054	0.9610256636454427
stim_passive_FE	reg_caudate_R	secondary_subcortical	success_asymmetry_z_up_minus_down	33	-0.04333028184224657	0.8107736263532275	-0.0875668449197861	0.6279815970315183	0.9465187877843054	0.9610256636454427
stim_passive_FE	reg_caudate_R	secondary_subcortical	task_separation_rating_z_up_minus_down	33	0.17894000953966815	0.31907117473420665	0.06951871657754011	0.7006658239714338	0.9465187877843054	0.9610256636454427
stim_passive_FE	reg_caudate_R	secondary_subcortical	passive_sensory_slope_z	33	0.23145813399114368	0.19496148172747846	0.2520053475935829	0.15712894658325915	0.9465187877843054	0.9610256636454427
stim_passive_FE	reg_caudate_R	secondary_subcortical	passive_withinrun_slope_z	33	0.0639656332488042	0.7236022144850848	-0.00267379679144385	0.9882176333995196	0.9465187877843054	0.9882176333995196
stim_passive_FE	reg_caudate_R	secondary_subcortical	passive_acrossrun_slope_z	33	-0.10063345792403314	0.5773753739880978	-0.18783422459893048	0.2952041325210402	0.9465187877843054	0.9610256636454427
stim_passive_FE	reg_dlPFC_IFJ_L	targeted_regulatory_value	mean_reg_success_z	33	-0.21979787207903578	0.21905119837093204	-0.27807486631016043	0.11713581027213049	0.9882793695471698	0.9882037720946818
stim_passive_FE	reg_dlPFC_IFJ_L	targeted_regulatory_value	reg_success_z_up	33	-0.06531176157173216	0.7180195872887766	-0.1891711229946524	0.2917176880397182	0.9882793695471698	0.9882037720946818
stim_passive_FE	reg_dlPFC_IFJ_L	targeted_regulatory_value	reg_success_z_down	33	-0.2870448021335869	0.1053057149019909	-0.3472593582887701	0.047699136155807426	0.9882793695471698	0.9882037720946818
stim_passive_FE	reg_dlPFC_IFJ_L	targeted_regulatory_value	success_asymmetry_z_up_minus_down	33	0.16474670752538081	0.3595681786964899	0.08723262032085562	0.6292994586228586	0.9882793695471698	0.9882037720946818
stim_passive_FE	reg_dlPFC_IFJ_L	targeted_regulatory_value	task_separation_rating_z_up_minus_down	33	-0.1997540201326155	0.2650507986214204	-0.2894385026737968	0.10230670884566231	0.9882793695471698	0.9882037720946818
stim_passive_FE	reg_dlPFC_IFJ_L	targeted_regulatory_value	passive_sensory_slope_z	33	-0.09361961945546805	0.6043135296828728	-0.16377005347593585	0.3624629890059009	0.9882793695471698	0.9882037720946818
stim_passive_FE	reg_dlPFC_IFJ_L	targeted_regulatory_value	passive_withinrun_slope_z	33	-0.03495226813579838	0.8468788285549659	-0.08021390374331552	0.6572286971168086	0.9882793695471698	0.9882037720946818
stim_passive_FE	reg_dlPFC_IFJ_L	targeted_regulatory_value	passive_acrossrun_slope_z	33	0.14766778749085768	0.4121656692169321	0.19184491978609627	0.28482405281700807	0.9882793695471698	0.9882037720946818
stim_passive_FE	reg_dlPFC_IFJ_R	targeted_regulatory_value	mean_reg_success_z	33	-0.1484746428506826	0.4095875058081758	-0.1661096256684492	0.35555163444125915	0.9882793695471698	0.9882037720946818
stim_passive_FE	reg_dlPFC_IFJ_R	targeted_regulatory_value	reg_success_z_up	33	-0.18558692765640478	0.30112429502769555	-0.1985294117647059	0.2680520068083983	0.9882793695471698	0.9882037720946818
stim_passive_FE	reg_dlPFC_IFJ_R	targeted_regulatory_value	reg_success_z_down	33	-0.03980019092324342	0.8259444716660135	-0.14338235294117646	0.4260114292954966	0.9882793695471698	0.9882037720946818
stim_passive_FE	reg_dlPFC_IFJ_R	targeted_regulatory_value	success_asymmetry_z_up_minus_down	33	-0.12388939355023423	0.49214426920111926	-0.1587566844919786	0.3775398845682104	0.9882793695471698	0.9882037720946818
stim_passive_FE	reg_dlPFC_IFJ_R	targeted_regulatory_value	task_separation_rating_z_up_minus_down	33	-0.16510290599244007	0.35851584960793237	-0.21457219251336898	0.23047984956370324	0.9882793695471698	0.9882037720946818
stim_passive_FE	reg_dlPFC_IFJ_R	targeted_regulatory_value	passive_sensory_slope_z	33	-0.04145649895241475	0.8188183109234783	-0.1290106951871658	0.47427992651165907	0.9882793695471698	0.9882037720946818
stim_passive_FE	reg_dlPFC_IFJ_R	targeted_regulatory_value	passive_withinrun_slope_z	33	0.11566392420112576	0.5215383705442056	0.0106951871657754	0.9528949503889094	0.9882793695471698	0.9882037720946818
stim_passive_FE	reg_dlPFC_IFJ_R	targeted_regulatory_value	passive_acrossrun_slope_z	33	0.06653444619921339	0.7129612680900785	-0.00267379679144385	0.9882176333995196	0.9882793695471698	0.9882176333995196
stim_passive_FE	reg_mOFC	targeted_regulatory_value	mean_reg_success_z	33	0.0026597859192740592	0.9882793695471698	-0.03342245989304813	0.8535069513307668	0.9882793695471698	0.9882037720946818
stim_passive_FE	reg_mOFC	targeted_regulatory_value	reg_success_z_up	33	-0.08528143733960719	0.6370153648839851	-0.1306818181818182	0.4685248746522628	0.9882793695471698	0.9882037720946818
stim_passive_FE	reg_mOFC	targeted_regulatory_value	reg_success_z_down	33	0.09723061840999755	0.5903775986422019	0.035093582887700536	0.8462670734185679	0.9882793695471698	0.9882037720946818
stim_passive_FE	reg_mOFC	targeted_regulatory_value	success_asymmetry_z_up_minus_down	33	-0.1450790137373768	0.4204991290659411	-0.1002673796791444	0.5787679823624801	0.9882793695471698	0.9882037720946818
stim_passive_FE	reg_mOFC	targeted_regulatory_value	task_separation_rating_z_up_minus_down	33	0.01539190790784608	0.932249190013196	-0.011697860962566845	0.9484844405922175	0.9882793695471698	0.9882037720946818
stim_passive_FE	reg_mOFC	targeted_regulatory_value	passive_sensory_slope_z	33	0.0266569046159199	0.88293178522925	0.08656417112299465	0.631938548223677	0.9882793695471698	0.9882037720946818
stim_passive_FE	reg_mOFC	targeted_regulatory_value	passive_withinrun_slope_z	33	0.2216059175652954	0.21518867475929382	0.12232620320855615	0.4976645500887904	0.9882793695471698	0.9882037720946818
stim_passive_FE	reg_mOFC	targeted_regulatory_value	passive_acrossrun_slope_z	33	0.07422972237939142	0.6814079957564381	0.03542780748663102	0.8448205578157595	0.9882793695471698	0.9882037720946818
stim_passive_FE	reg_pgACC_rACC	targeted_regulatory_value	mean_reg_success_z	33	0.19121650226117876	0.2864347524720264	0.12733957219251338	0.48007168541307754	0.9882793695471698	0.9882037720946818
stim_passive_FE	reg_pgACC_rACC	targeted_regulatory_value	reg_success_z_up	33	0.1363188303725366	0.4493860516384879	0.1129679144385027	0.5313558982647614	0.9882793695471698	0.9882037720946818
stim_passive_FE	reg_pgACC_rACC	targeted_regulatory_value	reg_success_z_down	33	0.1631206284215192	0.3643955471690557	0.12399732620320857	0.4917642698479151	0.9882793695471698	0.9882037720946818
stim_passive_FE	reg_pgACC_rACC	targeted_regulatory_value	success_asymmetry_z_up_minus_down	33	-0.011163615746109301	0.9508342723390261	-0.12132352941176472	0.501221832595384	0.9882793695471698	0.9882037720946818
stim_passive_FE	reg_pgACC_rACC	targeted_regulatory_value	task_separation_rating_z_up_minus_down	33	0.1630115894282271	0.36472062438109376	0.0982620320855615	0.586423057886333	0.9882793695471698	0.9882037720946818
stim_passive_FE	reg_pgACC_rACC	targeted_regulatory_value	passive_sensory_slope_z	33	-0.30986890377973525	0.07927463800006254	-0.23395721925133695	0.1900489436063754	0.9882793695471698	0.9882037720946818
stim_passive_FE	reg_pgACC_rACC	targeted_regulatory_value	passive_withinrun_slope_z	33	-0.07144249621952803	0.6927788023256322	-0.2165775401069519	0.22604742780194953	0.9882793695471698	0.9882037720946818
stim_passive_FE	reg_pgACC_rACC	targeted_regulatory_value	passive_acrossrun_slope_z	33	0.0963941053686819	0.593593415006182	0.04946524064171123	0.7845712261751205	0.9882793695471698	0.9882037720946818
stim_passive_FE	reg_putamen_L	secondary_subcortical	mean_reg_success_z	33	0.1546388675232736	0.3901939150747428	0.16410427807486633	0.3614707869611802	0.9465187877843054	0.9610256636454427
stim_passive_FE	reg_putamen_L	secondary_subcortical	reg_success_z_up	33	0.21045268987722693	0.23976844670804195	0.26169786096256686	0.14125017625401567	0.9465187877843054	0.9610256636454427
stim_passive_FE	reg_putamen_L	secondary_subcortical	reg_success_z_down	33	0.022759557860680926	0.8999547306669287	0.04612299465240642	0.798819126593981	0.9465187877843054	0.9610256636454427
stim_passive_FE	reg_putamen_L	secondary_subcortical	success_asymmetry_z_up_minus_down	33	0.1575608725134141	0.3811895833375215	0.08422459893048129	0.6412103483753364	0.9465187877843054	0.9610256636454427
stim_passive_FE	reg_putamen_L	secondary_subcortical	task_separation_rating_z_up_minus_down	33	0.10569335608968554	0.55828246022002	0.09959893048128343	0.5813147111970498	0.9465187877843054	0.9610256636454427
stim_passive_FE	reg_putamen_L	secondary_subcortical	passive_sensory_slope_z	33	0.24606438955786392	0.16747581641023848	0.26938502673796794	0.12951597536128656	0.9465187877843054	0.9610256636454427
stim_passive_FE	reg_putamen_L	secondary_subcortical	passive_withinrun_slope_z	33	0.0633045082616906	0.7263491624398964	-0.04177807486631016	0.8174363801688884	0.9465187877843054	0.9610256636454427
stim_passive_FE	reg_putamen_L	secondary_subcortical	passive_acrossrun_slope_z	33	0.10080301247548026	0.5767308756028162	0.036096256684491984	0.8419290228887525	0.9465187877843054	0.9610256636454427
stim_passive_FE	reg_putamen_R	secondary_subcortical	mean_reg_success_z	33	-0.026672814710156048	0.882862392679128	-0.007687165775401069	0.9661341984993728	0.9465187877843054	0.9882176333995196
stim_passive_FE	reg_putamen_R	secondary_subcortical	reg_success_z_up	33	-0.012144835514585704	0.9465187877843054	0.0875668449197861	0.6279815970315183	0.9465187877843054	0.9610256636454427
stim_passive_FE	reg_putamen_R	secondary_subcortical	reg_success_z_down	33	-0.030237457860557926	0.8673375309560121	-0.058155080213903754	0.7478570431344127	0.9465187877843054	0.9610256636454427
stim_passive_FE	reg_putamen_R	secondary_subcortical	success_asymmetry_z_up_minus_down	33	0.012978368468374479	0.9428540086791872	0.05782085561497327	0.7492596843225476	0.9465187877843054	0.9610256636454427
stim_passive_FE	reg_putamen_R	secondary_subcortical	task_separation_rating_z_up_minus_down	33	-0.03248660598655752	0.8575665601932893	0.012366310160427808	0.945544926243306	0.9465187877843054	0.9882176333995196
stim_passive_FE	reg_putamen_R	secondary_subcortical	passive_sensory_slope_z	33	0.10200047052953812	0.5721883936741741	0.07954545454545456	0.6599132825015057	0.9465187877843054	0.9610256636454427
stim_passive_FE	reg_putamen_R	secondary_subcortical	passive_withinrun_slope_z	33	0.07803594460270899	0.665990978563452	0.052807486631016046	0.7703916380336323	0.9465187877843054	0.9610256636454427
stim_passive_FE	reg_putamen_R	secondary_subcortical	passive_acrossrun_slope_z	33	0.04596472943806483	0.799495427515937	-0.060828877005347594	0.7366648112464984	0.9465187877843054	0.9610256636454427
stim_passive_FE	reg_vmPFC	targeted_regulatory_value	mean_reg_success_z	33	0.023126032756322582	0.8983520473279499	-0.024064171122994655	0.8942511515271847	0.9882793695471698	0.9882037720946818
stim_passive_FE	reg_vmPFC	targeted_regulatory_value	reg_success_z_up	33	-0.052878166948009724	0.7700925433059305	-0.07419786096256685	0.6815375957464214	0.9882793695471698	0.9882037720946818
stim_passive_FE	reg_vmPFC	targeted_regulatory_value	reg_success_z_down	33	0.09528639734276763	0.5978634753463933	0.0053475935828877	0.9764377093265237	0.9882793695471698	0.9882037720946818
stim_passive_FE	reg_vmPFC	targeted_regulatory_value	success_asymmetry_z_up_minus_down	33	-0.11666190931438276	0.5179268499383488	-0.07018716577540107	0.6979218181866196	0.9882793695471698	0.9882037720946818
stim_passive_FE	reg_vmPFC	targeted_regulatory_value	task_separation_rating_z_up_minus_down	33	0.03697819415223749	0.838117098619297	-0.03208556149732621	0.8593073405151728	0.9882793695471698	0.9882037720946818
stim_passive_FE	reg_vmPFC	targeted_regulatory_value	passive_sensory_slope_z	33	-0.22833611445221524	0.201222020296438	0.015040106951871657	0.9337942947887252	0.9882793695471698	0.9882037720946818
stim_passive_FE	reg_vmPFC	targeted_regulatory_value	passive_withinrun_slope_z	33	0.03558913981432307	0.8441224932499586	-0.11163101604278076	0.5362570253519456	0.9882793695471698	0.9882037720946818
stim_passive_FE	reg_vmPFC	targeted_regulatory_value	passive_acrossrun_slope_z	33	0.0711129592007691	0.6941276048816034	0.09959893048128343	0.5813147111970498	0.9882793695471698	0.9882037720946818
stim_passive_FE	reg_vmPFC_mOFC	targeted_regulatory_value	mean_reg_success_z	33	0.01858015295149465	0.9182582029251045	0.0411096256684492	0.8203095538402494	0.9882793695471698	0.9882037720946818
stim_passive_FE	reg_vmPFC_mOFC	targeted_regulatory_value	reg_success_z_up	33	-0.07580650932351676	0.6750054647654569	-0.07018716577540107	0.6979218181866196	0.9882793695471698	0.9882037720946818
stim_passive_FE	reg_vmPFC_mOFC	targeted_regulatory_value	reg_success_z_down	33	0.11285391556556798	0.5317729792933826	0.10160427807486631	0.5736895349853548	0.9882793695471698	0.9882037720946818
stim_passive_FE	reg_vmPFC_mOFC	targeted_regulatory_value	success_asymmetry_z_up_minus_down	33	-0.14912505590502442	0.40751588055333215	-0.125	0.48824131583041164	0.9882793695471698	0.9882037720946818
stim_passive_FE	reg_vmPFC_mOFC	targeted_regulatory_value	task_separation_rating_z_up_minus_down	33	0.03439600328186449	0.8492877623723044	0.04378342245989305	0.8088309810788489	0.9882793695471698	0.9882037720946818
stim_passive_FE	reg_vmPFC_mOFC	targeted_regulatory_value	passive_sensory_slope_z	33	-0.1611872819287257	0.3701849353715351	0.05347593582887701	0.767564295546312	0.9882793695471698	0.9882037720946818
stim_passive_FE	reg_vmPFC_mOFC	targeted_regulatory_value	passive_withinrun_slope_z	33	0.12010981560723588	0.5055449068272894	-0.014037433155080216	0.9381993063202716	0.9882793695471698	0.9882037720946818
stim_passive_FE	reg_vmPFC_mOFC	targeted_regulatory_value	passive_acrossrun_slope_z	33	0.08492459919117112	0.6384305598509755	0.11931818181818182	0.5083746131110635	0.9882793695471698	0.9882037720946818
stim_passive_FE	sensory_S1_L	targeted_sensory	mean_reg_success_z	33	0.3100005385769705	0.07914051063282382	0.33389037433155083	0.05756437113292545	0.9807696845546147	1.0
stim_passive_FE	sensory_S1_L	targeted_sensory	reg_success_z_up	33	0.19752976066170388	0.2705182906123617	0.16410427807486633	0.3614707869611802	0.9807696845546147	1.0
stim_passive_FE	sensory_S1_L	targeted_sensory	reg_success_z_down	33	0.2900177031670868	0.10159084757136137	0.3536096256684492	0.04351238513790257	0.9807696845546147	1.0
stim_passive_FE	sensory_S1_L	targeted_sensory	success_asymmetry_z_up_minus_down	33	-0.05711586767237643	0.7522208910636267	-0.0213903743315508	0.9059458835398706	0.9807696845546147	1.0
stim_passive_FE	sensory_S1_L	targeted_sensory	task_separation_rating_z_up_minus_down	33	0.32576351583848046	0.06430765468648279	0.3104946524064171	0.07863860503940152	0.9807696845546147	1.0
stim_passive_FE	sensory_S1_L	targeted_sensory	passive_sensory_slope_z	33	-0.1830032597381319	0.3080227878301924	-0.11864973262032086	0.5107701271230385	0.9807696845546147	1.0
stim_passive_FE	sensory_S1_L	targeted_sensory	passive_withinrun_slope_z	33	0.14067726083984755	0.4348823608031092	0.030080213903743314	0.8680213839757225	0.9807696845546147	1.0
stim_passive_FE	sensory_S1_L	targeted_sensory	passive_acrossrun_slope_z	33	0.13938719917938486	0.4391483437424778	0.22459893048128346	0.20889773707277667	0.9807696845546147	1.0
stim_passive_FE	sensory_S1_R	targeted_sensory	mean_reg_success_z	33	0.0014968652498867068	0.9934037494523849	-0.037098930481283425	0.8375955290714742	0.9934037494523849	1.0
stim_passive_FE	sensory_S1_R	targeted_sensory	reg_success_z_up	33	-0.1235647872314112	0.4932880149774225	-0.21724598930481284	0.22458289342180426	0.9807696845546147	1.0
stim_passive_FE	sensory_S1_R	targeted_sensory	reg_success_z_down	33	0.1370371395286385	0.44697792543819337	0.09291443850267381	0.6070513287093597	0.9807696845546147	1.0
stim_passive_FE	sensory_S1_R	targeted_sensory	success_asymmetry_z_up_minus_down	33	-0.20727500955354924	0.24710252632774074	-0.1861631016042781	0.2995993373695546	0.9807696845546147	1.0
stim_passive_FE	sensory_S1_R	targeted_sensory	task_separation_rating_z_up_minus_down	33	-0.0072979765696163275	0.967847865040766	-0.08656417112299465	0.631938548223677	0.9807696845546147	1.0
stim_passive_FE	sensory_S1_R	targeted_sensory	passive_sensory_slope_z	33	-0.33354943889259975	0.05783554809070137	-0.33890374331550804	0.053691612158174196	0.9807696845546147	1.0
stim_passive_FE	sensory_S1_R	targeted_sensory	passive_withinrun_slope_z	33	-0.04641174633487431	0.7975855991993022	-0.13870320855614976	0.44141940138798075	0.9807696845546147	1.0
stim_passive_FE	sensory_S1_R	targeted_sensory	passive_acrossrun_slope_z	33	-0.08950185186770838	0.6203740340198485	-0.09425133689839572	0.6018654309769457	0.9807696845546147	1.0
stim_passive_FE	sensory_S2_operculum_L	targeted_sensory	mean_reg_success_z	33	0.0626964480722455	0.7288785859996739	-0.05247326203208557	0.7718064003494449	0.9807696845546147	1.0
stim_passive_FE	sensory_S2_operculum_L	targeted_sensory	reg_success_z_up	33	0.05722681021775928	0.7517546607247683	0.008021390374331552	0.9646626688942839	0.9807696845546147	1.0
stim_passive_FE	sensory_S2_operculum_L	targeted_sensory	reg_success_z_down	33	0.03983517219317684	0.8257938238653278	0.024398395721925134	0.8927907948752833	0.9807696845546147	1.0
stim_passive_FE	sensory_S2_operculum_L	targeted_sensory	success_asymmetry_z_up_minus_down	33	0.01717000930453829	0.9244436207931639	0.03141711229946524	0.8622102636715578	0.9807696845546147	1.0
stim_passive_FE	sensory_S2_operculum_L	targeted_sensory	task_separation_rating_z_up_minus_down	33	0.03201213080422262	0.8596261456701231	-0.08322192513368984	0.6452004292298033	0.9807696845546147	1.0
stim_passive_FE	sensory_S2_operculum_L	targeted_sensory	passive_sensory_slope_z	33	-0.1092206689611356	0.5451477381852391	-0.08255347593582889	0.6478658971996248	0.9807696845546147	1.0
stim_passive_FE	sensory_S2_operculum_L	targeted_sensory	passive_withinrun_slope_z	33	-0.16808775026732178	0.3497701594437951	-0.17947860962566847	0.31759266666718405	0.9807696845546147	1.0
stim_passive_FE	sensory_S2_operculum_L	targeted_sensory	passive_acrossrun_slope_z	33	-0.08846310322186705	0.6244531840762623	0.03241978609625668	0.8578565542209733	0.9807696845546147	1.0
stim_passive_FE	sensory_S2_operculum_R	targeted_sensory	mean_reg_success_z	33	0.13182308443439347	0.46461578106204965	0.01570855614973262	0.9308586828074159	0.9807696845546147	1.0
stim_passive_FE	sensory_S2_operculum_R	targeted_sensory	reg_success_z_up	33	0.09228257517013776	0.609508941561147	0.10728609625668449	0.552333463627276	0.9807696845546147	1.0
stim_passive_FE	sensory_S2_operculum_R	targeted_sensory	reg_success_z_down	33	0.114299827014053	0.5264946230553339	0.026403743315508023	0.8840360735526009	0.9807696845546147	1.0
stim_passive_FE	sensory_S2_operculum_R	targeted_sensory	success_asymmetry_z_up_minus_down	33	-0.01051304479730428	0.9536962998547324	0.09057486631016043	0.6161719493705241	0.9807696845546147	1.0
stim_passive_FE	sensory_S2_operculum_R	targeted_sensory	task_separation_rating_z_up_minus_down	33	0.09387342747821893	0.6033294350966956	-0.028074866310160432	0.8767506981148385	0.9807696845546147	1.0
stim_passive_FE	sensory_S2_operculum_R	targeted_sensory	passive_sensory_slope_z	33	0.0835321228676294	0.6439649713620466	0.14806149732620322	0.41090649824019765	0.9807696845546147	1.0
stim_passive_FE	sensory_S2_operculum_R	targeted_sensory	passive_withinrun_slope_z	33	-0.2154022311406396	0.22863814519333886	-0.2774064171122995	0.11805553575683285	0.9807696845546147	1.0
stim_passive_FE	sensory_S2_operculum_R	targeted_sensory	passive_acrossrun_slope_z	33	-0.2536341626684131	0.15437443378455754	-0.3088235294117647	0.08034605396071837	0.9807696845546147	1.0
stim_passive_FE	sensory_dACC_MCC	targeted_sensory	mean_reg_success_z	33	-0.13612997938598004	0.45002033235406413	-0.14572192513368984	0.41842081934456576	0.9807696845546147	1.0
stim_passive_FE	sensory_dACC_MCC	targeted_sensory	reg_success_z_up	33	-0.0830337235538631	0.645950454205044	-0.06149732620320855	0.73387493109816	0.9807696845546147	1.0
stim_passive_FE	sensory_dACC_MCC	targeted_sensory	reg_success_z_down	33	-0.13139312850517496	0.46608644784823877	-0.12199197860962568	0.49884888931376836	0.9807696845546147	1.0
stim_passive_FE	sensory_dACC_MCC	targeted_sensory	success_asymmetry_z_up_minus_down	33	0.031243966075790372	0.8629624885553963	0.04478609625668449	0.8045364440478663	0.9807696845546147	1.0
stim_passive_FE	sensory_dACC_MCC	targeted_sensory	task_separation_rating_z_up_minus_down	33	-0.14616108849359533	0.4170044674938343	-0.14438502673796794	0.4227490020551147	0.9807696845546147	1.0
stim_passive_FE	sensory_dACC_MCC	targeted_sensory	passive_sensory_slope_z	33	-0.23189234585793678	0.1941016450548115	-0.23897058823529416	0.18045677272738112	0.9807696845546147	1.0
stim_passive_FE	sensory_dACC_MCC	targeted_sensory	passive_withinrun_slope_z	33	-0.09906173059900161	0.5833649964423105	-0.11463903743315508	0.5252600175737376	0.9807696845546147	1.0
stim_passive_FE	sensory_dACC_MCC	targeted_sensory	passive_acrossrun_slope_z	33	0.061292870537676174	0.7347279069878875	0.001002673796791444	0.9955814813197184	0.9807696845546147	1.0
stim_passive_FE	sensory_insula_all_L	targeted_sensory	mean_reg_success_z	33	0.039882368111530106	0.8255905830090595	-0.045454545454545456	0.8016765232787512	0.9807696845546147	1.0
stim_passive_FE	sensory_insula_all_L	targeted_sensory	reg_success_z_up	33	-0.020495709264543735	0.9098634515747417	-0.004010695187165776	0.9823272134277938	0.9807696845546147	1.0
stim_passive_FE	sensory_insula_all_L	targeted_sensory	reg_success_z_down	33	0.08731908110433874	0.6289584322897727	-0.007018716577540108	0.9690775819028417	0.9807696845546147	1.0
stim_passive_FE	sensory_insula_all_L	targeted_sensory	success_asymmetry_z_up_minus_down	33	-0.0836660937657083	0.6434316798623058	-0.0213903743315508	0.9059458835398706	0.9807696845546147	1.0
stim_passive_FE	sensory_insula_all_L	targeted_sensory	task_separation_rating_z_up_minus_down	33	0.03128949068591062	0.8627646977496481	-0.04679144385026738	0.7959642889922955	0.9807696845546147	1.0
stim_passive_FE	sensory_insula_all_L	targeted_sensory	passive_sensory_slope_z	33	0.20257945059208055	0.2582106393180705	0.1804812834224599	0.3148516246055581	0.9807696845546147	1.0
stim_passive_FE	sensory_insula_all_L	targeted_sensory	passive_withinrun_slope_z	33	-0.03379121176620157	0.8519083615672355	-0.04478609625668449	0.8045364440478663	0.9807696845546147	1.0
stim_passive_FE	sensory_insula_all_L	targeted_sensory	passive_acrossrun_slope_z	33	-0.1385121523973602	0.4420549066969673	-0.07854278074866311	0.663947968738732	0.9807696845546147	1.0
stim_passive_FE	sensory_insula_all_R	targeted_sensory	mean_reg_success_z	33	0.07638455867507891	0.6726638610773212	0.06417112299465241	0.7227491000021531	0.9807696845546147	1.0
stim_passive_FE	sensory_insula_all_R	targeted_sensory	reg_success_z_up	33	-0.09072129454773935	0.6155994367544048	0.021056149732620322	0.9074091398127873	0.9807696845546147	1.0
stim_passive_FE	sensory_insula_all_R	targeted_sensory	reg_success_z_down	33	0.22329996433508636	0.2116122569063013	0.22159090909090912	0.21522054403472485	0.9807696845546147	1.0
stim_passive_FE	sensory_insula_all_R	targeted_sensory	success_asymmetry_z_up_minus_down	33	-0.24579966592713298	0.1679479143817612	-0.0982620320855615	0.586423057886333	0.9807696845546147	1.0
stim_passive_FE	sensory_insula_all_R	targeted_sensory	task_separation_rating_z_up_minus_down	33	0.05382722490795683	0.7660796220755874	0.034759358288770054	0.8477140817369522	0.9807696845546147	1.0
stim_passive_FE	sensory_insula_all_R	targeted_sensory	passive_sensory_slope_z	33	0.12807123659753997	0.4775313904869935	0.15975935828877008	0.37449549759185863	0.9807696845546147	1.0
stim_passive_FE	sensory_insula_all_R	targeted_sensory	passive_withinrun_slope_z	33	-0.038989659720242535	0.8294367419162714	-0.05882352941176471	0.7450541441461153	0.9807696845546147	1.0
stim_passive_FE	sensory_insula_all_R	targeted_sensory	passive_acrossrun_slope_z	33	-0.13934712672394195	0.43928122032677247	-0.1808155080213904	0.3139412388654007	0.9807696845546147	1.0
stim_passive_FE	sensory_posterior_insula_L	targeted_sensory	mean_reg_success_z	33	-0.007829961532502854	0.965505481279423	-0.03643048128342246	0.8404840126193108	0.9807696845546147	1.0
stim_passive_FE	sensory_posterior_insula_L	targeted_sensory	reg_success_z_up	33	0.01412457114068026	0.9378164128680805	0.061163101604278076	0.7352694561427336	0.9807696845546147	1.0
stim_passive_FE	sensory_posterior_insula_L	targeted_sensory	reg_success_z_down	33	-0.028145649986196394	0.876442326592027	-0.01838235294117647	0.9191255525351129	0.9807696845546147	1.0
stim_passive_FE	sensory_posterior_insula_L	targeted_sensory	success_asymmetry_z_up_minus_down	33	0.03321726599846829	0.8543967430439059	0.11229946524064173	0.5338037603934453	0.9807696845546147	1.0
stim_passive_FE	sensory_posterior_insula_L	targeted_sensory	task_separation_rating_z_up_minus_down	33	-0.006894503569528726	0.9696245745028577	-0.013034759358288772	0.9426061165811512	0.9807696845546147	1.0
stim_passive_FE	sensory_posterior_insula_L	targeted_sensory	passive_sensory_slope_z	33	0.1535852078853373	0.3934707238953623	0.13870320855614976	0.44141940138798075	0.9807696845546147	1.0
stim_passive_FE	sensory_posterior_insula_L	targeted_sensory	passive_withinrun_slope_z	33	-0.20656413352966269	0.24876344634882613	-0.27640374331550804	0.11944520495156145	0.9807696845546147	1.0
stim_passive_FE	sensory_posterior_insula_L	targeted_sensory	passive_acrossrun_slope_z	33	-0.19916311914327633	0.2664961895181137	-0.13435828877005349	0.45599421308400123	0.9807696845546147	1.0
stim_passive_FE	sensory_posterior_insula_R	targeted_sensory	mean_reg_success_z	33	0.08540561820229167	0.6365231670715289	0.029077540106951877	0.8723841943214823	0.9807696845546147	1.0
stim_passive_FE	sensory_posterior_insula_R	targeted_sensory	reg_success_z_up	33	-0.07463680904971311	0.6797529115002008	0.006016042780748664	0.9734933960724184	0.9807696845546147	1.0
stim_passive_FE	sensory_posterior_insula_R	targeted_sensory	reg_success_z_down	33	0.22048025353695075	0.21758790743014944	0.15942513368983957	0.3755086858721369	0.9807696845546147	1.0
stim_passive_FE	sensory_posterior_insula_R	targeted_sensory	success_asymmetry_z_up_minus_down	33	-0.23027865000001618	0.1973105175182199	-0.08723262032085562	0.6292994586228586	0.9807696845546147	1.0
stim_passive_FE	sensory_posterior_insula_R	targeted_sensory	task_separation_rating_z_up_minus_down	33	0.0571410090795455	0.7521152280550808	-0.008689839572192513	0.9617199576740234	0.9807696845546147	1.0
stim_passive_FE	sensory_posterior_insula_R	targeted_sensory	passive_sensory_slope_z	33	0.061321212969263475	0.7346096455841005	0.03375668449197861	0.8520580175786845	0.9807696845546147	1.0
stim_passive_FE	sensory_posterior_insula_R	targeted_sensory	passive_withinrun_slope_z	33	-0.07808224002046994	0.6658042679070227	-0.11196524064171123	0.5350297188371909	0.9807696845546147	1.0
stim_passive_FE	sensory_posterior_insula_R	targeted_sensory	passive_acrossrun_slope_z	33	-0.18850148316334045	0.2934607129818664	-0.16042780748663105	0.37247394812358225	0.9807696845546147	1.0
stim_passive_FE	sensory_thalamus_L	targeted_sensory	mean_reg_success_z	33	0.1294199192528259	0.4728672275439362	0.12566844919786097	0.4858998895401718	0.9807696845546147	1.0
stim_passive_FE	sensory_thalamus_L	targeted_sensory	reg_success_z_up	33	0.16697380417114951	0.35301888306469165	0.17379679144385027	0.3334049058784846	0.9807696845546147	1.0
stim_passive_FE	sensory_thalamus_L	targeted_sensory	reg_success_z_down	33	0.029023205710897598	0.8726207194682897	0.06216577540106952	0.7310883874685412	0.9807696845546147	1.0
stim_passive_FE	sensory_thalamus_L	targeted_sensory	success_asymmetry_z_up_minus_down	33	0.11664173560565064	0.5179997328114566	0.1587566844919786	0.3775398845682104	0.9807696845546147	1.0
stim_passive_FE	sensory_thalamus_L	targeted_sensory	task_separation_rating_z_up_minus_down	33	0.17132988461865362	0.34041787376276283	0.16644385026737968	0.35457079310794326	0.9807696845546147	1.0
stim_passive_FE	sensory_thalamus_L	targeted_sensory	passive_sensory_slope_z	33	0.05182819844318919	0.7745389713627385	0.0106951871657754	0.9528949503889094	0.9807696845546147	1.0
stim_passive_FE	sensory_thalamus_L	targeted_sensory	passive_withinrun_slope_z	33	0.1712519775970022	0.34064080215753184	0.10494652406417114	0.5610820888748043	0.9807696845546147	1.0
stim_passive_FE	sensory_thalamus_L	targeted_sensory	passive_acrossrun_slope_z	33	0.1183505475526276	0.5118441270119654	0.03208556149732621	0.8593073405151728	0.9807696845546147	1.0
stim_passive_FE	sensory_thalamus_R	targeted_sensory	mean_reg_success_z	33	-0.05379998396949386	0.7661947229065883	-0.043114973262032084	0.8116970583519417	0.9807696845546147	1.0
stim_passive_FE	sensory_thalamus_R	targeted_sensory	reg_success_z_up	33	-0.06519998851379172	0.7184825896014579	-0.06316844919786097	0.7269148990369839	0.9807696845546147	1.0
stim_passive_FE	sensory_thalamus_R	targeted_sensory	reg_success_z_down	33	-0.016652169321509137	0.926716170537445	-0.0036764705882352945	0.983799744478463	0.9807696845546147	1.0
stim_passive_FE	sensory_thalamus_R	targeted_sensory	success_asymmetry_z_up_minus_down	33	-0.041487428737342395	0.818685370857302	-0.02339572192513369	0.8971728827314497	0.9807696845546147	1.0
stim_passive_FE	sensory_thalamus_R	targeted_sensory	task_separation_rating_z_up_minus_down	33	-0.013367513639952703	0.941143450420757	0.0	1.0	0.9807696845546147	1.0
stim_passive_FE	sensory_thalamus_R	targeted_sensory	passive_sensory_slope_z	33	-0.11242219995736698	0.5333539000869721	-0.14973262032085563	0.40558610780410564	0.9807696845546147	1.0
stim_passive_FE	sensory_thalamus_R	targeted_sensory	passive_withinrun_slope_z	33	0.22893670347834597	0.2000069731630034	0.24264705882352944	0.17364331469691502	0.9807696845546147	1.0
stim_passive_FE	sensory_thalamus_R	targeted_sensory	passive_acrossrun_slope_z	33	0.217390199964613	0.22426778327381117	0.2038770053475936	0.25510870011466047	0.9807696845546147	1.0
stim_passive_temp_FE	expl_amygdala_L	exploratory_context	mean_reg_success_z	33	0.08019567105043283	0.6573018665975902	0.04612299465240642	0.798819126593981	0.993482655495808	0.9844867623367244
stim_passive_temp_FE	expl_amygdala_L	exploratory_context	reg_success_z_up	33	0.08420407025283846	0.6412919427869498	0.0036764705882352945	0.983799744478463	0.993482655495808	0.9896903457319353
stim_passive_temp_FE	expl_amygdala_L	exploratory_context	reg_success_z_down	33	0.03896630891022256	0.8295373994947626	0.17078877005347595	0.341968090287774	0.993482655495808	0.9844867623367244
stim_passive_temp_FE	expl_amygdala_L	exploratory_context	success_asymmetry_z_up_minus_down	33	0.040256456554042974	0.8239800315544086	-0.022058823529411766	0.9030202861132655	0.993482655495808	0.9844867623367244
stim_passive_temp_FE	expl_amygdala_L	exploratory_context	task_separation_rating_z_up_minus_down	33	0.12835371665197556	0.4765525107390737	0.06818181818181819	0.7061649594759432	0.993482655495808	0.9844867623367244
stim_passive_temp_FE	expl_amygdala_L	exploratory_context	passive_sensory_slope_z	33	0.0765643908586573	0.6719359977820981	-0.05782085561497327	0.7492596843225476	0.993482655495808	0.9844867623367244
stim_passive_temp_FE	expl_amygdala_L	exploratory_context	passive_withinrun_slope_z	33	-0.01667613733919779	0.926610973793078	-0.03208556149732621	0.8593073405151728	0.993482655495808	0.9844867623367244
stim_passive_temp_FE	expl_amygdala_L	exploratory_context	passive_acrossrun_slope_z	33	0.05394805061160389	0.7655691577890257	-0.026403743315508023	0.8840360735526009	0.993482655495808	0.9844867623367244
stim_passive_temp_FE	expl_amygdala_R	exploratory_context	mean_reg_success_z	33	-0.04360528367742789	0.8095945414613163	-0.03442513368983957	0.8491615782324099	0.993482655495808	0.9844867623367244
stim_passive_temp_FE	expl_amygdala_R	exploratory_context	reg_success_z_up	33	-0.09702493094184825	0.5911676180280756	-0.15006684491978609	0.40452674589825	0.993482655495808	0.9844867623367244
stim_passive_temp_FE	expl_amygdala_R	exploratory_context	reg_success_z_down	33	0.03462794553967932	0.8482831604765625	0.11430481283422461	0.5264764662429087	0.993482655495808	0.9844867623367244
stim_passive_temp_FE	expl_amygdala_R	exploratory_context	success_asymmetry_z_up_minus_down	33	-0.10707030129545522	0.553137737476481	-0.09057486631016043	0.6161719493705241	0.993482655495808	0.9844867623367244
stim_passive_temp_FE	expl_amygdala_R	exploratory_context	task_separation_rating_z_up_minus_down	33	-0.027885456157636466	0.877575957322615	-0.016042780748663103	0.929391209708627	0.993482655495808	0.9844867623367244
stim_passive_temp_FE	expl_amygdala_R	exploratory_context	passive_sensory_slope_z	33	0.01074294883123711	0.9526848267015464	0.02306149732620321	0.8986342479576831	0.993482655495808	0.9844867623367244
stim_passive_temp_FE	expl_amygdala_R	exploratory_context	passive_withinrun_slope_z	33	0.16584211047695657	0.35633787632291924	0.10695187165775402	0.5535793598608968	0.993482655495808	0.9844867623367244
stim_passive_temp_FE	expl_amygdala_R	exploratory_context	passive_acrossrun_slope_z	33	0.2592946926307831	0.14507308989421083	0.15407754010695188	0.3919376373936643	0.993482655495808	0.9844867623367244
stim_passive_temp_FE	expl_hippocampus_L	exploratory_context	mean_reg_success_z	33	0.1459036491926058	0.41783441233632684	0.1808155080213904	0.3139412388654007	0.993482655495808	0.9844867623367244
stim_passive_temp_FE	expl_hippocampus_L	exploratory_context	reg_success_z_up	33	0.21212777560759738	0.2359616877253119	0.21022727272727276	0.2402838477334271	0.993482655495808	0.9844867623367244
stim_passive_temp_FE	expl_hippocampus_L	exploratory_context	reg_success_z_down	33	0.006699770517247875	0.970482141075354	0.15641711229946526	0.3846996046531259	0.993482655495808	0.9844867623367244
stim_passive_temp_FE	expl_hippocampus_L	exploratory_context	success_asymmetry_z_up_minus_down	33	0.17120785560744833	0.3407670952089525	0.15441176470588236	0.3908988526259167	0.993482655495808	0.9844867623367244
stim_passive_temp_FE	expl_hippocampus_L	exploratory_context	task_separation_rating_z_up_minus_down	33	0.13754046819822421	0.4452946870990751	0.16343582887700536	0.36345681074195	0.993482655495808	0.9844867623367244
stim_passive_temp_FE	expl_hippocampus_L	exploratory_context	passive_sensory_slope_z	33	0.25844464314086785	0.1464432029832179	0.29946524064171126	0.09044216389420168	0.993482655495808	0.9844867623367244
stim_passive_temp_FE	expl_hippocampus_L	exploratory_context	passive_withinrun_slope_z	33	-0.1429049514979462	0.4275696566125825	-0.11898395721925133	0.5095716695403048	0.993482655495808	0.9844867623367244
stim_passive_temp_FE	expl_hippocampus_L	exploratory_context	passive_acrossrun_slope_z	33	0.029266653408287123	0.871561042641417	0.1306818181818182	0.4685248746522628	0.993482655495808	0.9844867623367244
stim_passive_temp_FE	expl_hippocampus_R	exploratory_context	mean_reg_success_z	33	0.0350898874841684	0.8462830697938677	0.05113636363636364	0.7774726241623274	0.993482655495808	0.9844867623367244
stim_passive_temp_FE	expl_hippocampus_R	exploratory_context	reg_success_z_up	33	0.024047393835496332	0.8943244670141602	0.04378342245989305	0.8088309810788489	0.993482655495808	0.9844867623367244
stim_passive_temp_FE	expl_hippocampus_R	exploratory_context	reg_success_z_down	33	0.030988803706415324	0.8640712435201229	0.14772727272727273	0.4119752829385066	0.993482655495808	0.9844867623367244
stim_passive_temp_FE	expl_hippocampus_R	exploratory_context	success_asymmetry_z_up_minus_down	33	-0.0036583094977211254	0.9838797603915905	0.014705882352941178	0.9352624242198881	0.993482655495808	0.9844867623367244
stim_passive_temp_FE	expl_hippocampus_R	exploratory_context	task_separation_rating_z_up_minus_down	33	0.026952338423566376	0.8816433780098191	0.05882352941176471	0.7450541441461153	0.993482655495808	0.9844867623367244
stim_passive_temp_FE	expl_hippocampus_R	exploratory_context	passive_sensory_slope_z	33	-0.1335119914979907	0.45886269454889506	-0.1019385026737968	0.572423067803052	0.993482655495808	0.9844867623367244
stim_passive_temp_FE	expl_hippocampus_R	exploratory_context	passive_withinrun_slope_z	33	-0.06451454936093073	0.7213240572204255	-0.07419786096256685	0.6815375957464214	0.993482655495808	0.9844867623367244
stim_passive_temp_FE	expl_hippocampus_R	exploratory_context	passive_acrossrun_slope_z	33	0.14934526509253818	0.40681584207702237	0.10695187165775402	0.5535793598608968	0.993482655495808	0.9844867623367244
stim_passive_temp_FE	expl_hypothalamus	exploratory_context	mean_reg_success_z	33	-0.2239497785660522	0.21025129129254594	-0.18449197860962568	0.30403581138944186	0.993482655495808	0.9844867623367244
stim_passive_temp_FE	expl_hypothalamus	exploratory_context	reg_success_z_up	33	-0.0014789589823682226	0.993482655495808	-0.03877005347593583	0.8303834964050092	0.993482655495808	0.9844867623367244
stim_passive_temp_FE	expl_hypothalamus	exploratory_context	reg_success_z_down	33	-0.363343248289977	0.03767252893324714	-0.23663101604278075	0.18488965867590443	0.993482655495808	0.9844867623367244
stim_passive_temp_FE	expl_hypothalamus	exploratory_context	success_asymmetry_z_up_minus_down	33	0.2760250565750633	0.11997320776315333	0.29044117647058826	0.10106986067643947	0.993482655495808	0.9844867623367244
stim_passive_temp_FE	expl_hypothalamus	exploratory_context	task_separation_rating_z_up_minus_down	33	-0.2060352320418415	0.2500039972492991	-0.12733957219251338	0.48007168541307754	0.993482655495808	0.9844867623367244
stim_passive_temp_FE	expl_hypothalamus	exploratory_context	passive_sensory_slope_z	33	-0.04775987054926355	0.7918329069431722	-0.0875668449197861	0.6279815970315183	0.993482655495808	0.9844867623367244
stim_passive_temp_FE	expl_hypothalamus	exploratory_context	passive_withinrun_slope_z	33	-0.062081263212733634	0.7314405054573633	-0.0023395721925133692	0.9896903457319353	0.993482655495808	0.9896903457319353
stim_passive_temp_FE	expl_hypothalamus	exploratory_context	passive_acrossrun_slope_z	33	0.23798844386534287	0.18230845242962956	0.2510026737967915	0.15884209211351621	0.993482655495808	0.9844867623367244
stim_passive_temp_FE	reg_NAc_L	targeted_regulatory_value	mean_reg_success_z	33	-0.012976607861334876	0.9428617483221886	-0.10695187165775402	0.5535793598608968	0.9918829073733112	0.9464339713038684
stim_passive_temp_FE	reg_NAc_L	targeted_regulatory_value	reg_success_z_up	33	0.0011088964424385457	0.9951133914645314	-0.06851604278074867	0.7047887948411606	0.9951133914645314	0.9464339713038684
stim_passive_temp_FE	reg_NAc_L	targeted_regulatory_value	reg_success_z_down	33	-0.02235491976493383	0.9017247612667667	-0.17145721925133692	0.3400537012402106	0.9918829073733112	0.9464339713038684
stim_passive_temp_FE	reg_NAc_L	targeted_regulatory_value	success_asymmetry_z_up_minus_down	33	0.01797996021041442	0.9208903190216358	-0.0661764705882353	0.7144410036926252	0.9918829073733112	0.9464339713038684
stim_passive_temp_FE	reg_NAc_L	targeted_regulatory_value	task_separation_rating_z_up_minus_down	33	-0.04821310893277639	0.7899012577545949	-0.10528074866310161	0.5598283920731295	0.9918829073733112	0.9464339713038684
stim_passive_temp_FE	reg_NAc_L	targeted_regulatory_value	passive_sensory_slope_z	33	-0.12059334377124087	0.5038204156330671	-0.18181818181818182	0.31121997029175347	0.9918829073733112	0.9464339713038684
stim_passive_temp_FE	reg_NAc_L	targeted_regulatory_value	passive_withinrun_slope_z	33	-0.024634395221405647	0.8917598295511785	-0.15441176470588236	0.3908988526259167	0.9918829073733112	0.9464339713038684
stim_passive_temp_FE	reg_NAc_L	targeted_regulatory_value	passive_acrossrun_slope_z	33	0.1615364769483369	0.36913527555405573	0.14070855614973263	0.4347791567176632	0.9918829073733112	0.9464339713038684
stim_passive_temp_FE	reg_NAc_R	targeted_regulatory_value	mean_reg_success_z	33	-0.01998305853648899	0.9121091968068238	-0.05648395721925135	0.7548780969314797	0.9918829073733112	0.9464339713038684
stim_passive_temp_FE	reg_NAc_R	targeted_regulatory_value	reg_success_z_up	33	0.12834625879418876	0.4765783410592879	-0.032754010695187165	0.8564062242139914	0.9918829073733112	0.9644113834516221
stim_passive_temp_FE	reg_NAc_R	targeted_regulatory_value	reg_success_z_down	33	-0.1723711170737303	0.33744695649336404	-0.14872994652406418	0.40877363131776545	0.9918829073733112	0.9464339713038684
stim_passive_temp_FE	reg_NAc_R	targeted_regulatory_value	success_asymmetry_z_up_minus_down	33	0.23821146670800683	0.1818868071374762	0.09191176470588236	0.6109531521101034	0.9918829073733112	0.9464339713038684
stim_passive_temp_FE	reg_NAc_R	targeted_regulatory_value	task_separation_rating_z_up_minus_down	33	-0.0369926683135223	0.8380545680366069	-0.04578877005347594	0.8002475072362791	0.9918829073733112	0.9644113834516221
stim_passive_temp_FE	reg_NAc_R	targeted_regulatory_value	passive_sensory_slope_z	33	-0.0044812874673154325	0.9802539700276077	-0.08656417112299465	0.631938548223677	0.9918829073733112	0.9464339713038684
stim_passive_temp_FE	reg_NAc_R	targeted_regulatory_value	passive_withinrun_slope_z	33	-0.09294575232813515	0.606929644047821	-0.0855614973262032	0.6359055472641292	0.9918829073733112	0.9464339713038684
stim_passive_temp_FE	reg_NAc_R	targeted_regulatory_value	passive_acrossrun_slope_z	33	0.2632590048555244	0.13880649539798037	0.3315508021390374	0.05944560281481907	0.9918829073733112	0.9464339713038684
stim_passive_temp_FE	reg_PAG_sphere	targeted_regulatory_value	mean_reg_success_z	33	-0.010272213271861022	0.9547559250155203	0.006016042780748664	0.9734933960724184	0.9918829073733112	0.9734933960724184
stim_passive_temp_FE	reg_PAG_sphere	targeted_regulatory_value	reg_success_z_up	33	0.07564187130171285	0.675672941037323	0.10394385026737968	0.564850908472895	0.9918829073733112	0.9464339713038684
stim_passive_temp_FE	reg_PAG_sphere	targeted_regulatory_value	reg_success_z_down	33	-0.0991357470332939	0.5830823139501086	-0.1290106951871658	0.47427992651165907	0.9918829073733112	0.9464339713038684
stim_passive_temp_FE	reg_PAG_sphere	targeted_regulatory_value	success_asymmetry_z_up_minus_down	33	0.13852036052533925	0.44202759397782443	0.2413101604278075	0.17609946018216144	0.9918829073733112	0.9464339713038684
stim_passive_temp_FE	reg_PAG_sphere	targeted_regulatory_value	task_separation_rating_z_up_minus_down	33	-0.07345335456428286	0.684568498101785	-0.06951871657754011	0.7006658239714338	0.9918829073733112	0.9464339713038684
stim_passive_temp_FE	reg_PAG_sphere	targeted_regulatory_value	passive_sensory_slope_z	33	-0.04420302621839682	0.807033108731984	0.02840909090909091	0.8752947941525229	0.9918829073733112	0.9644113834516221
stim_passive_temp_FE	reg_PAG_sphere	targeted_regulatory_value	passive_withinrun_slope_z	33	0.02692802309200168	0.8817494076495849	-0.1410427807486631	0.43367780657980803	0.9918829073733112	0.9464339713038684
stim_passive_temp_FE	reg_PAG_sphere	targeted_regulatory_value	passive_acrossrun_slope_z	33	-0.03596652226137681	0.842490062525779	-0.013368983957219253	0.941136987858924	0.9918829073733112	0.9644113834516221
stim_passive_temp_FE	reg_SMA_preSMA	targeted_regulatory_value	mean_reg_success_z	33	0.028444196793702504	0.875141893850654	-0.02306149732620321	0.8986342479576831	0.9918829073733112	0.9644113834516221
stim_passive_temp_FE	reg_SMA_preSMA	targeted_regulatory_value	reg_success_z_up	33	-0.10449142719102657	0.5627912587170141	-0.14405080213903743	0.4238349288974864	0.9918829073733112	0.9464339713038684
stim_passive_temp_FE	reg_SMA_preSMA	targeted_regulatory_value	reg_success_z_down	33	0.16017478886553568	0.37323837928704456	0.1928475935828877	0.28226617928575826	0.9918829073733112	0.9464339713038684
stim_passive_temp_FE	reg_SMA_preSMA	targeted_regulatory_value	success_asymmetry_z_up_minus_down	33	-0.20907678886466974	0.24292590639169184	-0.3462566844919786	0.048388666587664	0.9918829073733112	0.9464339713038684
stim_passive_temp_FE	reg_SMA_preSMA	targeted_regulatory_value	task_separation_rating_z_up_minus_down	33	0.013923988284455437	0.9386978153292806	-0.017045454545454548	0.9249901786454771	0.9918829073733112	0.9644113834516221
stim_passive_temp_FE	reg_SMA_preSMA	targeted_regulatory_value	passive_sensory_slope_z	33	-0.14624419039881353	0.41673675712362745	-0.13101604278074866	0.46737829165493205	0.9918829073733112	0.9464339713038684
stim_passive_temp_FE	reg_SMA_preSMA	targeted_regulatory_value	passive_withinrun_slope_z	33	0.400862558112643	0.020783384861711555	0.2466577540106952	0.16642107693305488	0.9918829073733112	0.9464339713038684
stim_passive_temp_FE	reg_SMA_preSMA	targeted_regulatory_value	passive_acrossrun_slope_z	33	-0.09502502947880859	0.5988729426719435	-0.12399732620320857	0.4917642698479151	0.9918829073733112	0.9464339713038684
stim_passive_temp_FE	reg_anterior_insula_L	targeted_regulatory_value	mean_reg_success_z	33	-0.0882102154372863	0.6254479349635141	-0.1306818181818182	0.4685248746522628	0.9918829073733112	0.9464339713038684
stim_passive_temp_FE	reg_anterior_insula_L	targeted_regulatory_value	reg_success_z_up	33	-0.08202792196565319	0.6499645843600675	-0.1554144385026738	0.3877920516068778	0.9918829073733112	0.9464339713038684
stim_passive_temp_FE	reg_anterior_insula_L	targeted_regulatory_value	reg_success_z_down	33	-0.05439746976015183	0.7636713032530962	-0.026069518716577544	0.8854942873628043	0.9918829073733112	0.9644113834516221
stim_passive_temp_FE	reg_anterior_insula_L	targeted_regulatory_value	success_asymmetry_z_up_minus_down	33	-0.026672673806785955	0.8828630072313968	0.011697860962566845	0.9484844405922175	0.9918829073733112	0.9644113834516221
stim_passive_temp_FE	reg_anterior_insula_L	targeted_regulatory_value	task_separation_rating_z_up_minus_down	33	-0.037631260464205216	0.8352967255907611	-0.053810160427807494	0.7661517238575037	0.9918829073733112	0.9464339713038684
stim_passive_temp_FE	reg_anterior_insula_L	targeted_regulatory_value	passive_sensory_slope_z	33	0.2877909848255129	0.1043638158812716	0.3058155080213904	0.08349143066433228	0.9918829073733112	0.9464339713038684
stim_passive_temp_FE	reg_anterior_insula_L	targeted_regulatory_value	passive_withinrun_slope_z	33	-0.03282500694124367	0.8560982031905422	-0.13669786096256686	0.44811448366069073	0.9918829073733112	0.9464339713038684
stim_passive_temp_FE	reg_anterior_insula_L	targeted_regulatory_value	passive_acrossrun_slope_z	33	0.2944883314727454	0.09619231058041815	0.26036096256684493	0.14336769800032703	0.9918829073733112	0.9464339713038684
stim_passive_temp_FE	reg_anterior_insula_R	targeted_regulatory_value	mean_reg_success_z	33	0.12239457377183313	0.49742245151469927	0.21022727272727276	0.2402838477334271	0.9918829073733112	0.9464339713038684
stim_passive_temp_FE	reg_anterior_insula_R	targeted_regulatory_value	reg_success_z_up	33	0.1399057879707282	0.4374307318896162	0.2449866310160428	0.1694037865347705	0.9918829073733112	0.9464339713038684
stim_passive_temp_FE	reg_anterior_insula_R	targeted_regulatory_value	reg_success_z_down	33	0.047059426233456034	0.7948205063698189	0.17078877005347595	0.341968090287774	0.9918829073733112	0.9464339713038684
stim_passive_temp_FE	reg_anterior_insula_R	targeted_regulatory_value	success_asymmetry_z_up_minus_down	33	0.08038004969294194	0.6565620820563204	0.1768048128342246	0.32497454582472607	0.9918829073733112	0.9464339713038684
stim_passive_temp_FE	reg_anterior_insula_R	targeted_regulatory_value	task_separation_rating_z_up_minus_down	33	0.13694588014522469	0.4472834842926432	0.23763368983957223	0.18298056654138034	0.9918829073733112	0.9464339713038684
stim_passive_temp_FE	reg_anterior_insula_R	targeted_regulatory_value	passive_sensory_slope_z	33	0.38384674627067644	0.02743572583444675	0.4361631016042781	0.011166150969683528	0.9918829073733112	0.9464339713038684
stim_passive_temp_FE	reg_anterior_insula_R	targeted_regulatory_value	passive_withinrun_slope_z	33	-0.07257918586914568	0.688133429018032	-0.08689839572192513	0.6306184434927522	0.9918829073733112	0.9464339713038684
stim_passive_temp_FE	reg_anterior_insula_R	targeted_regulatory_value	passive_acrossrun_slope_z	33	-0.03546896279185632	0.8446424729896984	-0.09391711229946524	0.6031601242581388	0.9918829073733112	0.9464339713038684
stim_passive_temp_FE	reg_caudate_L	secondary_subcortical	mean_reg_success_z	33	-0.0749225494346187	0.6785920576003486	0.007687165775401069	0.9661341984993728	0.9593100217079163	0.9779099828020289
stim_passive_temp_FE	reg_caudate_L	secondary_subcortical	reg_success_z_up	33	-0.0715087494108228	0.6925077380955148	-0.00501336898395722	0.9779099828020289	0.9593100217079163	0.9779099828020289
stim_passive_temp_FE	reg_caudate_L	secondary_subcortical	reg_success_z_down	33	-0.044201973731134846	0.8070376171062538	0.11831550802139038	0.511969983443831	0.9907676329751238	0.914733511525268
stim_passive_temp_FE	reg_caudate_L	secondary_subcortical	success_asymmetry_z_up_minus_down	33	-0.025708979045158443	0.8870677265101137	-0.10327540106951873	0.5673698669462608	0.9907676329751238	0.914733511525268
stim_passive_temp_FE	reg_caudate_L	secondary_subcortical	task_separation_rating_z_up_minus_down	33	-0.08291778171893685	0.646412678545061	-0.009024064171122996	0.9602487855743722	0.9593100217079163	0.9779099828020289
stim_passive_temp_FE	reg_caudate_L	secondary_subcortical	passive_sensory_slope_z	33	0.009947725558323019	0.9561837456571607	0.07386363636363637	0.6828976306872525	0.9907676329751238	0.914733511525268
stim_passive_temp_FE	reg_caudate_L	secondary_subcortical	passive_withinrun_slope_z	33	-0.3191739411719725	0.07021775347463846	-0.21791443850267384	0.2231248178773673	0.9593100217079163	0.914733511525268
stim_passive_temp_FE	reg_caudate_L	secondary_subcortical	passive_acrossrun_slope_z	33	-0.10267222777199989	0.5696472222531986	-0.042446524064171126	0.8145655365132908	0.9593100217079163	0.9309320417294752
stim_passive_temp_FE	reg_caudate_R	secondary_subcortical	mean_reg_success_z	33	-0.01218994446569708	0.9463204298772452	-0.06149732620320855	0.73387493109816	0.9907676329751238	0.914733511525268
stim_passive_temp_FE	reg_caudate_R	secondary_subcortical	reg_success_z_up	33	0.0886732432718386	0.6236270788332021	0.015040106951871657	0.9337942947887252	0.9593100217079163	0.9779099828020289
stim_passive_temp_FE	reg_caudate_R	secondary_subcortical	reg_success_z_down	33	-0.11645586564908522	0.5186714744975536	-0.15909090909090912	0.3765234818652653	0.9593100217079163	0.914733511525268
stim_passive_temp_FE	reg_caudate_R	secondary_subcortical	success_asymmetry_z_up_minus_down	33	0.16256838181344502	0.3660437282440438	0.18649732620320858	0.29871699451325257	0.9593100217079163	0.914733511525268
stim_passive_temp_FE	reg_caudate_R	secondary_subcortical	task_separation_rating_z_up_minus_down	33	-0.03154698018384489	0.8616461372292967	-0.07453208556149733	0.6801785439521929	0.9907676329751238	0.914733511525268
stim_passive_temp_FE	reg_caudate_R	secondary_subcortical	passive_sensory_slope_z	33	0.1517855290173854	0.39910409149907206	0.17379679144385027	0.3334049058784846	0.9593100217079163	0.914733511525268
stim_passive_temp_FE	reg_caudate_R	secondary_subcortical	passive_withinrun_slope_z	33	-0.11199557152291685	0.5349184074553025	-0.07553475935828878	0.6761073250302029	0.9593100217079163	0.914733511525268
stim_passive_temp_FE	reg_caudate_R	secondary_subcortical	passive_acrossrun_slope_z	33	0.21650000598791566	0.22621771900700804	0.2667112299465241	0.1335128153138953	0.9593100217079163	0.914733511525268
stim_passive_temp_FE	reg_dlPFC_IFJ_L	targeted_regulatory_value	mean_reg_success_z	33	0.01865260087992017	0.9179405431022739	-0.06316844919786097	0.7269148990369839	0.9918829073733112	0.9464339713038684
stim_passive_temp_FE	reg_dlPFC_IFJ_L	targeted_regulatory_value	reg_success_z_up	33	-0.010960860445401226	0.9517261815971628	-0.13903743315508021	0.440308875721791	0.9918829073733112	0.9464339713038684
stim_passive_temp_FE	reg_dlPFC_IFJ_L	targeted_regulatory_value	reg_success_z_down	33	0.04233630224801822	0.8150387532775211	-0.027406417112299467	0.8796636910411236	0.9918829073733112	0.9644113834516221
stim_passive_temp_FE	reg_dlPFC_IFJ_L	targeted_regulatory_value	success_asymmetry_z_up_minus_down	33	-0.041415979704993576	0.8189924751856699	-0.23462566844919788	0.18874977548553618	0.9918829073733112	0.9464339713038684
stim_passive_temp_FE	reg_dlPFC_IFJ_L	targeted_regulatory_value	task_separation_rating_z_up_minus_down	33	0.008818187525650192	0.961154987548159	-0.0768716577540107	0.6706930244559344	0.9918829073733112	0.9464339713038684
stim_passive_temp_FE	reg_dlPFC_IFJ_L	targeted_regulatory_value	passive_sensory_slope_z	33	0.20401609174067617	0.2547776676371371	0.11564171122994654	0.5216188950016374	0.9918829073733112	0.9464339713038684
stim_passive_temp_FE	reg_dlPFC_IFJ_L	targeted_regulatory_value	passive_withinrun_slope_z	33	0.14791834236887946	0.4113640879379603	0.05681818181818182	0.7534723249161992	0.9918829073733112	0.9464339713038684
stim_passive_temp_FE	reg_dlPFC_IFJ_L	targeted_regulatory_value	passive_acrossrun_slope_z	33	0.204328187976429	0.2540358971851234	0.13435828877005349	0.45599421308400123	0.9918829073733112	0.9464339713038684
stim_passive_temp_FE	reg_dlPFC_IFJ_R	targeted_regulatory_value	mean_reg_success_z	33	0.22767389837313945	0.20256766679988455	0.1644385026737968	0.360480205447817	0.9918829073733112	0.9464339713038684
stim_passive_temp_FE	reg_dlPFC_IFJ_R	targeted_regulatory_value	reg_success_z_up	33	0.09393709765179879	0.603082673081695	0.022727272727272728	0.9000959400442231	0.9918829073733112	0.9644113834516221
stim_passive_temp_FE	reg_dlPFC_IFJ_R	targeted_regulatory_value	reg_success_z_down	33	0.26869850073117124	0.13053367441745894	0.22259358288770054	0.21309854921614158	0.9918829073733112	0.9464339713038684
stim_passive_temp_FE	reg_dlPFC_IFJ_R	targeted_regulatory_value	success_asymmetry_z_up_minus_down	33	-0.12695396848278886	0.48141329102067876	-0.27540106951871657	0.12084701973407488	0.9918829073733112	0.9464339713038684
stim_passive_temp_FE	reg_dlPFC_IFJ_R	targeted_regulatory_value	task_separation_rating_z_up_minus_down	33	0.20125678447378392	0.2613980890682022	0.15006684491978609	0.40452674589825	0.9918829073733112	0.9464339713038684
stim_passive_temp_FE	reg_dlPFC_IFJ_R	targeted_regulatory_value	passive_sensory_slope_z	33	0.17607171769050184	0.32701687772364746	0.12032085561497326	0.5047918747287523	0.9918829073733112	0.9464339713038684
stim_passive_temp_FE	reg_dlPFC_IFJ_R	targeted_regulatory_value	passive_withinrun_slope_z	33	0.1440955413519733	0.42368947717435945	0.14338235294117646	0.4260114292954966	0.9918829073733112	0.9464339713038684
stim_passive_temp_FE	reg_dlPFC_IFJ_R	targeted_regulatory_value	passive_acrossrun_slope_z	33	0.07021205475240708	0.6978197203321493	0.06885026737967914	0.7034135481112493	0.9918829073733112	0.9464339713038684
stim_passive_temp_FE	reg_mOFC	targeted_regulatory_value	mean_reg_success_z	33	-0.026674189601691295	0.8828563960715518	-0.08088235294117647	0.6545483098680834	0.9918829073733112	0.9464339713038684
stim_passive_temp_FE	reg_mOFC	targeted_regulatory_value	reg_success_z_up	33	-0.004186926551616302	0.9815507937548392	-0.03308823529411765	0.854956355062533	0.9918829073733112	0.9644113834516221
stim_passive_temp_FE	reg_mOFC	targeted_regulatory_value	reg_success_z_down	33	-0.03890816409557824	0.8297880540146356	-0.053810160427807494	0.7661517238575037	0.9918829073733112	0.9464339713038684
stim_passive_temp_FE	reg_mOFC	targeted_regulatory_value	success_asymmetry_z_up_minus_down	33	0.026209276466776538	0.8848844825655312	-0.01036096256684492	0.9543654315406678	0.9918829073733112	0.9644113834516221
stim_passive_temp_FE	reg_mOFC	targeted_regulatory_value	task_separation_rating_z_up_minus_down	33	-0.007084857056268136	0.9687863269526303	-0.027072192513368988	0.8811207707576416	0.9918829073733112	0.9644113834516221
stim_passive_temp_FE	reg_mOFC	targeted_regulatory_value	passive_sensory_slope_z	33	0.01215949080214174	0.9464543436393368	0.06049465240641711	0.7380609923298289	0.9918829073733112	0.9464339713038684
stim_passive_temp_FE	reg_mOFC	targeted_regulatory_value	passive_withinrun_slope_z	33	0.05590882800616681	0.7572989361381091	-0.11330213903743316	0.530133999825048	0.9918829073733112	0.9464339713038684
stim_passive_temp_FE	reg_mOFC	targeted_regulatory_value	passive_acrossrun_slope_z	33	0.21922096305365457	0.22029354421673178	0.21791443850267384	0.2231248178773673	0.9918829073733112	0.9464339713038684
stim_passive_temp_FE	reg_pgACC_rACC	targeted_regulatory_value	mean_reg_success_z	33	-0.09598632485441125	0.5951638084107812	-0.1483957219251337	0.40983928056969854	0.9918829073733112	0.9464339713038684
stim_passive_temp_FE	reg_pgACC_rACC	targeted_regulatory_value	reg_success_z_up	33	0.030623171545982847	0.8656604651150788	0.03542780748663102	0.8448205578157595	0.9918829073733112	0.9644113834516221
stim_passive_temp_FE	reg_pgACC_rACC	targeted_regulatory_value	reg_success_z_down	33	-0.18977925489472947	0.29014050683040077	-0.29211229946524064	0.09903365248725311	0.9918829073733112	0.9464339713038684
stim_passive_temp_FE	reg_pgACC_rACC	targeted_regulatory_value	success_asymmetry_z_up_minus_down	33	0.17026775147954323	0.3434647843335252	0.14371657754010697	0.4249224051589565	0.9918829073733112	0.9464339713038684
stim_passive_temp_FE	reg_pgACC_rACC	targeted_regulatory_value	task_separation_rating_z_up_minus_down	33	-0.09124656185381963	0.6135475510792456	-0.13168449197860962	0.46508956911767874	0.9918829073733112	0.9464339713038684
stim_passive_temp_FE	reg_pgACC_rACC	targeted_regulatory_value	passive_sensory_slope_z	33	-0.012327951165295451	0.9457135917435951	-0.05314171122994653	0.7689776016843931	0.9918829073733112	0.9464339713038684
stim_passive_temp_FE	reg_pgACC_rACC	targeted_regulatory_value	passive_withinrun_slope_z	33	0.030832364457260317	0.86475114370332	-0.061163101604278076	0.7352694561427336	0.9918829073733112	0.9464339713038684
stim_passive_temp_FE	reg_pgACC_rACC	targeted_regulatory_value	passive_acrossrun_slope_z	33	0.31333472650867955	0.07580132601550783	0.3345588235294118	0.05703560922668791	0.9918829073733112	0.9464339713038684
stim_passive_temp_FE	reg_putamen_L	secondary_subcortical	mean_reg_success_z	33	0.22245374634173487	0.21339362557060207	0.24832887700534761	0.1634760905602663	0.9593100217079163	0.914733511525268
stim_passive_temp_FE	reg_putamen_L	secondary_subcortical	reg_success_z_up	33	0.11588423314687482	0.5207400557983823	0.2035427807486631	0.255905333012112	0.9593100217079163	0.914733511525268
stim_passive_temp_FE	reg_putamen_L	secondary_subcortical	reg_success_z_down	33	0.23628482654057664	0.18555204548179774	0.2774064171122995	0.11805553575683285	0.9593100217079163	0.914733511525268
stim_passive_temp_FE	reg_putamen_L	secondary_subcortical	success_asymmetry_z_up_minus_down	33	-0.08397782340458536	0.6421914686674949	-0.05247326203208557	0.7718064003494449	0.9593100217079163	0.914733511525268
stim_passive_temp_FE	reg_putamen_L	secondary_subcortical	task_separation_rating_z_up_minus_down	33	0.2141112013903248	0.23150702261313347	0.2413101604278075	0.17609946018216144	0.9593100217079163	0.914733511525268
stim_passive_temp_FE	reg_putamen_L	secondary_subcortical	passive_sensory_slope_z	33	0.1443446062202779	0.4228802496685825	0.12132352941176472	0.501221832595384	0.9593100217079163	0.914733511525268
stim_passive_temp_FE	reg_putamen_L	secondary_subcortical	passive_withinrun_slope_z	33	0.08421099673548753	0.6412644119473946	0.1233288770053476	0.49412008966351806	0.9593100217079163	0.914733511525268
stim_passive_temp_FE	reg_putamen_L	secondary_subcortical	passive_acrossrun_slope_z	33	-0.026805687159184473	0.882282897281798	-0.05314171122994653	0.7689776016843931	0.9907676329751238	0.914733511525268
stim_passive_temp_FE	reg_putamen_R	secondary_subcortical	mean_reg_success_z	33	0.14135042895510944	0.4326653888378424	0.19819518716577542	0.2688749474117801	0.9593100217079163	0.914733511525268
stim_passive_temp_FE	reg_putamen_R	secondary_subcortical	reg_success_z_up	33	0.11097127340039481	0.5386836135918589	0.16243315508021391	0.3664479855237246	0.9593100217079163	0.914733511525268
stim_passive_temp_FE	reg_putamen_R	secondary_subcortical	reg_success_z_down	33	0.1094684298769406	0.5442306595365015	0.08288770053475936	0.6465326241586704	0.9593100217079163	0.914733511525268
stim_passive_temp_FE	reg_putamen_R	secondary_subcortical	success_asymmetry_z_up_minus_down	33	0.008707634516372117	0.9616416256677466	0.07820855614973263	0.6652949317765311	0.9907676329751238	0.914733511525268
stim_passive_temp_FE	reg_putamen_R	secondary_subcortical	task_separation_rating_z_up_minus_down	33	0.12082520654536558	0.5029945311704983	0.16310160427807488	0.36445225131769754	0.9593100217079163	0.914733511525268
stim_passive_temp_FE	reg_putamen_R	secondary_subcortical	passive_sensory_slope_z	33	-0.06495867778343593	0.7194825162809373	-0.17780748663101606	0.322194001265344	0.9593100217079163	0.914733511525268
stim_passive_temp_FE	reg_putamen_R	secondary_subcortical	passive_withinrun_slope_z	33	-0.0020950921742840553	0.9907676329751238	0.0645053475935829	0.7213622278574703	0.9907676329751238	0.914733511525268
stim_passive_temp_FE	reg_putamen_R	secondary_subcortical	passive_acrossrun_slope_z	33	0.0756931905637256	0.6754648562008719	0.15106951871657756	0.4013581166223674	0.9593100217079163	0.914733511525268
stim_passive_temp_FE	reg_vmPFC	targeted_regulatory_value	mean_reg_success_z	33	-0.13950128149404553	0.43877017745366503	-0.21356951871657756	0.23271793505045704	0.9918829073733112	0.9464339713038684
stim_passive_temp_FE	reg_vmPFC	targeted_regulatory_value	reg_success_z_up	33	-0.1185534226426399	0.5111157337139588	-0.12767379679144386	0.4789104095323652	0.9918829073733112	0.9464339713038684
stim_passive_temp_FE	reg_vmPFC	targeted_regulatory_value	reg_success_z_down	33	-0.09819585747560466	0.5866764269556876	-0.24030748663101606	0.17795765626557253	0.9918829073733112	0.9464339713038684
stim_passive_temp_FE	reg_vmPFC	targeted_regulatory_value	success_asymmetry_z_up_minus_down	33	-0.02361160365593256	0.8962291363604092	-0.021724598930481284	0.9044829307460704	0.9918829073733112	0.9644113834516221
stim_passive_temp_FE	reg_vmPFC	targeted_regulatory_value	task_separation_rating_z_up_minus_down	33	-0.1418662943983883	0.4309706862346005	-0.2195855614973262	0.21950784159421885	0.9918829073733112	0.9464339713038684
stim_passive_temp_FE	reg_vmPFC	targeted_regulatory_value	passive_sensory_slope_z	33	-0.030476889744399254	0.866296424551336	-0.06283422459893048	0.7283052128479877	0.9918829073733112	0.9464339713038684
stim_passive_temp_FE	reg_vmPFC	targeted_regulatory_value	passive_withinrun_slope_z	33	-0.023243452706594177	0.8978386245536545	-0.08121657754010696	0.6532096995488069	0.9918829073733112	0.9464339713038684
stim_passive_temp_FE	reg_vmPFC	targeted_regulatory_value	passive_acrossrun_slope_z	33	-0.01926679488604721	0.9152480138487691	0.024398395721925134	0.8927907948752833	0.9918829073733112	0.9644113834516221
stim_passive_temp_FE	reg_vmPFC_mOFC	targeted_regulatory_value	mean_reg_success_z	33	-0.11605367923143184	0.5201264558715646	-0.2149064171122995	0.2297370643322871	0.9918829073733112	0.9464339713038684
stim_passive_temp_FE	reg_vmPFC_mOFC	targeted_regulatory_value	reg_success_z_up	33	-0.08996978811548029	0.6185400667014739	-0.1413770053475936	0.4325779915405583	0.9918829073733112	0.9464339713038684
stim_passive_temp_FE	reg_vmPFC_mOFC	targeted_regulatory_value	reg_success_z_down	33	-0.09112089705196234	0.6140381825768491	-0.1915106951871658	0.28567997875535706	0.9918829073733112	0.9464339713038684
stim_passive_temp_FE	reg_vmPFC_mOFC	targeted_regulatory_value	success_asymmetry_z_up_minus_down	33	-0.005251591441809122	0.9768605952106887	-0.05581550802139038	0.7576919536696729	0.9918829073733112	0.9464339713038684
stim_passive_temp_FE	reg_vmPFC_mOFC	targeted_regulatory_value	task_separation_rating_z_up_minus_down	33	-0.10863359506614098	0.5473236791842003	-0.19451871657754014	0.2780360639635026	0.9918829073733112	0.9464339713038684
stim_passive_temp_FE	reg_vmPFC_mOFC	targeted_regulatory_value	passive_sensory_slope_z	33	-0.016929065080067827	0.9255009368598318	-0.019050802139037436	0.916194787986969	0.9918829073733112	0.9644113834516221
stim_passive_temp_FE	reg_vmPFC_mOFC	targeted_regulatory_value	passive_withinrun_slope_z	33	0.008933162614566122	0.9606488986808873	-0.11330213903743316	0.530133999825048	0.9918829073733112	0.9464339713038684
stim_passive_temp_FE	reg_vmPFC_mOFC	targeted_regulatory_value	passive_acrossrun_slope_z	33	0.08838166561005023	0.6247734534163081	0.13970588235294118	0.4380924011633607	0.9918829073733112	0.9464339713038684
stim_passive_temp_FE	sensory_S1_L	targeted_sensory	mean_reg_success_z	33	0.19708540933795965	0.2716193014052523	0.14906417112299467	0.407709551863366	0.9721339591727436	0.9717220910690788
stim_passive_temp_FE	sensory_S1_L	targeted_sensory	reg_success_z_up	33	0.14400038078843433	0.42399888710303485	0.12065508021390375	0.5036004468412304	0.9721339591727436	0.9717220910690788
stim_passive_temp_FE	sensory_S1_L	targeted_sensory	reg_success_z_down	33	0.16431731761242405	0.3608391888239147	0.11898395721925133	0.5095716695403048	0.9721339591727436	0.9717220910690788
stim_passive_temp_FE	sensory_S1_L	targeted_sensory	success_asymmetry_z_up_minus_down	33	-0.005691876442826433	0.9749212086262503	-0.10995989304812835	0.5424136858461404	0.9970517217696937	0.9717220910690788
stim_passive_temp_FE	sensory_S1_L	targeted_sensory	task_separation_rating_z_up_minus_down	33	0.15506613319292098	0.3888696557486334	0.09725935828877007	0.5902672492299021	0.9721339591727436	0.9717220910690788
stim_passive_temp_FE	sensory_S1_L	targeted_sensory	passive_sensory_slope_z	33	-0.17392532143396022	0.333041965267958	-0.3612967914438503	0.03884450133161955	0.9721339591727436	0.8888898422780722
stim_passive_temp_FE	sensory_S1_L	targeted_sensory	passive_withinrun_slope_z	33	0.17590180370119168	0.3274913701590843	0.10929144385026739	0.5448856929339969	0.9721339591727436	0.9717220910690788
stim_passive_temp_FE	sensory_S1_L	targeted_sensory	passive_acrossrun_slope_z	33	-0.271074639610528	0.1270362694777069	-0.18114973262032086	0.31303250106105496	0.9721339591727436	0.9717220910690788
stim_passive_temp_FE	sensory_S1_R	targeted_sensory	mean_reg_success_z	33	0.19311225777339053	0.2815934850693721	0.15140374331550802	0.4003050633718558	0.9721339591727436	0.9717220910690788
stim_passive_temp_FE	sensory_S1_R	targeted_sensory	reg_success_z_up	33	0.14110601305281908	0.4334696136229442	0.16143048128342247	0.3694537061719527	0.9721339591727436	0.9717220910690788
stim_passive_temp_FE	sensory_S1_R	targeted_sensory	reg_success_z_down	33	0.16099537265687752	0.3707625531334886	0.1524064171122995	0.3971553911306439	0.9721339591727436	0.9717220910690788
stim_passive_temp_FE	sensory_S1_R	targeted_sensory	success_asymmetry_z_up_minus_down	33	-0.00556281098551301	0.9754897076683448	-0.06851604278074867	0.7047887948411606	0.9970517217696937	0.9717220910690788
stim_passive_temp_FE	sensory_S1_R	targeted_sensory	task_separation_rating_z_up_minus_down	33	0.1517602076860521	0.39918368016589395	0.1290106951871658	0.47427992651165907	0.9721339591727436	0.9717220910690788
stim_passive_temp_FE	sensory_S1_R	targeted_sensory	passive_sensory_slope_z	33	-0.2437738374157699	0.1715921760548	-0.34324866310160435	0.050505104674890465	0.9721339591727436	0.8888898422780722
stim_passive_temp_FE	sensory_S1_R	targeted_sensory	passive_withinrun_slope_z	33	0.03380329624038003	0.8518559834717923	0.051804812834224605	0.7746380858703223	0.9970517217696937	0.9720865061467862
stim_passive_temp_FE	sensory_S1_R	targeted_sensory	passive_acrossrun_slope_z	33	-0.2402914167039158	0.17798755022389143	-0.23262032085561501	0.1926660345301614	0.9721339591727436	0.9717220910690788
stim_passive_temp_FE	sensory_S2_operculum_L	targeted_sensory	mean_reg_success_z	33	-0.021956083224702945	0.9034698685130189	-0.08589572192513369	0.634582103550744	0.9970517217696937	0.9717220910690788
stim_passive_temp_FE	sensory_S2_operculum_L	targeted_sensory	reg_success_z_up	33	-0.005442874138867147	0.976018008223042	-0.01771390374331551	0.9220573619772838	0.9970517217696937	0.9880489173597501
stim_passive_temp_FE	sensory_S2_operculum_L	targeted_sensory	reg_success_z_down	33	-0.029851327423462876	0.8690169775767008	-0.01570855614973262	0.9308586828074159	0.9970517217696937	0.9880489173597501
stim_passive_temp_FE	sensory_S2_operculum_L	targeted_sensory	success_asymmetry_z_up_minus_down	33	0.018254383858475418	0.919686743545497	-0.054812834224598934	0.7619184577700732	0.9970517217696937	0.9717220910690788
stim_passive_temp_FE	sensory_S2_operculum_L	targeted_sensory	task_separation_rating_z_up_minus_down	33	-0.0633599608290972	0.7261186301133422	-0.10227272727272728	0.5711578644496516	0.9970517217696937	0.9717220910690788
stim_passive_temp_FE	sensory_S2_operculum_L	targeted_sensory	passive_sensory_slope_z	33	-0.0006690371982111427	0.9970517217696937	-0.07720588235294118	0.6693419725577864	0.9970517217696937	0.9717220910690788
stim_passive_temp_FE	sensory_S2_operculum_L	targeted_sensory	passive_withinrun_slope_z	33	-0.04275173429089637	0.8132555095714552	0.10394385026737968	0.564850908472895	0.9970517217696937	0.9717220910690788
stim_passive_temp_FE	sensory_S2_operculum_L	targeted_sensory	passive_acrossrun_slope_z	33	0.14193389073040547	0.43074889277400213	0.21390374331550804	0.23197028416660867	0.9721339591727436	0.9717220910690788
stim_passive_temp_FE	sensory_S2_operculum_R	targeted_sensory	mean_reg_success_z	33	0.011623760600666229	0.9488103396763486	-0.05514705882352942	0.7605088661288665	0.9970517217696937	0.9717220910690788
stim_passive_temp_FE	sensory_S2_operculum_R	targeted_sensory	reg_success_z_up	33	-0.05801557519878344	0.7484424079790494	-0.0965909090909091	0.5928361548232959	0.9970517217696937	0.9717220910690788
stim_passive_temp_FE	sensory_S2_operculum_R	targeted_sensory	reg_success_z_down	33	0.08213812592379938	0.649524288989836	0.15641711229946526	0.3846996046531259	0.9970517217696937	0.9717220910690788
stim_passive_temp_FE	sensory_S2_operculum_R	targeted_sensory	success_asymmetry_z_up_minus_down	33	-0.11089913325526662	0.5389492681222939	-0.14772727272727273	0.4119752829385066	0.9721339591727436	0.9717220910690788
stim_passive_temp_FE	sensory_S2_operculum_R	targeted_sensory	task_separation_rating_z_up_minus_down	33	-0.033919613898485745	0.8513518561881563	-0.07653743315508023	0.6720450893584659	0.9970517217696937	0.9717220910690788
stim_passive_temp_FE	sensory_S2_operculum_R	targeted_sensory	passive_sensory_slope_z	33	0.20317899047382482	0.2567743019147149	0.19385026737967917	0.2797231598232803	0.9721339591727436	0.9717220910690788
stim_passive_temp_FE	sensory_S2_operculum_R	targeted_sensory	passive_withinrun_slope_z	33	-0.139978323305758	0.43719078184371635	-0.02038770053475936	0.9103365440548119	0.9721339591727436	0.9880489173597501
stim_passive_temp_FE	sensory_S2_operculum_R	targeted_sensory	passive_acrossrun_slope_z	33	-0.0848898490512441	0.6385684434949409	-0.08622994652406417	0.6332597693885482	0.9970517217696937	0.9717220910690788
stim_passive_temp_FE	sensory_dACC_MCC	targeted_sensory	mean_reg_success_z	33	-0.26583478899759927	0.13484247044877334	-0.3626336898395722	0.03807559909967064	0.9721339591727436	0.8888898422780722
stim_passive_temp_FE	sensory_dACC_MCC	targeted_sensory	reg_success_z_up	33	-0.11787545106934494	0.5135519038844404	-0.1911764705882353	0.28653755555956745	0.9721339591727436	0.9717220910690788
stim_passive_temp_FE	sensory_dACC_MCC	targeted_sensory	reg_success_z_down	33	-0.3048106659344799	0.08456300729707339	-0.41778074866310166	0.015553292642919174	0.9721339591727436	0.8888898422780722
stim_passive_temp_FE	sensory_dACC_MCC	targeted_sensory	success_asymmetry_z_up_minus_down	33	0.13461236788175965	0.4551349004534233	0.08589572192513369	0.634582103550744	0.9721339591727436	0.9717220910690788
stim_passive_temp_FE	sensory_dACC_MCC	targeted_sensory	task_separation_rating_z_up_minus_down	33	-0.2962117425355386	0.0941705065535764	-0.357620320855615	0.04102379733457732	0.9721339591727436	0.8888898422780722
stim_passive_temp_FE	sensory_dACC_MCC	targeted_sensory	passive_sensory_slope_z	33	-0.15227997773646063	0.397551786839378	-0.2750668449197861	0.12131699972096621	0.9721339591727436	0.9175897694127029
stim_passive_temp_FE	sensory_dACC_MCC	targeted_sensory	passive_withinrun_slope_z	33	0.06700179902822645	0.7110309537539952	-0.030414438502673797	0.8665679561192239	0.9970517217696937	0.9880489173597501
stim_passive_temp_FE	sensory_dACC_MCC	targeted_sensory	passive_acrossrun_slope_z	33	0.17999881487680525	0.3161687140851973	0.1985294117647059	0.2680520068083983	0.9721339591727436	0.9717220910690788
stim_passive_temp_FE	sensory_insula_all_L	targeted_sensory	mean_reg_success_z	33	0.030791695712016037	0.8649279096336044	0.04512032085561497	0.8031061703437151	0.9970517217696937	0.9720865061467862
stim_passive_temp_FE	sensory_insula_all_L	targeted_sensory	reg_success_z_up	33	-0.05526172206651728	0.7600254479629585	0.0106951871657754	0.9528949503889094	0.9970517217696937	0.9880489173597501
stim_passive_temp_FE	sensory_insula_all_L	targeted_sensory	reg_success_z_down	33	0.1103749381848988	0.5408814778096417	0.14037433155080214	0.43588204030405986	0.9721339591727436	0.9717220910690788
stim_passive_temp_FE	sensory_insula_all_L	targeted_sensory	success_asymmetry_z_up_minus_down	33	-0.13015664704107033	0.4703295003532064	-0.05915775401069519	0.743653894612581	0.9721339591727436	0.9717220910690788
stim_passive_temp_FE	sensory_insula_all_L	targeted_sensory	task_separation_rating_z_up_minus_down	33	0.06897129044109601	0.7029157970172683	0.11530748663101605	0.5228312294083539	0.9970517217696937	0.9717220910690788
stim_passive_temp_FE	sensory_insula_all_L	targeted_sensory	passive_sensory_slope_z	33	0.20629811392416272	0.24938688913028856	0.22359625668449198	0.2109909558237476	0.9721339591727436	0.9717220910690788
stim_passive_temp_FE	sensory_insula_all_L	targeted_sensory	passive_withinrun_slope_z	33	0.06950619233619404	0.7007172719748052	-0.06550802139037433	0.7172068500953872	0.9970517217696937	0.9717220910690788
stim_passive_temp_FE	sensory_insula_all_L	targeted_sensory	passive_acrossrun_slope_z	33	0.20155192935648358	0.26068459819660056	0.1821524064171123	0.31031617781514	0.9721339591727436	0.9717220910690788
stim_passive_temp_FE	sensory_insula_all_R	targeted_sensory	mean_reg_success_z	33	-0.020054925310346302	0.9117943327497587	-0.0023395721925133692	0.9896903457319353	0.9970517217696937	0.9926358658152478
stim_passive_temp_FE	sensory_insula_all_R	targeted_sensory	reg_success_z_up	33	-0.03480983438758023	0.8474955166392972	0.004010695187165776	0.9823272134277938	0.9970517217696937	0.9926358658152478
stim_passive_temp_FE	sensory_insula_all_R	targeted_sensory	reg_success_z_down	33	0.005235965692405621	0.9769294266475211	0.08288770053475936	0.6465326241586704	0.9970517217696937	0.9717220910690788
stim_passive_temp_FE	sensory_insula_all_R	targeted_sensory	success_asymmetry_z_up_minus_down	33	-0.03292924969038165	0.8556459782030996	0.06016042780748663	0.73945799530583	0.9970517217696937	0.9717220910690788
stim_passive_temp_FE	sensory_insula_all_R	targeted_sensory	task_separation_rating_z_up_minus_down	33	-0.021341920045750598	0.9061580007460514	0.02339572192513369	0.8971728827314497	0.9970517217696937	0.9880489173597501
stim_passive_temp_FE	sensory_insula_all_R	targeted_sensory	passive_sensory_slope_z	33	0.3001633720989983	0.08965705892272813	0.28308823529411764	0.11040751111644799	0.9721339591727436	0.9175897694127029
stim_passive_temp_FE	sensory_insula_all_R	targeted_sensory	passive_withinrun_slope_z	33	-0.047365264129315444	0.7935156639281433	-0.022058823529411766	0.9030202861132655	0.9970517217696937	0.9880489173597501
stim_passive_temp_FE	sensory_insula_all_R	targeted_sensory	passive_acrossrun_slope_z	33	0.008738024240347267	0.9615078532021171	-0.04344919786096257	0.8102637173955713	0.9970517217696937	0.9720865061467862
stim_passive_temp_FE	sensory_posterior_insula_L	targeted_sensory	mean_reg_success_z	33	0.1584692804165757	0.378415186542355	0.1644385026737968	0.360480205447817	0.9721339591727436	0.9717220910690788
stim_passive_temp_FE	sensory_posterior_insula_L	targeted_sensory	reg_success_z_up	33	0.024403902026802305	0.8927667385780124	0.11397058823529413	0.5276942812247967	0.9970517217696937	0.9717220910690788
stim_passive_temp_FE	sensory_posterior_insula_L	targeted_sensory	reg_success_z_down	33	0.23166266401046764	0.19455613629149204	0.2757352941176471	0.12037839527912197	0.9721339591727436	0.9175897694127029
stim_passive_temp_FE	sensory_posterior_insula_L	targeted_sensory	success_asymmetry_z_up_minus_down	33	-0.15648909624471358	0.38447814479226633	-0.11998663101604279	0.5059847133181785	0.9721339591727436	0.9717220910690788
stim_passive_temp_FE	sensory_posterior_insula_L	targeted_sensory	task_separation_rating_z_up_minus_down	33	0.15371076999005506	0.39307940509836276	0.1931818181818182	0.2814168558467061	0.9721339591727436	0.9717220910690788
stim_passive_temp_FE	sensory_posterior_insula_L	targeted_sensory	passive_sensory_slope_z	33	0.2570914555864628	0.14864365061272491	0.3004679144385027	0.08931621488076892	0.9721339591727436	0.9175897694127029
stim_passive_temp_FE	sensory_posterior_insula_L	targeted_sensory	passive_withinrun_slope_z	33	0.11937713216627689	0.5081636225098173	-0.04177807486631016	0.8174363801688884	0.9721339591727436	0.9720865061467862
stim_passive_temp_FE	sensory_posterior_insula_L	targeted_sensory	passive_acrossrun_slope_z	33	0.09139216481020801	0.612979281017292	0.015374331550802138	0.9323263794090122	0.9970517217696937	0.9880489173597501
stim_passive_temp_FE	sensory_posterior_insula_R	targeted_sensory	mean_reg_success_z	33	-0.07622040983410672	0.6733285013668817	-0.06885026737967914	0.7034135481112493	0.9970517217696937	0.9717220910690788
stim_passive_temp_FE	sensory_posterior_insula_R	targeted_sensory	reg_success_z_up	33	-0.12770635760345042	0.4787973537819695	-0.05514705882352942	0.7605088661288665	0.9721339591727436	0.9717220910690788
stim_passive_temp_FE	sensory_posterior_insula_R	targeted_sensory	reg_success_z_down	33	0.014898457386247097	0.934416484936895	0.03342245989304813	0.8535069513307668	0.9970517217696937	0.9880489173597501
stim_passive_temp_FE	sensory_posterior_insula_R	targeted_sensory	success_asymmetry_z_up_minus_down	33	-0.11751777250117966	0.5148394692815814	0.03108288770053476	0.8636623913768098	0.9721339591727436	0.9880489173597501
stim_passive_temp_FE	sensory_posterior_insula_R	targeted_sensory	task_separation_rating_z_up_minus_down	33	-0.084802238478634	0.6389161225959459	-0.06751336898395723	0.7089200268066291	0.9970517217696937	0.9717220910690788
stim_passive_temp_FE	sensory_posterior_insula_R	targeted_sensory	passive_sensory_slope_z	33	0.2335813146973046	0.1907822791587578	0.2503342245989305	0.15999162880662962	0.9721339591727436	0.9717220910690788
stim_passive_temp_FE	sensory_posterior_insula_R	targeted_sensory	passive_withinrun_slope_z	33	0.045997398990828976	0.7993558118413155	0.01036096256684492	0.9543654315406678	0.9970517217696937	0.9880489173597501
stim_passive_temp_FE	sensory_posterior_insula_R	targeted_sensory	passive_acrossrun_slope_z	33	-0.006035200095205365	0.9734090188700182	-0.04578877005347594	0.8002475072362791	0.9970517217696937	0.9720865061467862
stim_passive_temp_FE	sensory_thalamus_L	targeted_sensory	mean_reg_success_z	33	-0.2120668249116101	0.23609948602575523	-0.24197860962566844	0.17486832800930693	0.9721339591727436	0.9717220910690788
stim_passive_temp_FE	sensory_thalamus_L	targeted_sensory	reg_success_z_up	33	-0.2131132054227752	0.2337413161987845	-0.20153743315508021	0.2607196117538535	0.9721339591727436	0.9717220910690788
stim_passive_temp_FE	sensory_thalamus_L	targeted_sensory	reg_success_z_down	33	-0.11344754845337403	0.5296028185677231	-0.11731283422459894	0.5155779205106487	0.9721339591727436	0.9717220910690788
stim_passive_temp_FE	sensory_thalamus_L	targeted_sensory	success_asymmetry_z_up_minus_down	33	-0.09057149429704951	0.6161851360567726	-0.12366310160427807	0.49294146286781126	0.9970517217696937	0.9717220910690788
stim_passive_temp_FE	sensory_thalamus_L	targeted_sensory	task_separation_rating_z_up_minus_down	33	-0.17208194963393597	0.33827043587728245	-0.18750000000000003	0.2960798714764273	0.9721339591727436	0.9717220910690788
stim_passive_temp_FE	sensory_thalamus_L	targeted_sensory	passive_sensory_slope_z	33	0.07191442038786386	0.690848818206273	0.09692513368983958	0.5915510929665697	0.9970517217696937	0.9717220910690788
stim_passive_temp_FE	sensory_thalamus_L	targeted_sensory	passive_withinrun_slope_z	33	0.15185413777489018	0.39888848971921986	0.13368983957219252	0.4582590909752243	0.9721339591727436	0.9717220910690788
stim_passive_temp_FE	sensory_thalamus_L	targeted_sensory	passive_acrossrun_slope_z	33	0.11403552685623339	0.5274575573902939	0.0752005347593583	0.6774634048445489	0.9721339591727436	0.9717220910690788
stim_passive_temp_FE	sensory_thalamus_R	targeted_sensory	mean_reg_success_z	33	-0.19473887350020375	0.27748185557110105	-0.2800802139037434	0.11440871411412269	0.9721339591727436	0.9175897694127029
stim_passive_temp_FE	sensory_thalamus_R	targeted_sensory	reg_success_z_up	33	-0.29356473733443883	0.09728931578758453	-0.3205213903743316	0.06897604750622281	0.9721339591727436	0.9175897694127029
stim_passive_temp_FE	sensory_thalamus_R	targeted_sensory	reg_success_z_down	33	0.002425521341682113	0.9893116198623345	0.0016711229946524066	0.9926358658152478	0.9970517217696937	0.9926358658152478
stim_passive_temp_FE	sensory_thalamus_R	targeted_sensory	success_asymmetry_z_up_minus_down	33	-0.24586129401809118	0.16783792447954193	-0.27239304812834225	0.12512587764718675	0.9721339591727436	0.9175897694127029
stim_passive_temp_FE	sensory_thalamus_R	targeted_sensory	task_separation_rating_z_up_minus_down	33	-0.14829217364676786	0.4101697545355907	-0.21323529411764705	0.2334672093154271	0.9721339591727436	0.9717220910690788
stim_passive_temp_FE	sensory_thalamus_R	targeted_sensory	passive_sensory_slope_z	33	-0.10713414792966126	0.5528997224479113	-0.15508021390374332	0.3888260585713065	0.9721339591727436	0.9717220910690788
stim_passive_temp_FE	sensory_thalamus_R	targeted_sensory	passive_withinrun_slope_z	33	0.10433060466973518	0.56339581724784	0.16945187165775402	0.34581648231955997	0.9721339591727436	0.9717220910690788
stim_passive_temp_FE	sensory_thalamus_R	targeted_sensory	passive_acrossrun_slope_z	33	0.10648054644155241	0.5553385498160033	0.13201871657754014	0.46394743354607615	0.9721339591727436	0.9717220910690788
stim_up_FE	expl_amygdala_L	exploratory_context	mean_reg_success_z	33	-0.14505926408994294	0.4205630639234771	-0.21390374331550804	0.23197028416660867	0.6768773982912489	0.9218593596033873
stim_up_FE	expl_amygdala_L	exploratory_context	reg_success_z_up	33	-0.05551782298948651	0.7589460530666272	-0.10394385026737968	0.564850908472895	0.8179959259856407	0.9218593596033873
stim_up_FE	expl_amygdala_L	exploratory_context	reg_success_z_down	33	-0.17591729638053646	0.3274480885642993	-0.31517379679144386	0.07400684967219391	0.6768773982912489	0.7302186768893512
stim_up_FE	expl_amygdala_L	exploratory_context	success_asymmetry_z_up_minus_down	33	0.08808994716283329	0.6259212459345895	0.20020053475935828	0.2639620005574443	0.8076403173349542	0.9218593596033873
stim_up_FE	expl_amygdala_L	exploratory_context	task_separation_rating_z_up_minus_down	33	-0.1458407388511254	0.41803736618035364	-0.23429144385026737	0.18939857914702957	0.6768773982912489	0.9218593596033873
stim_up_FE	expl_amygdala_L	exploratory_context	passive_sensory_slope_z	33	0.17151678184564814	0.33988343585862485	0.0982620320855615	0.586423057886333	0.6768773982912489	0.9218593596033873
stim_up_FE	expl_amygdala_L	exploratory_context	passive_withinrun_slope_z	33	-0.1742850162529267	0.33202755494810393	-0.20621657754010697	0.24957818522163405	0.6768773982912489	0.9218593596033873
stim_up_FE	expl_amygdala_L	exploratory_context	passive_acrossrun_slope_z	33	-0.15460306593760947	0.39030499603522983	0.06784759358288771	0.7075420381042201	0.6768773982912489	0.9218593596033873
stim_up_FE	expl_amygdala_R	exploratory_context	mean_reg_success_z	33	-0.20348162736081535	0.25605127128920685	-0.09057486631016043	0.6161719493705241	0.6768773982912489	0.9218593596033873
stim_up_FE	expl_amygdala_R	exploratory_context	reg_success_z_up	33	-0.18682858861733947	0.2978441007269002	-0.13970588235294118	0.4380924011633607	0.6768773982912489	0.9218593596033873
stim_up_FE	expl_amygdala_R	exploratory_context	reg_success_z_down	33	-0.1280884456804694	0.47747172585780573	-0.10594919786096257	0.5573248802897377	0.7345718859350857	0.9218593596033873
stim_up_FE	expl_amygdala_R	exploratory_context	success_asymmetry_z_up_minus_down	33	-0.05755181946418567	0.7503893223171365	0.0023395721925133692	0.9896903457319353	0.8179959259856407	0.9896903457319353
stim_up_FE	expl_amygdala_R	exploratory_context	task_separation_rating_z_up_minus_down	33	-0.16139944135645207	0.3695469865848385	-0.11497326203208558	0.5240449377787748	0.6768773982912489	0.9218593596033873
stim_up_FE	expl_amygdala_R	exploratory_context	passive_sensory_slope_z	33	-0.09054074169877659	0.6163054034383423	-0.03141711229946524	0.8622102636715578	0.8076403173349542	0.9494129714793076
stim_up_FE	expl_amygdala_R	exploratory_context	passive_withinrun_slope_z	33	-0.12010291795956013	0.5055695284709923	-0.0661764705882353	0.7144410036926252	0.7489918940310997	0.9218593596033873
stim_up_FE	expl_amygdala_R	exploratory_context	passive_acrossrun_slope_z	33	-0.09869921651850196	0.5847503811625783	-0.08422459893048129	0.6412103483753364	0.8065522498794183	0.9218593596033873
stim_up_FE	expl_hippocampus_L	exploratory_context	mean_reg_success_z	33	-0.15132067783001357	0.4005666331998276	-0.03643048128342246	0.8404840126193108	0.6768773982912489	0.9494129714793076
stim_up_FE	expl_hippocampus_L	exploratory_context	reg_success_z_up	33	-0.04716499242577016	0.7943700514993102	0.012366310160427808	0.945544926243306	0.8179959259856407	0.9697896679418523
stim_up_FE	expl_hippocampus_L	exploratory_context	reg_success_z_down	33	-0.19521970525420385	0.2762739303404647	-0.15307486631016046	0.3950635284773496	0.6768773982912489	0.9218593596033873
stim_up_FE	expl_hippocampus_L	exploratory_context	success_asymmetry_z_up_minus_down	33	0.10976178901159853	0.5431457443085974	0.161096256684492	0.37045884125115935	0.775922491869425	0.9218593596033873
stim_up_FE	expl_hippocampus_L	exploratory_context	task_separation_rating_z_up_minus_down	33	-0.1475190537386004	0.41264191801403177	-0.06717914438502674	0.7102989216558544	0.6768773982912489	0.9218593596033873
stim_up_FE	expl_hippocampus_L	exploratory_context	passive_sensory_slope_z	33	-0.3099926370855478	0.0791485567907866	-0.2667112299465241	0.1335128153138953	0.6768773982912489	0.762930373222259
stim_up_FE	expl_hippocampus_L	exploratory_context	passive_withinrun_slope_z	33	0.23451699611283805	0.18896056129590322	0.034759358288770054	0.8477140817369522	0.6768773982912489	0.9494129714793076
stim_up_FE	expl_hippocampus_L	exploratory_context	passive_acrossrun_slope_z	33	0.15706351019487083	0.3827136078175112	0.14939839572192515	0.4066470435736812	0.6768773982912489	0.9218593596033873
stim_up_FE	expl_hippocampus_R	exploratory_context	mean_reg_success_z	33	-0.05634723746992819	0.7554533725622807	-0.06951871657754011	0.7006658239714338	0.8179959259856407	0.9218593596033873
stim_up_FE	expl_hippocampus_R	exploratory_context	reg_success_z_up	33	0.07550253993328429	0.6762380084154315	-0.04344919786096257	0.8102637173955713	0.8179959259856407	0.9494129714793076
stim_up_FE	expl_hippocampus_R	exploratory_context	reg_success_z_down	33	-0.1740690077035106	0.3326365137720875	-0.18181818181818182	0.31121997029175347	0.6768773982912489	0.9218593596033873
stim_up_FE	expl_hippocampus_R	exploratory_context	success_asymmetry_z_up_minus_down	33	0.1955834659171522	0.27536237429174815	0.10060160427807488	0.5774964897113983	0.6768773982912489	0.9218593596033873
stim_up_FE	expl_hippocampus_R	exploratory_context	task_separation_rating_z_up_minus_down	33	-0.06343203978292583	0.7258190123514943	-0.10995989304812835	0.5424136858461404	0.8179959259856407	0.9218593596033873
stim_up_FE	expl_hippocampus_R	exploratory_context	passive_sensory_slope_z	33	-0.1790073110079292	0.31888619209443486	-0.28375668449197866	0.10953280153340267	0.6768773982912489	0.7302186768893512
stim_up_FE	expl_hippocampus_R	exploratory_context	passive_withinrun_slope_z	33	0.14429283894899972	0.4230483739320306	0.018048128342245992	0.9205913289978269	0.6768773982912489	0.9690435042082389
stim_up_FE	expl_hippocampus_R	exploratory_context	passive_acrossrun_slope_z	33	0.02009065227389143	0.9116378100035984	0.05046791443850268	0.7803099810395576	0.9116378100035984	0.9494129714793076
stim_up_FE	expl_hypothalamus	exploratory_context	mean_reg_success_z	33	0.04642101130135649	0.7975460278359997	0.13101604278074866	0.46737829165493205	0.8179959259856407	0.9218593596033873
stim_up_FE	expl_hypothalamus	exploratory_context	reg_success_z_up	33	0.23538489885265823	0.1872817349112215	0.29211229946524064	0.09903365248725311	0.6768773982912489	0.7302186768893512
stim_up_FE	expl_hypothalamus	exploratory_context	reg_success_z_down	33	-0.18075340699831086	0.31411026959211796	-0.02774064171122995	0.8782069986183596	0.6768773982912489	0.9494129714793076
stim_up_FE	expl_hypothalamus	exploratory_context	success_asymmetry_z_up_minus_down	33	0.33357801414921573	0.05781278091816032	0.348596256684492	0.04679199685619901	0.6768773982912489	0.7302186768893512
stim_up_FE	expl_hypothalamus	exploratory_context	task_separation_rating_z_up_minus_down	33	0.05856397956162815	0.7461420933385642	0.11430481283422461	0.5264764662429087	0.8179959259856407	0.9218593596033873
stim_up_FE	expl_hypothalamus	exploratory_context	passive_sensory_slope_z	33	0.35179312565408477	0.04467867387659077	0.31717914438502676	0.07208792976299189	0.6768773982912489	0.7302186768893512
stim_up_FE	expl_hypothalamus	exploratory_context	passive_withinrun_slope_z	33	-0.1881754869621899	0.29431165676369253	-0.11029411764705883	0.5411796789505693	0.6768773982912489	0.9218593596033873
stim_up_FE	expl_hypothalamus	exploratory_context	passive_acrossrun_slope_z	33	-0.30651702634666367	0.0827495401027543	-0.2931149732620321	0.09782695549262829	0.6768773982912489	0.7302186768893512
stim_up_FE	reg_NAc_L	targeted_regulatory_value	mean_reg_success_z	33	0.39150244116002375	0.02425406279104385	0.4408422459893049	0.010233736309032666	0.30419456858395394	0.3104178317632659
stim_up_FE	reg_NAc_L	targeted_regulatory_value	reg_success_z_up	33	0.44346911080268303	0.00973977068224461	0.4491978609625669	0.008732156907310036	0.30419456858395394	0.3104178317632659
stim_up_FE	reg_NAc_L	targeted_regulatory_value	reg_success_z_down	33	0.1549361583821786	0.3892722217465706	0.30013368983957217	0.08969033249242858	0.8693623112246474	0.5688835808153377
stim_up_FE	reg_NAc_L	targeted_regulatory_value	success_asymmetry_z_up_minus_down	33	0.25038440625880315	0.1599051240652795	0.26771390374331555	0.13200350710269393	0.7309948528698492	0.6034446038980293
stim_up_FE	reg_NAc_L	targeted_regulatory_value	task_separation_rating_z_up_minus_down	33	0.37780296518022666	0.03018244156607322	0.40474598930481287	0.019469599581745205	0.30419456858395394	0.3104178317632659
stim_up_FE	reg_NAc_L	targeted_regulatory_value	passive_sensory_slope_z	33	0.03671417623863475	0.8392578664262037	0.17914438502673796	0.3185096413213883	0.9686116045566211	0.7732543765459219
stim_up_FE	reg_NAc_L	targeted_regulatory_value	passive_withinrun_slope_z	33	0.08923579086463986	0.6214178007804566	0.13703208556149735	0.44699484440963666	0.908940166357587	0.8252212512177908
stim_up_FE	reg_NAc_L	targeted_regulatory_value	passive_acrossrun_slope_z	33	0.021885552692948073	0.9037785208645857	0.02840909090909091	0.8752947941525229	0.9686116045566211	0.9507528359849232
stim_up_FE	reg_NAc_R	targeted_regulatory_value	mean_reg_success_z	33	0.3892728054384527	0.025147605092418774	0.3699866310160428	0.03406358757856266	0.30419456858395394	0.40876305094275195
stim_up_FE	reg_NAc_R	targeted_regulatory_value	reg_success_z_up	33	0.5048802529103086	0.002730706901312063	0.40006684491978617	0.021061444372586877	0.26214786252595806	0.3104178317632659
stim_up_FE	reg_NAc_R	targeted_regulatory_value	reg_success_z_down	33	0.08440818265206382	0.6404808496957921	0.22058823529411767	0.21735696636640467	0.908940166357587	0.7116742401800054
stim_up_FE	reg_NAc_R	targeted_regulatory_value	success_asymmetry_z_up_minus_down	33	0.3552466339983838	0.042482395564128736	0.25969251336898397	0.14443509682157613	0.3707554521960326	0.6254985855944456
stim_up_FE	reg_NAc_R	targeted_regulatory_value	task_separation_rating_z_up_minus_down	33	0.4259859332382525	0.013443849821641355	0.3449197860962567	0.04932039198201311	0.30419456858395394	0.5260841811414732
stim_up_FE	reg_NAc_R	targeted_regulatory_value	passive_sensory_slope_z	33	0.16527053970333194	0.3580212415570938	0.2850935828877006	0.10779901705379707	0.8693623112246474	0.5688835808153377
stim_up_FE	reg_NAc_R	targeted_regulatory_value	passive_withinrun_slope_z	33	0.06800264179780587	0.7069030920591332	0.1427139037433155	0.42819411495873794	0.9296259840777642	0.8252212512177908
stim_up_FE	reg_NAc_R	targeted_regulatory_value	passive_acrossrun_slope_z	33	0.0861367745721896	0.6336282853769408	0.02774064171122995	0.8782069986183596	0.908940166357587	0.9507528359849232
stim_up_FE	reg_PAG_sphere	targeted_regulatory_value	mean_reg_success_z	33	-0.11530022031433007	0.5228576018213293	-0.037098930481283425	0.8375955290714742	0.908762147863723	0.9507528359849232
stim_up_FE	reg_PAG_sphere	targeted_regulatory_value	reg_success_z_up	33	0.0969936312560128	0.591287876630086	0.15775401069518719	0.38059872273025785	0.908940166357587	0.7773931357894629
stim_up_FE	reg_PAG_sphere	targeted_regulatory_value	reg_success_z_down	33	-0.2935503073572075	0.09730653018297082	-0.2917780748663102	0.09943838368080939	0.6672447783975142	0.5688835808153377
stim_up_FE	reg_PAG_sphere	targeted_regulatory_value	success_asymmetry_z_up_minus_down	33	0.30461876931305265	0.0847688455917081	0.4251336898395722	0.01365111381577563	0.6259853212926136	0.3104178317632659
stim_up_FE	reg_PAG_sphere	targeted_regulatory_value	task_separation_rating_z_up_minus_down	33	-0.06309343470948937	0.7272268715078565	0.018716577540106954	0.9176600372964949	0.9358359116743976	0.9575582997876468
stim_up_FE	reg_PAG_sphere	targeted_regulatory_value	passive_sensory_slope_z	33	-0.18552337246762307	0.3012928067334817	-0.21824866310160426	0.22239820005625166	0.8693623112246474	0.7116742401800054
stim_up_FE	reg_PAG_sphere	targeted_regulatory_value	passive_withinrun_slope_z	33	0.2089056353069463	0.24332060867284958	0.16544117647058826	0.35751819232230664	0.8693623112246474	0.7732543765459219
stim_up_FE	reg_PAG_sphere	targeted_regulatory_value	passive_acrossrun_slope_z	33	0.3872865050182836	0.02596627087499267	0.39572192513368987	0.022634633566071472	0.30419456858395394	0.3104178317632659
stim_up_FE	reg_SMA_preSMA	targeted_regulatory_value	mean_reg_success_z	33	-0.03550124575613463	0.8445027853198912	-0.011363636363636364	0.9499544501669197	0.9686116045566211	0.9599539706949926
stim_up_FE	reg_SMA_preSMA	targeted_regulatory_value	reg_success_z_up	33	0.06215775403225953	0.7311218059956232	0.12733957219251338	0.48007168541307754	0.9358359116743976	0.8617446149457274
stim_up_FE	reg_SMA_preSMA	targeted_regulatory_value	reg_success_z_down	33	-0.1255615152239475	0.48627406658937655	-0.10628342245989306	0.5560750710116239	0.8748133310989958	0.8830144349505117
stim_up_FE	reg_SMA_preSMA	targeted_regulatory_value	success_asymmetry_z_up_minus_down	33	0.1474769550942667	0.41277677508645494	0.1380347593582888	0.4436450208910081	0.8693623112246474	0.8252212512177908
stim_up_FE	reg_SMA_preSMA	targeted_regulatory_value	task_separation_rating_z_up_minus_down	33	-0.016302098012478297	0.9282527877000952	-0.029411764705882356	0.8709295076786825	0.9686116045566211	0.9507528359849232
stim_up_FE	reg_SMA_preSMA	targeted_regulatory_value	passive_sensory_slope_z	33	0.07534560158043616	0.6768746897012773	0.25066844919786097	0.15941611541532075	0.9152108480467974	0.6322543511604983
stim_up_FE	reg_SMA_preSMA	targeted_regulatory_value	passive_withinrun_slope_z	33	-0.1782726167043384	0.3209091617808317	-0.19050802139037434	0.288257662056037	0.8693623112246474	0.7732543765459219
stim_up_FE	reg_SMA_preSMA	targeted_regulatory_value	passive_acrossrun_slope_z	33	0.1629735575918775	0.36483404894071403	0.12600267379679145	0.48473134590697164	0.8693623112246474	0.8617446149457274
stim_up_FE	reg_anterior_insula_L	targeted_regulatory_value	mean_reg_success_z	33	0.2528881999943768	0.1556315808623321	0.277072192513369	0.11851741266986203	0.7309948528698492	0.5688835808153377
stim_up_FE	reg_anterior_insula_L	targeted_regulatory_value	reg_success_z_up	33	0.3949161191611382	0.022936801692684132	0.4328208556149733	0.011875207212751844	0.30419456858395394	0.3104178317632659
stim_up_FE	reg_anterior_insula_L	targeted_regulatory_value	reg_success_z_down	33	-0.01806488128486525	0.9205178510935479	0.054812834224598934	0.7619184577700732	0.9686116045566211	0.9507528359849232
stim_up_FE	reg_anterior_insula_L	targeted_regulatory_value	success_asymmetry_z_up_minus_down	33	0.3420382160904798	0.05137729600989336	0.30648395721925137	0.0827843979075817	0.4110183680791469	0.5688835808153377
stim_up_FE	reg_anterior_insula_L	targeted_regulatory_value	task_separation_rating_z_up_minus_down	33	0.25873707816947544	0.14597079746885305	0.2820855614973262	0.11172939427098127	0.7309948528698492	0.5688835808153377
stim_up_FE	reg_anterior_insula_L	targeted_regulatory_value	passive_sensory_slope_z	33	-0.005032912135398422	0.9778238923787564	-0.016042780748663103	0.929391209708627	0.9778238923787564	0.9593715713121311
stim_up_FE	reg_anterior_insula_L	targeted_regulatory_value	passive_withinrun_slope_z	33	-0.007816260480617392	0.9655658049333375	-0.0501336898395722	0.7817297057371496	0.9757296555115832	0.9507528359849232
stim_up_FE	reg_anterior_insula_L	targeted_regulatory_value	passive_acrossrun_slope_z	33	0.1821829027652809	0.3102337932923556	0.22860962566844922	0.20066804870324886	0.8693623112246474	0.7116742401800054
stim_up_FE	reg_anterior_insula_R	targeted_regulatory_value	mean_reg_success_z	33	0.1376030309338919	0.4450857042861256	-0.006684491978609626	0.9705494261796221	0.8693623112246474	0.9705494261796221
stim_up_FE	reg_anterior_insula_R	targeted_regulatory_value	reg_success_z_up	33	0.05274257409921909	0.7706663540849614	-0.09391711229946524	0.6031601242581388	0.9558693435826046	0.9066840106846733
stim_up_FE	reg_anterior_insula_R	targeted_regulatory_value	reg_success_z_down	33	0.16678947806554767	0.35355819732698374	0.22058823529411767	0.21735696636640467	0.8693623112246474	0.7116742401800054
stim_up_FE	reg_anterior_insula_R	targeted_regulatory_value	success_asymmetry_z_up_minus_down	33	-0.08343161400379225	0.6443651766116881	-0.15942513368983957	0.3755086858721369	0.908940166357587	0.7773931357894629
stim_up_FE	reg_anterior_insula_R	targeted_regulatory_value	task_separation_rating_z_up_minus_down	33	0.1495769315381903	0.40608011806081656	0.026737967914438505	0.88257823313894	0.8693623112246474	0.9507528359849232
stim_up_FE	reg_anterior_insula_R	targeted_regulatory_value	passive_sensory_slope_z	33	0.1302980567910479	0.46984322069830886	0.07754010695187166	0.6679919373571094	0.8748133310989958	0.9293800867577174
stim_up_FE	reg_anterior_insula_R	targeted_regulatory_value	passive_withinrun_slope_z	33	-0.023930578995542913	0.8948349628561776	-0.07386363636363637	0.6828976306872525	0.9686116045566211	0.9365453220853749
stim_up_FE	reg_anterior_insula_R	targeted_regulatory_value	passive_acrossrun_slope_z	33	0.23257068113598345	0.19276369072298222	0.24766042780748665	0.1646495706147131	0.8045788830176649	0.6322543511604983
stim_up_FE	reg_caudate_L	secondary_subcortical	mean_reg_success_z	33	0.22652546160708587	0.20491608184441001	0.3168449197860963	0.0724050312052051	0.38572438935418357	0.26084569183837514
stim_up_FE	reg_caudate_L	secondary_subcortical	reg_success_z_up	33	0.30860234694078925	0.0805741726434569	0.41143048128342247	0.0173698360980134	0.317584056422266	0.168491554980695
stim_up_FE	reg_caudate_L	secondary_subcortical	reg_success_z_down	33	0.03299440380021809	0.8553633500870584	0.20287433155080214	0.2575035229850527	0.9951263593463494	0.45116932796407966
stim_up_FE	reg_caudate_L	secondary_subcortical	success_asymmetry_z_up_minus_down	33	0.23133283676439872	0.19521009120513547	0.24064171122994651	0.17733672264037678	0.38572438935418357	0.3783183416328038
stim_up_FE	reg_caudate_L	secondary_subcortical	task_separation_rating_z_up_minus_down	33	0.2828466639333089	0.11072490972287061	0.3074866310160428	0.08173250734940385	0.317584056422266	0.2615440235180923
stim_up_FE	reg_caudate_L	secondary_subcortical	passive_sensory_slope_z	33	0.2713316230779518	0.12666221451476758	0.3158422459893048	0.07336285082954301	0.317584056422266	0.26084569183837514
stim_up_FE	reg_caudate_L	secondary_subcortical	passive_withinrun_slope_z	33	-0.2935331991687447	0.09732694257739723	-0.1808155080213904	0.3139412388654007	0.317584056422266	0.4566418019860374
stim_up_FE	reg_caudate_L	secondary_subcortical	passive_acrossrun_slope_z	33	-0.20032544235927027	0.2636579468197395	-0.27339572192513373	0.12368730242062967	0.44405548938061384	0.32983280645501245
stim_up_FE	reg_caudate_R	secondary_subcortical	mean_reg_success_z	33	0.2536309775108779	0.15437978599001786	0.18750000000000003	0.2960798714764273	0.3293435434453714	0.45116932796407966
stim_up_FE	reg_caudate_R	secondary_subcortical	reg_success_z_up	33	0.35952520037423824	0.0398826740984701	0.3556149732620321	0.04225336290457359	0.317584056422266	0.2253512688243925
stim_up_FE	reg_caudate_R	secondary_subcortical	reg_success_z_down	33	0.021696519661787407	0.904605826258482	0.02306149732620321	0.8986342479576831	0.9951263593463494	0.8986342479576831
stim_up_FE	reg_caudate_R	secondary_subcortical	success_asymmetry_z_up_minus_down	33	0.28228083324333236	0.11147103012306307	0.321524064171123	0.06806323794167192	0.317584056422266	0.26084569183837514
stim_up_FE	reg_caudate_R	secondary_subcortical	task_separation_rating_z_up_minus_down	33	0.3236100525373766	0.066194473123733	0.19451871657754014	0.2780360639635026	0.317584056422266	0.45116932796407966
stim_up_FE	reg_caudate_R	secondary_subcortical	passive_sensory_slope_z	33	0.09808720126503316	0.5870925539675501	0.29044117647058826	0.10106986067643947	0.816824422911374	0.2940214128769148
stim_up_FE	reg_caudate_R	secondary_subcortical	passive_withinrun_slope_z	33	-0.1591637067977438	0.37630231149840615	-0.15942513368983957	0.3755086858721369	0.5734130460928094	0.5224468673003644
stim_up_FE	reg_caudate_R	secondary_subcortical	passive_acrossrun_slope_z	33	0.0011059536635846783	0.9951263593463494	-0.06784759358288771	0.7075420381042201	0.9951263593463494	0.8086194721191087
stim_up_FE	reg_dlPFC_IFJ_L	targeted_regulatory_value	mean_reg_success_z	33	0.17967552164609277	0.3170531920757394	0.10695187165775402	0.5535793598608968	0.8693623112246474	0.8830144349505117
stim_up_FE	reg_dlPFC_IFJ_L	targeted_regulatory_value	reg_success_z_up	33	0.14203459317992564	0.4304185900819835	0.08656417112299465	0.631938548223677	0.8693623112246474	0.9293800867577174
stim_up_FE	reg_dlPFC_IFJ_L	targeted_regulatory_value	reg_success_z_down	33	0.1380870327977524	0.44347075577863465	0.10494652406417114	0.5610820888748043	0.8693623112246474	0.8830144349505117
stim_up_FE	reg_dlPFC_IFJ_L	targeted_regulatory_value	success_asymmetry_z_up_minus_down	33	0.012689565912250577	0.944123655168421	-0.013703208556149734	0.9396680495266612	0.9745792569480475	0.9596609867506327
stim_up_FE	reg_dlPFC_IFJ_L	targeted_regulatory_value	task_separation_rating_z_up_minus_down	33	0.16755241312663757	0.3513291642483837	0.05113636363636364	0.7774726241623274	0.8693623112246474	0.9507528359849232
stim_up_FE	reg_dlPFC_IFJ_L	targeted_regulatory_value	passive_sensory_slope_z	33	0.2543278532640731	0.15321197543768708	0.2563502673796792	0.1498590361320026	0.7309948528698492	0.6254985855944456
stim_up_FE	reg_dlPFC_IFJ_L	targeted_regulatory_value	passive_withinrun_slope_z	33	-0.02724897701644835	0.8803500161628096	-0.039438502673796796	0.8275024482622404	0.9686116045566211	0.9507528359849232
stim_up_FE	reg_dlPFC_IFJ_L	targeted_regulatory_value	passive_acrossrun_slope_z	33	-0.007868455690163409	0.9653359983457164	-0.08422459893048129	0.6412103483753364	0.9757296555115832	0.9293800867577174
stim_up_FE	reg_dlPFC_IFJ_R	targeted_regulatory_value	mean_reg_success_z	33	0.2567400128419668	0.14921904430482588	0.3335561497326203	0.05783020063100192	0.7309948528698492	0.5551699260576184
stim_up_FE	reg_dlPFC_IFJ_R	targeted_regulatory_value	reg_success_z_up	33	0.1446244068415163	0.4219721869385446	0.20086898395721925	0.26233751711112063	0.8693623112246474	0.7732543765459219
stim_up_FE	reg_dlPFC_IFJ_R	targeted_regulatory_value	reg_success_z_down	33	0.26085223378781475	0.1425868972503762	0.3225267379679144	0.06715989681652246	0.7309948528698492	0.5688835808153377
stim_up_FE	reg_dlPFC_IFJ_R	targeted_regulatory_value	success_asymmetry_z_up_minus_down	33	-0.07883556278030578	0.6627688713024071	-0.11330213903743316	0.530133999825048	0.908940166357587	0.8830144349505117
stim_up_FE	reg_dlPFC_IFJ_R	targeted_regulatory_value	task_separation_rating_z_up_minus_down	33	0.23269016855405256	0.19252868172976367	0.27807486631016043	0.11713581027213049	0.8045788830176649	0.5688835808153377
stim_up_FE	reg_dlPFC_IFJ_R	targeted_regulatory_value	passive_sensory_slope_z	33	0.08020350161718207	0.6572704414272612	0.21891711229946526	0.22094980001319292	0.908940166357587	0.7116742401800054
stim_up_FE	reg_dlPFC_IFJ_R	targeted_regulatory_value	passive_withinrun_slope_z	33	0.2022089036802797	0.25910101330604174	0.2867647058823529	0.10566092779647618	0.8693623112246474	0.5688835808153377
stim_up_FE	reg_dlPFC_IFJ_R	targeted_regulatory_value	passive_acrossrun_slope_z	33	0.07907734061137336	0.6617957773650731	0.035093582887700536	0.8462670734185679	0.908940166357587	0.9507528359849232
stim_up_FE	reg_mOFC	targeted_regulatory_value	mean_reg_success_z	33	-0.04453777897046548	0.8055994909478589	0.03208556149732621	0.8593073405151728	0.9667193891374306	0.9507528359849232
stim_up_FE	reg_mOFC	targeted_regulatory_value	reg_success_z_up	33	-0.14423825199455007	0.42322569595572307	-0.07887700534759359	0.6626020370825527	0.8693623112246474	0.9293800867577174
stim_up_FE	reg_mOFC	targeted_regulatory_value	reg_success_z_down	33	0.08453729642031606	0.6399679935935553	0.1647727272727273	0.35949124529424703	0.908940166357587	0.7732543765459219
stim_up_FE	reg_mOFC	targeted_regulatory_value	success_asymmetry_z_up_minus_down	33	-0.18439798414710493	0.3042865722090454	-0.16544117647058826	0.35751819232230664	0.8693623112246474	0.7732543765459219
stim_up_FE	reg_mOFC	targeted_regulatory_value	task_separation_rating_z_up_minus_down	33	-0.04575587007743686	0.8003881467763725	0.03877005347593583	0.8303834964050092	0.9667193891374306	0.9507528359849232
stim_up_FE	reg_mOFC	targeted_regulatory_value	passive_sensory_slope_z	33	-0.4452048887423436	0.009424571809255605	-0.30514705882352944	0.08420310247157904	0.30419456858395394	0.5688835808153377
stim_up_FE	reg_mOFC	targeted_regulatory_value	passive_withinrun_slope_z	33	0.08556475152946988	0.6358926561156244	0.1861631016042781	0.2995993373695546	0.908940166357587	0.7732543765459219
stim_up_FE	reg_mOFC	targeted_regulatory_value	passive_acrossrun_slope_z	33	-0.07222111106759982	0.6895955964709646	0.16844919786096257	0.34871991870164487	0.9194607952946194	0.7732543765459219
stim_up_FE	reg_pgACC_rACC	targeted_regulatory_value	mean_reg_success_z	33	0.03664473006721272	0.8395579826725796	0.05080213903743316	0.7788909524183301	0.9686116045566211	0.9507528359849232
stim_up_FE	reg_pgACC_rACC	targeted_regulatory_value	reg_success_z_up	33	0.10194621230542138	0.5723938688300351	0.16677807486631016	0.3535915778619937	0.908940166357587	0.7732543765459219
stim_up_FE	reg_pgACC_rACC	targeted_regulatory_value	reg_success_z_down	33	-0.05133174046922878	0.7766438416608662	0.0213903743315508	0.9059458835398706	0.9558693435826046	0.9557231298882152
stim_up_FE	reg_pgACC_rACC	targeted_regulatory_value	success_asymmetry_z_up_minus_down	33	0.12390693555297902	0.49208249874318516	0.16377005347593585	0.3624629890059009	0.8748133310989958	0.7732543765459219
stim_up_FE	reg_pgACC_rACC	targeted_regulatory_value	task_separation_rating_z_up_minus_down	33	0.0863941630722232	0.6326104666858329	0.09358288770053476	0.6044560071231155	0.908940166357587	0.9066840106846733
stim_up_FE	reg_pgACC_rACC	targeted_regulatory_value	passive_sensory_slope_z	33	-0.1383065526008734	0.44273934382554686	0.07787433155080214	0.6666429225381993	0.8693623112246474	0.9293800867577174
stim_up_FE	reg_pgACC_rACC	targeted_regulatory_value	passive_withinrun_slope_z	33	-0.029529107309798474	0.8704188812870263	-0.04946524064171123	0.7845712261751205	0.9686116045566211	0.9507528359849232
stim_up_FE	reg_pgACC_rACC	targeted_regulatory_value	passive_acrossrun_slope_z	33	-0.08084089063539862	0.6547144452155041	-0.024732620320855617	0.8913307837358655	0.908940166357587	0.9507528359849232
stim_up_FE	reg_putamen_L	secondary_subcortical	mean_reg_success_z	33	0.20451084670385491	0.2536024290349375	0.25133689839572193	0.1582695572881863	0.44405548938061384	0.37768815163660185
stim_up_FE	reg_putamen_L	secondary_subcortical	reg_success_z_up	33	0.31128704743042673	0.07783885821507562	0.40006684491978617	0.021061444372586877	0.317584056422266	0.168491554980695
stim_up_FE	reg_putamen_L	secondary_subcortical	reg_success_z_down	33	-0.0058055890206779506	0.9744203449655812	0.042112299465240643	0.8160006648697484	0.9951263593463494	0.8704007091943983
stim_up_FE	reg_putamen_L	secondary_subcortical	success_asymmetry_z_up_minus_down	33	0.26317125520001755	0.13894302468474137	0.41477272727272735	0.01639289974141858	0.317584056422266	0.168491554980695
stim_up_FE	reg_putamen_L	secondary_subcortical	task_separation_rating_z_up_minus_down	33	0.18958547330717526	0.2906424831304628	0.19351604278074866	0.2805691827387233	0.4650279730087405	0.45116932796407966
stim_up_FE	reg_putamen_L	secondary_subcortical	passive_sensory_slope_z	33	0.26913942174823646	0.12987938263260346	0.23195187165775402	0.193983977201724	0.317584056422266	0.387967954403448
stim_up_FE	reg_putamen_L	secondary_subcortical	passive_withinrun_slope_z	33	-0.5288185144594187	0.001556648341772848	-0.4495320855614973	0.008676211928244814	0.024906373468365568	0.168491554980695
stim_up_FE	reg_putamen_L	secondary_subcortical	passive_acrossrun_slope_z	33	-0.28465578857892343	0.1083644899690774	-0.19251336898395724	0.283117153183908	0.317584056422266	0.45116932796407966
stim_up_FE	reg_putamen_R	secondary_subcortical	mean_reg_success_z	33	-0.011465654653769815	0.9495057289298574	-0.12800802139037434	0.47775059360152305	0.9951263593463494	0.5880007305864899
stim_up_FE	reg_putamen_R	secondary_subcortical	reg_success_z_up	33	-0.06893513754802977	0.7030644761895385	-0.10995989304812835	0.5424136858461404	0.9374193015860514	0.6428606647065367
stim_up_FE	reg_putamen_R	secondary_subcortical	reg_success_z_down	33	0.05640559003666133	0.7552078267027209	0.027406417112299467	0.8796636910411236	0.9666660181794827	0.8986342479576831
stim_up_FE	reg_putamen_R	secondary_subcortical	success_asymmetry_z_up_minus_down	33	-0.10033986641766017	0.5784921144686699	-0.1400401069518717	0.4369864556771611	0.816824422911374	0.5826486075695482
stim_up_FE	reg_putamen_R	secondary_subcortical	task_separation_rating_z_up_minus_down	33	-0.01688331629729282	0.9257017067327332	-0.1306818181818182	0.4685248746522628	0.9951263593463494	0.5880007305864899
stim_up_FE	reg_putamen_R	secondary_subcortical	passive_sensory_slope_z	33	0.024094867997737506	0.8941170107126288	0.06149732620320855	0.73387493109816	0.9951263593463494	0.8097930274186593
stim_up_FE	reg_putamen_R	secondary_subcortical	passive_withinrun_slope_z	33	-0.5528673490619288	0.0008479022224716602	-0.38335561497326204	0.027650990012286478	0.024906373468365568	0.17696633607863346
stim_up_FE	reg_putamen_R	secondary_subcortical	passive_acrossrun_slope_z	33	-0.31398553912910765	0.07516247710435266	-0.24732620320855614	0.1652385663410133	0.317584056422266	0.37768815163660185
stim_up_FE	reg_vmPFC	targeted_regulatory_value	mean_reg_success_z	33	-0.14300154368478385	0.4272541275694991	-0.1427139037433155	0.42819411495873794	0.8693623112246474	0.8252212512177908
stim_up_FE	reg_vmPFC	targeted_regulatory_value	reg_success_z_up	33	-0.1965786936265831	0.272878393324093	-0.20855614973262035	0.24412789756770123	0.8693623112246474	0.7560089731128812
stim_up_FE	reg_vmPFC	targeted_regulatory_value	reg_success_z_down	33	-0.018907875257753576	0.9168213502946192	0.030080213903743314	0.8680213839757225	0.9686116045566211	0.9507528359849232
stim_up_FE	reg_vmPFC	targeted_regulatory_value	success_asymmetry_z_up_minus_down	33	-0.14896791517330005	0.40801584337915503	-0.18983957219251338	0.2899843727812164	0.8693623112246474	0.7732543765459219
stim_up_FE	reg_vmPFC	targeted_regulatory_value	task_separation_rating_z_up_minus_down	33	-0.13530615999611348	0.4527928704295039	-0.13970588235294118	0.4380924011633607	0.8693623112246474	0.8252212512177908
stim_up_FE	reg_vmPFC	targeted_regulatory_value	passive_sensory_slope_z	33	-0.28663033314231257	0.10583165715120996	-0.11330213903743316	0.530133999825048	0.6773226057677437	0.8830144349505117
stim_up_FE	reg_vmPFC	targeted_regulatory_value	passive_withinrun_slope_z	33	0.0331872156405077	0.8545270665995299	0.032754010695187165	0.8564062242139914	0.9686116045566211	0.9507528359849232
stim_up_FE	reg_vmPFC	targeted_regulatory_value	passive_acrossrun_slope_z	33	-0.14870254257255142	0.40886094763449254	-0.06483957219251336	0.7199762261610809	0.8693623112246474	0.9507528359849232
stim_up_FE	reg_vmPFC_mOFC	targeted_regulatory_value	mean_reg_success_z	33	-0.1133083644975098	0.5301112529205051	-0.11564171122994654	0.5216188950016374	0.908762147863723	0.8830144349505117
stim_up_FE	reg_vmPFC_mOFC	targeted_regulatory_value	reg_success_z_up	33	-0.19017747027798684	0.28911070276607975	-0.18014705882352944	0.31576365800969947	0.8693623112246474	0.7732543765459219
stim_up_FE	reg_vmPFC_mOFC	targeted_regulatory_value	reg_success_z_down	33	0.022508101179658943	0.9010546363092641	0.0501336898395722	0.7817297057371496	0.9686116045566211	0.9507528359849232
stim_up_FE	reg_vmPFC_mOFC	targeted_regulatory_value	success_asymmetry_z_up_minus_down	33	-0.1752502950347912	0.32931467205175774	-0.1681149732620321	0.3496909925288374	0.8693623112246474	0.7732543765459219
stim_up_FE	reg_vmPFC_mOFC	targeted_regulatory_value	task_separation_rating_z_up_minus_down	33	-0.10870953947260058	0.5470419676366065	-0.1109625668449198	0.5387156719824292	0.908940166357587	0.8830144349505117
stim_up_FE	reg_vmPFC_mOFC	targeted_regulatory_value	passive_sensory_slope_z	33	-0.3746809038708105	0.0316869342274952	-0.17479946524064172	0.33058000984534097	0.30419456858395394	0.7732543765459219
stim_up_FE	reg_vmPFC_mOFC	targeted_regulatory_value	passive_withinrun_slope_z	33	0.05748527729865901	0.7506688003936385	0.0965909090909091	0.5928361548232959	0.9482132215498592	0.9066840106846733
stim_up_FE	reg_vmPFC_mOFC	targeted_regulatory_value	passive_acrossrun_slope_z	33	-0.1285667301420048	0.4758150455496771	0.054812834224598934	0.7619184577700732	0.8748133310989958	0.9507528359849232
stim_up_FE	sensory_S1_L	targeted_sensory	mean_reg_success_z	33	0.3231878282355937	0.0665694484622957	0.2573529411764706	0.14821658381521285	0.34459479204011895	0.5376475795141484
stim_up_FE	sensory_S1_L	targeted_sensory	reg_success_z_up	33	0.3056372028331127	0.08368081082063501	0.25935828877005346	0.14497096195081294	0.3583183034209181	0.5376475795141484
stim_up_FE	sensory_S1_L	targeted_sensory	reg_success_z_down	33	0.19374775817839	0.2799824659841155	0.1463903743315508	0.4162660637821015	0.559964931968231	0.7536216423273787
stim_up_FE	sensory_S1_L	targeted_sensory	success_asymmetry_z_up_minus_down	33	0.10620302303375023	0.5563756002063218	0.02974598930481283	0.869475236028857	0.7771595685421637	0.9697981759747769
stim_up_FE	sensory_S1_L	targeted_sensory	task_separation_rating_z_up_minus_down	33	0.3857260472311757	0.026624671544479523	0.28643048128342247	0.10608596657996938	0.3230735903058722	0.5376475795141484
stim_up_FE	sensory_S1_L	targeted_sensory	passive_sensory_slope_z	33	-0.11835975787958332	0.5118110475277048	0.05514705882352942	0.7605088661288665	0.7637565055052158	0.916777811223839
stim_up_FE	sensory_S1_L	targeted_sensory	passive_withinrun_slope_z	33	0.047623687847947085	0.7924135397687975	-0.02306149732620321	0.8986342479576831	0.8826884999956225	0.9697981759747769
stim_up_FE	sensory_S1_L	targeted_sensory	passive_acrossrun_slope_z	33	0.05337728770981389	0.7679813639562194	0.10160427807486631	0.5736895349853548	0.8758282201959545	0.827617689814938
stim_up_FE	sensory_S1_R	targeted_sensory	mean_reg_success_z	33	-0.07217334705353076	0.6897907201473934	-0.1179812834224599	0.5131712360759381	0.8330642654600513	0.7852530343962028
stim_up_FE	sensory_S1_R	targeted_sensory	reg_success_z_up	33	-0.12048732987736147	0.5041982587464267	-0.23429144385026737	0.18939857914702957	0.7637565055052158	0.5376475795141484
stim_up_FE	sensory_S1_R	targeted_sensory	reg_success_z_down	33	0.013630043765698718	0.9399895969083377	-0.01002673796791444	0.9558360603869237	0.9607985254849769	0.9697981759747769
stim_up_FE	sensory_S1_R	targeted_sensory	success_asymmetry_z_up_minus_down	33	-0.11054944854799888	0.5402378584781683	-0.2760695187165776	0.11991112435378146	0.766789218485142	0.5376475795141484
stim_up_FE	sensory_S1_R	targeted_sensory	task_separation_rating_z_up_minus_down	33	-0.07186161550842445	0.6910646747566335	-0.1360294117647059	0.45035829855079756	0.8330642654600513	0.7621448129321189
stim_up_FE	sensory_S1_R	targeted_sensory	passive_sensory_slope_z	33	-0.23279079094559244	0.19233093197475487	-0.21457219251336898	0.23047984956370324	0.43958106105515976	0.5633951878223856
stim_up_FE	sensory_S1_R	targeted_sensory	passive_withinrun_slope_z	33	-0.22955269975395753	0.19876605580993495	-0.004010695187165776	0.9823272134277938	0.43958106105515976	0.9823272134277938
stim_up_FE	sensory_S1_R	targeted_sensory	passive_acrossrun_slope_z	33	-0.06436957719834568	0.7219255052731752	0.11664438502673798	0.5179901607874893	0.8470800792100938	0.7852530343962028
stim_up_FE	sensory_S2_operculum_L	targeted_sensory	mean_reg_success_z	33	0.312115269801335	0.07700969505803577	0.3104946524064171	0.07863860503940152	0.3566764823740604	0.5376475795141484
stim_up_FE	sensory_S2_operculum_L	targeted_sensory	reg_success_z_up	33	0.4831214451640234	0.004400039764721846	0.41443850267379684	0.01648848146610273	0.23252510522702619	0.38878849886601974
stim_up_FE	sensory_S2_operculum_L	targeted_sensory	reg_success_z_down	33	-0.0176280643523668	0.9224339261937017	0.1731283422459893	0.3352963701201831	0.9549904177064206	0.6861879202459561
stim_up_FE	sensory_S2_operculum_L	targeted_sensory	success_asymmetry_z_up_minus_down	33	0.4150209997547158	0.0163221984328377	0.24933155080213906	0.16172712555248664	0.2393922436816196	0.5376475795141484
stim_up_FE	sensory_S2_operculum_L	targeted_sensory	task_separation_rating_z_up_minus_down	33	0.3529545787167341	0.043930108695462884	0.34391711229946526	0.05002852947925167	0.3230735903058722	0.5376475795141484
stim_up_FE	sensory_S2_operculum_L	targeted_sensory	passive_sensory_slope_z	33	-0.06436530079616935	0.7219432493267844	-0.014371657754010697	0.9367307629739008	0.8470800792100938	0.9697981759747769
stim_up_FE	sensory_S2_operculum_L	targeted_sensory	passive_withinrun_slope_z	33	-0.116808303423661	0.5173981135005933	-0.057152406417112306	0.7520673293676933	0.7637565055052158	0.916777811223839
stim_up_FE	sensory_S2_operculum_L	targeted_sensory	passive_acrossrun_slope_z	33	0.2453361410782608	0.16877683309760008	0.1697860962566845	0.34485193411522974	0.4243531803596802	0.6897038682304595
stim_up_FE	sensory_S2_operculum_R	targeted_sensory	mean_reg_success_z	33	0.2629065799452547	0.13935542707782694	0.036096256684491984	0.8419290228887525	0.40182855608558604	0.9697981759747769
stim_up_FE	sensory_S2_operculum_R	targeted_sensory	reg_success_z_up	33	0.3391114957535655	0.0535357042638218	0.2556818181818182	0.15096131061267362	0.3230735903058722	0.5376475795141484
stim_up_FE	sensory_S2_operculum_R	targeted_sensory	reg_success_z_down	33	0.059048709153247114	0.7441106547973925	-0.11697860962566847	0.5167833474033252	0.8616018108180333	0.7852530343962028
stim_up_FE	sensory_S2_operculum_R	targeted_sensory	success_asymmetry_z_up_minus_down	33	0.23681086693800335	0.1845461955224054	0.2165775401069519	0.22604742780194953	0.43958106105515976	0.5633951878223856
stim_up_FE	sensory_S2_operculum_R	targeted_sensory	task_separation_rating_z_up_minus_down	33	0.29251323277755187	0.09854979010118574	0.0768716577540107	0.6706930244559344	0.3636823027543633	0.8714564469645679
stim_up_FE	sensory_S2_operculum_R	targeted_sensory	passive_sensory_slope_z	33	-0.0939383818399679	0.6030776964880439	-0.06350267379679145	0.7255254396083959	0.7839467997905355	0.899242798387871
stim_up_FE	sensory_S2_operculum_R	targeted_sensory	passive_withinrun_slope_z	33	-0.2290345157456155	0.1998095732068908	-0.1447192513368984	0.42166462616408107	0.43958106105515976	0.7536216423273787
stim_up_FE	sensory_S2_operculum_R	targeted_sensory	passive_acrossrun_slope_z	33	0.13020268164367615	0.47017116762387573	0.14806149732620322	0.41090649824019765	0.7522738681982012	0.7536216423273787
stim_up_FE	sensory_dACC_MCC	targeted_sensory	mean_reg_success_z	33	0.2886248021583701	0.10331883600976231	0.23696524064171123	0.18425174464136868	0.3636823027543633	0.5376475795141484
stim_up_FE	sensory_dACC_MCC	targeted_sensory	reg_success_z_up	33	0.4715958131276605	0.005596541982308584	0.4207887700534759	0.014749946811883944	0.23252510522702619	0.38878849886601974
stim_up_FE	sensory_dACC_MCC	targeted_sensory	reg_success_z_down	33	-0.04335398015526308	0.8106720024735985	0.02540106951871658	0.8884118166127934	0.8917392027209584	0.9697981759747769
stim_up_FE	sensory_dACC_MCC	targeted_sensory	success_asymmetry_z_up_minus_down	33	0.42507145104190713	0.013666354675147487	0.3917112299465241	0.02417174586112145	0.2393922436816196	0.42542272715573753
stim_up_FE	sensory_dACC_MCC	targeted_sensory	task_separation_rating_z_up_minus_down	33	0.33242056509397716	0.05874065278288585	0.2600267379679145	0.14390067609593132	0.3230735903058722	0.5376475795141484
stim_up_FE	sensory_dACC_MCC	targeted_sensory	passive_sensory_slope_z	33	0.0188051284191725	0.9172718018583789	0.09358288770053476	0.6044560071231155	0.9549904177064206	0.8302952686214226
stim_up_FE	sensory_dACC_MCC	targeted_sensory	passive_withinrun_slope_z	33	-0.038834614223148975	0.8301051412691005	-0.11463903743315508	0.5252600175737376	0.9018426226133438	0.7852530343962028
stim_up_FE	sensory_dACC_MCC	targeted_sensory	passive_acrossrun_slope_z	33	0.2150802760735579	0.22935131856630891	0.14872994652406418	0.40877363131776545	0.46937014032174845	0.7536216423273787
stim_up_FE	sensory_insula_all_L	targeted_sensory	mean_reg_success_z	33	0.09396092642766352	0.6029903326729065	0.031751336898395724	0.8607585785241871	0.7839467997905355	0.9697981759747769
stim_up_FE	sensory_insula_all_L	targeted_sensory	reg_success_z_up	33	0.25311300923561864	0.15525194212397642	0.1891711229946524	0.2917176880397182	0.40182855608558604	0.6130390564937899
stim_up_FE	sensory_insula_all_L	targeted_sensory	reg_success_z_down	33	-0.1225921928556161	0.4967230223171925	-0.10394385026737968	0.564850908472895	0.7637565055052158	0.827617689814938
stim_up_FE	sensory_insula_all_L	targeted_sensory	success_asymmetry_z_up_minus_down	33	0.3039328239187504	0.08550777695271909	0.2647058823529412	0.13656944517056194	0.3583183034209181	0.5376475795141484
stim_up_FE	sensory_insula_all_L	targeted_sensory	task_separation_rating_z_up_minus_down	33	0.11349702939713519	0.5294221231342974	0.03375668449197861	0.8520580175786845	0.7637565055052158	0.9697981759747769
stim_up_FE	sensory_insula_all_L	targeted_sensory	passive_sensory_slope_z	33	-0.16935282040595454	0.34610265072949153	-0.1931818181818182	0.2814168558467061	0.6215721074325563	0.6130390564937899
stim_up_FE	sensory_insula_all_L	targeted_sensory	passive_withinrun_slope_z	33	-0.25376027356463454	0.1541626299889268	-0.30013368983957217	0.08969033249242858	0.40182855608558604	0.5376475795141484
stim_up_FE	sensory_insula_all_L	targeted_sensory	passive_acrossrun_slope_z	33	0.1659417751938616	0.35604483455345115	0.23997326203208558	0.1785801266946495	0.6266389088140739	0.5376475795141484
stim_up_FE	sensory_insula_all_R	targeted_sensory	mean_reg_success_z	33	0.18785557930595204	0.29514823480093616	0.09024064171122995	0.6174795492563178	0.5646314057061388	0.8302952686214226
stim_up_FE	sensory_insula_all_R	targeted_sensory	reg_success_z_up	33	0.0833399479991391	0.6447302569113216	0.028074866310160432	0.8767506981148385	0.8202688768155575	0.9697981759747769
stim_up_FE	sensory_insula_all_R	targeted_sensory	reg_success_z_down	33	0.21535291642261958	0.22874728640218933	0.2540106951871658	0.1537426682027345	0.46937014032174845	0.5376475795141484
stim_up_FE	sensory_insula_all_R	targeted_sensory	success_asymmetry_z_up_minus_down	33	-0.09505617350913187	0.5987526181768673	-0.08923796791443851	0.6214092571939174	0.7839467997905355	0.8302952686214226
stim_up_FE	sensory_insula_all_R	targeted_sensory	task_separation_rating_z_up_minus_down	33	0.22166730163470683	0.21505836432285894	0.13903743315508021	0.440308875721791	0.4615886844002826	0.7597486483042668
stim_up_FE	sensory_insula_all_R	targeted_sensory	passive_sensory_slope_z	33	-0.00027017609064782996	0.9988093999394787	0.09391711229946524	0.6031601242581388	0.9988093999394787	0.8302952686214226
stim_up_FE	sensory_insula_all_R	targeted_sensory	passive_withinrun_slope_z	33	-0.0978283382231665	0.58808445994499	-0.11430481283422461	0.5264764662429087	0.7839467997905355	0.7852530343962028
stim_up_FE	sensory_insula_all_R	targeted_sensory	passive_acrossrun_slope_z	33	0.15489371632043125	0.3894037281068488	0.161096256684492	0.37045884125115935	0.6465571334604282	0.7244528451133783
stim_up_FE	sensory_posterior_insula_L	targeted_sensory	mean_reg_success_z	33	-0.035598016299707054	0.8440840891938494	-0.021724598930481284	0.9044829307460704	0.9058463396226677	0.9697981759747769
stim_up_FE	sensory_posterior_insula_L	targeted_sensory	reg_success_z_up	33	0.11505958917114457	0.523731316604055	0.1427139037433155	0.42819411495873794	0.7637565055052158	0.7536216423273787
stim_up_FE	sensory_posterior_insula_L	targeted_sensory	reg_success_z_down	33	-0.18334462187564976	0.30710568485625783	-0.07620320855614975	0.6733981635635298	0.575006388667036	0.8714564469645679
stim_up_FE	sensory_posterior_insula_L	targeted_sensory	success_asymmetry_z_up_minus_down	33	0.23554110446242665	0.18698069407058737	0.22794117647058826	0.20202380018198193	0.43958106105515976	0.5555654505004503
stim_up_FE	sensory_posterior_insula_L	targeted_sensory	task_separation_rating_z_up_minus_down	33	0.011380480680199551	0.9498803604226477	0.0106951871657754	0.9528949503889094	0.9607985254849769	0.9697981759747769
stim_up_FE	sensory_posterior_insula_L	targeted_sensory	passive_sensory_slope_z	33	-0.2897972796959917	0.10186283116600776	-0.26236631016042783	0.1402000246443629	0.3636823027543633	0.5376475795141484
stim_up_FE	sensory_posterior_insula_L	targeted_sensory	passive_withinrun_slope_z	33	-0.15723205910928786	0.3821967407307807	-0.06851604278074867	0.7047887948411606	0.6465571334604282	0.8946818178152269
stim_up_FE	sensory_posterior_insula_L	targeted_sensory	passive_acrossrun_slope_z	33	0.27701775708787624	0.1185927662908939	0.24364973262032086	0.1718172423210968	0.3865245716147653	0.5376475795141484
stim_up_FE	sensory_posterior_insula_R	targeted_sensory	mean_reg_success_z	33	0.29086264646294535	0.10055334957373782	0.21891711229946526	0.22094980001319292	0.3636823027543633	0.5633951878223856
stim_up_FE	sensory_posterior_insula_R	targeted_sensory	reg_success_z_up	33	0.2736609462037502	0.12330883525971803	0.2573529411764706	0.14821658381521285	0.38754205367339956	0.5376475795141484
stim_up_FE	sensory_posterior_insula_R	targeted_sensory	reg_success_z_down	33	0.1759012153030269	0.3274930140250886	0.22159090909090912	0.21522054403472485	0.6004038590459958	0.5633951878223856
stim_up_FE	sensory_posterior_insula_R	targeted_sensory	success_asymmetry_z_up_minus_down	33	0.09324248270810864	0.6057770725654138	0.12433155080213903	0.4905885128483022	0.7839467997905355	0.7852530343962028
stim_up_FE	sensory_posterior_insula_R	targeted_sensory	task_separation_rating_z_up_minus_down	33	0.3145003549730994	0.07466009119746185	0.24966577540106955	0.16114713227811062	0.3566764823740604	0.5376475795141484
stim_up_FE	sensory_posterior_insula_R	targeted_sensory	passive_sensory_slope_z	33	0.08139722976358464	0.6524866065578298	0.2035427807486631	0.255905333012112	0.8202688768155575	0.6000402307157017
stim_up_FE	sensory_posterior_insula_R	targeted_sensory	passive_withinrun_slope_z	33	-0.25400698060027926	0.15374889158841168	-0.19084224598930483	0.2873967833049059	0.40182855608558604	0.6130390564937899
stim_up_FE	sensory_posterior_insula_R	targeted_sensory	passive_acrossrun_slope_z	33	-0.0721986578352577	0.689687319091686	-0.009358288770053477	0.9587777421568817	0.8330642654600513	0.9697981759747769
stim_up_FE	sensory_thalamus_L	targeted_sensory	mean_reg_success_z	33	0.3351452921861508	0.056574865373310454	0.25267379679144386	0.15599427027041887	0.3230735903058722	0.5376475795141484
stim_up_FE	sensory_thalamus_L	targeted_sensory	reg_success_z_up	33	0.45419430303100167	0.00792699222364862	0.4251336898395722	0.01365111381577563	0.23252510522702619	0.38878849886601974
stim_up_FE	sensory_thalamus_L	targeted_sensory	reg_success_z_down	33	0.051412275204019156	0.7763022860827778	0.08890374331550803	0.6227214514660669	0.8758282201959545	0.8302952686214226
stim_up_FE	sensory_thalamus_L	targeted_sensory	success_asymmetry_z_up_minus_down	33	0.3382945749558949	0.054150840560512926	0.3201871657754011	0.06928243224039533	0.3230735903058722	0.5376475795141484
stim_up_FE	sensory_thalamus_L	targeted_sensory	task_separation_rating_z_up_minus_down	33	0.3627143921546113	0.03802958062576015	0.2660427807486631	0.1345260478126546	0.3230735903058722	0.5376475795141484
stim_up_FE	sensory_thalamus_L	targeted_sensory	passive_sensory_slope_z	33	0.2549515301853838	0.15217225726611577	0.28308823529411764	0.11040751111644799	0.40182855608558604	0.5376475795141484
stim_up_FE	sensory_thalamus_L	targeted_sensory	passive_withinrun_slope_z	33	0.281329739519829	0.11273365675959846	0.18883689839572196	0.2925868224174906	0.38156006903248707	0.6130390564937899
stim_up_FE	sensory_thalamus_L	targeted_sensory	passive_acrossrun_slope_z	33	0.1479241671528522	0.4113454636151676	0.06684491978609626	0.7116787187166578	0.6703407555210139	0.8946818178152269
stim_up_FE	sensory_thalamus_R	targeted_sensory	mean_reg_success_z	33	0.26580791286761285	0.13488339757945986	0.20220588235294118	0.25910828144541664	0.40182855608558604	0.6000402307157017
stim_up_FE	sensory_thalamus_R	targeted_sensory	reg_success_z_up	33	0.4154189581177824	0.016209401792341118	0.36296791443850274	0.037885308220172685	0.2393922436816196	0.5376475795141484
stim_up_FE	sensory_thalamus_R	targeted_sensory	reg_success_z_down	33	-0.019344112776667706	0.9149091293523631	0.04044117647058824	0.8231850219656422	0.9549904177064206	0.9697981759747769
stim_up_FE	sensory_thalamus_R	targeted_sensory	success_asymmetry_z_up_minus_down	33	0.3600562740077066	0.0395691377796193	0.31383689839572193	0.07530801594689891	0.3230735903058722	0.5376475795141484
stim_up_FE	sensory_thalamus_R	targeted_sensory	task_separation_rating_z_up_minus_down	33	0.3330960741068994	0.058197712350593955	0.2459893048128342	0.1676096232885519	0.3230735903058722	0.5376475795141484
stim_up_FE	sensory_thalamus_R	targeted_sensory	passive_sensory_slope_z	33	0.35902477018416584	0.04017994928399664	0.41042780748663105	0.01767220449390999	0.3230735903058722	0.38878849886601974
stim_up_FE	sensory_thalamus_R	targeted_sensory	passive_withinrun_slope_z	33	0.19046376794593756	0.28837177160821476	0.12065508021390375	0.5036004468412304	0.5639270200338422	0.7852530343962028
stim_up_FE	sensory_thalamus_R	targeted_sensory	passive_acrossrun_slope_z	33	0.15700094370760484	0.3829055759357846	0.014371657754010697	0.9367307629739008	0.6465571334604282	0.9697981759747769
stim_up_temp_FE	expl_amygdala_L	exploratory_context	mean_reg_success_z	33	-0.12102118344325868	0.5022970012769494	-0.1270053475935829	0.48123441912594933	0.6761442267753525	0.6995571865371419
stim_up_temp_FE	expl_amygdala_L	exploratory_context	reg_success_z_up	33	-0.2465301911140715	0.16664742571328398	-0.16176470588235295	0.3684501845786665	0.4731184111003721	0.6995571865371419
stim_up_temp_FE	expl_amygdala_L	exploratory_context	reg_success_z_down	33	0.0713235150313945	0.6932656885125528	0.10862299465240642	0.5473630062546808	0.8573761326805107	0.7191288777932099
stim_up_temp_FE	expl_amygdala_L	exploratory_context	success_asymmetry_z_up_minus_down	33	-0.25933988541279507	0.1450005102006675	-0.2914438502673797	0.09984436792830936	0.4731184111003721	0.4583893849131634
stim_up_temp_FE	expl_amygdala_L	exploratory_context	task_separation_rating_z_up_minus_down	33	-0.14932463827551337	0.4068813851501804	-0.1467245989304813	0.41519102511589856	0.6027872372595265	0.6995571865371419
stim_up_temp_FE	expl_amygdala_L	exploratory_context	passive_sensory_slope_z	33	-0.15804558888990985	0.37970772204972936	-0.08188502673796792	0.650535663449122	0.6027872372595265	0.7994140489792756
stim_up_temp_FE	expl_amygdala_L	exploratory_context	passive_withinrun_slope_z	33	-0.11967220693676553	0.5071081700815143	0.02072192513368984	0.9088726948802046	0.6761442267753525	0.9321771229540561
stim_up_temp_FE	expl_amygdala_L	exploratory_context	passive_acrossrun_slope_z	33	-0.06789775365731128	0.7073353094614213	-0.060828877005347594	0.7366648112464984	0.8573761326805107	0.7994140489792756
stim_up_temp_FE	expl_amygdala_R	exploratory_context	mean_reg_success_z	33	-0.22371503619144034	0.2107422373113219	-0.22894385026737968	0.19999254527896296	0.4731184111003721	0.4990730964928983
stim_up_temp_FE	expl_amygdala_R	exploratory_context	reg_success_z_up	33	-0.3406772238645086	0.05237222887508972	-0.2556818181818182	0.15096131061267362	0.4731184111003721	0.4990730964928983
stim_up_temp_FE	expl_amygdala_R	exploratory_context	reg_success_z_down	33	0.006524359653701322	0.9712546442836205	-0.06016042780748663	0.73945799530583	0.9913648253705263	0.7994140489792756
stim_up_temp_FE	expl_amygdala_R	exploratory_context	success_asymmetry_z_up_minus_down	33	-0.2881487836946479	0.10391443225929443	-0.22058823529411767	0.21735696636640467	0.4731184111003721	0.4990730964928983
stim_up_temp_FE	expl_amygdala_R	exploratory_context	task_separation_rating_z_up_minus_down	33	-0.23688510468997162	0.18440455387209845	-0.2272727272727273	0.2033858853004687	0.4731184111003721	0.4990730964928983
stim_up_temp_FE	expl_amygdala_R	exploratory_context	passive_sensory_slope_z	33	-0.2134742722664037	0.23293129584006794	0.07085561497326204	0.6951815617571717	0.4731184111003721	0.7994140489792756
stim_up_temp_FE	expl_amygdala_R	exploratory_context	passive_withinrun_slope_z	33	-0.21186365542077376	0.23655920555018606	-0.19385026737967917	0.2797231598232803	0.4731184111003721	0.5594463196465606
stim_up_temp_FE	expl_amygdala_R	exploratory_context	passive_acrossrun_slope_z	33	-0.25461421356019626	0.15273395463301614	-0.2931149732620321	0.09782695549262829	0.4731184111003721	0.4583893849131634
stim_up_temp_FE	expl_hippocampus_L	exploratory_context	mean_reg_success_z	33	-0.2353692333353182	0.1873119443929852	-0.33923796791443855	0.05344096926233071	0.4731184111003721	0.4583893849131634
stim_up_temp_FE	expl_hippocampus_L	exploratory_context	reg_success_z_up	33	-0.3543522952793663	0.04304264796225524	-0.4007352941176471	0.020827651474382633	0.4731184111003721	0.4259481179198309
stim_up_temp_FE	expl_hippocampus_L	exploratory_context	reg_success_z_down	33	0.0024284931726424198	0.9892985248428277	-0.12733957219251338	0.48007168541307754	0.9913648253705263	0.6995571865371419
stim_up_temp_FE	expl_hippocampus_L	exploratory_context	success_asymmetry_z_up_minus_down	33	-0.29639006701127896	0.0939631699553226	-0.24398395721925137	0.17121159838825914	0.4731184111003721	0.4990730964928983
stim_up_temp_FE	expl_hippocampus_L	exploratory_context	task_separation_rating_z_up_minus_down	33	-0.26954227181017626	0.12928370347065743	-0.3653074866310161	0.03657469476706916	0.4731184111003721	0.4583893849131634
stim_up_temp_FE	expl_hippocampus_L	exploratory_context	passive_sensory_slope_z	33	-0.1797605346257389	0.31682046097089755	-0.20889037433155083	0.24335582324949379	0.5760372017652682	0.5123280489463027
stim_up_temp_FE	expl_hippocampus_L	exploratory_context	passive_withinrun_slope_z	33	-0.21435558538535898	0.2309621058708167	-0.21724598930481284	0.22458289342180426	0.4731184111003721	0.4990730964928983
stim_up_temp_FE	expl_hippocampus_L	exploratory_context	passive_acrossrun_slope_z	33	-0.25255157762822517	0.1562012916035492	-0.2887700534759359	0.10313761160546177	0.4731184111003721	0.4583893849131634
stim_up_temp_FE	expl_hippocampus_R	exploratory_context	mean_reg_success_z	33	-0.2592934981958122	0.14507500851775407	-0.2553475935828877	0.15151464486591093	0.4731184111003721	0.4990730964928983
stim_up_temp_FE	expl_hippocampus_R	exploratory_context	reg_success_z_up	33	-0.4728539646155059	0.0054536546657403765	-0.39939839572192515	0.021297405895991547	0.1315387125979938	0.4259481179198309
stim_up_temp_FE	expl_hippocampus_R	exploratory_context	reg_success_z_down	33	0.09252351113521765	0.6085713325588158	0.01002673796791444	0.9558360603869237	0.7852533323339559	0.9558360603869237
stim_up_temp_FE	expl_hippocampus_R	exploratory_context	success_asymmetry_z_up_minus_down	33	-0.46363675191563697	0.0065769356298996905	-0.2964572192513369	0.09388518276866462	0.1315387125979938	0.4583893849131634
stim_up_temp_FE	expl_hippocampus_R	exploratory_context	task_separation_rating_z_up_minus_down	33	-0.278206790632293	0.11695492790532624	-0.2901069518716578	0.10148087880751447	0.4731184111003721	0.4583893849131634
stim_up_temp_FE	expl_hippocampus_R	exploratory_context	passive_sensory_slope_z	33	-0.193478169773723	0.2806651547913633	-0.06517379679144385	0.7185910989104528	0.5346002948406919	0.7994140489792756
stim_up_temp_FE	expl_hippocampus_R	exploratory_context	passive_withinrun_slope_z	33	0.059169207904482345	0.7436059222420489	0.13970588235294118	0.4380924011633607	0.8748304967553516	0.6995571865371419
stim_up_temp_FE	expl_hippocampus_R	exploratory_context	passive_acrossrun_slope_z	33	-0.1500848434813332	0.40446974214843323	-0.2219251336898396	0.2145116106453367	0.6027872372595265	0.4990730964928983
stim_up_temp_FE	expl_hypothalamus	exploratory_context	mean_reg_success_z	33	0.022691508500823278	0.9002523698594589	0.04411764705882353	0.8073988538126244	0.9913648253705263	0.8498935303290784
stim_up_temp_FE	expl_hypothalamus	exploratory_context	reg_success_z_up	33	0.1512529079936533	0.40078010994897706	0.12032085561497326	0.5047918747287523	0.6027872372595265	0.6995571865371419
stim_up_temp_FE	expl_hypothalamus	exploratory_context	reg_success_z_down	33	-0.12777952539352708	0.47854335541586834	-0.10594919786096257	0.5573248802897377	0.6761442267753525	0.7191288777932099
stim_up_temp_FE	expl_hypothalamus	exploratory_context	success_asymmetry_z_up_minus_down	33	0.22322516664311745	0.21176930013141146	0.26938502673796794	0.12951597536128656	0.4731184111003721	0.4990730964928983
stim_up_temp_FE	expl_hypothalamus	exploratory_context	task_separation_rating_z_up_minus_down	33	0.036452319553656	0.8403896132273726	0.06918449197860962	0.7020392231895696	0.9604452722598544	0.7994140489792756
stim_up_temp_FE	expl_hypothalamus	exploratory_context	passive_sensory_slope_z	33	0.1548857981283231	0.389428265400015	0.15106951871657756	0.4013581166223674	0.6027872372595265	0.6995571865371419
stim_up_temp_FE	expl_hypothalamus	exploratory_context	passive_withinrun_slope_z	33	0.001959566673576168	0.9913648253705263	0.13201871657754014	0.46394743354607615	0.9913648253705263	0.6995571865371419
stim_up_temp_FE	expl_hypothalamus	exploratory_context	passive_acrossrun_slope_z	33	0.017704408225484906	0.922099016539142	0.11965240641711229	0.5071789602394279	0.9913648253705263	0.6995571865371419
stim_up_temp_FE	reg_NAc_L	targeted_regulatory_value	mean_reg_success_z	33	0.1337674293155639	0.4579958896699418	0.04913101604278075	0.7859930133070245	0.9785186831621449	0.977200054155366
stim_up_temp_FE	reg_NAc_L	targeted_regulatory_value	reg_success_z_up	33	0.19410875085592416	0.27906999198237464	0.1413770053475936	0.4325779915405583	0.9785186831621449	0.977200054155366
stim_up_temp_FE	reg_NAc_L	targeted_regulatory_value	reg_success_z_down	33	0.006550209727509091	0.9711407998499898	-0.0016711229946524066	0.9926358658152478	0.9785186831621449	1.0
stim_up_temp_FE	reg_NAc_L	targeted_regulatory_value	success_asymmetry_z_up_minus_down	33	0.15634460023313698	0.3849227642439643	0.08890374331550803	0.6227214514660669	0.9785186831621449	0.977200054155366
stim_up_temp_FE	reg_NAc_L	targeted_regulatory_value	task_separation_rating_z_up_minus_down	33	0.12106935329799397	0.5021256274391674	0.02306149732620321	0.8986342479576831	0.9785186831621449	0.977200054155366
stim_up_temp_FE	reg_NAc_L	targeted_regulatory_value	passive_sensory_slope_z	33	0.016884934188137586	0.9256946064945815	0.2322860962566845	0.1933242217416976	0.9785186831621449	0.9303553827762188
stim_up_temp_FE	reg_NAc_L	targeted_regulatory_value	passive_withinrun_slope_z	33	-0.08474154174707743	0.6391570394336397	0.03776737967914439	0.8347091249286811	0.9785186831621449	0.977200054155366
stim_up_temp_FE	reg_NAc_L	targeted_regulatory_value	passive_acrossrun_slope_z	33	-0.012114194107906066	0.9466535292551482	-0.04512032085561497	0.8031061703437151	0.9785186831621449	0.977200054155366
stim_up_temp_FE	reg_NAc_R	targeted_regulatory_value	mean_reg_success_z	33	0.11377610448634683	0.5284035499578367	0.09491978609625669	0.5992796260006483	0.9785186831621449	0.977200054155366
stim_up_temp_FE	reg_NAc_R	targeted_regulatory_value	reg_success_z_up	33	0.11961797919019981	0.5073020550619614	0.13903743315508021	0.440308875721791	0.9785186831621449	0.977200054155366
stim_up_temp_FE	reg_NAc_R	targeted_regulatory_value	reg_success_z_down	33	0.05511384373178245	0.7606489169754033	0.042446524064171126	0.8145655365132908	0.9785186831621449	0.977200054155366
stim_up_temp_FE	reg_NAc_R	targeted_regulatory_value	success_asymmetry_z_up_minus_down	33	0.05737081996856099	0.7511495956204891	0.08021390374331552	0.6572286971168086	0.9785186831621449	0.977200054155366
stim_up_temp_FE	reg_NAc_R	targeted_regulatory_value	task_separation_rating_z_up_minus_down	33	0.16640895475875903	0.35467312415202173	0.15106951871657756	0.4013581166223674	0.9785186831621449	0.977200054155366
stim_up_temp_FE	reg_NAc_R	targeted_regulatory_value	passive_sensory_slope_z	33	0.18393103416661782	0.3055342478647449	0.33188502673796794	0.05917392598983592	0.9785186831621449	0.6513306653725295
stim_up_temp_FE	reg_NAc_R	targeted_regulatory_value	passive_withinrun_slope_z	33	-0.23369322484985833	0.19056375192658087	-0.07720588235294118	0.6693419725577864	0.9785186831621449	0.977200054155366
stim_up_temp_FE	reg_NAc_R	targeted_regulatory_value	passive_acrossrun_slope_z	33	-0.2027166152471311	0.2578815632658835	-0.2259358288770054	0.2061290917022299	0.9785186831621449	0.9303553827762188
stim_up_temp_FE	reg_PAG_sphere	targeted_regulatory_value	mean_reg_success_z	33	0.014132352131491048	0.9377822230415375	0.09792780748663102	0.5877032285854515	0.9785186831621449	0.977200054155366
stim_up_temp_FE	reg_PAG_sphere	targeted_regulatory_value	reg_success_z_up	33	0.05967999743487494	0.7414675455998301	0.17279411764705885	0.33624456078509823	0.9785186831621449	0.977200054155366
stim_up_temp_FE	reg_PAG_sphere	targeted_regulatory_value	reg_success_z_down	33	-0.041978346127865385	0.8165760126558925	-0.024732620320855617	0.8913307837358655	0.9785186831621449	0.977200054155366
stim_up_temp_FE	reg_PAG_sphere	targeted_regulatory_value	success_asymmetry_z_up_minus_down	33	0.08163809227170393	0.6515229939091156	0.3014705882352941	0.08820102760253003	0.9785186831621449	0.6513306653725295
stim_up_temp_FE	reg_PAG_sphere	targeted_regulatory_value	task_separation_rating_z_up_minus_down	33	0.043811409220469735	0.8087110364892597	0.13502673796791445	0.4537353346367933	0.9785186831621449	0.977200054155366
stim_up_temp_FE	reg_PAG_sphere	targeted_regulatory_value	passive_sensory_slope_z	33	-0.10223000942361089	0.5713195018269283	0.016711229946524065	0.9264569529080986	0.9785186831621449	0.9804566607915186
stim_up_temp_FE	reg_PAG_sphere	targeted_regulatory_value	passive_withinrun_slope_z	33	0.3285175915832179	0.061956379501145395	0.32319518716577544	0.06656289882673745	0.6608680480122175	0.6513306653725295
stim_up_temp_FE	reg_PAG_sphere	targeted_regulatory_value	passive_acrossrun_slope_z	33	0.31241495734011276	0.0767113587002981	0.21758021390374332	0.22385304871533357	0.6788011488516374	0.9303553827762188
stim_up_temp_FE	reg_SMA_preSMA	targeted_regulatory_value	mean_reg_success_z	33	-0.36887919304723327	0.034644868222811556	-0.4595588235294118	0.007133713604321475	0.5275922261519156	0.6095333943345225
stim_up_temp_FE	reg_SMA_preSMA	targeted_regulatory_value	reg_success_z_up	33	-0.19085054733171736	0.2873754221416623	-0.3198529411764706	0.06958987826329378	0.9785186831621449	0.6513306653725295
stim_up_temp_FE	reg_SMA_preSMA	targeted_regulatory_value	reg_success_z_down	33	-0.3932434540951486	0.023574667827155928	-0.42914438502673796	0.012698612381969216	0.5275922261519156	0.6095333943345225
stim_up_temp_FE	reg_SMA_preSMA	targeted_regulatory_value	success_asymmetry_z_up_minus_down	33	0.1414355320603586	0.432385558878043	0.07219251336898397	0.6897124203111333	0.9785186831621449	0.977200054155366
stim_up_temp_FE	reg_SMA_preSMA	targeted_regulatory_value	task_separation_rating_z_up_minus_down	33	-0.31134631146393354	0.07777929830591679	-0.4017379679144385	0.0204809955211092	0.6788011488516374	0.6157281625359562
stim_up_temp_FE	reg_SMA_preSMA	targeted_regulatory_value	passive_sensory_slope_z	33	0.006802418382255362	0.9700300956937516	0.044451871657754015	0.805967340002315	0.9785186831621449	0.977200054155366
stim_up_temp_FE	reg_SMA_preSMA	targeted_regulatory_value	passive_withinrun_slope_z	33	-0.04483958201902814	0.8043075162682546	-0.11898395721925133	0.5095716695403048	0.9785186831621449	0.977200054155366
stim_up_temp_FE	reg_SMA_preSMA	targeted_regulatory_value	passive_acrossrun_slope_z	33	0.208271137530216	0.24478757928449	0.1410427807486631	0.43367780657980803	0.9785186831621449	0.977200054155366
stim_up_temp_FE	reg_anterior_insula_L	targeted_regulatory_value	mean_reg_success_z	33	0.4095428529315817	0.017942702873860468	0.3094919786096257	0.07965967235063362	0.5275922261519156	0.6513306653725295
stim_up_temp_FE	reg_anterior_insula_L	targeted_regulatory_value	reg_success_z_up	33	0.4480166370126069	0.00893233956291796	0.3880347593582888	0.02565534010566484	0.5275922261519156	0.6157281625359562
stim_up_temp_FE	reg_anterior_insula_L	targeted_regulatory_value	reg_success_z_down	33	0.1793817008686844	0.3178583748805015	0.1824866310160428	0.3094140342510503	0.9785186831621449	0.9581853963903493
stim_up_temp_FE	reg_anterior_insula_L	targeted_regulatory_value	success_asymmetry_z_up_minus_down	33	0.23551077389732475	0.1870391208108072	0.24933155080213906	0.16172712555248664	0.9785186831621449	0.862544669613262
stim_up_temp_FE	reg_anterior_insula_L	targeted_regulatory_value	task_separation_rating_z_up_minus_down	33	0.38106568900401716	0.028673022474825664	0.26704545454545453	0.133008309055652	0.5275922261519156	0.7980498543339121
stim_up_temp_FE	reg_anterior_insula_L	targeted_regulatory_value	passive_sensory_slope_z	33	0.1598622748151527	0.3741838342301743	0.029411764705882356	0.8709295076786825	0.9785186831621449	0.977200054155366
stim_up_temp_FE	reg_anterior_insula_L	targeted_regulatory_value	passive_withinrun_slope_z	33	-0.1777636685966817	0.322315205056846	-0.11564171122994654	0.5216188950016374	0.9785186831621449	0.977200054155366
stim_up_temp_FE	reg_anterior_insula_L	targeted_regulatory_value	passive_acrossrun_slope_z	33	-0.11092019126724256	0.5388717159957848	-0.044451871657754015	0.805967340002315	0.9785186831621449	0.977200054155366
stim_up_temp_FE	reg_anterior_insula_R	targeted_regulatory_value	mean_reg_success_z	33	-0.026695555998643504	0.8827632070697242	0.008021390374331552	0.9646626688942839	0.9785186831621449	1.0
stim_up_temp_FE	reg_anterior_insula_R	targeted_regulatory_value	reg_success_z_up	33	-0.08391311897596831	0.6424488163040415	-0.16711229946524064	0.35261398945090494	0.9785186831621449	0.977200054155366
stim_up_temp_FE	reg_anterior_insula_R	targeted_regulatory_value	reg_success_z_down	33	0.04790191095857602	0.7912274159559125	0.21022727272727276	0.2402838477334271	0.9785186831621449	0.9303553827762188
stim_up_temp_FE	reg_anterior_insula_R	targeted_regulatory_value	success_asymmetry_z_up_minus_down	33	-0.10630068043309228	0.5560105713534876	-0.1915106951871658	0.28567997875535706	0.9785186831621449	0.9456992400177338
stim_up_temp_FE	reg_anterior_insula_R	targeted_regulatory_value	task_separation_rating_z_up_minus_down	33	-0.020612125772927523	0.9093535659432571	0.0	1.0	0.9785186831621449	1.0
stim_up_temp_FE	reg_anterior_insula_R	targeted_regulatory_value	passive_sensory_slope_z	33	0.0278848110438246	0.8775787682973375	0.02339572192513369	0.8971728827314497	0.9785186831621449	0.977200054155366
stim_up_temp_FE	reg_anterior_insula_R	targeted_regulatory_value	passive_withinrun_slope_z	33	-0.0667737977385487	0.7119724516673471	-0.021724598930481284	0.9044829307460704	0.9785186831621449	0.977200054155366
stim_up_temp_FE	reg_anterior_insula_R	targeted_regulatory_value	passive_acrossrun_slope_z	33	-0.13195303821628582	0.46417175692867507	-0.11129679144385027	0.5374856772874539	0.9785186831621449	0.977200054155366
stim_up_temp_FE	reg_caudate_L	secondary_subcortical	mean_reg_success_z	33	-0.048876813796758144	0.7870748411243195	-0.125	0.48824131583041164	0.9086225522680142	0.9816963578833267
stim_up_temp_FE	reg_caudate_L	secondary_subcortical	reg_success_z_up	33	0.03017156731860348	0.8676240770658079	-0.017045454545454548	0.9249901786454771	0.9086225522680142	0.9941086640252161
stim_up_temp_FE	reg_caudate_L	secondary_subcortical	reg_success_z_down	33	-0.11251646822678624	0.5330085017816518	-0.10628342245989306	0.5560750710116239	0.8621022898664169	0.9816963578833267
stim_up_temp_FE	reg_caudate_L	secondary_subcortical	success_asymmetry_z_up_minus_down	33	0.11093588273181627	0.5388139311665106	0.09157754010695188	0.6122561044810437	0.8621022898664169	0.9816963578833267
stim_up_temp_FE	reg_caudate_L	secondary_subcortical	task_separation_rating_z_up_minus_down	33	-0.02077904413706384	0.9086225522680142	-0.1504010695187166	0.40346895918794123	0.9086225522680142	0.9816963578833267
stim_up_temp_FE	reg_caudate_L	secondary_subcortical	passive_sensory_slope_z	33	0.1946608444124433	0.2776781989180573	0.2760695187165776	0.11991112435378146	0.6808500591186234	0.9592889948302517
stim_up_temp_FE	reg_caudate_L	secondary_subcortical	passive_withinrun_slope_z	33	-0.18756435106494504	0.2959111297662639	-0.07286096256684492	0.6869835966376383	0.6808500591186234	0.9941086640252161
stim_up_temp_FE	reg_caudate_L	secondary_subcortical	passive_acrossrun_slope_z	33	-0.06178371033711675	0.7326806799431757	-0.12934491978609627	0.47312597132579703	0.9086225522680142	0.9816963578833267
stim_up_temp_FE	reg_caudate_R	secondary_subcortical	mean_reg_success_z	33	0.23680104668561103	0.1845649377679719	0.02840909090909091	0.8752947941525229	0.6808500591186234	0.9941086640252161
stim_up_temp_FE	reg_caudate_R	secondary_subcortical	reg_success_z_up	33	0.31249144052876215	0.07663536397321838	0.1681149732620321	0.3496909925288374	0.6808500591186234	0.9816963578833267
stim_up_temp_FE	reg_caudate_R	secondary_subcortical	reg_success_z_down	33	0.04550341061587238	0.8014675551238423	-0.06383689839572193	0.7241368385900291	0.9086225522680142	0.9941086640252161
stim_up_temp_FE	reg_caudate_R	secondary_subcortical	success_asymmetry_z_up_minus_down	33	0.2250202640538876	0.2080224282925704	0.1467245989304813	0.41519102511589856	0.6808500591186234	0.9816963578833267
stim_up_temp_FE	reg_caudate_R	secondary_subcortical	task_separation_rating_z_up_minus_down	33	0.2847260790188868	0.10827354994942111	0.07185828877005349	0.6910782746456152	0.6808500591186234	0.9941086640252161
stim_up_temp_FE	reg_caudate_R	secondary_subcortical	passive_sensory_slope_z	33	0.28760862900353573	0.10459341242404202	0.38001336898395727	0.029152949104876993	0.6808500591186234	0.9328943713560638
stim_up_temp_FE	reg_caudate_R	secondary_subcortical	passive_withinrun_slope_z	33	-0.11986346058824983	0.5064246605199818	-0.09993315508021391	0.580040723866565	0.8621022898664169	0.9816963578833267
stim_up_temp_FE	reg_caudate_R	secondary_subcortical	passive_acrossrun_slope_z	33	-0.08979832116614153	0.6192118301498934	-0.09725935828877007	0.5902672492299021	0.9006717529452996	0.9816963578833267
stim_up_temp_FE	reg_dlPFC_IFJ_L	targeted_regulatory_value	mean_reg_success_z	33	-0.004875191152439007	0.9785186831621449	-0.09525401069518717	0.5979885206977005	0.9785186831621449	0.977200054155366
stim_up_temp_FE	reg_dlPFC_IFJ_L	targeted_regulatory_value	reg_success_z_up	33	-0.06206821230247561	0.7314948865553692	-0.19719251336898397	0.2713536533097305	0.9785186831621449	0.9303553827762188
stim_up_temp_FE	reg_dlPFC_IFJ_L	targeted_regulatory_value	reg_success_z_down	33	0.059665508495531025	0.7415281762410505	0.047459893048128345	0.7931120453812652	0.9785186831621449	0.977200054155366
stim_up_temp_FE	reg_dlPFC_IFJ_L	targeted_regulatory_value	success_asymmetry_z_up_minus_down	33	-0.09711961922603672	0.5908038749863685	-0.2697192513368984	0.12902264915368578	0.9785186831621449	0.7980498543339121
stim_up_temp_FE	reg_dlPFC_IFJ_L	targeted_regulatory_value	task_separation_rating_z_up_minus_down	33	0.024732229569457122	0.8913324904724882	-0.09692513368983958	0.5915510929665697	0.9785186831621449	0.977200054155366
stim_up_temp_FE	reg_dlPFC_IFJ_L	targeted_regulatory_value	passive_sensory_slope_z	33	-0.07701979212022417	0.6700940886918	-0.07620320855614975	0.6733981635635298	0.9785186831621449	0.977200054155366
stim_up_temp_FE	reg_dlPFC_IFJ_L	targeted_regulatory_value	passive_withinrun_slope_z	33	0.1534842630902205	0.3937854845404339	0.10260695187165776	0.5698939278887764	0.9785186831621449	0.977200054155366
stim_up_temp_FE	reg_dlPFC_IFJ_L	targeted_regulatory_value	passive_acrossrun_slope_z	33	0.1689442323728025	0.3472846152494219	0.12600267379679145	0.48473134590697164	0.9785186831621449	0.977200054155366
stim_up_temp_FE	reg_dlPFC_IFJ_R	targeted_regulatory_value	mean_reg_success_z	33	0.10825379937869108	0.5487335330621714	0.20020053475935828	0.2639620005574443	0.9785186831621449	0.9303553827762188
stim_up_temp_FE	reg_dlPFC_IFJ_R	targeted_regulatory_value	reg_success_z_up	33	0.09326643265075657	0.6056840859232269	0.08355614973262032	0.6438693159436282	0.9785186831621449	0.977200054155366
stim_up_temp_FE	reg_dlPFC_IFJ_R	targeted_regulatory_value	reg_success_z_down	33	0.07481901433655984	0.679012597525107	0.10661764705882353	0.5548265632603793	0.9785186831621449	0.977200054155366
stim_up_temp_FE	reg_dlPFC_IFJ_R	targeted_regulatory_value	success_asymmetry_z_up_minus_down	33	0.02043114560784383	0.9101462452628222	-0.02840909090909091	0.8752947941525229	0.9785186831621449	0.977200054155366
stim_up_temp_FE	reg_dlPFC_IFJ_R	targeted_regulatory_value	task_separation_rating_z_up_minus_down	33	0.1272205322716111	0.480485646267645	0.20086898395721925	0.26233751711112063	0.9785186831621449	0.9303553827762188
stim_up_temp_FE	reg_dlPFC_IFJ_R	targeted_regulatory_value	passive_sensory_slope_z	33	-0.05166827249153258	0.7752168502681239	-0.07586898395721926	0.6747522433605396	0.9785186831621449	0.977200054155366
stim_up_temp_FE	reg_dlPFC_IFJ_R	targeted_regulatory_value	passive_withinrun_slope_z	33	0.20846843661349218	0.24433078949554735	0.10260695187165776	0.5698939278887764	0.9785186831621449	0.977200054155366
stim_up_temp_FE	reg_dlPFC_IFJ_R	targeted_regulatory_value	passive_acrossrun_slope_z	33	0.11714859938649477	0.5161700825819725	0.1677807486631016	0.3506636960656433	0.9785186831621449	0.977200054155366
stim_up_temp_FE	reg_mOFC	targeted_regulatory_value	mean_reg_success_z	33	-0.11419288701211638	0.5268841385961315	-0.0213903743315508	0.9059458835398706	0.9785186831621449	0.977200054155366
stim_up_temp_FE	reg_mOFC	targeted_regulatory_value	reg_success_z_up	33	-0.098019050380753	0.5873536216622474	-0.016042780748663103	0.929391209708627	0.9785186831621449	0.9804566607915186
stim_up_temp_FE	reg_mOFC	targeted_regulatory_value	reg_success_z_down	33	-0.07932052680333282	0.6608175626704562	-0.051804812834224605	0.7746380858703223	0.9785186831621449	0.977200054155366
stim_up_temp_FE	reg_mOFC	targeted_regulatory_value	success_asymmetry_z_up_minus_down	33	-0.020946567903459206	0.9078889612103006	0.00033422459893048126	0.9985271540782654	0.9785186831621449	1.0
stim_up_temp_FE	reg_mOFC	targeted_regulatory_value	task_separation_rating_z_up_minus_down	33	-0.14498539112322548	0.42080225845465796	-0.030080213903743314	0.8680213839757225	0.9785186831621449	0.977200054155366
stim_up_temp_FE	reg_mOFC	targeted_regulatory_value	passive_sensory_slope_z	33	-0.262315689837954	0.14027935015666287	-0.18649732620320858	0.29871699451325257	0.9785186831621449	0.9558943824424082
stim_up_temp_FE	reg_mOFC	targeted_regulatory_value	passive_withinrun_slope_z	33	-0.13613690090730748	0.44999707700927594	0.11697860962566847	0.5167833474033252	0.9785186831621449	0.977200054155366
stim_up_temp_FE	reg_mOFC	targeted_regulatory_value	passive_acrossrun_slope_z	33	-0.26887185683417175	0.13027613839101398	-0.08422459893048129	0.6412103483753364	0.9785186831621449	0.977200054155366
stim_up_temp_FE	reg_pgACC_rACC	targeted_regulatory_value	mean_reg_success_z	33	0.13767453618215414	0.4448469152727504	0.14605614973262032	0.4173426623454898	0.9785186831621449	0.977200054155366
stim_up_temp_FE	reg_pgACC_rACC	targeted_regulatory_value	reg_success_z_up	33	-0.03163007013207922	0.8612852422401969	-0.03342245989304813	0.8535069513307668	0.9785186831621449	0.977200054155366
stim_up_temp_FE	reg_pgACC_rACC	targeted_regulatory_value	reg_success_z_down	33	0.2588122297004788	0.14584957542088647	0.3058155080213904	0.08349143066433228	0.9785186831621449	0.6513306653725295
stim_up_temp_FE	reg_pgACC_rACC	targeted_regulatory_value	success_asymmetry_z_up_minus_down	33	-0.2237813019037456	0.21060356777786166	-0.32319518716577544	0.06656289882673745	0.9785186831621449	0.6513306653725295
stim_up_temp_FE	reg_pgACC_rACC	targeted_regulatory_value	task_separation_rating_z_up_minus_down	33	0.1354052253420623	0.45245898489083775	0.11163101604278076	0.5362570253519456	0.9785186831621449	0.977200054155366
stim_up_temp_FE	reg_pgACC_rACC	targeted_regulatory_value	passive_sensory_slope_z	33	-0.3663178152535245	0.036020183995397956	-0.28375668449197866	0.10953280153340267	0.5275922261519156	0.7510820676576182
stim_up_temp_FE	reg_pgACC_rACC	targeted_regulatory_value	passive_withinrun_slope_z	33	0.05465914656869366	0.7625668876137706	0.13903743315508021	0.440308875721791	0.9785186831621449	0.977200054155366
stim_up_temp_FE	reg_pgACC_rACC	targeted_regulatory_value	passive_acrossrun_slope_z	33	-0.08722905722002026	0.6293135141360973	-0.0427807486631016	0.8131309995317153	0.9785186831621449	0.977200054155366
stim_up_temp_FE	reg_putamen_L	secondary_subcortical	mean_reg_success_z	33	0.05847262484073445	0.746525137463366	0.05147058823529412	0.7760550005541944	0.9086225522680142	0.9941086640252161
stim_up_temp_FE	reg_putamen_L	secondary_subcortical	reg_success_z_up	33	0.18083140077867813	0.3138979900364799	0.28643048128342247	0.10608596657996938	0.6808500591186234	0.9592889948302517
stim_up_temp_FE	reg_putamen_L	secondary_subcortical	reg_success_z_down	33	-0.10168924485505387	0.5733674532880356	-0.0912433155080214	0.6135602236770792	0.873702785962721	0.9816963578833267
stim_up_temp_FE	reg_putamen_L	secondary_subcortical	success_asymmetry_z_up_minus_down	33	0.2279021858645775	0.20210307650218645	0.32286096256684493	0.06686087642022254	0.6808500591186234	0.9592889948302517
stim_up_temp_FE	reg_putamen_L	secondary_subcortical	task_separation_rating_z_up_minus_down	33	0.02593557603892758	0.8860787797767228	0.015374331550802138	0.9323263794090122	0.9086225522680142	0.9941086640252161
stim_up_temp_FE	reg_putamen_L	secondary_subcortical	passive_sensory_slope_z	33	-0.08057900282979606	0.6557641790090837	0.02540106951871658	0.8884118166127934	0.9086225522680142	0.9941086640252161
stim_up_temp_FE	reg_putamen_L	secondary_subcortical	passive_withinrun_slope_z	33	-0.28918334500794557	0.1026232780753766	-0.1928475935828877	0.28226617928575826	0.6808500591186234	0.9816963578833267
stim_up_temp_FE	reg_putamen_L	secondary_subcortical	passive_acrossrun_slope_z	33	0.032416225997817065	0.8578720053313583	-0.04512032085561497	0.8031061703437151	0.9086225522680142	0.9941086640252161
stim_up_temp_FE	reg_putamen_R	secondary_subcortical	mean_reg_success_z	33	-0.18380436126596428	0.30587326922357877	-0.17847593582887702	0.3203485296994499	0.6808500591186234	0.9816963578833267
stim_up_temp_FE	reg_putamen_R	secondary_subcortical	reg_success_z_up	33	-0.23615070080630893	0.18580912471317657	-0.034090909090909095	0.8506095583620601	0.6808500591186234	0.9941086640252161
stim_up_temp_FE	reg_putamen_R	secondary_subcortical	reg_success_z_down	33	-0.04229581898497406	0.8152125767180328	-0.1360294117647059	0.45035829855079756	0.9086225522680142	0.9816963578833267
stim_up_temp_FE	reg_putamen_R	secondary_subcortical	success_asymmetry_z_up_minus_down	33	-0.16401358251798295	0.36173987183141026	-0.0053475935828877	0.9764377093265237	0.6809221116826546	0.9941086640252161
stim_up_temp_FE	reg_putamen_R	secondary_subcortical	task_separation_rating_z_up_minus_down	33	-0.16529496912121358	0.35794919595291863	-0.12065508021390375	0.5036004468412304	0.6809221116826546	0.9816963578833267
stim_up_temp_FE	reg_putamen_R	secondary_subcortical	passive_sensory_slope_z	33	-0.1789118964564629	0.3191484652118547	-0.001336898395721925	0.9941086640252161	0.6808500591186234	0.9941086640252161
stim_up_temp_FE	reg_putamen_R	secondary_subcortical	passive_withinrun_slope_z	33	-0.2644906649599727	0.13690051252873053	-0.25434491978609625	0.15318345604602016	0.6808500591186234	0.980374118694529
stim_up_temp_FE	reg_putamen_R	secondary_subcortical	passive_acrossrun_slope_z	33	-0.20328356552826474	0.25652430917581504	-0.21858288770053477	0.22167319439137453	0.6808500591186234	0.9816963578833267
stim_up_temp_FE	reg_vmPFC	targeted_regulatory_value	mean_reg_success_z	33	0.13518624302188273	0.45319721029965543	0.07419786096256685	0.6815375957464214	0.9785186831621449	0.977200054155366
stim_up_temp_FE	reg_vmPFC	targeted_regulatory_value	reg_success_z_up	33	0.024825423684462056	0.890925447768744	-0.02540106951871658	0.8884118166127934	0.9785186831621449	0.977200054155366
stim_up_temp_FE	reg_vmPFC	targeted_regulatory_value	reg_success_z_down	33	0.19326087424823252	0.28121620184290524	0.1647727272727273	0.35949124529424703	0.9785186831621449	0.977200054155366
stim_up_temp_FE	reg_vmPFC	targeted_regulatory_value	success_asymmetry_z_up_minus_down	33	-0.12683568250321928	0.48182522406858563	-0.20889037433155083	0.24335582324949379	0.9785186831621449	0.9303553827762188
stim_up_temp_FE	reg_vmPFC	targeted_regulatory_value	task_separation_rating_z_up_minus_down	33	0.1282760740620886	0.47682146186913543	0.04010695187165776	0.8246236053131015	0.9785186831621449	0.977200054155366
stim_up_temp_FE	reg_vmPFC	targeted_regulatory_value	passive_sensory_slope_z	33	-0.35289850040583975	0.043966018845992966	-0.3449197860962567	0.04932039198201311	0.5275922261519156	0.6513306653725295
stim_up_temp_FE	reg_vmPFC	targeted_regulatory_value	passive_withinrun_slope_z	33	0.07212415850134515	0.6899916837868492	0.21891711229946526	0.22094980001319292	0.9785186831621449	0.9303553827762188
stim_up_temp_FE	reg_vmPFC	targeted_regulatory_value	passive_acrossrun_slope_z	33	-0.07904575864770474	0.6619228559020521	-0.026403743315508023	0.8840360735526009	0.9785186831621449	0.977200054155366
stim_up_temp_FE	reg_vmPFC_mOFC	targeted_regulatory_value	mean_reg_success_z	33	0.04609637479563176	0.7989328688810412	0.039104278074866314	0.8289426989227944	0.9785186831621449	0.977200054155366
stim_up_temp_FE	reg_vmPFC_mOFC	targeted_regulatory_value	reg_success_z_up	33	-0.023544655775684622	0.8965217901586805	-0.058489304812834236	0.746455195029992	0.9785186831621449	0.977200054155366
stim_up_temp_FE	reg_vmPFC_mOFC	targeted_regulatory_value	reg_success_z_down	33	0.10076676969010345	0.5768686119340178	0.09491978609625669	0.5992796260006483	0.9785186831621449	0.977200054155366
stim_up_temp_FE	reg_vmPFC_mOFC	targeted_regulatory_value	success_asymmetry_z_up_minus_down	33	-0.09646182733837075	0.5933327873168224	-0.22827540106951874	0.2013451332955642	0.9785186831621449	0.9303553827762188
stim_up_temp_FE	reg_vmPFC_mOFC	targeted_regulatory_value	task_separation_rating_z_up_minus_down	33	0.0285224488497927	0.8748010905062926	0.004010695187165776	0.9823272134277938	0.9785186831621449	1.0
stim_up_temp_FE	reg_vmPFC_mOFC	targeted_regulatory_value	passive_sensory_slope_z	33	-0.3531545099889407	0.04380227274204013	-0.36330213903743314	0.037695786818266123	0.5275922261519156	0.6513306653725295
stim_up_temp_FE	reg_vmPFC_mOFC	targeted_regulatory_value	passive_withinrun_slope_z	33	-0.006653871244483418	0.9706842773258336	0.25	0.16056863389412462	0.9785186831621449	0.862544669613262
stim_up_temp_FE	reg_vmPFC_mOFC	targeted_regulatory_value	passive_acrossrun_slope_z	33	-0.16639516627753273	0.3547135637450662	-0.02840909090909091	0.8752947941525229	0.9785186831621449	0.977200054155366
stim_up_temp_FE	sensory_S1_L	targeted_sensory	mean_reg_success_z	33	-0.38987673923839034	0.024902942223009143	-0.3616310160427808	0.03865111056750519	0.3130655593749721	0.3003395131088072
stim_up_temp_FE	sensory_S1_L	targeted_sensory	reg_success_z_up	33	-0.33482818857784963	0.05682362259183717	-0.3699866310160428	0.03406358757856266	0.46953722625419436	0.3003395131088072
stim_up_temp_FE	sensory_S1_L	targeted_sensory	reg_success_z_down	33	-0.27062827534565725	0.12768792088251057	-0.2359625668449198	0.18617014332469822	0.633542227226081	0.6673473902028199
stim_up_temp_FE	sensory_S1_L	targeted_sensory	success_asymmetry_z_up_minus_down	33	-0.07180171634828454	0.6913095603155536	-0.10795454545454546	0.5498456038599482	0.9505506454338861	0.9816073788511099
stim_up_temp_FE	sensory_S1_L	targeted_sensory	task_separation_rating_z_up_minus_down	33	-0.36606991995370713	0.03615560458312057	-0.36397058823529416	0.037319043676532423	0.3977116504143262	0.3003395131088072
stim_up_temp_FE	sensory_S1_L	targeted_sensory	passive_sensory_slope_z	33	-0.07551761895573036	0.6761768460918687	-0.034090909090909095	0.8506095583620601	0.9505506454338861	0.9911630914606229
stim_up_temp_FE	sensory_S1_L	targeted_sensory	passive_withinrun_slope_z	33	-0.19901238910667257	0.2668657108558228	-0.21022727272727276	0.2402838477334271	0.8270438998475974	0.7183780421488994
stim_up_temp_FE	sensory_S1_L	targeted_sensory	passive_acrossrun_slope_z	33	-0.019717631769112315	0.9132722028733128	-0.09993315508021391	0.580040723866565	0.9610255753040781	0.9816073788511099
stim_up_temp_FE	sensory_S1_R	targeted_sensory	mean_reg_success_z	33	-0.4994400619540774	0.003085591343824156	-0.46223262032085566	0.0067643012642415005	0.2411831256709703	0.25179797670571613
stim_up_temp_FE	sensory_S1_R	targeted_sensory	reg_success_z_up	33	-0.4380951807185473	0.010772806364512213	-0.4024064171122995	0.02025255872007992	0.3130655593749721	0.3003395131088072
stim_up_temp_FE	sensory_S1_R	targeted_sensory	reg_success_z_down	33	-0.33668781907083967	0.05537706595987278	-0.3572860962566845	0.04122669981243061	0.46953722625419436	0.3003395131088072
stim_up_temp_FE	sensory_S1_R	targeted_sensory	success_asymmetry_z_up_minus_down	33	-0.10722935023168267	0.5525449047584122	-0.09358288770053476	0.6044560071231155	0.924017602638748	0.9850394190154476
stim_up_temp_FE	sensory_S1_R	targeted_sensory	task_separation_rating_z_up_minus_down	33	-0.4726071604798824	0.005481434674340234	-0.44050802139037437	0.01029807847459195	0.2411831256709703	0.25179797670571613
stim_up_temp_FE	sensory_S1_R	targeted_sensory	passive_sensory_slope_z	33	-0.09960416203183355	0.5812947601468713	-0.08656417112299465	0.631938548223677	0.924017602638748	0.9911630914606229
stim_up_temp_FE	sensory_S1_R	targeted_sensory	passive_withinrun_slope_z	33	-0.09426881772606158	0.6017977479018157	-0.19050802139037434	0.288257662056037	0.924017602638748	0.7550340161028001
stim_up_temp_FE	sensory_S1_R	targeted_sensory	passive_acrossrun_slope_z	33	0.0161260467714067	0.9290256506164097	-0.012366310160427808	0.945544926243306	0.9610255753040781	0.9911630914606229
stim_up_temp_FE	sensory_S2_operculum_L	targeted_sensory	mean_reg_success_z	33	-0.22069283996000408	0.21713340774619388	-0.27640374331550804	0.11944520495156145	0.7798200398841585	0.500532287416067
stim_up_temp_FE	sensory_S2_operculum_L	targeted_sensory	reg_success_z_up	33	-0.028284397197870872	0.8758379213537694	-0.1233288770053476	0.49412008966351806	0.9610255753040781	0.9732106757291902
stim_up_temp_FE	sensory_S2_operculum_L	targeted_sensory	reg_success_z_down	33	-0.32883677916394216	0.06168830649301667	-0.2964572192513369	0.09388518276866462	0.46953722625419436	0.4762142619901338
stim_up_temp_FE	sensory_S2_operculum_L	targeted_sensory	success_asymmetry_z_up_minus_down	33	0.22741376160007507	0.20309797493894152	0.1450534759358289	0.42058180274483636	0.7793433628379964	0.92527996603864
stim_up_temp_FE	sensory_S2_operculum_L	targeted_sensory	task_separation_rating_z_up_minus_down	33	-0.17060243457311447	0.3425029070941272	-0.22660427807486633	0.20475431290313792	0.924017602638748	0.6673473902028199
stim_up_temp_FE	sensory_S2_operculum_L	targeted_sensory	passive_sensory_slope_z	33	0.15143586909640433	0.40020392677414035	0.049799465240641716	0.7831501222160653	0.924017602638748	0.9911630914606229
stim_up_temp_FE	sensory_S2_operculum_L	targeted_sensory	passive_withinrun_slope_z	33	-0.3156701507221783	0.0735282332719499	-0.295788770053476	0.09466368768257923	0.46953722625419436	0.4762142619901338
stim_up_temp_FE	sensory_S2_operculum_L	targeted_sensory	passive_acrossrun_slope_z	33	0.024399406139584037	0.8927863804909004	-0.014037433155080216	0.9381993063202716	0.9610255753040781	0.9911630914606229
stim_up_temp_FE	sensory_S2_operculum_R	targeted_sensory	mean_reg_success_z	33	-0.14854372212023642	0.40936719983839587	-0.26704545454545453	0.133008309055652	0.924017602638748	0.5089013563868424
stim_up_temp_FE	sensory_S2_operculum_R	targeted_sensory	reg_success_z_up	33	-0.08144436310209491	0.6522979979245875	-0.18282085561497327	0.3085135398160817	0.9410200625797328	0.7756911858232912
stim_up_temp_FE	sensory_S2_operculum_R	targeted_sensory	reg_success_z_down	33	-0.1533541532644495	0.3941913997157248	-0.2212566844919786	0.21593108048691717	0.924017602638748	0.6786405386731683
stim_up_temp_FE	sensory_S2_operculum_R	targeted_sensory	success_asymmetry_z_up_minus_down	33	0.04932271975008323	0.7851774249126892	0.10160427807486631	0.5736895349853548	0.9610255753040781	0.9816073788511099
stim_up_temp_FE	sensory_S2_operculum_R	targeted_sensory	task_separation_rating_z_up_minus_down	33	-0.1215870145418905	0.5002858024836251	-0.2269385026737968	0.20406930574365761	0.924017602638748	0.6673473902028199
stim_up_temp_FE	sensory_S2_operculum_R	targeted_sensory	passive_sensory_slope_z	33	0.08800964517480046	0.6262373528060063	-0.011363636363636364	0.9499544501669197	0.924017602638748	0.9911630914606229
stim_up_temp_FE	sensory_S2_operculum_R	targeted_sensory	passive_withinrun_slope_z	33	0.07429051512454589	0.6811607390486274	0.00267379679144385	0.9882176333995196	0.9505506454338861	0.9911630914606229
stim_up_temp_FE	sensory_S2_operculum_R	targeted_sensory	passive_acrossrun_slope_z	33	0.269336185620393	0.1295881828416984	0.196524064171123	0.27301436335652507	0.633542227226081	0.7550340161028001
stim_up_temp_FE	sensory_dACC_MCC	targeted_sensory	mean_reg_success_z	33	-0.403082894932955	0.0200235328254726	-0.4348262032085562	0.011445362577532552	0.3130655593749721	0.25179797670571613
stim_up_temp_FE	sensory_dACC_MCC	targeted_sensory	reg_success_z_up	33	-0.3238282208269621	0.0660013681138384	-0.3522727272727273	0.044368337163801064	0.46953722625419436	0.3003395131088072
stim_up_temp_FE	sensory_dACC_MCC	targeted_sensory	reg_success_z_down	33	-0.30413151098454677	0.08529323505618151	-0.3275401069518717	0.0627830326827784	0.5003869789962649	0.36832712507230003
stim_up_temp_FE	sensory_dACC_MCC	targeted_sensory	success_asymmetry_z_up_minus_down	33	-0.037093431019409664	0.8376192847547679	-0.10695187165775402	0.5535793598608968	0.9610255753040781	0.9816073788511099
stim_up_temp_FE	sensory_dACC_MCC	targeted_sensory	task_separation_rating_z_up_minus_down	33	-0.40060413077677914	0.020873356096599717	-0.4455213903743316	0.009368040613625452	0.3130655593749721	0.25179797670571613
stim_up_temp_FE	sensory_dACC_MCC	targeted_sensory	passive_sensory_slope_z	33	-0.1865519058333503	0.2985730627426224	-0.23362299465240643	0.19070087012477865	0.8758143173783591	0.6673473902028199
stim_up_temp_FE	sensory_dACC_MCC	targeted_sensory	passive_withinrun_slope_z	33	-0.06247156251690647	0.7298147832623593	-0.04946524064171123	0.7845712261751205	0.9610255753040781	0.9911630914606229
stim_up_temp_FE	sensory_dACC_MCC	targeted_sensory	passive_acrossrun_slope_z	33	0.13555527362454606	0.45195352061063976	0.04411764705882353	0.8073988538126244	0.924017602638748	0.9911630914606229
stim_up_temp_FE	sensory_insula_all_L	targeted_sensory	mean_reg_success_z	33	0.01407049004741515	0.9380540492628346	0.002005347593582888	0.9911630914606229	0.9610255753040781	0.9911630914606229
stim_up_temp_FE	sensory_insula_all_L	targeted_sensory	reg_success_z_up	33	0.1090349679196416	0.5458355821147125	0.12232620320855615	0.4976645500887904	0.924017602638748	0.9732106757291902
stim_up_temp_FE	sensory_insula_all_L	targeted_sensory	reg_success_z_down	33	-0.09584100308434897	0.5957238888399926	-0.014371657754010697	0.9367307629739008	0.924017602638748	0.9911630914606229
stim_up_temp_FE	sensory_insula_all_L	targeted_sensory	success_asymmetry_z_up_minus_down	33	0.16376253801012125	0.3624853185557252	0.13502673796791445	0.4537353346367933	0.924017602638748	0.9506835582866144
stim_up_temp_FE	sensory_insula_all_L	targeted_sensory	task_separation_rating_z_up_minus_down	33	-0.01664233842078099	0.926759319170298	-0.03442513368983957	0.8491615782324099	0.9610255753040781	0.9911630914606229
stim_up_temp_FE	sensory_insula_all_L	targeted_sensory	passive_sensory_slope_z	33	-0.0241550606082388	0.8938539862443124	-0.12266042780748664	0.4964816355471343	0.9610255753040781	0.9732106757291902
stim_up_temp_FE	sensory_insula_all_L	targeted_sensory	passive_withinrun_slope_z	33	-0.3944194297629185	0.023124707746567365	-0.20822192513368984	0.2449016052780339	0.3130655593749721	0.7183780421488994
stim_up_temp_FE	sensory_insula_all_L	targeted_sensory	passive_acrossrun_slope_z	33	-0.15359413664906435	0.39344288967813884	-0.071524064171123	0.6924450855527109	0.924017602638748	0.9911630914606229
stim_up_temp_FE	sensory_insula_all_R	targeted_sensory	mean_reg_success_z	33	-0.10571561455628219	0.558199119705274	-0.002005347593582888	0.9911630914606229	0.924017602638748	0.9911630914606229
stim_up_temp_FE	sensory_insula_all_R	targeted_sensory	reg_success_z_up	33	-0.1477545029078428	0.41188814756243325	-0.0752005347593583	0.6774634048445489	0.924017602638748	0.9911630914606229
stim_up_temp_FE	sensory_insula_all_R	targeted_sensory	reg_success_z_down	33	-0.011329447739572342	0.9501048301301681	0.07219251336898397	0.6897124203111333	0.9610255753040781	0.9911630914606229
stim_up_temp_FE	sensory_insula_all_R	targeted_sensory	success_asymmetry_z_up_minus_down	33	-0.11416816814410519	0.5269741938654432	-0.04077540106951872	0.821747003322018	0.924017602638748	0.9911630914606229
stim_up_temp_FE	sensory_insula_all_R	targeted_sensory	task_separation_rating_z_up_minus_down	33	-0.09143307713309058	0.6128196451361821	0.006684491978609626	0.9705494261796221	0.924017602638748	0.9911630914606229
stim_up_temp_FE	sensory_insula_all_R	targeted_sensory	passive_sensory_slope_z	33	0.04415931513370261	0.8072203521634265	0.02840909090909091	0.8752947941525229	0.9610255753040781	0.9911630914606229
stim_up_temp_FE	sensory_insula_all_R	targeted_sensory	passive_withinrun_slope_z	33	-0.05194520120955552	0.7740431346219279	-0.15842245989304815	0.37855789296625	0.9610255753040781	0.9003539075954053
stim_up_temp_FE	sensory_insula_all_R	targeted_sensory	passive_acrossrun_slope_z	33	-0.12223961988157962	0.49797122518858383	-0.10327540106951873	0.5673698669462608	0.924017602638748	0.9816073788511099
stim_up_temp_FE	sensory_posterior_insula_L	targeted_sensory	mean_reg_success_z	33	-0.22846956491437329	0.20095159644322472	-0.3783422459893048	0.029928574927356517	0.7793433628379964	0.3003395131088072
stim_up_temp_FE	sensory_posterior_insula_L	targeted_sensory	reg_success_z_up	33	-0.11853493739914044	0.5111820809523705	-0.2847593582887701	0.10823051408866677	0.924017602638748	0.4762142619901338
stim_up_temp_FE	sensory_posterior_insula_L	targeted_sensory	reg_success_z_down	33	-0.24320097371748994	0.172632827033556	-0.2894385026737968	0.10230670884566231	0.7595844389476465	0.4762142619901338
stim_up_temp_FE	sensory_posterior_insula_L	targeted_sensory	success_asymmetry_z_up_minus_down	33	0.0870520299189893	0.6300120017991463	-0.003342245989304813	0.9852723280032905	0.924017602638748	0.9911630914606229
stim_up_temp_FE	sensory_posterior_insula_L	targeted_sensory	task_separation_rating_z_up_minus_down	33	-0.19960905890984929	0.265404909068999	-0.38536096256684493	0.026780672397912857	0.8270438998475974	0.3003395131088072
stim_up_temp_FE	sensory_posterior_insula_L	targeted_sensory	passive_sensory_slope_z	33	-0.25537607448406485	0.15146743541444635	-0.27139037433155083	0.12657681309236102	0.7015333850774357	0.5063072523694441
stim_up_temp_FE	sensory_posterior_insula_L	targeted_sensory	passive_withinrun_slope_z	33	-0.2836968315768758	0.10961091008899995	-0.3285427807486631	0.061935190876693635	0.6028600054894997	0.36832712507230003
stim_up_temp_FE	sensory_posterior_insula_L	targeted_sensory	passive_acrossrun_slope_z	33	0.03963644281582053	0.8266497383146033	0.046457219251336904	0.7973913857238787	0.9610255753040781	0.9911630914606229
stim_up_temp_FE	sensory_posterior_insula_R	targeted_sensory	mean_reg_success_z	33	0.09647646156400921	0.593276474113612	0.11196524064171123	0.5350297188371909	0.924017602638748	0.9816073788511099
stim_up_temp_FE	sensory_posterior_insula_R	targeted_sensory	reg_success_z_up	33	0.10224554409445187	0.571260718770862	0.07787433155080214	0.6666429225381993	0.924017602638748	0.9911630914606229
stim_up_temp_FE	sensory_posterior_insula_R	targeted_sensory	reg_success_z_down	33	0.04584551400601945	0.8000049548607293	-0.014705882352941178	0.9352624242198881	0.9610255753040781	0.9911630914606229
stim_up_temp_FE	sensory_posterior_insula_R	targeted_sensory	success_asymmetry_z_up_minus_down	33	0.05000321833866506	0.7822841126774516	0.14772727272727273	0.4119752829385066	0.9610255753040781	0.92527996603864
stim_up_temp_FE	sensory_posterior_insula_R	targeted_sensory	task_separation_rating_z_up_minus_down	33	0.12576330799164126	0.48556808923041705	0.16945187165775402	0.34581648231955997	0.924017602638748	0.8453291790033688
stim_up_temp_FE	sensory_posterior_insula_R	targeted_sensory	passive_sensory_slope_z	33	0.31446028059957676	0.07469910417680364	0.1891711229946524	0.2917176880397182	0.46953722625419436	0.7550340161028001
stim_up_temp_FE	sensory_posterior_insula_R	targeted_sensory	passive_withinrun_slope_z	33	0.040043622193609234	0.8248962548048362	0.0046791443850267385	0.9793823278219826	0.9610255753040781	0.9911630914606229
stim_up_temp_FE	sensory_posterior_insula_R	targeted_sensory	passive_acrossrun_slope_z	33	-0.014161243397587401	0.9376552752051698	0.06951871657754011	0.7006658239714338	0.9610255753040781	0.9911630914606229
stim_up_temp_FE	sensory_thalamus_L	targeted_sensory	mean_reg_success_z	33	-0.04947932372733331	0.7845113318801309	-0.02038770053475936	0.9103365440548119	0.9610255753040781	0.9911630914606229
stim_up_temp_FE	sensory_thalamus_L	targeted_sensory	reg_success_z_up	33	0.01643313110646292	0.9276775956565699	-0.03141711229946524	0.8622102636715578	0.9610255753040781	0.9911630914606229
stim_up_temp_FE	sensory_thalamus_L	targeted_sensory	reg_success_z_down	33	-0.09853320116567589	0.5853853109561935	-0.014037433155080216	0.9381993063202716	0.924017602638748	0.9911630914606229
stim_up_temp_FE	sensory_thalamus_L	targeted_sensory	success_asymmetry_z_up_minus_down	33	0.08884638420141092	0.6229467629649781	0.039104278074866314	0.8289426989227944	0.924017602638748	0.9911630914606229
stim_up_temp_FE	sensory_thalamus_L	targeted_sensory	task_separation_rating_z_up_minus_down	33	-0.041823533579039646	0.8172410706622327	-0.0731951871657754	0.6856206349165245	0.9610255753040781	0.9911630914606229
stim_up_temp_FE	sensory_thalamus_L	targeted_sensory	passive_sensory_slope_z	33	0.21864447036290868	0.2215397840579996	0.286096256684492	0.10651229277786783	0.7798200398841585	0.4762142619901338
stim_up_temp_FE	sensory_thalamus_L	targeted_sensory	passive_withinrun_slope_z	33	-0.11934886991032051	0.5082647711766548	-0.1109625668449198	0.5387156719824292	0.924017602638748	0.9816073788511099
stim_up_temp_FE	sensory_thalamus_L	targeted_sensory	passive_acrossrun_slope_z	33	-0.040042626034617605	0.8249005436693474	-0.09391711229946524	0.6031601242581388	0.9610255753040781	0.9850394190154476
stim_up_temp_FE	sensory_thalamus_R	targeted_sensory	mean_reg_success_z	33	-0.1481580313206367	0.4105980930675725	-0.05949197860962566	0.742254450552122	0.924017602638748	0.9911630914606229
stim_up_temp_FE	sensory_thalamus_R	targeted_sensory	reg_success_z_up	33	-0.013145434023671371	0.9421196105620663	-0.007687165775401069	0.9661341984993728	0.9610255753040781	0.9911630914606229
stim_up_temp_FE	sensory_thalamus_R	targeted_sensory	reg_success_z_down	33	-0.2271229194510527	0.2036920152872036	-0.08088235294117647	0.6545483098680834	0.7793433628379964	0.9911630914606229
stim_up_temp_FE	sensory_thalamus_R	targeted_sensory	success_asymmetry_z_up_minus_down	33	0.16238299565151565	0.366598003281763	0.1467245989304813	0.41519102511589856	0.924017602638748	0.92527996603864
stim_up_temp_FE	sensory_thalamus_R	targeted_sensory	task_separation_rating_z_up_minus_down	33	-0.11844082889284452	0.5115199215070868	-0.0661764705882353	0.7144410036926252	0.924017602638748	0.9911630914606229
stim_up_temp_FE	sensory_thalamus_R	targeted_sensory	passive_sensory_slope_z	33	0.2035079864761328	0.2559883603688398	0.3622994652406417	0.03826666165208857	0.8270438998475974	0.3003395131088072
stim_up_temp_FE	sensory_thalamus_R	targeted_sensory	passive_withinrun_slope_z	33	-0.1967112870756155	0.27254855790432186	-0.19351604278074866	0.2805691827387233	0.8270438998475974	0.7550340161028001
stim_up_temp_FE	sensory_thalamus_R	targeted_sensory	passive_acrossrun_slope_z	33	-0.004514838528994713	0.9801061620088188	-0.13636363636363638	0.4492356356420384	0.9801061620088188	0.9506835582866144
up_minus_down_FE	expl_amygdala_L	exploratory_context	mean_reg_success_z	33	0.004824403433443055	0.9787424159993096	-0.13636363636363638	0.4492356356420384	0.9846471475944094	0.7187770170272614
up_minus_down_FE	expl_amygdala_L	exploratory_context	reg_success_z_up	33	0.16363609404330562	0.3628611248936337	0.06684491978609626	0.7116787187166578	0.6314603762644664	0.8133471071047518
up_minus_down_FE	expl_amygdala_L	exploratory_context	reg_success_z_down	33	-0.17038508782862496	0.3431273738085658	-0.3863636363636364	0.026354018438314336	0.6314603762644664	0.1605415041798726
up_minus_down_FE	expl_amygdala_L	exploratory_context	success_asymmetry_z_up_minus_down	33	0.2660288436619974	0.134547233551795	0.4435160427807487	0.00973113238791186	0.6314603762644664	0.1431886303241235
up_minus_down_FE	expl_amygdala_L	exploratory_context	task_separation_rating_z_up_minus_down	33	-0.024882011691242666	0.8906783024071737	-0.11931818181818182	0.5083746131110635	0.9846471475944094	0.7531475749793533
up_minus_down_FE	expl_amygdala_L	exploratory_context	passive_sensory_slope_z	33	0.19124544116302686	0.2863604508551908	0.2850935828877006	0.10779901705379707	0.6314603762644664	0.4309724097085892
up_minus_down_FE	expl_amygdala_L	exploratory_context	passive_withinrun_slope_z	33	-0.0337069151060634	0.852273748347752	-0.3823529411764706	0.028094763231477703	0.9846471475944094	0.1605415041798726
up_minus_down_FE	expl_amygdala_L	exploratory_context	passive_acrossrun_slope_z	33	0.38684529999984185	0.02615105632041959	0.07887700534759359	0.6626020370825527	0.2261653061992303	0.8031539843424882
up_minus_down_FE	expl_amygdala_R	exploratory_context	mean_reg_success_z	33	0.0034841385392328805	0.9846471475944094	-0.20721925133689842	0.24723253462821249	0.9846471475944094	0.609666544577451
up_minus_down_FE	expl_amygdala_R	exploratory_context	reg_success_z_up	33	0.15290568474344118	0.39559237027163263	-0.14037433155080214	0.43588204030405986	0.6329477924346122	0.7187770170272614
up_minus_down_FE	expl_amygdala_R	exploratory_context	reg_success_z_down	33	-0.1608806967988496	0.37110796378069383	-0.2827540106951872	0.11084682757672065	0.6314603762644664	0.4309724097085892
up_minus_down_FE	expl_amygdala_R	exploratory_context	success_asymmetry_z_up_minus_down	33	0.24985728319057765	0.16081547495641216	0.14371657754010697	0.4249224051589565	0.6314603762644664	0.7187770170272614
up_minus_down_FE	expl_amygdala_R	exploratory_context	task_separation_rating_z_up_minus_down	33	-0.023403129714143163	0.8971404966177585	-0.20454545454545456	0.2535203562234606	0.9846471475944094	0.609666544577451
up_minus_down_FE	expl_amygdala_R	exploratory_context	passive_sensory_slope_z	33	0.1788179629866469	0.31940679822853824	0.058155080213903754	0.7478570431344127	0.6314603762644664	0.8309522701493475
up_minus_down_FE	expl_amygdala_R	exploratory_context	passive_withinrun_slope_z	33	-0.037518810941360836	0.8357822146618907	-0.42245989304812837	0.01431886303241235	0.9846471475944094	0.1431886303241235
up_minus_down_FE	expl_amygdala_R	exploratory_context	passive_acrossrun_slope_z	33	0.38195909552017476	0.02827066327490379	-0.14872994652406418	0.40877363131776545	0.2261653061992303	0.7187770170272614
up_minus_down_FE	expl_hippocampus_L	exploratory_context	mean_reg_success_z	33	0.008510370792616347	0.9625099852636934	-0.13636363636363638	0.4492356356420384	0.9846471475944094	0.7187770170272614
up_minus_down_FE	expl_hippocampus_L	exploratory_context	reg_success_z_up	33	0.16139760087793092	0.3695525179819285	0.03208556149732621	0.8593073405151728	0.6314603762644664	0.9045340426475503
up_minus_down_FE	expl_hippocampus_L	exploratory_context	reg_success_z_down	33	-0.16193997472772165	0.3679245786785466	-0.402072192513369	0.020366511643865264	0.6314603762644664	0.1605415041798726
up_minus_down_FE	expl_hippocampus_L	exploratory_context	success_asymmetry_z_up_minus_down	33	0.2577240455858096	0.1476120144159173	0.4435160427807487	0.00973113238791186	0.6314603762644664	0.1431886303241235
up_minus_down_FE	expl_hippocampus_L	exploratory_context	task_separation_rating_z_up_minus_down	33	-0.020374460003659303	0.9103945414100151	-0.080548128342246	0.6558879769223642	0.9846471475944094	0.8031539843424882
up_minus_down_FE	expl_hippocampus_L	exploratory_context	passive_sensory_slope_z	33	0.1771019314963047	0.3241490541877628	0.1233288770053476	0.49412008966351806	0.6314603762644664	0.7531475749793533
up_minus_down_FE	expl_hippocampus_L	exploratory_context	passive_withinrun_slope_z	33	-0.014563153551204624	0.9358894449857004	-0.29745989304812837	0.09272658787187307	0.9846471475944094	0.4309724097085892
up_minus_down_FE	expl_hippocampus_L	exploratory_context	passive_acrossrun_slope_z	33	0.40148375658803137	0.020568428639390967	0.18482620320855617	0.3031452156624844	0.2261653061992303	0.638200454026283
up_minus_down_FE	expl_hippocampus_R	exploratory_context	mean_reg_success_z	33	0.005046480345796536	0.9777641225837859	-0.20688502673796794	0.24801278172530072	0.9846471475944094	0.609666544577451
up_minus_down_FE	expl_hippocampus_R	exploratory_context	reg_success_z_up	33	0.15831805535237847	0.3788762257586798	-0.08422459893048129	0.6412103483753364	0.6314603762644664	0.8031539843424882
up_minus_down_FE	expl_hippocampus_R	exploratory_context	reg_success_z_down	33	-0.16423030259719462	0.3610970826096791	-0.4268048128342246	0.013247195467651776	0.6314603762644664	0.1431886303241235
up_minus_down_FE	expl_hippocampus_R	exploratory_context	success_asymmetry_z_up_minus_down	33	0.2569120011455313	0.1489372578137051	0.277072192513369	0.11851741266986203	0.6314603762644664	0.4309724097085892
up_minus_down_FE	expl_hippocampus_R	exploratory_context	task_separation_rating_z_up_minus_down	33	-0.023707284182167096	0.8958109049125257	-0.16945187165775402	0.34581648231955997	0.9846471475944094	0.6916329646391199
up_minus_down_FE	expl_hippocampus_R	exploratory_context	passive_sensory_slope_z	33	0.18053334302457866	0.31470971246061863	0.1002673796791444	0.5787679823624801	0.6314603762644664	0.7983006653275587
up_minus_down_FE	expl_hippocampus_R	exploratory_context	passive_withinrun_slope_z	33	-0.01665827078971766	0.9266893907940752	-0.20220588235294118	0.25910828144541664	0.9846471475944094	0.609666544577451
up_minus_down_FE	expl_hippocampus_R	exploratory_context	passive_acrossrun_slope_z	33	0.3957984484143397	0.02260610993452213	0.1019385026737968	0.572423067803052	0.2261653061992303	0.7983006653275587
up_minus_down_FE	expl_hypothalamus	exploratory_context	mean_reg_success_z	33	0.013845121117080151	0.9390443935514647	0.07386363636363637	0.6828976306872525	0.9846471475944094	0.8034089772791206
up_minus_down_FE	expl_hypothalamus	exploratory_context	reg_success_z_up	33	0.1681312714445213	0.349643601123734	0.19351604278074866	0.2805691827387233	0.6314603762644664	0.6234870727527184
up_minus_down_FE	expl_hypothalamus	exploratory_context	reg_success_z_down	33	-0.160581245535864	0.37201082382322764	-0.024064171122994655	0.8942511515271847	0.6314603762644664	0.9171806682330099
up_minus_down_FE	expl_hypothalamus	exploratory_context	success_asymmetry_z_up_minus_down	33	0.26228426193247284	0.14032861634547195	0.21824866310160426	0.22239820005625166	0.6314603762644664	0.609666544577451
up_minus_down_FE	expl_hypothalamus	exploratory_context	task_separation_rating_z_up_minus_down	33	-0.013070482257799129	0.9424490828757826	0.07954545454545456	0.6599132825015057	0.9846471475944094	0.8031539843424882
up_minus_down_FE	expl_hypothalamus	exploratory_context	passive_sensory_slope_z	33	0.19010660395613144	0.28929379502623054	0.2647058823529412	0.13656944517056194	0.6314603762644664	0.4552314839018731
up_minus_down_FE	expl_hypothalamus	exploratory_context	passive_withinrun_slope_z	33	-0.01419369702784981	0.9375126761851201	-0.004010695187165776	0.9823272134277938	0.9846471475944094	0.9823272134277938
up_minus_down_FE	expl_hypothalamus	exploratory_context	passive_acrossrun_slope_z	33	0.39269336418590683	0.02378761196104129	0.05147058823529412	0.7760550005541944	0.2261653061992303	0.8389783789775074
up_minus_down_FE	reg_NAc_L	targeted_regulatory_value	mean_reg_success_z	33	0.030413491451192473	0.8665720739168518	0.2667112299465241	0.1335128153138953	0.9988380750810398	0.49297039500515194
up_minus_down_FE	reg_NAc_L	targeted_regulatory_value	reg_success_z_up	33	0.18489042698109545	0.30297427001691335	0.3419117647058824	0.051469097911764426	0.7348997216935427	0.3839287482426241
up_minus_down_FE	reg_NAc_L	targeted_regulatory_value	reg_success_z_down	33	-0.1518365773361477	0.39894366673269277	-0.06918449197860962	0.7020392231895696	0.7348997216935427	0.914320598712857
up_minus_down_FE	reg_NAc_L	targeted_regulatory_value	success_asymmetry_z_up_minus_down	33	0.2695416942959415	0.1292845559729955	0.37065508021390375	0.03371657812650168	0.7233683267899599	0.3839287482426241
up_minus_down_FE	reg_NAc_L	targeted_regulatory_value	task_separation_rating_z_up_minus_down	33	0.0018823239077767765	0.9917051972838137	0.2800802139037434	0.11440871411412269	0.9988380750810398	0.4796444974151258
up_minus_down_FE	reg_NAc_L	targeted_regulatory_value	passive_sensory_slope_z	33	0.18437118513268458	0.3043580912120637	0.2540106951871658	0.1537426682027345	0.7348997216935427	0.5064625833221962
up_minus_down_FE	reg_NAc_L	targeted_regulatory_value	passive_withinrun_slope_z	33	-0.0141561270505447	0.9376777562558819	-0.007352941176470589	0.9676058377556672	0.9988380750810398	0.9985271540782654
up_minus_down_FE	reg_NAc_L	targeted_regulatory_value	passive_acrossrun_slope_z	33	0.3956046355488851	0.022678410297880126	0.11497326203208558	0.5240449377787748	0.24338564182586978	0.8080735079736439
up_minus_down_FE	reg_NAc_R	targeted_regulatory_value	mean_reg_success_z	33	0.03878719119032612	0.8303096047838258	0.3469251336898396	0.04792810194088925	0.9988380750810398	0.3839287482426241
up_minus_down_FE	reg_NAc_R	targeted_regulatory_value	reg_success_z_up	33	0.19106192723006948	0.2868318387532274	0.5147058823529412	0.002178801750137963	0.7348997216935427	0.20916496801324447
up_minus_down_FE	reg_NAc_R	targeted_regulatory_value	reg_success_z_down	33	-0.1449131326300147	0.42103629888692545	0.019385026737967916	0.9147298093091305	0.7348997216935427	0.9757117965964058
up_minus_down_FE	reg_NAc_R	targeted_regulatory_value	success_asymmetry_z_up_minus_down	33	0.269388398390534	0.12951099175283348	0.45788770053475936	0.007373225449125079	0.7233683267899599	0.23594321437200252
up_minus_down_FE	reg_NAc_R	targeted_regulatory_value	task_separation_rating_z_up_minus_down	33	0.01290689405501214	0.9431682149022338	0.4024064171122995	0.02025255872007992	0.9988380750810398	0.3839287482426241
up_minus_down_FE	reg_NAc_R	targeted_regulatory_value	passive_sensory_slope_z	33	0.19216331791542768	0.284010192744467	0.4595588235294118	0.007133713604321475	0.7348997216935427	0.23594321437200252
up_minus_down_FE	reg_NAc_R	targeted_regulatory_value	passive_withinrun_slope_z	33	-0.02395498390929712	0.8947283068224603	-0.1788101604278075	0.3194282624412736	0.9988380750810398	0.5897137152761974
up_minus_down_FE	reg_NAc_R	targeted_regulatory_value	passive_acrossrun_slope_z	33	0.3928915272977219	0.023710719494323317	-0.037098930481283425	0.8375955290714742	0.24338564182586978	0.9574182570205578
up_minus_down_FE	reg_PAG_sphere	targeted_regulatory_value	mean_reg_success_z	33	-0.01746892200939335	0.9231321028664085	-0.19685828877005349	0.27218318421631393	0.9988380750810398	0.5837700726746718
up_minus_down_FE	reg_PAG_sphere	targeted_regulatory_value	reg_success_z_up	33	0.1257812224688848	0.4855054404533145	-0.2025401069518717	0.25830508094052596	0.7899749539579354	0.5837700726746718
up_minus_down_FE	reg_PAG_sphere	targeted_regulatory_value	reg_success_z_down	33	-0.16547994934596283	0.3574039461575445	-0.27807486631016043	0.11713581027213049	0.7348997216935427	0.4796444974151258
up_minus_down_FE	reg_PAG_sphere	targeted_regulatory_value	success_asymmetry_z_up_minus_down	33	0.2308210072430161	0.19622793654241524	0.02573529411764706	0.8869528699303689	0.7348997216935427	0.9630102955958112
up_minus_down_FE	reg_PAG_sphere	targeted_regulatory_value	task_separation_rating_z_up_minus_down	33	-0.03705026957147632	0.8378057314608097	-0.10762032085561499	0.551088877362806	0.9988380750810398	0.8124741647404357
up_minus_down_FE	reg_PAG_sphere	targeted_regulatory_value	passive_sensory_slope_z	33	0.13120034186082616	0.46674667273782733	-0.25133689839572193	0.1582695572881863	0.7783434878832369	0.5064625833221962
up_minus_down_FE	reg_PAG_sphere	targeted_regulatory_value	passive_withinrun_slope_z	33	0.03448943422943413	0.8488830607011832	0.33856951871657753	0.05394318693421378	0.9988380750810398	0.3839287482426241
up_minus_down_FE	reg_PAG_sphere	targeted_regulatory_value	passive_acrossrun_slope_z	33	0.4312348812599223	0.012224719086978286	0.3379010695187166	0.05444914133217757	0.24338564182586978	0.3839287482426241
up_minus_down_FE	reg_SMA_preSMA	targeted_regulatory_value	mean_reg_success_z	33	0.010740161387990272	0.9526970897528938	-0.06851604278074867	0.7047887948411606	0.9988380750810398	0.914320598712857
up_minus_down_FE	reg_SMA_preSMA	targeted_regulatory_value	reg_success_z_up	33	0.16073954100269838	0.3715333941585984	0.02774064171122995	0.8782069986183596	0.7348997216935427	0.9630102955958112
up_minus_down_FE	reg_SMA_preSMA	targeted_regulatory_value	reg_success_z_down	33	-0.15758943355639365	0.3811021738689721	-0.17947860962566847	0.31759266666718405	0.7348997216935427	0.5897137152761974
up_minus_down_FE	reg_SMA_preSMA	targeted_regulatory_value	success_asymmetry_z_up_minus_down	33	0.25385732355116375	0.15399977710240548	0.18449197860962568	0.30403581138944186	0.7233683267899599	0.5897137152761974
up_minus_down_FE	reg_SMA_preSMA	targeted_regulatory_value	task_separation_rating_z_up_minus_down	33	-0.017971946864118703	0.9209254667980233	-0.034759358288770054	0.8477140817369522	0.9988380750810398	0.9574182570205578
up_minus_down_FE	reg_SMA_preSMA	targeted_regulatory_value	passive_sensory_slope_z	33	0.17345123583524052	0.3343818818274446	0.12032085561497326	0.5047918747287523	0.7348997216935427	0.8076669995660037
up_minus_down_FE	reg_SMA_preSMA	targeted_regulatory_value	passive_withinrun_slope_z	33	-0.022595590954484848	0.9006719235702116	-0.24766042780748665	0.1646495706147131	0.9988380750810398	0.5098825412584663
up_minus_down_FE	reg_SMA_preSMA	targeted_regulatory_value	passive_acrossrun_slope_z	33	0.4066109106634395	0.018863634863309983	0.3161764705882353	0.07304248943670587	0.24338564182586978	0.43825493662023524
up_minus_down_FE	reg_anterior_insula_L	targeted_regulatory_value	mean_reg_success_z	33	0.027983320037624677	0.8771495489748512	0.19953208556149735	0.2655930649718847	0.9988380750810398	0.5837700726746718
up_minus_down_FE	reg_anterior_insula_L	targeted_regulatory_value	reg_success_z_up	33	0.1771335093181899	0.3240613971837443	0.33589572192513373	0.05598960911871601	0.7348997216935427	0.3839287482426241
up_minus_down_FE	reg_anterior_insula_L	targeted_regulatory_value	reg_success_z_down	33	-0.14734731857288766	0.4131922033054256	0.0357620320855615	0.8433745394626119	0.7348997216935427	0.9574182570205578
up_minus_down_FE	reg_anterior_insula_L	targeted_regulatory_value	success_asymmetry_z_up_minus_down	33	0.2596685643676996	0.14447344639554247	0.2897727272727273	0.10189316081216639	0.7233683267899599	0.4791529324419494
up_minus_down_FE	reg_anterior_insula_L	targeted_regulatory_value	task_separation_rating_z_up_minus_down	33	-0.001862363657435725	0.9917931527931139	0.2149064171122995	0.2297370643322871	0.9988380750810398	0.5837700726746718
up_minus_down_FE	reg_anterior_insula_L	targeted_regulatory_value	passive_sensory_slope_z	33	0.166858864090762	0.3533551247410411	-0.024398395721925134	0.8927907948752833	0.7348997216935427	0.9630102955958112
up_minus_down_FE	reg_anterior_insula_L	targeted_regulatory_value	passive_withinrun_slope_z	33	-0.018179422729495444	0.9200154930637955	-0.14605614973262032	0.4173426623454898	0.9988380750810398	0.7284526470030368
up_minus_down_FE	reg_anterior_insula_L	targeted_regulatory_value	passive_acrossrun_slope_z	33	0.40387028448450124	0.019759666432130042	0.19385026737967917	0.2797231598232803	0.24338564182586978	0.5837700726746718
up_minus_down_FE	reg_anterior_insula_R	targeted_regulatory_value	mean_reg_success_z	33	0.06393867693298949	0.7237141510041234	0.32419786096256686	0.06567519973743559	0.9988380750810398	0.42032127831958777
up_minus_down_FE	reg_anterior_insula_R	targeted_regulatory_value	reg_success_z_up	33	0.19851697537689783	0.2680825986571468	0.36363636363636365	0.03750703270074307	0.7348997216935427	0.3839287482426241
up_minus_down_FE	reg_anterior_insula_R	targeted_regulatory_value	reg_success_z_down	33	-0.1120463356508902	0.5347321328923061	0.28743315508021394	0.10481470397167643	0.8555714126276899	0.4791529324419494
up_minus_down_FE	reg_anterior_insula_R	targeted_regulatory_value	success_asymmetry_z_up_minus_down	33	0.25050553180982543	0.15969646249820393	0.18315508021390375	0.30761469471582725	0.7233683267899599	0.5897137152761974
up_minus_down_FE	reg_anterior_insula_R	targeted_regulatory_value	task_separation_rating_z_up_minus_down	33	0.033720748477452975	0.8522137850530109	0.3820187165775401	0.028243977438014357	0.9988380750810398	0.3839287482426241
up_minus_down_FE	reg_anterior_insula_R	targeted_regulatory_value	passive_sensory_slope_z	33	0.19170103384060322	0.28519233234334246	0.1467245989304813	0.41519102511589856	0.7348997216935427	0.7284526470030368
up_minus_down_FE	reg_anterior_insula_R	targeted_regulatory_value	passive_withinrun_slope_z	33	-0.005142422151749537	0.9773414894066655	-0.027406417112299467	0.8796636910411236	0.9988380750810398	0.9630102955958112
up_minus_down_FE	reg_anterior_insula_R	targeted_regulatory_value	passive_acrossrun_slope_z	33	0.4237361876706099	0.01399678635833123	0.26871657754010697	0.13050680217858426	0.24338564182586978	0.49297039500515194
up_minus_down_FE	reg_caudate_L	secondary_subcortical	mean_reg_success_z	33	0.018555693565607434	0.9183654519169877	0.15708556149732622	0.38264596280556573	0.9766061111410946	0.6138751744781221
up_minus_down_FE	reg_caudate_L	secondary_subcortical	reg_success_z_up	33	0.17227150408416012	0.3377304919614062	0.35193850267379684	0.04458442126328791	0.693135357957243	0.20381449720360187
up_minus_down_FE	reg_caudate_L	secondary_subcortical	reg_success_z_down	33	-0.1574146881295846	0.38163715559277717	-0.20153743315508021	0.2607196117538535	0.693135357957243	0.5393990703514724
up_minus_down_FE	reg_caudate_L	secondary_subcortical	success_asymmetry_z_up_minus_down	33	0.26330932780568733	0.13872824247690588	0.46423796791443855	0.006498076364635832	0.693135357957243	0.10396922183417331
up_minus_down_FE	reg_caudate_L	secondary_subcortical	task_separation_rating_z_up_minus_down	33	-0.00995832685037655	0.9561370953955608	0.17145721925133692	0.3400537012402106	0.9766061111410946	0.6045399133159299
up_minus_down_FE	reg_caudate_L	secondary_subcortical	passive_sensory_slope_z	33	0.1823769994260861	0.3097097715815804	0.29211229946524064	0.09903365248725311	0.693135357957243	0.3521196532880111
up_minus_down_FE	reg_caudate_L	secondary_subcortical	passive_withinrun_slope_z	33	-0.02422022727121564	0.89356923910207	-0.3542780748663102	0.04308940824934935	0.9766061111410946	0.20381449720360187
up_minus_down_FE	reg_caudate_L	secondary_subcortical	passive_acrossrun_slope_z	33	0.3983270364152638	0.021680155056501987	0.09090909090909091	0.6148655064072002	0.24282316386131683	0.7920490275123458
up_minus_down_FE	reg_caudate_R	secondary_subcortical	mean_reg_success_z	33	0.02220190781091252	0.9023942113560526	0.19017379679144386	0.2891201918670046	0.9766061111410946	0.5442262435143617
up_minus_down_FE	reg_caudate_R	secondary_subcortical	reg_success_z_up	33	0.1752684711572614	0.3292637200228258	0.3980614973262032	0.02177589505773673	0.693135357957243	0.13936572836951505
up_minus_down_FE	reg_caudate_R	secondary_subcortical	reg_success_z_down	33	-0.15473728892394706	0.3898886388509492	-0.15675133689839574	0.3836719840488263	0.693135357957243	0.6138751744781221
up_minus_down_FE	reg_caudate_R	secondary_subcortical	success_asymmetry_z_up_minus_down	33	0.2637573727615853	0.13803294946362824	0.47827540106951877	0.0048731596518953695	0.693135357957243	0.10396922183417331
up_minus_down_FE	reg_caudate_R	secondary_subcortical	task_separation_rating_z_up_minus_down	33	-0.005833532229755735	0.9742972664796672	0.2108957219251337	0.23875764424708873	0.9766061111410946	0.5393990703514724
up_minus_down_FE	reg_caudate_R	secondary_subcortical	passive_sensory_slope_z	33	0.1784051948689046	0.32054352171146994	0.2657085561497326	0.13503477780578435	0.693135357957243	0.4321112889785099
up_minus_down_FE	reg_caudate_R	secondary_subcortical	passive_withinrun_slope_z	33	-0.027684272619963004	0.8784526516538254	-0.40808823529411764	0.01839481112014108	0.9766061111410946	0.13936572836951505
up_minus_down_FE	reg_caudate_R	secondary_subcortical	passive_acrossrun_slope_z	33	0.39443773200090576	0.02311776122803455	0.019719251336898398	0.9132651059631332	0.24282316386131683	0.9427252706716213
up_minus_down_FE	reg_dlPFC_IFJ_L	targeted_regulatory_value	mean_reg_success_z	33	0.013275952969489904	0.941545899032188	-0.0501336898395722	0.7817297057371496	0.9988380750810398	0.9499500221615996
up_minus_down_FE	reg_dlPFC_IFJ_L	targeted_regulatory_value	reg_success_z_up	33	0.16067740546637735	0.37172075597842125	-0.01270053475935829	0.9440754309557142	0.7348997216935427	0.9959477073818525
up_minus_down_FE	reg_dlPFC_IFJ_L	targeted_regulatory_value	reg_success_z_down	33	-0.15338935943538579	0.39408154015144065	-0.08723262032085562	0.6292994586228586	0.7348997216935427	0.8390659448304781
up_minus_down_FE	reg_dlPFC_IFJ_L	targeted_regulatory_value	success_asymmetry_z_up_minus_down	33	0.2506007487976451	0.15953257077759248	0.03676470588235294	0.8390395131748796	0.7233683267899599	0.9574182570205578
up_minus_down_FE	reg_dlPFC_IFJ_L	targeted_regulatory_value	task_separation_rating_z_up_minus_down	33	-0.018361037227178335	0.9192190270492168	-0.09391711229946524	0.6031601242581388	0.9988380750810398	0.827191027554019
up_minus_down_FE	reg_dlPFC_IFJ_L	targeted_regulatory_value	passive_sensory_slope_z	33	0.1888533396145445	0.2925440292345266	0.3114973262032086	0.07762768908917983	0.7348997216935427	0.4383681266212508
up_minus_down_FE	reg_dlPFC_IFJ_L	targeted_regulatory_value	passive_withinrun_slope_z	33	-0.022119529112431386	0.9027546577873659	-0.05514705882352942	0.7605088661288665	0.9988380750810398	0.9499500221615996
up_minus_down_FE	reg_dlPFC_IFJ_L	targeted_regulatory_value	passive_acrossrun_slope_z	33	0.39384449341274186	0.02334380031966525	0.058489304812834236	0.746455195029992	0.24338564182586978	0.9499500221615996
up_minus_down_FE	reg_dlPFC_IFJ_R	targeted_regulatory_value	mean_reg_success_z	33	0.03678769912769329	0.8389401565890184	0.2005347593582888	0.26314893638942444	0.9988380750810398	0.5837700726746718
up_minus_down_FE	reg_dlPFC_IFJ_R	targeted_regulatory_value	reg_success_z_up	33	0.17454514071201074	0.331295136619448	0.19618983957219252	0.2738471909729176	0.7348997216935427	0.5837700726746718
up_minus_down_FE	reg_dlPFC_IFJ_R	targeted_regulatory_value	reg_success_z_down	33	-0.13017999576203332	0.4702491905961223	0.09859625668449198	0.5851441177245604	0.7783434878832369	0.8158929501027241
up_minus_down_FE	reg_dlPFC_IFJ_R	targeted_regulatory_value	success_asymmetry_z_up_minus_down	33	0.24441734115256747	0.17042853372746808	0.004010695187165776	0.9823272134277938	0.7233683267899599	0.9985271540782654
up_minus_down_FE	reg_dlPFC_IFJ_R	targeted_regulatory_value	task_separation_rating_z_up_minus_down	33	0.005404584379153194	0.9761866699457522	0.21022727272727276	0.2402838477334271	0.9988380750810398	0.5837700726746718
up_minus_down_FE	reg_dlPFC_IFJ_R	targeted_regulatory_value	passive_sensory_slope_z	33	0.19190507560962364	0.2846701732393782	0.36564171122994654	0.03639049841925177	0.7348997216935427	0.3839287482426241
up_minus_down_FE	reg_dlPFC_IFJ_R	targeted_regulatory_value	passive_withinrun_slope_z	33	0.00026366899966629364	0.9988380750810398	0.18649732620320858	0.29871699451325257	0.9988380750810398	0.5897137152761974
up_minus_down_FE	reg_dlPFC_IFJ_R	targeted_regulatory_value	passive_acrossrun_slope_z	33	0.42225050406078196	0.014372291491698993	0.36898395721925137	0.03458953630421565	0.24338564182586978	0.3839287482426241
up_minus_down_FE	reg_mOFC	targeted_regulatory_value	mean_reg_success_z	33	0.005828765017949687	0.9743182640702225	-0.18348930481283424	0.30671749914488927	0.9988380750810398	0.5897137152761974
up_minus_down_FE	reg_mOFC	targeted_regulatory_value	reg_success_z_up	33	0.1537555963043427	0.39293975660309804	-0.11530748663101605	0.5228312294083539	0.7348997216935427	0.8080735079736439
up_minus_down_FE	reg_mOFC	targeted_regulatory_value	reg_success_z_down	33	-0.15798563340990232	0.37989083354102393	-0.20020053475935828	0.2639620005574443	0.7348997216935427	0.5837700726746718
up_minus_down_FE	reg_mOFC	targeted_regulatory_value	success_asymmetry_z_up_minus_down	33	0.2483546077619148	0.16343103964488961	0.13469251336898397	0.4548640229918324	0.7233683267899599	0.7660867755651913
up_minus_down_FE	reg_mOFC	targeted_regulatory_value	task_separation_rating_z_up_minus_down	33	-0.023903509263258987	0.8949532669774212	-0.14906417112299467	0.407709551863366	0.9988380750810398	0.7284526470030368
up_minus_down_FE	reg_mOFC	targeted_regulatory_value	passive_sensory_slope_z	33	0.1573008844890817	0.38198579993057014	-0.20454545454545456	0.2535203562234606	0.7348997216935427	0.5837700726746718
up_minus_down_FE	reg_mOFC	targeted_regulatory_value	passive_withinrun_slope_z	33	-0.022713194741536293	0.9001575155679047	-0.12232620320855615	0.4976645500887904	0.9988380750810398	0.8076669995660037
up_minus_down_FE	reg_mOFC	targeted_regulatory_value	passive_acrossrun_slope_z	33	0.38809193973100925	0.02563170570807466	0.0053475935828877	0.9764377093265237	0.24338564182586978	0.9985271540782654
up_minus_down_FE	reg_pgACC_rACC	targeted_regulatory_value	mean_reg_success_z	33	0.007111892751576499	0.968667274218135	-0.046457219251336904	0.7973913857238787	0.9988380750810398	0.9568696628686544
up_minus_down_FE	reg_pgACC_rACC	targeted_regulatory_value	reg_success_z_up	33	0.16124343739402291	0.3700160165035542	0.10561497326203209	0.5585759882590495	0.7348997216935427	0.8124741647404357
up_minus_down_FE	reg_pgACC_rACC	targeted_regulatory_value	reg_success_z_down	33	-0.16405104151419594	0.3616287201797614	-0.13001336898395724	0.4708224740961786	0.7348997216935427	0.7792923709178129
up_minus_down_FE	reg_pgACC_rACC	targeted_regulatory_value	success_asymmetry_z_up_minus_down	33	0.25920678548304166	0.1452143446998029	0.26036096256684493	0.14336769800032703	0.7233683267899599	0.5064625833221962
up_minus_down_FE	reg_pgACC_rACC	targeted_regulatory_value	task_separation_rating_z_up_minus_down	33	-0.020151684770548996	0.9113704291925144	-0.00033422459893048126	0.9985271540782654	0.9988380750810398	0.9985271540782654
up_minus_down_FE	reg_pgACC_rACC	targeted_regulatory_value	passive_sensory_slope_z	33	0.17759137150274376	0.322792065212293	0.21891711229946526	0.22094980001319292	0.7348997216935427	0.5837700726746718
up_minus_down_FE	reg_pgACC_rACC	targeted_regulatory_value	passive_withinrun_slope_z	33	-0.022257394409212906	0.9021514415745353	-0.11229946524064173	0.5338037603934453	0.9988380750810398	0.8080735079736439
up_minus_down_FE	reg_pgACC_rACC	targeted_regulatory_value	passive_acrossrun_slope_z	33	0.3836427009936087	0.027524992003216384	-0.0875668449197861	0.6279815970315183	0.24338564182586978	0.8390659448304781
up_minus_down_FE	reg_putamen_L	secondary_subcortical	mean_reg_success_z	33	0.02487272963650452	0.8907188406371336	0.21323529411764705	0.2334672093154271	0.9766061111410946	0.5393990703514724
up_minus_down_FE	reg_putamen_L	secondary_subcortical	reg_success_z_up	33	0.1693344327479337	0.34615579018489884	0.2560160427807487	0.15040944160297423	0.693135357957243	0.4375547392086523
up_minus_down_FE	reg_putamen_L	secondary_subcortical	reg_success_z_down	33	-0.1439209646705029	0.4242572008739695	0.05147058823529412	0.7760550005541944	0.7081642647058625	0.8814555879657722
up_minus_down_FE	reg_putamen_L	secondary_subcortical	success_asymmetry_z_up_minus_down	33	0.250571457089237	0.15958297608667896	0.22860962566844922	0.20066804870324886	0.693135357957243	0.535114796541997
up_minus_down_FE	reg_putamen_L	secondary_subcortical	task_separation_rating_z_up_minus_down	33	-0.005309363395539104	0.9766061111410946	0.19786096256684493	0.2696995351757362	0.9766061111410946	0.5393990703514724
up_minus_down_FE	reg_putamen_L	secondary_subcortical	passive_sensory_slope_z	33	0.18624387837944803	0.29938593784463335	0.30715240641711233	0.08208198608208586	0.693135357957243	0.32832794432834345
up_minus_down_FE	reg_putamen_L	secondary_subcortical	passive_withinrun_slope_z	33	-0.029257613829573894	0.8716003861278275	-0.14806149732620322	0.41090649824019765	0.9766061111410946	0.6261432354136345
up_minus_down_FE	reg_putamen_L	secondary_subcortical	passive_acrossrun_slope_z	33	0.3829006056512939	0.0278516551960447	0.0053475935828877	0.9764377093265237	0.24282316386131683	0.9764377093265237
up_minus_down_FE	reg_putamen_R	secondary_subcortical	mean_reg_success_z	33	0.023263267971000097	0.8977519856318944	0.09157754010695188	0.6122561044810437	0.9766061111410946	0.7920490275123458
up_minus_down_FE	reg_putamen_R	secondary_subcortical	reg_success_z_up	33	0.16181008831375163	0.36831404663497597	0.07754010695187166	0.6679919373571094	0.693135357957243	0.8221439229010576
up_minus_down_FE	reg_putamen_R	secondary_subcortical	reg_success_z_down	33	-0.13834759594720994	0.44260266544116406	0.08990641711229946	0.6187883027440202	0.7081642647058625	0.7920490275123458
up_minus_down_FE	reg_putamen_R	secondary_subcortical	success_asymmetry_z_up_minus_down	33	0.24006439568141855	0.178410244042474	-0.04612299465240642	0.798819126593981	0.693135357957243	0.8814555879657722
up_minus_down_FE	reg_putamen_R	secondary_subcortical	task_separation_rating_z_up_minus_down	33	-0.008516495070542422	0.9624830254058472	0.031751336898395724	0.8607585785241871	0.9766061111410946	0.918142483759133
up_minus_down_FE	reg_putamen_R	secondary_subcortical	passive_sensory_slope_z	33	0.16546403318209682	0.35745084126503673	-0.06951871657754011	0.7006658239714338	0.693135357957243	0.8304187543365141
up_minus_down_FE	reg_putamen_R	secondary_subcortical	passive_withinrun_slope_z	33	-0.04157016228684232	0.8183297961274075	-0.43081550802139046	0.012318573569563842	0.9766061111410946	0.13139811807534765
up_minus_down_FE	reg_putamen_R	secondary_subcortical	passive_acrossrun_slope_z	33	0.3774429502630112	0.030352895482664604	-0.13168449197860962	0.46508956911767874	0.24282316386131683	0.6764939187166236
up_minus_down_FE	reg_vmPFC	targeted_regulatory_value	mean_reg_success_z	33	-0.015455008432174596	0.9319720789184505	-0.3014705882352941	0.08820102760253003	0.9988380750810398	0.4704054805468268
up_minus_down_FE	reg_vmPFC	targeted_regulatory_value	reg_success_z_up	33	0.1345122792323076	0.45547330346714043	-0.20855614973262035	0.24412789756770123	0.7783434878832369	0.5837700726746718
up_minus_down_FE	reg_vmPFC	targeted_regulatory_value	reg_success_z_down	33	-0.1717086718518865	0.3393352532865576	-0.2306149732620321	0.19663870569576514	0.7348997216935427	0.5720398711149531
up_minus_down_FE	reg_vmPFC	targeted_regulatory_value	success_asymmetry_z_up_minus_down	33	0.2428311629596797	0.17330699496009455	0.0501336898395722	0.7817297057371496	0.7233683267899599	0.9499500221615996
up_minus_down_FE	reg_vmPFC	targeted_regulatory_value	task_separation_rating_z_up_minus_down	33	-0.044295618130438724	0.8066365111783276	-0.2887700534759359	0.10313761160546177	0.9988380750810398	0.4791529324419494
up_minus_down_FE	reg_vmPFC	targeted_regulatory_value	passive_sensory_slope_z	33	0.16314437569372667	0.3643247724236057	0.03810160427807487	0.8332667138980836	0.7348997216935427	0.9574182570205578
up_minus_down_FE	reg_vmPFC	targeted_regulatory_value	passive_withinrun_slope_z	33	-0.011265220067139075	0.9503873425541953	-0.13870320855614976	0.44141940138798075	0.9988380750810398	0.7567189738079669
up_minus_down_FE	reg_vmPFC	targeted_regulatory_value	passive_acrossrun_slope_z	33	0.37580768958632155	0.03113705246330082	-0.05113636363636364	0.7774726241623274	0.24909641970640656	0.9499500221615996
up_minus_down_FE	reg_vmPFC_mOFC	targeted_regulatory_value	mean_reg_success_z	33	-0.003915917431207115	0.9827447808804999	-0.2760695187165776	0.11991112435378146	0.9988380750810398	0.4796444974151258
up_minus_down_FE	reg_vmPFC_mOFC	targeted_regulatory_value	reg_success_z_up	33	0.14508058504138835	0.42049404257029577	-0.19719251336898397	0.2713536533097305	0.7348997216935427	0.5837700726746718
up_minus_down_FE	reg_vmPFC_mOFC	targeted_regulatory_value	reg_success_z_down	33	-0.1644162185092847	0.36054620125927606	-0.241644385026738	0.175483128521454	0.7348997216935427	0.526449385564362
up_minus_down_FE	reg_vmPFC_mOFC	targeted_regulatory_value	success_asymmetry_z_up_minus_down	33	0.24605090625029044	0.1674998390966747	0.1109625668449198	0.5387156719824292	0.7233683267899599	0.8080735079736439
up_minus_down_FE	reg_vmPFC_mOFC	targeted_regulatory_value	task_separation_rating_z_up_minus_down	33	-0.03326684762579984	0.8541817237811283	-0.2563502673796792	0.1498590361320026	0.9988380750810398	0.5064625833221962
up_minus_down_FE	reg_vmPFC_mOFC	targeted_regulatory_value	passive_sensory_slope_z	33	0.16012126009099362	0.373400221071605	-0.09893048128342247	0.5838664111786838	0.7348997216935427	0.8158929501027241
up_minus_down_FE	reg_vmPFC_mOFC	targeted_regulatory_value	passive_withinrun_slope_z	33	-0.01748965027754122	0.9230411622511703	-0.0982620320855615	0.586423057886333	0.9988380750810398	0.8158929501027241
up_minus_down_FE	reg_vmPFC_mOFC	targeted_regulatory_value	passive_acrossrun_slope_z	33	0.3828186208586866	0.02788793812588091	-0.0023395721925133692	0.9896903457319353	0.24338564182586978	0.9985271540782654
up_minus_down_FE	sensory_S1_L	targeted_sensory	mean_reg_success_z	33	0.012174178806601689	0.9463897559615265	-0.17647058823529413	0.3259046824120895	0.9843298708283925	0.6017027659775155
up_minus_down_FE	sensory_S1_L	targeted_sensory	reg_success_z_up	33	0.16752120974215226	0.3514201633993448	0.09324866310160429	0.6057530763506189	0.6857616214641264	0.7507925453359784
up_minus_down_FE	sensory_S1_L	targeted_sensory	reg_success_z_down	33	-0.16263972194957027	0.36583056513789464	-0.3893716577540107	0.02510742370859357	0.6857616214641264	0.2419480634927081
up_minus_down_FE	sensory_S1_L	targeted_sensory	success_asymmetry_z_up_minus_down	33	0.2633479302261179	0.138668237044711	0.4485294117647059	0.0088449661412445	0.6613606814137396	0.2419480634927081
up_minus_down_FE	sensory_S1_L	targeted_sensory	task_separation_rating_z_up_minus_down	33	-0.016237513357968955	0.9285363061522943	-0.11196524064171123	0.5350297188371909	0.9843298708283925	0.723818226983984
up_minus_down_FE	sensory_S1_L	targeted_sensory	passive_sensory_slope_z	33	0.17113648339612456	0.3409714485748501	0.031751336898395724	0.8607585785241871	0.6857616214641264	0.9078330968868059
up_minus_down_FE	sensory_S1_L	targeted_sensory	passive_withinrun_slope_z	33	-0.023528500423984723	0.8965924131467349	-0.3021390374331551	0.08746351834013617	0.9843298708283925	0.38216642121089356
up_minus_down_FE	sensory_S1_L	targeted_sensory	passive_acrossrun_slope_z	33	0.40412777330789684	0.019674006557486377	0.1841577540106952	0.3049280573145062	0.17834397511538821	0.6017027659775155
up_minus_down_FE	sensory_S1_R	targeted_sensory	mean_reg_success_z	33	0.004147583102877505	0.9817241271350201	-0.19819518716577542	0.2688749474117801	0.9843298708283925	0.6017027659775155
up_minus_down_FE	sensory_S1_R	targeted_sensory	reg_success_z_up	33	0.15907843033999977	0.3765614018379922	0.019719251336898398	0.9132651059631332	0.6857616214641264	0.9267257625615318
up_minus_down_FE	sensory_S1_R	targeted_sensory	reg_success_z_down	33	-0.16652343683159807	0.3543374719048794	-0.39037433155080214	0.024702834790521284	0.6857616214641264	0.2419480634927081
up_minus_down_FE	sensory_S1_R	targeted_sensory	success_asymmetry_z_up_minus_down	33	0.2592938329435734	0.14507447080981933	0.38669786096256686	0.02621304696789108	0.6613606814137396	0.2419480634927081
up_minus_down_FE	sensory_S1_R	targeted_sensory	task_separation_rating_z_up_minus_down	33	-0.025525123739396263	0.8878702568412049	-0.1400401069518717	0.4369864556771611	0.9843298708283925	0.640913468326503
up_minus_down_FE	sensory_S1_R	targeted_sensory	passive_sensory_slope_z	33	0.17488839383341218	0.33033017870818343	0.0554812834224599	0.7591000300292163	0.6857616214641264	0.8455797802857093
up_minus_down_FE	sensory_S1_R	targeted_sensory	passive_withinrun_slope_z	33	-0.026567576286892144	0.8833214103664868	-0.2149064171122995	0.2297370643322871	0.9843298708283925	0.5615794905900351
up_minus_down_FE	sensory_S1_R	targeted_sensory	passive_acrossrun_slope_z	33	0.3966437552368369	0.022292996889423527	0.14906417112299467	0.407709551863366	0.17834397511538821	0.618593802827176
up_minus_down_FE	sensory_S2_operculum_L	targeted_sensory	mean_reg_success_z	33	0.014380620503414925	0.9366913845090431	-0.06885026737967914	0.7034135481112493	0.9843298708283925	0.8144788451814466
up_minus_down_FE	sensory_S2_operculum_L	targeted_sensory	reg_success_z_up	33	0.16990446523900482	0.34451072129032795	0.18783422459893048	0.2952041325210402	0.6857616214641264	0.6017027659775155
up_minus_down_FE	sensory_S2_operculum_L	targeted_sensory	reg_success_z_down	33	-0.16164010325735156	0.3688241198278586	-0.2212566844919786	0.21593108048691717	0.6857616214641264	0.5429124309385346
up_minus_down_FE	sensory_S2_operculum_L	targeted_sensory	success_asymmetry_z_up_minus_down	33	0.2645661141485597	0.13678438266145884	0.38368983957219255	0.027504348598226844	0.6613606814137396	0.2419480634927081
up_minus_down_FE	sensory_S2_operculum_L	targeted_sensory	task_separation_rating_z_up_minus_down	33	-0.01427218576928397	0.9371678099361647	-0.019050802139037436	0.916194787986969	0.9843298708283925	0.9267257625615318
up_minus_down_FE	sensory_S2_operculum_L	targeted_sensory	passive_sensory_slope_z	33	0.17207640664603366	0.33828623294686355	0.0625	0.729696377006099	0.6857616214641264	0.8232471945709835
up_minus_down_FE	sensory_S2_operculum_L	targeted_sensory	passive_withinrun_slope_z	33	-0.024018995647654653	0.8944485669189471	-0.10929144385026739	0.5448856929339969	0.9843298708283925	0.723818226983984
up_minus_down_FE	sensory_S2_operculum_L	targeted_sensory	passive_acrossrun_slope_z	33	0.40426122201852077	0.01962973300913834	0.27439839572192515	0.122261034278864	0.17834397511538821	0.413806577559232
up_minus_down_FE	sensory_S2_operculum_R	targeted_sensory	mean_reg_success_z	33	0.02237069281213032	0.9016557556056097	0.07419786096256685	0.6815375957464214	0.9843298708283925	0.8137129832477175
up_minus_down_FE	sensory_S2_operculum_R	targeted_sensory	reg_success_z_up	33	0.17361230217845514	0.33392628713423833	0.2523395721925134	0.15656086744611752	0.6857616214641264	0.4862594661578807
up_minus_down_FE	sensory_S2_operculum_R	targeted_sensory	reg_success_z_down	33	-0.15265818531640543	0.39636675661692533	-0.10327540106951873	0.5673698669462608	0.6857616214641264	0.7342433572245728
up_minus_down_FE	sensory_S2_operculum_R	targeted_sensory	success_asymmetry_z_up_minus_down	33	0.2607942778525775	0.14267884760115	0.321524064171123	0.06806323794167192	0.6613606814137396	0.3523273493451252
up_minus_down_FE	sensory_S2_operculum_R	targeted_sensory	task_separation_rating_z_up_minus_down	33	-0.003717821441209495	0.9836175574155447	0.15274064171122995	0.3961086670909032	0.9843298708283925	0.618593802827176
up_minus_down_FE	sensory_S2_operculum_R	targeted_sensory	passive_sensory_slope_z	33	0.16075055605603744	0.3715001854759621	-0.001002673796791444	0.9955814813197184	0.6857616214641264	0.9955814813197184
up_minus_down_FE	sensory_S2_operculum_R	targeted_sensory	passive_withinrun_slope_z	33	-0.030845619361255062	0.8646935329041552	-0.23796791443850265	0.18234729980920525	0.9843298708283925	0.4862594661578807
up_minus_down_FE	sensory_S2_operculum_R	targeted_sensory	passive_acrossrun_slope_z	33	0.4055729581560999	0.019198929950408512	0.2075534759358289	0.24645392323127294	0.17834397511538821	0.5861606822797842
up_minus_down_FE	sensory_dACC_MCC	targeted_sensory	mean_reg_success_z	33	0.021472270390398583	0.9055873835657893	0.15307486631016046	0.3950635284773496	0.9843298708283925	0.618593802827176
up_minus_down_FE	sensory_dACC_MCC	targeted_sensory	reg_success_z_up	33	0.1727944171582284	0.33624371034245726	0.30648395721925137	0.0827843979075817	0.6857616214641264	0.38216642121089356
up_minus_down_FE	sensory_dACC_MCC	targeted_sensory	reg_success_z_down	33	-0.15323136391333103	0.39457469723654753	-0.07352941176470588	0.6842586450037624	0.6857616214641264	0.8137129832477175
up_minus_down_FE	sensory_dACC_MCC	targeted_sensory	success_asymmetry_z_up_minus_down	33	0.2605518256299134	0.14306398077299778	0.3860294117647059	0.026495611824703415	0.6613606814137396	0.2419480634927081
up_minus_down_FE	sensory_dACC_MCC	targeted_sensory	task_separation_rating_z_up_minus_down	33	-0.006623373199035429	0.9708185889534389	0.23796791443850265	0.18234729980920525	0.9843298708283925	0.4862594661578807
up_minus_down_FE	sensory_dACC_MCC	targeted_sensory	passive_sensory_slope_z	33	0.17585974167152074	0.32760889582864555	0.1661096256684492	0.35555163444125915	0.6857616214641264	0.6017027659775155
up_minus_down_FE	sensory_dACC_MCC	targeted_sensory	passive_withinrun_slope_z	33	-0.013306226429212078	0.9414128325531872	-0.04879679144385027	0.7874154792984165	0.9843298708283925	0.8661570272282582
up_minus_down_FE	sensory_dACC_MCC	targeted_sensory	passive_acrossrun_slope_z	33	0.40462521532186246	0.019509393120958507	0.25	0.16056863389412462	0.17834397511538821	0.4862594661578807
up_minus_down_FE	sensory_insula_all_L	targeted_sensory	mean_reg_success_z	33	0.024587391631116687	0.8919651512192053	0.15006684491978609	0.40452674589825	0.9843298708283925	0.618593802827176
up_minus_down_FE	sensory_insula_all_L	targeted_sensory	reg_success_z_up	33	0.17225818892562691	0.33776840285614756	0.20320855614973263	0.25670360715392326	0.6857616214641264	0.5944715113038223
up_minus_down_FE	sensory_insula_all_L	targeted_sensory	reg_success_z_down	33	-0.14757077528898	0.4124762693053286	0.030414438502673797	0.8665679561192239	0.6857616214641264	0.9078330968868059
up_minus_down_FE	sensory_insula_all_L	targeted_sensory	success_asymmetry_z_up_minus_down	33	0.2557867190158998	0.15078794149445338	0.19050802139037434	0.288257662056037	0.6613606814137396	0.6017027659775155
up_minus_down_FE	sensory_insula_all_L	targeted_sensory	task_separation_rating_z_up_minus_down	33	-0.0035561492612178345	0.9843298708283925	0.1804812834224599	0.3148516246055581	0.9843298708283925	0.6017027659775155
up_minus_down_FE	sensory_insula_all_L	targeted_sensory	passive_sensory_slope_z	33	0.15928193909817054	0.37594326647006604	-0.16711229946524064	0.35261398945090494	0.6857616214641264	0.6017027659775155
up_minus_down_FE	sensory_insula_all_L	targeted_sensory	passive_withinrun_slope_z	33	-0.021421465312744043	0.9058097806292227	-0.15508021390374332	0.3888260585713065	0.9843298708283925	0.618593802827176
up_minus_down_FE	sensory_insula_all_L	targeted_sensory	passive_acrossrun_slope_z	33	0.40033781574819377	0.020966410672703762	0.1861631016042781	0.2995993373695546	0.17834397511538821	0.6017027659775155
up_minus_down_FE	sensory_insula_all_R	targeted_sensory	mean_reg_success_z	33	0.04421695561917863	0.8069734421212046	0.28409090909090906	0.10909740422558246	0.9843298708283925	0.4090994771661858
up_minus_down_FE	sensory_insula_all_R	targeted_sensory	reg_success_z_up	33	0.18398865856831018	0.3053801030723392	0.3362299465240642	0.055730496399627016	0.6857616214641264	0.3360300915453792
up_minus_down_FE	sensory_insula_all_R	targeted_sensory	reg_success_z_down	33	-0.12835981383778905	0.4765313936533338	0.24264705882352944	0.17364331469691502	0.7624502298453341	0.4862594661578807
up_minus_down_FE	sensory_insula_all_R	targeted_sensory	success_asymmetry_z_up_minus_down	33	0.250877859297641	0.15905628400857108	0.17078877005347595	0.341968090287774	0.6613606814137396	0.6017027659775155
up_minus_down_FE	sensory_insula_all_R	targeted_sensory	task_separation_rating_z_up_minus_down	33	0.014032041442731909	0.9382229985172491	0.3322192513368984	0.05890322949834552	0.9843298708283925	0.3360300915453792
up_minus_down_FE	sensory_insula_all_R	targeted_sensory	passive_sensory_slope_z	33	0.17586793909008983	0.3275859893504538	0.10762032085561499	0.551088877362806	0.6857616214641264	0.723818226983984
up_minus_down_FE	sensory_insula_all_R	targeted_sensory	passive_withinrun_slope_z	33	-0.013246030670385014	0.9416774235149965	-0.023729946524064172	0.8957118490330904	0.9843298708283925	0.9267257625615318
up_minus_down_FE	sensory_insula_all_R	targeted_sensory	passive_acrossrun_slope_z	33	0.4097123764693757	0.017890620529699617	0.16711229946524064	0.35261398945090494	0.17834397511538821	0.6017027659775155
up_minus_down_FE	sensory_posterior_insula_L	targeted_sensory	mean_reg_success_z	33	0.01420609691670391	0.9374581924288589	0.04010695187165776	0.8246236053131015	0.9843298708283925	0.895887373673493
up_minus_down_FE	sensory_posterior_insula_L	targeted_sensory	reg_success_z_up	33	0.15977288051928412	0.3744545393528359	0.143048128342246	0.42710199975129104	0.6857616214641264	0.6370334911544681
up_minus_down_FE	sensory_posterior_insula_L	targeted_sensory	reg_success_z_down	33	-0.1508882837566972	0.4019298004007359	-0.06383689839572193	0.7241368385900291	0.6857616214641264	0.8232471945709835
up_minus_down_FE	sensory_posterior_insula_L	targeted_sensory	success_asymmetry_z_up_minus_down	33	0.2479404270693063	0.16415729294124373	0.1306818181818182	0.4685248746522628	0.6613606814137396	0.6650030478935343
up_minus_down_FE	sensory_posterior_insula_L	targeted_sensory	task_separation_rating_z_up_minus_down	33	-0.011868668666995093	0.9477332464827202	0.09759358288770054	0.5889846267330374	0.9843298708283925	0.7404378164643899
up_minus_down_FE	sensory_posterior_insula_L	targeted_sensory	passive_sensory_slope_z	33	0.1474024439065929	0.41301552201816705	-0.22225935828877005	0.21380427936121113	0.6857616214641264	0.5429124309385346
up_minus_down_FE	sensory_posterior_insula_L	targeted_sensory	passive_withinrun_slope_z	33	-0.020807537210485946	0.908497775091335	-0.07085561497326204	0.6951815617571717	0.9843298708283925	0.8144788451814466
up_minus_down_FE	sensory_posterior_insula_L	targeted_sensory	passive_acrossrun_slope_z	33	0.4008478412181618	0.020788499894394942	0.125	0.48824131583041164	0.17834397511538821	0.6819878697313686
up_minus_down_FE	sensory_posterior_insula_R	targeted_sensory	mean_reg_success_z	33	0.03652971812989582	0.8400550631680207	0.25267379679144386	0.15599427027041887	0.9843298708283925	0.4862594661578807
up_minus_down_FE	sensory_posterior_insula_R	targeted_sensory	reg_success_z_up	33	0.17606733580123068	0.32702910901181836	0.3295454545454546	0.06109638028097804	0.6857616214641264	0.3360300915453792
up_minus_down_FE	sensory_posterior_insula_R	targeted_sensory	reg_success_z_down	33	-0.13225851910281183	0.4631288793908122	0.15274064171122995	0.3961086670909032	0.7547285441924347	0.618593802827176
up_minus_down_FE	sensory_posterior_insula_R	targeted_sensory	success_asymmetry_z_up_minus_down	33	0.24726863443229602	0.1653401703534349	0.17947860962566847	0.31759266666718405	0.6613606814137396	0.6017027659775155
up_minus_down_FE	sensory_posterior_insula_R	targeted_sensory	task_separation_rating_z_up_minus_down	33	0.005506769020459635	0.9757365613339841	0.2817513368983957	0.11217264866877122	0.9843298708283925	0.4090994771661858
up_minus_down_FE	sensory_posterior_insula_R	targeted_sensory	passive_sensory_slope_z	33	0.1729151787270688	0.3359009228719075	0.09959893048128343	0.5813147111970498	0.6857616214641264	0.7404378164643899
up_minus_down_FE	sensory_posterior_insula_R	targeted_sensory	passive_withinrun_slope_z	33	-0.012937941516987045	0.9430317271813983	0.08656417112299465	0.631938548223677	0.9843298708283925	0.7723693367178274
up_minus_down_FE	sensory_posterior_insula_R	targeted_sensory	passive_acrossrun_slope_z	33	0.40675638005080916	0.01881703433951017	0.1804812834224599	0.3148516246055581	0.17834397511538821	0.6017027659775155
up_minus_down_FE	sensory_thalamus_L	targeted_sensory	mean_reg_success_z	33	0.020223765761642573	0.9110546576797676	0.2469919786096257	0.16582906793325045	0.9843298708283925	0.4862594661578807
up_minus_down_FE	sensory_thalamus_L	targeted_sensory	reg_success_z_up	33	0.16924874071449272	0.34640350123377733	0.3950534759358289	0.022885060334635582	0.6857616214641264	0.2419480634927081
up_minus_down_FE	sensory_thalamus_L	targeted_sensory	reg_success_z_down	33	-0.15140369117701097	0.40030522752324255	0.034759358288770054	0.8477140817369522	0.6857616214641264	0.9078330968868059
up_minus_down_FE	sensory_thalamus_L	targeted_sensory	success_asymmetry_z_up_minus_down	33	0.2562100336175752	0.150089796838153	0.3776737967914439	0.03024350793658851	0.6613606814137396	0.2419480634927081
up_minus_down_FE	sensory_thalamus_L	targeted_sensory	task_separation_rating_z_up_minus_down	33	-0.008439382146052235	0.9628224893678486	0.27941176470588236	0.11531241577635853	0.9843298708283925	0.4090994771661858
up_minus_down_FE	sensory_thalamus_L	targeted_sensory	passive_sensory_slope_z	33	0.1845194069315785	0.30396266201349403	0.38669786096256686	0.02621304696789108	0.6857616214641264	0.2419480634927081
up_minus_down_FE	sensory_thalamus_L	targeted_sensory	passive_withinrun_slope_z	33	-0.0057425144621553416	0.9746981649004383	0.13669786096256686	0.44811448366069073	0.9843298708283925	0.6464602387236194
up_minus_down_FE	sensory_thalamus_L	targeted_sensory	passive_acrossrun_slope_z	33	0.409344890798124	0.018003682026494678	0.27874331550802145	0.11622144237675733	0.17834397511538821	0.4090994771661858
up_minus_down_FE	sensory_thalamus_R	targeted_sensory	mean_reg_success_z	33	0.023461136083888074	0.8968869041991029	0.2987967914438503	0.09119880506169051	0.9843298708283925	0.38216642121089356
up_minus_down_FE	sensory_thalamus_R	targeted_sensory	reg_success_z_up	33	0.1714496066491559	0.3400754663377845	0.39772727272727276	0.021896896314715444	0.6857616214641264	0.2419480634927081
up_minus_down_FE	sensory_thalamus_R	targeted_sensory	reg_success_z_down	33	-0.14852536992948492	0.40942572167271113	0.11397058823529413	0.5276942812247967	0.6857616214641264	0.723818226983984
up_minus_down_FE	sensory_thalamus_R	targeted_sensory	success_asymmetry_z_up_minus_down	33	0.25584304429112315	0.15069491251520195	0.3068181818181818	0.08243261551187084	0.6613606814137396	0.38216642121089356
up_minus_down_FE	sensory_thalamus_R	targeted_sensory	task_separation_rating_z_up_minus_down	33	-0.005302327434171422	0.9766371042614796	0.33923796791443855	0.05344096926233071	0.9843298708283925	0.3360300915453792
up_minus_down_FE	sensory_thalamus_R	targeted_sensory	passive_sensory_slope_z	33	0.18984590770930168	0.28996797613078457	0.48696524064171126	0.00405342610579244	0.6857616214641264	0.2419480634927081
up_minus_down_FE	sensory_thalamus_R	targeted_sensory	passive_withinrun_slope_z	33	-0.006907973966241127	0.9695652547137354	0.17045454545454547	0.34292773747248173	0.9843298708283925	0.6017027659775155
up_minus_down_FE	sensory_thalamus_R	targeted_sensory	passive_acrossrun_slope_z	33	0.40825696372137654	0.018341887887309512	0.3683155080213904	0.03494381690243129	0.17834397511538821	0.25625465728449615
up_minus_passive_FE	expl_amygdala_L	exploratory_context	mean_reg_success_z	33	0.006404007146082162	0.9717846873221974	-0.06350267379679145	0.7255254396083959	0.9738029637585701	0.9547268541614522
up_minus_passive_FE	expl_amygdala_L	exploratory_context	reg_success_z_up	33	0.16477869916703342	0.35947358939442725	0.060828877005347594	0.7366648112464984	0.6430356856236343	0.9547268541614522
up_minus_passive_FE	expl_amygdala_L	exploratory_context	reg_success_z_down	33	-0.16905555301048106	0.3469623449251212	-0.27807486631016043	0.11713581027213049	0.6430356856236343	0.6854191647476839
up_minus_passive_FE	expl_amygdala_L	exploratory_context	success_asymmetry_z_up_minus_down	33	0.26596405398660233	0.13464575240564508	0.40441176470588236	0.019579887571886518	0.6430356856236343	0.6854191647476839
up_minus_passive_FE	expl_amygdala_L	exploratory_context	task_separation_rating_z_up_minus_down	33	-0.02250555156208329	0.9010657896109234	-0.01570855614973262	0.9308586828074159	0.9738029637585701	0.9547268541614522
up_minus_passive_FE	expl_amygdala_L	exploratory_context	passive_sensory_slope_z	33	0.1944401710462788	0.27823396250213295	0.16009358288770054	0.3734839180157823	0.6430356856236343	0.8787856894488996
up_minus_passive_FE	expl_amygdala_L	exploratory_context	passive_withinrun_slope_z	33	-0.03157860937038165	0.861508754977049	-0.24532085561497327	0.16880421760681083	0.9738029637585701	0.6955305470829216
up_minus_passive_FE	expl_amygdala_L	exploratory_context	passive_acrossrun_slope_z	33	0.3944436946675173	0.023115498501071224	0.2737299465240642	0.12321051488700015	0.23115498501071224	0.6854191647476839
up_minus_passive_FE	expl_amygdala_R	exploratory_context	mean_reg_success_z	33	0.011675286488781104	0.9485837239966821	-0.06584224598930481	0.7158234836979873	0.9738029637585701	0.9547268541614522
up_minus_passive_FE	expl_amygdala_R	exploratory_context	reg_success_z_up	33	0.1559961293485149	0.38599625032453083	-0.08522727272727273	0.6372300970730818	0.6430356856236343	0.9547268541614522
up_minus_passive_FE	expl_amygdala_R	exploratory_context	reg_success_z_down	33	-0.15089858196295963	0.4018973035147715	-0.13001336898395724	0.4708224740961786	0.6430356856236343	0.9344543101872422
up_minus_passive_FE	expl_amygdala_R	exploratory_context	success_asymmetry_z_up_minus_down	33	0.24480905670526373	0.16972295571991972	0.08856951871657755	0.6240347859600837	0.6430356856236343	0.9547268541614522
up_minus_passive_FE	expl_amygdala_R	exploratory_context	task_separation_rating_z_up_minus_down	33	-0.013392727954012914	0.9410326251473055	-0.05080213903743316	0.7788909524183301	0.9738029637585701	0.9547268541614522
up_minus_passive_FE	expl_amygdala_R	exploratory_context	passive_sensory_slope_z	33	0.16833010006910382	0.34906576478500595	-0.03375668449197861	0.8520580175786845	0.6430356856236343	0.9547268541614522
up_minus_passive_FE	expl_amygdala_R	exploratory_context	passive_withinrun_slope_z	33	-0.019053324011870328	0.9161837330538766	-0.056149732620320865	0.7562846412420678	0.9738029637585701	0.9547268541614522
up_minus_passive_FE	expl_amygdala_R	exploratory_context	passive_acrossrun_slope_z	33	0.39948169701544056	0.021267881870430636	0.1734625668449198	0.3343498183117761	0.23115498501071224	0.8549202257194349
up_minus_passive_FE	expl_hippocampus_L	exploratory_context	mean_reg_success_z	33	0.016409621596213904	0.9277807920123189	0.17078877005347595	0.341968090287774	0.9738029637585701	0.8549202257194349
up_minus_passive_FE	expl_hippocampus_L	exploratory_context	reg_success_z_up	33	0.16808799698346522	0.3497694419225309	0.26437165775401067	0.1370838329495368	0.6430356856236343	0.6854191647476839
up_minus_passive_FE	expl_hippocampus_L	exploratory_context	reg_success_z_down	33	-0.15635493183300544	0.3848909636218321	-0.07854278074866311	0.663947968738732	0.6430356856236343	0.9547268541614522
up_minus_passive_FE	expl_hippocampus_L	exploratory_context	success_asymmetry_z_up_minus_down	33	0.2590233419740894	0.14550943584825368	0.31183155080213903	0.07729296230207833	0.6430356856236343	0.6854191647476839
up_minus_passive_FE	expl_hippocampus_L	exploratory_context	task_separation_rating_z_up_minus_down	33	-0.01122175515281095	0.9505785310872951	0.2165775401069519	0.22604742780194953	0.9738029637585701	0.6955305470829216
up_minus_passive_FE	expl_hippocampus_L	exploratory_context	passive_sensory_slope_z	33	0.17399791828482178	0.33283707480810587	-0.02038770053475936	0.9103365440548119	0.6430356856236343	0.9547268541614522
up_minus_passive_FE	expl_hippocampus_L	exploratory_context	passive_withinrun_slope_z	33	-0.006967371144337919	0.9693036883783599	-0.03743315508021391	0.8361520648204936	0.9738029637585701	0.9547268541614522
up_minus_passive_FE	expl_hippocampus_L	exploratory_context	passive_acrossrun_slope_z	33	0.41096942633549044	0.01750833300381102	0.21791443850267384	0.2231248178773673	0.23115498501071224	0.6955305470829216
up_minus_passive_FE	expl_hippocampus_R	exploratory_context	mean_reg_success_z	33	0.007235550446952149	0.9681227512536758	-0.1463903743315508	0.4162660637821015	0.9738029637585701	0.925035697293559
up_minus_passive_FE	expl_hippocampus_R	exploratory_context	reg_success_z_up	33	0.15992044293553984	0.37400775048819646	0.0023395721925133692	0.9896903457319353	0.6430356856236343	0.9896903457319353
up_minus_passive_FE	expl_hippocampus_R	exploratory_context	reg_success_z_down	33	-0.16240840197838363	0.36652201301459336	-0.3663101604278075	0.03602435952587884	0.6430356856236343	0.6854191647476839
up_minus_passive_FE	expl_hippocampus_R	exploratory_context	success_asymmetry_z_up_minus_down	33	0.2568536748919326	0.14903277653340943	0.28843582887700536	0.10355497062742193	0.6430356856236343	0.6854191647476839
up_minus_passive_FE	expl_hippocampus_R	exploratory_context	task_separation_rating_z_up_minus_down	33	-0.019323558175236073	0.9149992187862803	-0.11497326203208558	0.5240449377787748	0.9738029637585701	0.9528089777795905
up_minus_passive_FE	expl_hippocampus_R	exploratory_context	passive_sensory_slope_z	33	0.17313237097676332	0.3352849506608536	-0.02072192513368984	0.9088726948802046	0.6430356856236343	0.9547268541614522
up_minus_passive_FE	expl_hippocampus_R	exploratory_context	passive_withinrun_slope_z	33	-0.005945757926560165	0.9738029637585701	0.024064171122994655	0.8942511515271847	0.9738029637585701	0.9547268541614522
up_minus_passive_FE	expl_hippocampus_R	exploratory_context	passive_acrossrun_slope_z	33	0.4042131452494798	0.019645673637211272	0.22225935828877005	0.21380427936121113	0.23115498501071224	0.6955305470829216
up_minus_passive_FE	expl_hypothalamus	exploratory_context	mean_reg_success_z	33	-0.009192918012684985	0.9595055823268513	-0.12433155080213903	0.4905885128483022	0.9738029637585701	0.9344543101872422
up_minus_passive_FE	expl_hypothalamus	exploratory_context	reg_success_z_up	33	0.16153245291937487	0.3691473615188782	0.05681818181818182	0.7534723249161992	0.6430356856236343	0.9547268541614522
up_minus_passive_FE	expl_hypothalamus	exploratory_context	reg_success_z_down	33	-0.19093659791943077	0.2871540552245301	-0.20721925133689842	0.24723253462821249	0.6430356856236343	0.7063786703663214
up_minus_passive_FE	expl_hypothalamus	exploratory_context	success_asymmetry_z_up_minus_down	33	0.2799624305598258	0.11456756410569792	0.22493315508021391	0.20820318712465566	0.6430356856236343	0.6955305470829216
up_minus_passive_FE	expl_hypothalamus	exploratory_context	task_separation_rating_z_up_minus_down	33	-0.03784200160010677	0.834387033550178	-0.13435828877005349	0.45599421308400123	0.9738029637585701	0.9344543101872422
up_minus_passive_FE	expl_hypothalamus	exploratory_context	passive_sensory_slope_z	33	0.21962610557376622	0.21942058818425614	0.30848930481283426	0.08069095262315354	0.6430356856236343	0.6854191647476839
up_minus_passive_FE	expl_hypothalamus	exploratory_context	passive_withinrun_slope_z	33	-0.03748434562433697	0.8359310269870371	0.04177807486631016	0.8174363801688884	0.9738029637585701	0.9547268541614522
up_minus_passive_FE	expl_hypothalamus	exploratory_context	passive_acrossrun_slope_z	33	0.3614508377216334	0.03875526944890845	-0.09090909090909091	0.6148655064072002	0.3100421555912676	0.9547268541614522
up_minus_passive_FE	reg_NAc_L	targeted_regulatory_value	mean_reg_success_z	33	0.03191268397145749	0.8600579366247472	0.27941176470588236	0.11531241577635853	0.9974405978462944	0.6813617678388117
up_minus_passive_FE	reg_NAc_L	targeted_regulatory_value	reg_success_z_up	33	0.18178273358158448	0.3113159242453584	0.3165106951871658	0.07272321699571986	0.7433716858822699	0.6813617678388117
up_minus_passive_FE	reg_NAc_L	targeted_regulatory_value	reg_success_z_down	33	-0.14600827762506804	0.4174969947903744	0.1380347593582888	0.4436450208910081	0.7433716858822699	0.9061685533092931
up_minus_passive_FE	reg_NAc_L	targeted_regulatory_value	success_asymmetry_z_up_minus_down	33	0.2625112162192636	0.13997312826328415	0.25868983957219255	0.14604703248639414	0.7433716858822699	0.6813617678388117
up_minus_passive_FE	reg_NAc_L	targeted_regulatory_value	task_separation_rating_z_up_minus_down	33	0.002273177157640063	0.9899829099734686	0.30815508021390375	0.08103699289249902	0.9974405978462944	0.6813617678388117
up_minus_passive_FE	reg_NAc_L	targeted_regulatory_value	passive_sensory_slope_z	33	0.16437351678442028	0.36067268496666294	0.014705882352941178	0.9352624242198881	0.7433716858822699	0.9734933960724184
up_minus_passive_FE	reg_NAc_L	targeted_regulatory_value	passive_withinrun_slope_z	33	0.00951230779056521	0.9580998933336279	0.2459893048128342	0.1676096232885519	0.9974405978462944	0.6813617678388117
up_minus_passive_FE	reg_NAc_L	targeted_regulatory_value	passive_acrossrun_slope_z	33	0.4154982616845521	0.016187002087502185	0.2760695187165776	0.11991112435378146	0.24531477395203044	0.6813617678388117
up_minus_passive_FE	reg_NAc_R	targeted_regulatory_value	mean_reg_success_z	33	0.030853306455847267	0.8646601222124488	0.17947860962566847	0.31759266666718405	0.9974405978462944	0.7622224000012416
up_minus_passive_FE	reg_NAc_R	targeted_regulatory_value	reg_success_z_up	33	0.1962005936844607	0.27382036798844217	0.3552807486631016	0.04246114129083662	0.7433716858822699	0.6813617678388117
up_minus_passive_FE	reg_NAc_R	targeted_regulatory_value	reg_success_z_down	33	-0.1634398880175932	0.36344473111530107	-0.12266042780748664	0.4964816355471343	0.7433716858822699	0.9168174852196148
up_minus_passive_FE	reg_NAc_R	targeted_regulatory_value	success_asymmetry_z_up_minus_down	33	0.28779675929510856	0.10435655170936466	0.5140374331550802	0.0022129972965124482	0.7433716858822699	0.21244774046519505
up_minus_passive_FE	reg_NAc_R	targeted_regulatory_value	task_separation_rating_z_up_minus_down	33	0.004699258410545839	0.9792937184482572	0.2252673796791444	0.20751023027697468	0.9974405978462944	0.6813617678388117
up_minus_passive_FE	reg_NAc_R	targeted_regulatory_value	passive_sensory_slope_z	33	0.1691967560738895	0.3465538261767144	0.039438502673796796	0.8275024482622404	0.7433716858822699	0.9734933960724184
up_minus_passive_FE	reg_NAc_R	targeted_regulatory_value	passive_withinrun_slope_z	33	-0.01057761069395632	0.9534122320569166	-0.016711229946524065	0.9264569529080986	0.9974405978462944	0.9734933960724184
up_minus_passive_FE	reg_NAc_R	targeted_regulatory_value	passive_acrossrun_slope_z	33	0.4181312784538041	0.015457834355258682	0.33389037433155083	0.05756437113292545	0.24531477395203044	0.6813617678388117
up_minus_passive_FE	reg_PAG_sphere	targeted_regulatory_value	mean_reg_success_z	33	-0.0013552925151171617	0.99402760773358	-0.13368983957219252	0.4582590909752243	0.9974405978462944	0.9165181819504487
up_minus_passive_FE	reg_PAG_sphere	targeted_regulatory_value	reg_success_z_up	33	0.1561554401221108	0.38550526817629543	0.0357620320855615	0.8433745394626119	0.7433716858822699	0.9734933960724184
up_minus_passive_FE	reg_PAG_sphere	targeted_regulatory_value	reg_success_z_down	33	-0.1723070808970587	0.33762921047453665	-0.2533422459893048	0.1548655152198047	0.7433716858822699	0.6813617678388117
up_minus_passive_FE	reg_PAG_sphere	targeted_regulatory_value	success_asymmetry_z_up_minus_down	33	0.26127754285352894	0.14191344304780185	0.2720588235294118	0.1256081468243949	0.7433716858822699	0.6813617678388117
up_minus_passive_FE	reg_PAG_sphere	targeted_regulatory_value	task_separation_rating_z_up_minus_down	33	-0.026166675230339883	0.8850703576292824	-0.0625	0.729696377006099	0.9974405978462944	0.9734933960724184
up_minus_passive_FE	reg_PAG_sphere	targeted_regulatory_value	passive_sensory_slope_z	33	0.1385368408403828	0.4419727581540864	-0.1537433155080214	0.39297801242050523	0.744375171627935	0.8539841351932923
up_minus_passive_FE	reg_PAG_sphere	targeted_regulatory_value	passive_withinrun_slope_z	33	0.007768836120582316	0.9657746086439866	0.14572192513368984	0.41842081934456576	0.9974405978462944	0.873226057762572
up_minus_passive_FE	reg_PAG_sphere	targeted_regulatory_value	passive_acrossrun_slope_z	33	0.43716242462176913	0.010961215903909352	0.38335561497326204	0.027650990012286478	0.24531477395203044	0.6671585174982099
up_minus_passive_FE	reg_SMA_preSMA	targeted_regulatory_value	mean_reg_success_z	33	0.01332163249271531	0.9413451160589291	-0.18382352941176472	0.3058219532868944	0.9974405978462944	0.7527925003985092
up_minus_passive_FE	reg_SMA_preSMA	targeted_regulatory_value	reg_success_z_up	33	0.16479545712277618	0.35942404728002536	-0.016377005347593582	0.9279239648353177	0.7433716858822699	0.9734933960724184
up_minus_passive_FE	reg_SMA_preSMA	targeted_regulatory_value	reg_success_z_down	33	-0.1578006688340333	0.3804560634342591	-0.24364973262032086	0.1718172423210968	0.7433716858822699	0.6813617678388117
up_minus_passive_FE	reg_SMA_preSMA	targeted_regulatory_value	success_asymmetry_z_up_minus_down	33	0.2573897796584144	0.14815648967780606	0.12098930481283422	0.5024104320143286	0.7433716858822699	0.9168174852196148
up_minus_passive_FE	reg_SMA_preSMA	targeted_regulatory_value	task_separation_rating_z_up_minus_down	33	-0.013977267573257644	0.9384636881333906	-0.11530748663101605	0.5228312294083539	0.9974405978462944	0.9168174852196148
up_minus_passive_FE	reg_SMA_preSMA	targeted_regulatory_value	passive_sensory_slope_z	33	0.18613272789651902	0.2996796048699992	0.18582887700534761	0.30048333101439884	0.7433716858822699	0.7527925003985092
up_minus_passive_FE	reg_SMA_preSMA	targeted_regulatory_value	passive_withinrun_slope_z	33	-0.029562952523393266	0.8702716104742968	-0.03676470588235294	0.8390395131748796	0.9974405978462944	0.9734933960724184
up_minus_passive_FE	reg_SMA_preSMA	targeted_regulatory_value	passive_acrossrun_slope_z	33	0.4033719332827854	0.01992633417205304	0.3830213903743316	0.027798271562425408	0.24531477395203044	0.6671585174982099
up_minus_passive_FE	reg_anterior_insula_L	targeted_regulatory_value	mean_reg_success_z	33	0.02987777781991777	0.86890191546559	0.20153743315508021	0.2607196117538535	0.9974405978462944	0.7361494920108804
up_minus_passive_FE	reg_anterior_insula_L	targeted_regulatory_value	reg_success_z_up	33	0.1827232446684438	0.3087763604762869	0.31417112299465244	0.07498107256136384	0.7433716858822699	0.6813617678388117
up_minus_passive_FE	reg_anterior_insula_L	targeted_regulatory_value	reg_success_z_down	33	-0.15034890124714723	0.4036339626385651	-0.007352941176470589	0.9676058377556672	0.7433716858822699	0.9734933960724184
up_minus_passive_FE	reg_anterior_insula_L	targeted_regulatory_value	success_asymmetry_z_up_minus_down	33	0.2666051434459718	0.13367324493831637	0.2827540106951872	0.11084682757672065	0.7433716858822699	0.6813617678388117
up_minus_passive_FE	reg_anterior_insula_L	targeted_regulatory_value	task_separation_rating_z_up_minus_down	33	0.000580791295611287	0.9974405978462944	0.2162433155080214	0.2267821191339349	0.9974405978462944	0.6813617678388117
up_minus_passive_FE	reg_anterior_insula_L	targeted_regulatory_value	passive_sensory_slope_z	33	0.15580449952127434	0.3865873176977807	-0.18549465240641713	0.30136897535144624	0.7433716858822699	0.7527925003985092
up_minus_passive_FE	reg_anterior_insula_L	targeted_regulatory_value	passive_withinrun_slope_z	33	-0.012544096002386897	0.9447632276829878	-0.08622994652406417	0.6332597693885482	0.9974405978462944	0.9734933960724184
up_minus_passive_FE	reg_anterior_insula_L	targeted_regulatory_value	passive_acrossrun_slope_z	33	0.4093389809461401	0.018005505112576103	0.24799465240641713	0.16406207920608668	0.24531477395203044	0.6813617678388117
up_minus_passive_FE	reg_anterior_insula_R	targeted_regulatory_value	mean_reg_success_z	33	0.0182789469371476	0.9195790225466681	0.05748663101604279	0.7506631144505707	0.9974405978462944	0.9734933960724184
up_minus_passive_FE	reg_anterior_insula_R	targeted_regulatory_value	reg_success_z_up	33	0.16176060355126218	0.36846249219366467	0.029077540106951877	0.8723841943214823	0.7433716858822699	0.9734933960724184
up_minus_passive_FE	reg_anterior_insula_R	targeted_regulatory_value	reg_success_z_down	33	-0.1464162692162493	0.4161827167138988	0.10093582887700536	0.5762262489294739	0.7433716858822699	0.9537537913315431
up_minus_passive_FE	reg_anterior_insula_R	targeted_regulatory_value	success_asymmetry_z_up_minus_down	33	0.24618018284862575	0.1672696132680301	0.03843582887700535	0.8318248362260137	0.7433716858822699	0.9734933960724184
up_minus_passive_FE	reg_anterior_insula_R	targeted_regulatory_value	task_separation_rating_z_up_minus_down	33	-0.008811289630949383	0.9611853506674687	0.10127005347593585	0.574957263022393	0.9974405978462944	0.9537537913315431
up_minus_passive_FE	reg_anterior_insula_R	targeted_regulatory_value	passive_sensory_slope_z	33	0.16490092095877934	0.35911235455584556	0.051804812834224605	0.7746380858703223	0.7433716858822699	0.9734933960724184
up_minus_passive_FE	reg_anterior_insula_R	targeted_regulatory_value	passive_withinrun_slope_z	33	-0.017401898735300913	0.9234261589419194	-0.037098930481283425	0.8375955290714742	0.9974405978462944	0.9734933960724184
up_minus_passive_FE	reg_anterior_insula_R	targeted_regulatory_value	passive_acrossrun_slope_z	33	0.41753515071775116	0.015620468524888183	0.29745989304812837	0.09272658787187307	0.24531477395203044	0.6813617678388117
up_minus_passive_FE	reg_caudate_L	secondary_subcortical	mean_reg_success_z	33	0.014758501919299092	0.9350312712320084	0.10828877005347595	0.5486036459003207	0.9616047134650523	0.9386524299616635
up_minus_passive_FE	reg_caudate_L	secondary_subcortical	reg_success_z_up	33	0.16460056313426843	0.3600004710693683	0.19217914438502673	0.2839697776586662	0.6736533538754415	0.9386524299616635
up_minus_passive_FE	reg_caudate_L	secondary_subcortical	reg_success_z_down	33	-0.15524681387214423	0.3883104408228767	0.04077540106951872	0.821747003322018	0.6736533538754415	0.9457494585671937
up_minus_passive_FE	reg_caudate_L	secondary_subcortical	success_asymmetry_z_up_minus_down	33	0.25527902786344886	0.15162834191523408	0.2613636363636364	0.1417774016753254	0.6736533538754415	0.6481252648014876
up_minus_passive_FE	reg_caudate_L	secondary_subcortical	task_separation_rating_z_up_minus_down	33	-0.013588613987333622	0.9401716781891846	0.10594919786096257	0.5573248802897377	0.9616047134650523	0.9386524299616635
up_minus_passive_FE	reg_caudate_L	secondary_subcortical	passive_sensory_slope_z	33	0.17953446972592052	0.31743957016522145	0.1697860962566845	0.34485193411522974	0.6736533538754415	0.9386524299616635
up_minus_passive_FE	reg_caudate_L	secondary_subcortical	passive_withinrun_slope_z	33	-0.021702902282244804	0.9045778910305505	-0.11497326203208558	0.5240449377787748	0.9616047134650523	0.9386524299616635
up_minus_passive_FE	reg_caudate_L	secondary_subcortical	passive_acrossrun_slope_z	33	0.3903711478558508	0.024704110897615213	-0.04044117647058824	0.8231850219656422	0.2915788403019309	0.9457494585671937
up_minus_passive_FE	reg_caudate_R	secondary_subcortical	mean_reg_success_z	33	0.017041641683070086	0.9250069103720323	0.019050802139037436	0.916194787986969	0.9616047134650523	0.9457494585671937
up_minus_passive_FE	reg_caudate_R	secondary_subcortical	reg_success_z_up	33	0.17134399014180912	0.340377520772702	0.2219251336898396	0.2145116106453367	0.6736533538754415	0.8580464425813468
up_minus_passive_FE	reg_caudate_R	secondary_subcortical	reg_success_z_down	33	-0.15887169455437927	0.37718994887273743	-0.13636363636363638	0.4492356356420384	0.6736533538754415	0.9386524299616635
up_minus_passive_FE	reg_caudate_R	secondary_subcortical	success_asymmetry_z_up_minus_down	33	0.26365016994014007	0.1381990780223957	0.40407754010695185	0.01969069360486591	0.6736533538754415	0.24680287889293295
up_minus_passive_FE	reg_caudate_R	secondary_subcortical	task_separation_rating_z_up_minus_down	33	-0.00871602001277857	0.9616047134650523	0.05247326203208557	0.7718064003494449	0.9616047134650523	0.9457494585671937
up_minus_passive_FE	reg_caudate_R	secondary_subcortical	passive_sensory_slope_z	33	0.16978062036938152	0.3448677239761079	0.057152406417112306	0.7520673293676933	0.6736533538754415	0.9457494585671937
up_minus_passive_FE	reg_caudate_R	secondary_subcortical	passive_withinrun_slope_z	33	-0.02633525635038799	0.884334850252735	-0.295788770053476	0.09466368768257923	0.9616047134650523	0.605847601168507
up_minus_passive_FE	reg_caudate_R	secondary_subcortical	passive_acrossrun_slope_z	33	0.4021170383297688	0.020351190789738675	0.12232620320855615	0.4976645500887904	0.2915788403019309	0.9386524299616635
up_minus_passive_FE	reg_dlPFC_IFJ_L	targeted_regulatory_value	mean_reg_success_z	33	0.03811086804267134	0.8332267419023409	0.2142379679144385	0.23122425592154822	0.9974405978462944	0.6813617678388117
up_minus_passive_FE	reg_dlPFC_IFJ_L	targeted_regulatory_value	reg_success_z_up	33	0.17104691566708632	0.34122800498912004	0.18549465240641713	0.30136897535144624	0.7433716858822699	0.7527925003985092
up_minus_passive_FE	reg_dlPFC_IFJ_L	targeted_regulatory_value	reg_success_z_down	33	-0.12421314662924987	0.4910048783438383	0.22794117647058826	0.20202380018198193	0.7856078053501413	0.6813617678388117
up_minus_passive_FE	reg_dlPFC_IFJ_L	targeted_regulatory_value	success_asymmetry_z_up_minus_down	33	0.23695653174054723	0.18426834710871381	-0.032754010695187165	0.8564062242139914	0.7433716858822699	0.9734933960724184
up_minus_passive_FE	reg_dlPFC_IFJ_L	targeted_regulatory_value	task_separation_rating_z_up_minus_down	33	0.005089123830586023	0.977576273061722	0.17446524064171123	0.3315200011549877	0.9974405978462944	0.7762419539238736
up_minus_passive_FE	reg_dlPFC_IFJ_L	targeted_regulatory_value	passive_sensory_slope_z	33	0.19871888918256714	0.26758619973983544	0.3990641711229947	0.02141620459192994	0.7433716858822699	0.6671585174982099
up_minus_passive_FE	reg_dlPFC_IFJ_L	targeted_regulatory_value	passive_withinrun_slope_z	33	-0.014165436488063137	0.9376368509468834	0.16243315508021391	0.3664479855237246	0.9974405978462944	0.837595395482799
up_minus_passive_FE	reg_dlPFC_IFJ_L	targeted_regulatory_value	passive_acrossrun_slope_z	33	0.3882811611314712	0.02555362228666984	0.053810160427807494	0.7661517238575037	0.24531477395203044	0.9734933960724184
up_minus_passive_FE	reg_dlPFC_IFJ_R	targeted_regulatory_value	mean_reg_success_z	33	0.04800676208580169	0.7907805325334772	0.2667112299465241	0.1335128153138953	0.9974405978462944	0.6813617678388117
up_minus_passive_FE	reg_dlPFC_IFJ_R	targeted_regulatory_value	reg_success_z_up	33	0.18705840544912677	0.2972394742194971	0.22927807486631016	0.1993186218884746	0.7433716858822699	0.6813617678388117
up_minus_passive_FE	reg_dlPFC_IFJ_R	targeted_regulatory_value	reg_success_z_down	33	-0.12552769136257913	0.48639245187444147	0.23328877005347595	0.19135435995570663	0.7856078053501413	0.6813617678388117
up_minus_passive_FE	reg_dlPFC_IFJ_R	targeted_regulatory_value	success_asymmetry_z_up_minus_down	33	0.25126833484727396	0.15838688703000822	0.035093582887700536	0.8462670734185679	0.7433716858822699	0.9734933960724184
up_minus_passive_FE	reg_dlPFC_IFJ_R	targeted_regulatory_value	task_separation_rating_z_up_minus_down	33	0.01588851072724706	0.9300685318570613	0.22860962566844922	0.20066804870324886	0.9974405978462944	0.6813617678388117
up_minus_passive_FE	reg_dlPFC_IFJ_R	targeted_regulatory_value	passive_sensory_slope_z	33	0.18693814188048877	0.2975557790146705	0.3128342245989305	0.07629548550277292	0.7433716858822699	0.6813617678388117
up_minus_passive_FE	reg_dlPFC_IFJ_R	targeted_regulatory_value	passive_withinrun_slope_z	33	-0.006082192573580611	0.9732020446159307	0.06149732620320855	0.73387493109816	0.9974405978462944	0.9734933960724184
up_minus_passive_FE	reg_dlPFC_IFJ_R	targeted_regulatory_value	passive_acrossrun_slope_z	33	0.40270615579970803	0.02015081374872093	0.08188502673796792	0.650535663449122	0.24531477395203044	0.9734933960724184
up_minus_passive_FE	reg_mOFC	targeted_regulatory_value	mean_reg_success_z	33	0.009281574077225567	0.959115379656836	-0.006016042780748664	0.9734933960724184	0.9974405978462944	0.9734933960724184
up_minus_passive_FE	reg_mOFC	targeted_regulatory_value	reg_success_z_up	33	0.15027007519929494	0.40388335503975076	-0.007352941176470589	0.9676058377556672	0.7433716858822699	0.9734933960724184
up_minus_passive_FE	reg_mOFC	targeted_regulatory_value	reg_success_z_down	33	-0.14856210672805817	0.40930857937517556	0.026403743315508023	0.8840360735526009	0.7433716858822699	0.9734933960724184
up_minus_passive_FE	reg_mOFC	targeted_regulatory_value	success_asymmetry_z_up_minus_down	33	0.2382666896258061	0.18178250941420246	-0.01036096256684492	0.9543654315406678	0.7433716858822699	0.9734933960724184
up_minus_passive_FE	reg_mOFC	targeted_regulatory_value	task_separation_rating_z_up_minus_down	33	-0.02210332150563431	0.9028255761089423	0.008355614973262033	0.9631912536997345	0.9974405978462944	0.9734933960724184
up_minus_passive_FE	reg_mOFC	targeted_regulatory_value	passive_sensory_slope_z	33	0.13986015273003666	0.4375817321712293	-0.2914438502673797	0.09984436792830936	0.744375171627935	0.6813617678388117
up_minus_passive_FE	reg_mOFC	targeted_regulatory_value	passive_withinrun_slope_z	33	-0.017082779753987733	0.9248263886200303	0.10728609625668449	0.552333463627276	0.9974405978462944	0.9468573662181873
up_minus_passive_FE	reg_mOFC	targeted_regulatory_value	passive_acrossrun_slope_z	33	0.38892310525420715	0.02529017564273211	0.23830213903743316	0.18171557949867617	0.24531477395203044	0.6813617678388117
up_minus_passive_FE	reg_pgACC_rACC	targeted_regulatory_value	mean_reg_success_z	33	0.009584107019466227	0.9577839095607862	-0.08088235294117647	0.6545483098680834	0.9974405978462944	0.9734933960724184
up_minus_passive_FE	reg_pgACC_rACC	targeted_regulatory_value	reg_success_z_up	33	0.16225612690384109	0.36697760716234484	0.07754010695187166	0.6679919373571094	0.7433716858822699	0.9734933960724184
up_minus_passive_FE	reg_pgACC_rACC	targeted_regulatory_value	reg_success_z_down	33	-0.16112537010482994	0.3703712224659938	-0.12767379679144386	0.4789104095323652	0.7433716858822699	0.9168174852196148
up_minus_passive_FE	reg_pgACC_rACC	targeted_regulatory_value	success_asymmetry_z_up_minus_down	33	0.2578160548869122	0.1474623988183763	0.2459893048128342	0.1676096232885519	0.7433716858822699	0.6813617678388117
up_minus_passive_FE	reg_pgACC_rACC	targeted_regulatory_value	task_separation_rating_z_up_minus_down	33	-0.01678785043647765	0.9261206759321626	-0.05113636363636364	0.7774726241623274	0.9974405978462944	0.9734933960724184
up_minus_passive_FE	reg_pgACC_rACC	targeted_regulatory_value	passive_sensory_slope_z	33	0.17512875287224666	0.3296555086750035	0.21290106951871657	0.23421810769459153	0.7433716858822699	0.6813617678388117
up_minus_passive_FE	reg_pgACC_rACC	targeted_regulatory_value	passive_withinrun_slope_z	33	-0.014221614624473201	0.9373900097092839	-0.0752005347593583	0.6774634048445489	0.9974405978462944	0.9734933960724184
up_minus_passive_FE	reg_pgACC_rACC	targeted_regulatory_value	passive_acrossrun_slope_z	33	0.39032547582437355	0.02472242340009405	-0.04177807486631016	0.8174363801688884	0.24531477395203044	0.9734933960724184
up_minus_passive_FE	reg_putamen_L	secondary_subcortical	mean_reg_success_z	33	0.020099307199010315	0.9115998925597705	0.13569518716577542	0.45148247057235624	0.9616047134650523	0.9386524299616635
up_minus_passive_FE	reg_putamen_L	secondary_subcortical	reg_success_z_up	33	0.1697641770491254	0.3449151413445043	0.27840909090909094	0.11667795764270027	0.6736533538754415	0.6222824407610681
up_minus_passive_FE	reg_putamen_L	secondary_subcortical	reg_success_z_down	33	-0.1521679713428833	0.39790312353042767	-0.04812834224598931	0.7902624305760928	0.6736533538754415	0.9457494585671937
up_minus_passive_FE	reg_putamen_L	secondary_subcortical	success_asymmetry_z_up_minus_down	33	0.25722165846854855	0.1484308875155623	0.39438502673796794	0.023137769896212464	0.6736533538754415	0.24680287889293295
up_minus_passive_FE	reg_putamen_L	secondary_subcortical	task_separation_rating_z_up_minus_down	33	-0.009509724148564281	0.9581112638922886	0.125	0.48824131583041164	0.9616047134650523	0.9386524299616635
up_minus_passive_FE	reg_putamen_L	secondary_subcortical	passive_sensory_slope_z	33	0.18221291938847597	0.3101527181313943	0.16510695187165778	0.35850390731731974	0.6736533538754415	0.9386524299616635
up_minus_passive_FE	reg_putamen_L	secondary_subcortical	passive_withinrun_slope_z	33	-0.05848490378644144	0.7464736492142839	-0.4097593582887701	0.01787620870205047	0.9616047134650523	0.24680287889293295
up_minus_passive_FE	reg_putamen_L	secondary_subcortical	passive_acrossrun_slope_z	33	0.369034441855813	0.034562898121544394	-0.14605614973262032	0.4173426623454898	0.2915788403019309	0.9386524299616635
up_minus_passive_FE	reg_putamen_R	secondary_subcortical	mean_reg_success_z	33	0.012850602734195955	0.9434156811721229	-0.05113636363636364	0.7774726241623274	0.9616047134650523	0.9457494585671937
up_minus_passive_FE	reg_putamen_R	secondary_subcortical	reg_success_z_up	33	0.15150648187838384	0.39998167886354336	-0.023729946524064172	0.8957118490330904	0.6736533538754415	0.9457494585671937
up_minus_passive_FE	reg_putamen_R	secondary_subcortical	reg_success_z_down	33	-0.14409273139249748	0.42369861182070073	-0.02774064171122995	0.8782069986183596	0.6779177789131212	0.9457494585671937
up_minus_passive_FE	reg_putamen_R	secondary_subcortical	success_asymmetry_z_up_minus_down	33	0.23588396653141785	0.18632111880825292	0.003342245989304813	0.9852723280032905	0.6736533538754415	0.9852723280032905
up_minus_passive_FE	reg_putamen_R	secondary_subcortical	task_separation_rating_z_up_minus_down	33	-0.01814441584020662	0.9201690237284481	-0.05314171122994653	0.7689776016843931	0.9616047134650523	0.9457494585671937
up_minus_passive_FE	reg_putamen_R	secondary_subcortical	passive_sensory_slope_z	33	0.17111265175227205	0.3410397000978675	0.05882352941176471	0.7450541441461153	0.6736533538754415	0.9457494585671937
up_minus_passive_FE	reg_putamen_R	secondary_subcortical	passive_withinrun_slope_z	33	-0.06926528928173777	0.7017071250758873	-0.3592914438502674	0.04002131316337574	0.9616047134650523	0.3201705053070059
up_minus_passive_FE	reg_putamen_R	secondary_subcortical	passive_acrossrun_slope_z	33	0.36553839890980516	0.03644735503774136	-0.02072192513368984	0.9088726948802046	0.2915788403019309	0.9457494585671937
up_minus_passive_FE	reg_vmPFC	targeted_regulatory_value	mean_reg_success_z	33	-0.0078119406010397005	0.965584824746944	-0.1915106951871658	0.28567997875535706	0.9974405978462944	0.7527925003985092
up_minus_passive_FE	reg_vmPFC	targeted_regulatory_value	reg_success_z_up	33	0.13489019829839083	0.4541962524019703	-0.12533422459893048	0.48706988024364684	0.7517731074239509	0.9168174852196148
up_minus_passive_FE	reg_vmPFC	targeted_regulatory_value	reg_success_z_down	33	-0.15966499708746343	0.37478138680190676	-0.11497326203208558	0.5240449377787748	0.7433716858822699	0.9168174852196148
up_minus_passive_FE	reg_vmPFC	targeted_regulatory_value	success_asymmetry_z_up_minus_down	33	0.23395518691408376	0.1900529030889053	-0.02038770053475936	0.9103365440548119	0.7433716858822699	0.9734933960724184
up_minus_passive_FE	reg_vmPFC	targeted_regulatory_value	task_separation_rating_z_up_minus_down	33	-0.038696189952172326	0.8307019854928127	-0.2195855614973262	0.21950784159421885	0.9974405978462944	0.6813617678388117
up_minus_passive_FE	reg_vmPFC	targeted_regulatory_value	passive_sensory_slope_z	33	0.1498331255291441	0.4052673798679943	0.013368983957219253	0.941136987858924	0.7433716858822699	0.9734933960724184
up_minus_passive_FE	reg_vmPFC	targeted_regulatory_value	passive_withinrun_slope_z	33	-0.012654945732903818	0.9442758630417333	-0.0501336898395722	0.7817297057371496	0.9974405978462944	0.9734933960724184
up_minus_passive_FE	reg_vmPFC	targeted_regulatory_value	passive_acrossrun_slope_z	33	0.36856472616129315	0.034811387706836915	-0.043114973262032084	0.8116970583519417	0.2784911016546953	0.9734933960724184
up_minus_passive_FE	reg_vmPFC_mOFC	targeted_regulatory_value	mean_reg_success_z	33	0.0014531218424152794	0.9935965099545333	-0.15775401069518719	0.38059872273025785	0.9974405978462944	0.8497087763280174
up_minus_passive_FE	reg_vmPFC_mOFC	targeted_regulatory_value	reg_success_z_up	33	0.14341958773099395	0.4258900283700504	-0.11463903743315508	0.5252600175737376	0.7433716858822699	0.9168174852196148
up_minus_passive_FE	reg_vmPFC_mOFC	targeted_regulatory_value	reg_success_z_down	33	-0.153857388651601	0.3926227466173856	-0.06016042780748663	0.73945799530583	0.7433716858822699	0.9734933960724184
up_minus_passive_FE	reg_vmPFC_mOFC	targeted_regulatory_value	success_asymmetry_z_up_minus_down	33	0.2366132192591787	0.18492366980957184	-0.012032085561497327	0.9470145977029851	0.7433716858822699	0.9734933960724184
up_minus_passive_FE	reg_vmPFC_mOFC	targeted_regulatory_value	task_separation_rating_z_up_minus_down	33	-0.029744834844648623	0.8694802585742094	-0.15140374331550802	0.4003050633718558	0.9974405978462944	0.8539841351932923
up_minus_passive_FE	reg_vmPFC_mOFC	targeted_regulatory_value	passive_sensory_slope_z	33	0.1446252806416677	0.4219693528177318	-0.09725935828877007	0.5902672492299021	0.7433716858822699	0.9604348462045865
up_minus_passive_FE	reg_vmPFC_mOFC	targeted_regulatory_value	passive_withinrun_slope_z	33	-0.015074905016744817	0.9336414515257597	0.019385026737967916	0.9147298093091305	0.9974405978462944	0.9734933960724184
up_minus_passive_FE	reg_vmPFC_mOFC	targeted_regulatory_value	passive_acrossrun_slope_z	33	0.3801137105835707	0.029106905324477718	0.09258021390374332	0.608350760958039	0.2540239010136237	0.9733612175328623
up_minus_passive_FE	sensory_S1_L	targeted_sensory	mean_reg_success_z	33	0.011417009482516133	0.9497196898630142	-0.18516042780748665	0.302256270273499	0.9970249990424838	0.6846839346418576
up_minus_passive_FE	sensory_S1_L	targeted_sensory	reg_success_z_up	33	0.16173657663312468	0.3685345814732263	0.03141711229946524	0.8622102636715578	0.6796102589072819	0.9604367494062923
up_minus_passive_FE	sensory_S1_L	targeted_sensory	reg_success_z_down	33	-0.15757248498215876	0.38115404261759056	-0.34425133689839577	0.049791589226906026	0.6796102589072819	0.4479168729497281
up_minus_passive_FE	sensory_S1_L	targeted_sensory	success_asymmetry_z_up_minus_down	33	0.2546731248591459	0.15263574802069105	0.14538770053475936	0.4195005333060412	0.6445715173065186	0.7749436212703521
up_minus_passive_FE	sensory_S1_L	targeted_sensory	task_separation_rating_z_up_minus_down	33	-0.016928876569331616	0.9255017641354712	-0.13903743315508021	0.440308875721791	0.9970249990424838	0.7749436212703521
up_minus_passive_FE	sensory_S1_L	targeted_sensory	passive_sensory_slope_z	33	0.18047522567278426	0.3148681403564655	0.268048128342246	0.13150320762572038	0.6796102589072819	0.5250659556229366
up_minus_passive_FE	sensory_S1_L	targeted_sensory	passive_withinrun_slope_z	33	-0.02075135518487855	0.9087438100817163	-0.12834224598930483	0.4765922397266872	0.9970249990424838	0.7913229640744994
up_minus_passive_FE	sensory_S1_L	targeted_sensory	passive_acrossrun_slope_z	33	0.391958398916102	0.024074594839697767	-0.03776737967914439	0.8347091249286811	0.19259675871758214	0.958028447236565
up_minus_passive_FE	sensory_S1_R	targeted_sensory	mean_reg_success_z	33	0.007434786530950504	0.9672454509399948	-0.2740641711229947	0.1227350928334315	0.9970249990424838	0.5250659556229366
up_minus_passive_FE	sensory_S1_R	targeted_sensory	reg_success_z_up	33	0.15574713383174835	0.3867643597918275	-0.09090909090909091	0.6148655064072002	0.6796102589072819	0.8727123316747357
up_minus_passive_FE	sensory_S1_R	targeted_sensory	reg_success_z_down	33	-0.1575377805185053	0.3812602636442582	-0.33589572192513373	0.05598960911871601	0.6796102589072819	0.4479168729497281
up_minus_passive_FE	sensory_S1_R	targeted_sensory	success_asymmetry_z_up_minus_down	33	0.24966822937665176	0.16114287932662966	0.03643048128342246	0.8404840126193108	0.6445715173065186	0.958028447236565
up_minus_passive_FE	sensory_S1_R	targeted_sensory	task_separation_rating_z_up_minus_down	33	-0.022771880404838612	0.8999008348646741	-0.23897058823529416	0.18045677272738112	0.9970249990424838	0.5284829875023691
up_minus_passive_FE	sensory_S1_R	targeted_sensory	passive_sensory_slope_z	33	0.18089479600836822	0.31372551019939504	0.2510026737967915	0.15884209211351621	0.6796102589072819	0.5250659556229366
up_minus_passive_FE	sensory_S1_R	targeted_sensory	passive_withinrun_slope_z	33	-0.02443117972095244	0.892647567425169	-0.07185828877005349	0.6910782746456152	0.9970249990424838	0.8813751908523789
up_minus_passive_FE	sensory_S1_R	targeted_sensory	passive_acrossrun_slope_z	33	0.3967456903661874	0.0222554820594403	0.11163101604278076	0.5362570253519456	0.19259675871758214	0.8082636867987821
up_minus_passive_FE	sensory_S2_operculum_L	targeted_sensory	mean_reg_success_z	33	0.03076472536660684	0.865045139272776	0.2359625668449198	0.18617014332469822	0.9970249990424838	0.5284829875023691
up_minus_passive_FE	sensory_S2_operculum_L	targeted_sensory	reg_success_z_up	33	0.18344364030767119	0.3068399840634481	0.3736631016042781	0.03219040923661012	0.6796102589072819	0.4415344446876926
up_minus_passive_FE	sensory_S2_operculum_L	targeted_sensory	reg_success_z_down	33	-0.14968822825197664	0.40572693181888864	-0.02306149732620321	0.8986342479576831	0.6796102589072819	0.9884906191324466
up_minus_passive_FE	sensory_S2_operculum_L	targeted_sensory	success_asymmetry_z_up_minus_down	33	0.26669979879958405	0.133530095288976	0.34024064171123	0.052694608856366294	0.6445715173065186	0.4479168729497281
up_minus_passive_FE	sensory_S2_operculum_L	targeted_sensory	task_separation_rating_z_up_minus_down	33	0.006563788359035222	0.9710809994083576	0.3168449197860963	0.0724050312052051	0.9970249990424838	0.4642793681961009
up_minus_passive_FE	sensory_S2_operculum_L	targeted_sensory	passive_sensory_slope_z	33	0.17103716851018075	0.34125593168044577	0.017045454545454548	0.9249901786454771	0.6796102589072819	0.9884906191324466
up_minus_passive_FE	sensory_S2_operculum_L	targeted_sensory	passive_withinrun_slope_z	33	-0.011511111145271997	0.9493057962145129	0.06216577540106952	0.7310883874685412	0.9970249990424838	0.9061377196793188
up_minus_passive_FE	sensory_S2_operculum_L	targeted_sensory	passive_acrossrun_slope_z	33	0.40684184644108856	0.018789700178700918	0.24565508021390378	0.16820616369408498	0.19259675871758214	0.5250659556229366
up_minus_passive_FE	sensory_S2_operculum_R	targeted_sensory	mean_reg_success_z	33	0.02139341354785758	0.9059325790453813	-0.006350267379679145	0.9720213658238285	0.9970249990424838	0.9911630914606229
up_minus_passive_FE	sensory_S2_operculum_R	targeted_sensory	reg_success_z_up	33	0.17486337649984357	0.3304004492932931	0.14338235294117646	0.4260114292954966	0.6796102589072819	0.7749436212703521
up_minus_passive_FE	sensory_S2_operculum_R	targeted_sensory	reg_success_z_down	33	-0.15561356645935848	0.38717675783311356	-0.15641711229946526	0.3846996046531259	0.6796102589072819	0.7749436212703521
up_minus_passive_FE	sensory_S2_operculum_R	targeted_sensory	success_asymmetry_z_up_minus_down	33	0.2640893151873716	0.13751947745387708	0.22961229946524067	0.19864627738941937	0.6445715173065186	0.5462772628209033
up_minus_passive_FE	sensory_S2_operculum_R	targeted_sensory	task_separation_rating_z_up_minus_down	33	-0.0025527937093276012	0.9887508118140534	0.07185828877005349	0.6910782746456152	0.9970249990424838	0.8813751908523789
up_minus_passive_FE	sensory_S2_operculum_R	targeted_sensory	passive_sensory_slope_z	33	0.15604691715573105	0.3858396872552274	-0.07185828877005349	0.6910782746456152	0.6796102589072819	0.8813751908523789
up_minus_passive_FE	sensory_S2_operculum_R	targeted_sensory	passive_withinrun_slope_z	33	-0.014347978217268851	0.9368348013783501	-0.05247326203208557	0.7718064003494449	0.9970249990424838	0.9433189337604326
up_minus_passive_FE	sensory_S2_operculum_R	targeted_sensory	passive_acrossrun_slope_z	33	0.4290102117425406	0.012729548386363431	0.46256684491978617	0.006719294388965907	0.19259675871758214	0.32067699342874906
up_minus_passive_FE	sensory_dACC_MCC	targeted_sensory	mean_reg_success_z	33	0.029112906030724105	0.8722302473860942	0.35862299465240643	0.04041991007951094	0.9970249990424838	0.44461901087462036
up_minus_passive_FE	sensory_dACC_MCC	targeted_sensory	reg_success_z_up	33	0.17772613470602064	0.32241904894454915	0.4214572192513369	0.014576226974034049	0.6796102589072819	0.32067699342874906
up_minus_passive_FE	sensory_dACC_MCC	targeted_sensory	reg_success_z_down	33	-0.14615205700882322	0.4170335679658321	0.15407754010695188	0.3919376373936643	0.6796102589072819	0.7749436212703521
up_minus_passive_FE	sensory_dACC_MCC	targeted_sensory	success_asymmetry_z_up_minus_down	33	0.2592490917217629	0.1451463518472026	0.3004679144385027	0.08931621488076892	0.6445715173065186	0.4642793681961009
up_minus_passive_FE	sensory_dACC_MCC	targeted_sensory	task_separation_rating_z_up_minus_down	33	0.0006751012720733764	0.9970249990424838	0.4054144385026738	0.01925057041222642	0.9970249990424838	0.33881003925518505
up_minus_passive_FE	sensory_dACC_MCC	targeted_sensory	passive_sensory_slope_z	33	0.18495171620805048	0.3028111921333661	0.24632352941176472	0.16701459487539558	0.6796102589072819	0.5250659556229366
up_minus_passive_FE	sensory_dACC_MCC	targeted_sensory	passive_withinrun_slope_z	33	-0.011965777413357592	0.9473061922017512	0.1413770053475936	0.4325779915405583	0.9970249990424838	0.7749436212703521
up_minus_passive_FE	sensory_dACC_MCC	targeted_sensory	passive_acrossrun_slope_z	33	0.39978115905544764	0.021162024801210825	0.20721925133689842	0.24723253462821249	0.19259675871758214	0.6398959719789029
up_minus_passive_FE	sensory_insula_all_L	targeted_sensory	mean_reg_success_z	33	0.01504850596920133	0.9337574036392186	-0.006684491978609626	0.9705494261796221	0.9970249990424838	0.9911630914606229
up_minus_passive_FE	sensory_insula_all_L	targeted_sensory	reg_success_z_up	33	0.1679123184278312	0.3502805903121478	0.10862299465240642	0.5473630062546808	0.6796102589072819	0.8082636867987821
up_minus_passive_FE	sensory_insula_all_L	targeted_sensory	reg_success_z_down	33	-0.15838167573903003	0.3786822265248139	-0.12098930481283422	0.5024104320143286	0.6796102589072819	0.8038566912229257
up_minus_passive_FE	sensory_insula_all_L	targeted_sensory	success_asymmetry_z_up_minus_down	33	0.26042385477997604	0.14326756677438818	0.26336898395721925	0.13863551813672886	0.6445715173065186	0.5250659556229366
up_minus_passive_FE	sensory_insula_all_L	targeted_sensory	task_separation_rating_z_up_minus_down	33	-0.013658069230512512	0.939866428436417	0.015374331550802138	0.9323263794090122	0.9970249990424838	0.9884906191324466
up_minus_passive_FE	sensory_insula_all_L	targeted_sensory	passive_sensory_slope_z	33	0.15096691437608392	0.4016817126026393	-0.24298128342245992	0.1730330990121041	0.6796102589072819	0.5250659556229366
up_minus_passive_FE	sensory_insula_all_L	targeted_sensory	passive_withinrun_slope_z	33	-0.025645805506575237	0.8873434672924204	-0.24732620320855614	0.1652385663410133	0.9970249990424838	0.5250659556229366
up_minus_passive_FE	sensory_insula_all_L	targeted_sensory	passive_acrossrun_slope_z	33	0.40385039132934697	0.019766297228228293	0.20955882352941177	0.24181657237567883	0.19259675871758214	0.6398959719789029
up_minus_passive_FE	sensory_insula_all_R	targeted_sensory	mean_reg_success_z	33	0.02191196279048495	0.9036629446331007	0.07787433155080214	0.6666429225381993	0.9970249990424838	0.8813751908523789
up_minus_passive_FE	sensory_insula_all_R	targeted_sensory	reg_success_z_up	33	0.16740149802557652	0.35176941312430204	0.08021390374331552	0.6572286971168086	0.6796102589072819	0.8813751908523789
up_minus_passive_FE	sensory_insula_all_R	targeted_sensory	reg_success_z_down	33	-0.14664038047143604	0.415461768020851	0.045454545454545456	0.8016765232787512	0.6796102589072819	0.9533450547098662
up_minus_passive_FE	sensory_insula_all_R	targeted_sensory	success_asymmetry_z_up_minus_down	33	0.2510398952233976	0.1587782572859084	0.11631016042780751	0.5191983581800304	0.6445715173065186	0.8082636867987821
up_minus_passive_FE	sensory_insula_all_R	targeted_sensory	task_separation_rating_z_up_minus_down	33	-0.004347678757697725	0.9808425848310186	0.14171122994652408	0.43147971323820344	0.9970249990424838	0.7749436212703521
up_minus_passive_FE	sensory_insula_all_R	targeted_sensory	passive_sensory_slope_z	33	0.16280758675965515	0.3653292785555845	0.0023395721925133692	0.9896903457319353	0.6796102589072819	0.9911630914606229
up_minus_passive_FE	sensory_insula_all_R	targeted_sensory	passive_withinrun_slope_z	33	-0.018816347921278745	0.9172226133016474	-0.06651069518716578	0.7130594140459106	0.9970249990424838	0.8964175490862876
up_minus_passive_FE	sensory_insula_all_R	targeted_sensory	passive_acrossrun_slope_z	33	0.4114980620310526	0.01734961235137549	0.3145053475935829	0.07465523191796591	0.19259675871758214	0.4642793681961009
up_minus_passive_FE	sensory_posterior_insula_L	targeted_sensory	mean_reg_success_z	33	0.010278130690214885	0.9547298882807514	-0.04010695187165776	0.8246236053131015	0.9970249990424838	0.958028447236565
up_minus_passive_FE	sensory_posterior_insula_L	targeted_sensory	reg_success_z_up	33	0.1583772144496233	0.3786958285505877	0.01002673796791444	0.9558360603869237	0.6796102589072819	0.9911630914606229
up_minus_passive_FE	sensory_posterior_insula_L	targeted_sensory	reg_success_z_down	33	-0.1557691133348497	0.3866965210532617	-0.07921122994652408	0.6612571404568393	0.6796102589072819	0.8813751908523789
up_minus_passive_FE	sensory_posterior_insula_L	targeted_sensory	success_asymmetry_z_up_minus_down	33	0.2505047402143406	0.15969782553472348	0.12132352941176472	0.501221832595384	0.6445715173065186	0.8038566912229257
up_minus_passive_FE	sensory_posterior_insula_L	targeted_sensory	task_separation_rating_z_up_minus_down	33	-0.01674289598334758	0.9263179734342292	-0.002005347593582888	0.9911630914606229	0.9970249990424838	0.9911630914606229
up_minus_passive_FE	sensory_posterior_insula_L	targeted_sensory	passive_sensory_slope_z	33	0.14252973528033486	0.42879656498249963	-0.2931149732620321	0.09782695549262829	0.6860745039719994	0.4782651157417383
up_minus_passive_FE	sensory_posterior_insula_L	targeted_sensory	passive_withinrun_slope_z	33	-0.01123611270842408	0.9505153764011779	0.08422459893048129	0.6412103483753364	0.9970249990424838	0.8813751908523789
up_minus_passive_FE	sensory_posterior_insula_L	targeted_sensory	passive_acrossrun_slope_z	33	0.4141171924919848	0.016580808006557056	0.30013368983957217	0.08969033249242858	0.19259675871758214	0.4642793681961009
up_minus_passive_FE	sensory_posterior_insula_R	targeted_sensory	mean_reg_success_z	33	0.024957849101209455	0.8903471020536132	0.1524064171122995	0.3971553911306439	0.9970249990424838	0.7749436212703521
up_minus_passive_FE	sensory_posterior_insula_R	targeted_sensory	reg_success_z_up	33	0.1779425348064215	0.3218206263040438	0.24966577540106955	0.16114713227811062	0.6796102589072819	0.5250659556229366
up_minus_passive_FE	sensory_posterior_insula_R	targeted_sensory	reg_success_z_down	33	-0.1531589659301325	0.39480079416636066	-0.049799465240641716	0.7831501222160653	0.6796102589072819	0.9440713802056677
up_minus_passive_FE	sensory_posterior_insula_R	targeted_sensory	success_asymmetry_z_up_minus_down	33	0.2647756871232121	0.13646219123271827	0.3201871657754011	0.06928243224039533	0.6445715173065186	0.4642793681961009
up_minus_passive_FE	sensory_posterior_insula_R	targeted_sensory	task_separation_rating_z_up_minus_down	33	-0.001916258152840696	0.9915556651208897	0.20153743315508021	0.2607196117538535	0.9970249990424838	0.6555235952668317
up_minus_passive_FE	sensory_posterior_insula_R	targeted_sensory	passive_sensory_slope_z	33	0.17324284960466618	0.3349718911912163	0.18649732620320858	0.29871699451325257	0.6796102589072819	0.6846839346418576
up_minus_passive_FE	sensory_posterior_insula_R	targeted_sensory	passive_withinrun_slope_z	33	-0.024747230141864557	0.8912669708297026	-0.15775401069518719	0.38059872273025785	0.9970249990424838	0.7749436212703521
up_minus_passive_FE	sensory_posterior_insula_R	targeted_sensory	passive_acrossrun_slope_z	33	0.3996669410781136	0.021202348232489128	0.1841577540106952	0.3049280573145062	0.19259675871758214	0.6846839346418576
up_minus_passive_FE	sensory_thalamus_L	targeted_sensory	mean_reg_success_z	33	0.024496147160282446	0.8923637460976924	0.1109625668449198	0.5387156719824292	0.9970249990424838	0.8082636867987821
up_minus_passive_FE	sensory_thalamus_L	targeted_sensory	reg_success_z_up	33	0.17352342797233708	0.33417763097412495	0.2563502673796792	0.1498590361320026	0.6796102589072819	0.5250659556229366
up_minus_passive_FE	sensory_thalamus_L	targeted_sensory	reg_success_z_down	33	-0.14909768105223017	0.40760295207784114	-0.03442513368983957	0.8491615782324099	0.6796102589072819	0.958028447236565
up_minus_passive_FE	sensory_thalamus_L	targeted_sensory	success_asymmetry_z_up_minus_down	33	0.25800351107299047	0.1471579187627448	0.26403743315508027	0.13759963980889336	0.6445715173065186	0.5250659556229366
up_minus_passive_FE	sensory_thalamus_L	targeted_sensory	task_separation_rating_z_up_minus_down	33	-0.0065074134789548325	0.971329276004026	0.13335561497326204	0.4593937749927751	0.9970249990424838	0.7774356192185424
up_minus_passive_FE	sensory_thalamus_L	targeted_sensory	passive_sensory_slope_z	33	0.1856077636511675	0.30106906297775693	0.3014705882352941	0.08820102760253003	0.6796102589072819	0.4642793681961009
up_minus_passive_FE	sensory_thalamus_L	targeted_sensory	passive_withinrun_slope_z	33	-0.006345796801766274	0.9720410550677329	0.10327540106951873	0.5673698669462608	0.9970249990424838	0.8185007916601794
up_minus_passive_FE	sensory_thalamus_L	targeted_sensory	passive_acrossrun_slope_z	33	0.39851131652217264	0.021613917801618494	0.1911764705882353	0.28653755555956745	0.19259675871758214	0.6846839346418576
up_minus_passive_FE	sensory_thalamus_R	targeted_sensory	mean_reg_success_z	33	0.026990341586317024	0.8814776651375523	0.1427139037433155	0.42819411495873794	0.9970249990424838	0.7749436212703521
up_minus_passive_FE	sensory_thalamus_R	targeted_sensory	reg_success_z_up	33	0.1788737088478169	0.31925347194404513	0.36798128342245995	0.035122058100157366	0.6796102589072819	0.4415344446876926
up_minus_passive_FE	sensory_thalamus_R	targeted_sensory	reg_success_z_down	33	-0.150861082402996	0.4020156438458118	-0.10762032085561499	0.551088877362806	0.6796102589072819	0.8082636867987821
up_minus_passive_FE	sensory_thalamus_R	targeted_sensory	success_asymmetry_z_up_minus_down	33	0.2637962437201585	0.1379727486190738	0.43348930481283426	0.011730439394906296	0.6445715173065186	0.32067699342874906
up_minus_passive_FE	sensory_thalamus_R	targeted_sensory	task_separation_rating_z_up_minus_down	33	-0.0019596078642923225	0.9913646438631405	0.18181818181818182	0.31121997029175347	0.9970249990424838	0.6846839346418576
up_minus_passive_FE	sensory_thalamus_R	targeted_sensory	passive_sensory_slope_z	33	0.19646564194390104	0.2731598221455865	0.4545454545454546	0.007872863759693711	0.6796102589072819	0.32067699342874906
up_minus_passive_FE	sensory_thalamus_R	targeted_sensory	passive_withinrun_slope_z	33	-0.01353041944842549	0.9404274445618833	-0.018716577540106954	0.9176600372964949	0.9970249990424838	0.9884906191324466
up_minus_passive_FE	sensory_thalamus_R	targeted_sensory	passive_acrossrun_slope_z	33	0.39496985609690666	0.022916547869387106	0.13435828877005349	0.45599421308400123	0.19259675871758214	0.7774356192185424
