confounds_tsv	confounds_sha256	subject	session	task	run	run_label	acq	dir	preproc_bold_candidates_n	brain_mask_candidates_n	bold_json_candidates_n	preproc_bold	brain_mask	bold_json	n_vols_confounds	fd_valid_n	fd_mean	fd_median	fd_p95	fd_max	pct_fd_gt_0p2	pct_fd_gt_0p5	pct_fd_gt_1p0	n_fd_gt_0p2	n_fd_gt_0p5	n_fd_gt_1p0	dvars_column_used	dvars_valid_n	dvars_mean	dvars_median	dvars_p95	dvars_max	n_motion6_cols	n_motion24_cols_present	n_cosine_cols	n_acompcor_cols	n_motion_outlier_cols	n_nonsteady_cols	n_global_signal_cols	n_wm_csf_cols	motion_outliers_n_cols	motion_outliers_n_sum	motion_outlier_volumes_n	motion_outlier_volumes_pct	nonsteady_outliers_n_cols	nonsteady_outliers_n_sum	nonsteady_volumes_n	nonsteady_volumes_pct	n_acompcor_assumed_for_dof	estimated_nuisance_cols_for_dof	estimated_dof_after_nuisance	n_vols_nifti	tr_from_bold_json	motion_flag	nuisance_burden_flag	file_flag	analysis_decision	decision_reason	keep_main	sensitivity_exclude_candidate
<PROJECT_ROOT>/derivatives/fmriprep/sub-01/func/sub-01_task-heatpainwithregulationandratings_run-02_desc-confounds_timeseries.tsv	6d63764dffe2db26c37d58ca04303d70a15e192d74a85001bb024577118547c0	sub-01		heatpainwithregulationandratings	2	run-02			1	2	1	<PROJECT_ROOT>/derivatives/fmriprep/sub-01/func/sub-01_task-heatpainwithregulationandratings_run-02_space-MNI152NLin2009cAsym_desc-preproc_bold.nii.gz	<PROJECT_ROOT>/derivatives/fmriprep/sub-01/func/sub-01_task-heatpainwithregulationandratings_run-02_desc-brain_mask.nii.gz	<PROJECT_ROOT>/derivatives/fmriprep/sub-01/func/sub-01_task-heatpainwithregulationandratings_run-02_space-MNI152NLin2009cAsym_desc-preproc_bold.json	209	208	0.1614945554034162	0.1182716701436165	0.4648252037865213	1.5523346460803988	13.461538461538462	4.326923076923077	0.9615384615384616	28	9	2	std_dvars	208	1.6780521730769231	1.506424	3.1165571999999977	4.816926	6	24	5	48	107	0	4	8	107	107	107	51.196172248803826	0	0	0	0.0	5	141	67	209	2.0	OK	HIGH_OUTLIER_BURDEN,WARN_LOW_ESTIMATED_DOF	OK	KEEP_FOR_MAIN_BUT_SENSITIVITY_EXCLUDE_CANDIDATE	OK,HIGH_OUTLIER_BURDEN,WARN_LOW_ESTIMATED_DOF,OK	True	True
<PROJECT_ROOT>/derivatives/fmriprep/sub-01/func/sub-01_task-heatpainwithregulationandratings_run-05_desc-confounds_timeseries.tsv	e6bf42fae07f64271f4c5f215f8a6c17963d69f874867f7c38621ef9f2407fb3	sub-01		heatpainwithregulationandratings	5	run-05			1	2	1	<PROJECT_ROOT>/derivatives/fmriprep/sub-01/func/sub-01_task-heatpainwithregulationandratings_run-05_space-MNI152NLin2009cAsym_desc-preproc_bold.nii.gz	<PROJECT_ROOT>/derivatives/fmriprep/sub-01/func/sub-01_task-heatpainwithregulationandratings_run-05_desc-brain_mask.nii.gz	<PROJECT_ROOT>/derivatives/fmriprep/sub-01/func/sub-01_task-heatpainwithregulationandratings_run-05_space-MNI152NLin2009cAsym_desc-preproc_bold.json	209	208	0.29564337237606986	0.13029973254989013	1.3706711610528812	3.0020828201735816	26.442307692307693	12.01923076923077	7.211538461538461	55	25	15	std_dvars	208	1.5453870144230772	1.281833	3.39932	4.522728	6	24	5	35	60	5	4	8	60	60	60	28.708133971291865	5	5	5	2.3923444976076556	5	99	109	209	2.0	WARN_FD_MEAN,BAD_FD_GT_0.5,WARN_FD_MAX	WARN_OUTLIER_BURDEN	OK	KEEP_FOR_MAIN_BUT_SENSITIVITY_EXCLUDE_CANDIDATE	WARN_FD_MEAN,BAD_FD_GT_0.5,WARN_FD_MAX,WARN_OUTLIER_BURDEN,OK	True	True
<PROJECT_ROOT>/derivatives/fmriprep/sub-01/func/sub-01_task-heatpainwithregulationandratings_run-07_desc-confounds_timeseries.tsv	3772593a376db1fbe6962758f6a04c9b989661a942a262eb2f7a9e6b160c8c1c	sub-01		heatpainwithregulationandratings	7	run-07			1	2	1	<PROJECT_ROOT>/derivatives/fmriprep/sub-01/func/sub-01_task-heatpainwithregulationandratings_run-07_space-MNI152NLin2009cAsym_desc-preproc_bold.nii.gz	<PROJECT_ROOT>/derivatives/fmriprep/sub-01/func/sub-01_task-heatpainwithregulationandratings_run-07_desc-brain_mask.nii.gz	<PROJECT_ROOT>/derivatives/fmriprep/sub-01/func/sub-01_task-heatpainwithregulationandratings_run-07_space-MNI152NLin2009cAsym_desc-preproc_bold.json	191	190	0.13805197156170093	0.09379232630264644	0.3378113832262476	1.9603650471393927	10.526315789473683	2.631578947368421	0.5263157894736842	20	5	1	std_dvars	190	1.7061083	1.610588	2.9293312999999994	4.540195	6	24	4	43	108	0	4	8	108	108	108	56.54450261780105	0	0	0	0.0	5	141	49	191	2.0	OK	HIGH_OUTLIER_BURDEN,SEVERE_LOW_ESTIMATED_DOF	OK	KEEP_FOR_MAIN_BUT_SENSITIVITY_EXCLUDE_CANDIDATE	OK,HIGH_OUTLIER_BURDEN,SEVERE_LOW_ESTIMATED_DOF,OK	True	True
<PROJECT_ROOT>/derivatives/fmriprep/sub-01/func/sub-01_task-heatpainwithregulationandratings_run-08_desc-confounds_timeseries.tsv	244aceff23f2542109d43877117c12d3525c4a2eff8c7d75885dabd1cbe2106e	sub-01		heatpainwithregulationandratings	8	run-08			1	2	1	<PROJECT_ROOT>/derivatives/fmriprep/sub-01/func/sub-01_task-heatpainwithregulationandratings_run-08_space-MNI152NLin2009cAsym_desc-preproc_bold.nii.gz	<PROJECT_ROOT>/derivatives/fmriprep/sub-01/func/sub-01_task-heatpainwithregulationandratings_run-08_desc-brain_mask.nii.gz	<PROJECT_ROOT>/derivatives/fmriprep/sub-01/func/sub-01_task-heatpainwithregulationandratings_run-08_space-MNI152NLin2009cAsym_desc-preproc_bold.json	209	208	0.10579535256135308	0.0854189835056732	0.18252013304552145	1.2396275719238334	4.326923076923077	1.4423076923076923	0.4807692307692308	9	3	1	std_dvars	208	1.5029399038461537	1.331127	2.412082099999998	5.051065	6	24	5	59	76	0	4	8	76	76	76	36.36363636363637	0	0	0	0.0	5	110	98	209	2.0	OK	HIGH_OUTLIER_BURDEN,WARN_LOW_ESTIMATED_DOF	OK	KEEP_FOR_MAIN_BUT_SENSITIVITY_EXCLUDE_CANDIDATE	OK,HIGH_OUTLIER_BURDEN,WARN_LOW_ESTIMATED_DOF,OK	True	True
<PROJECT_ROOT>/derivatives/fmriprep/sub-01/func/sub-01_task-heatpainwithregulationandratings_run-09_desc-confounds_timeseries.tsv	c328e55aa676207ef5d35fe815aba1570e74fda08ec8dbf46258dd0c70958066	sub-01		heatpainwithregulationandratings	9	run-09			1	2	1	<PROJECT_ROOT>/derivatives/fmriprep/sub-01/func/sub-01_task-heatpainwithregulationandratings_run-09_space-MNI152NLin2009cAsym_desc-preproc_bold.nii.gz	<PROJECT_ROOT>/derivatives/fmriprep/sub-01/func/sub-01_task-heatpainwithregulationandratings_run-09_desc-brain_mask.nii.gz	<PROJECT_ROOT>/derivatives/fmriprep/sub-01/func/sub-01_task-heatpainwithregulationandratings_run-09_space-MNI152NLin2009cAsym_desc-preproc_bold.json	209	208	0.11894726976806738	0.08952104189420315	0.24586067359391273	1.477572043273012	6.730769230769231	1.9230769230769231	1.4423076923076923	14	4	3	std_dvars	208	1.936480528846154	1.7002265	4.305843999999998	7.128871	6	24	5	53	130	0	4	8	130	130	130	62.20095693779905	0	0	0	0.0	5	164	44	209	2.0	OK	HIGH_OUTLIER_BURDEN,SEVERE_LOW_ESTIMATED_DOF	OK	KEEP_FOR_MAIN_BUT_SENSITIVITY_EXCLUDE_CANDIDATE	OK,HIGH_OUTLIER_BURDEN,SEVERE_LOW_ESTIMATED_DOF,OK	True	True
<PROJECT_ROOT>/derivatives/fmriprep/sub-02/func/sub-02_task-heatpainwithregulationandratings_run-01_desc-confounds_timeseries.tsv	20279eea6f67fbb280a6549b517bd52d800e11db70bce17133e900e767b7d371	sub-02		heatpainwithregulationandratings	1	run-01			1	2	1	<PROJECT_ROOT>/derivatives/fmriprep/sub-02/func/sub-02_task-heatpainwithregulationandratings_run-01_space-MNI152NLin2009cAsym_desc-preproc_bold.nii.gz	<PROJECT_ROOT>/derivatives/fmriprep/sub-02/func/sub-02_task-heatpainwithregulationandratings_run-01_desc-brain_mask.nii.gz	<PROJECT_ROOT>/derivatives/fmriprep/sub-02/func/sub-02_task-heatpainwithregulationandratings_run-01_space-MNI152NLin2009cAsym_desc-preproc_bold.json	209	208	0.16265277361298106	0.1221329571501681	0.30784836941642624	2.1989668048847504	14.423076923076922	2.403846153846154	0.9615384615384616	30	5	2	std_dvars	208	1.7408967836538463	1.5925825	3.0431909499999987	5.227264	6	24	5	34	120	0	4	8	120	120	120	57.41626794258373	0	0	0	0.0	5	154	54	209	2.0	WARN_FD_MAX	HIGH_OUTLIER_BURDEN,WARN_LOW_ESTIMATED_DOF	OK	KEEP_FOR_MAIN_BUT_SENSITIVITY_EXCLUDE_CANDIDATE	WARN_FD_MAX,HIGH_OUTLIER_BURDEN,WARN_LOW_ESTIMATED_DOF,OK	True	True
<PROJECT_ROOT>/derivatives/fmriprep/sub-02/func/sub-02_task-heatpainwithregulationandratings_run-05_desc-confounds_timeseries.tsv	850eae7c6f327acca71dad3299c020d85015a75b5ff34ea0acdf949226a1ad7a	sub-02		heatpainwithregulationandratings	5	run-05			1	2	1	<PROJECT_ROOT>/derivatives/fmriprep/sub-02/func/sub-02_task-heatpainwithregulationandratings_run-05_space-MNI152NLin2009cAsym_desc-preproc_bold.nii.gz	<PROJECT_ROOT>/derivatives/fmriprep/sub-02/func/sub-02_task-heatpainwithregulationandratings_run-05_desc-brain_mask.nii.gz	<PROJECT_ROOT>/derivatives/fmriprep/sub-02/func/sub-02_task-heatpainwithregulationandratings_run-05_space-MNI152NLin2009cAsym_desc-preproc_bold.json	209	208	0.21406876316316736	0.1344581875499081	0.30597813296770493	5.119231395651142	18.75	3.8461538461538463	1.9230769230769231	39	8	4	std_dvars	208	1.2397857596153847	1.0144644999999999	1.7746958499999994	12.884007	6	24	5	7	18	0	4	8	18	18	18	8.61244019138756	0	0	0	0.0	5	52	156	209	2.0	WARN_FD_MEAN,SEVERE_FD_MAX	OK	OK	EXCLUDE	WARN_FD_MEAN,SEVERE_FD_MAX,OK,OK	False	True
<PROJECT_ROOT>/derivatives/fmriprep/sub-02/func/sub-02_task-heatpainwithregulationandratings_run-07_desc-confounds_timeseries.tsv	3792fd76ca3d023a6cd8aed826110a5ae5e059b1945297bc5a055d7ae0f528b4	sub-02		heatpainwithregulationandratings	7	run-07			1	2	1	<PROJECT_ROOT>/derivatives/fmriprep/sub-02/func/sub-02_task-heatpainwithregulationandratings_run-07_space-MNI152NLin2009cAsym_desc-preproc_bold.nii.gz	<PROJECT_ROOT>/derivatives/fmriprep/sub-02/func/sub-02_task-heatpainwithregulationandratings_run-07_desc-brain_mask.nii.gz	<PROJECT_ROOT>/derivatives/fmriprep/sub-02/func/sub-02_task-heatpainwithregulationandratings_run-07_space-MNI152NLin2009cAsym_desc-preproc_bold.json	191	190	0.26828377726084734	0.19295595271125043	0.7692139714005826	1.311965945045666	46.8421052631579	10.526315789473683	1.5789473684210527	89	20	3	std_dvars	190	1.1509980684210528	0.991461	2.3771222999999995	4.305902	6	24	4	23	28	0	4	8	28	28	28	14.659685863874344	0	0	0	0.0	5	61	129	191	2.0	WARN_FD_MEAN,BAD_FD_GT_0.5	OK	OK	KEEP_FOR_MAIN_BUT_SENSITIVITY_EXCLUDE_CANDIDATE	WARN_FD_MEAN,BAD_FD_GT_0.5,OK,OK	True	True
<PROJECT_ROOT>/derivatives/fmriprep/sub-02/func/sub-02_task-heatpainwithregulationandratings_run-08_desc-confounds_timeseries.tsv	9fb34688f99b1c99a660a954d153719bc1a2800c500b29d9c42c910c6b752636	sub-02		heatpainwithregulationandratings	8	run-08			1	2	1	<PROJECT_ROOT>/derivatives/fmriprep/sub-02/func/sub-02_task-heatpainwithregulationandratings_run-08_space-MNI152NLin2009cAsym_desc-preproc_bold.nii.gz	<PROJECT_ROOT>/derivatives/fmriprep/sub-02/func/sub-02_task-heatpainwithregulationandratings_run-08_desc-brain_mask.nii.gz	<PROJECT_ROOT>/derivatives/fmriprep/sub-02/func/sub-02_task-heatpainwithregulationandratings_run-08_space-MNI152NLin2009cAsym_desc-preproc_bold.json	209	208	0.18277789934412395	0.11435557986226845	0.3519255628928311	5.224243563272515	14.423076923076922	3.3653846153846154	1.4423076923076923	30	7	3	std_dvars	208	1.5414085048076924	1.351855	2.6448704	8.771577	6	24	5	28	73	0	4	8	73	73	73	34.92822966507177	0	0	0	0.0	5	107	101	209	2.0	SEVERE_FD_MAX	WARN_OUTLIER_BURDEN	OK	EXCLUDE	SEVERE_FD_MAX,WARN_OUTLIER_BURDEN,OK	False	True
<PROJECT_ROOT>/derivatives/fmriprep/sub-03/func/sub-03_task-heatpainwithregulationandratings_run-02_desc-confounds_timeseries.tsv	b3a37aa30602ec5c7df4b3cb370d44efcdce2ee9f5fe350f6b8ccf28ba96b450	sub-03		heatpainwithregulationandratings	2	run-02			1	2	1	<PROJECT_ROOT>/derivatives/fmriprep/sub-03/func/sub-03_task-heatpainwithregulationandratings_run-02_space-MNI152NLin2009cAsym_desc-preproc_bold.nii.gz	<PROJECT_ROOT>/derivatives/fmriprep/sub-03/func/sub-03_task-heatpainwithregulationandratings_run-02_desc-brain_mask.nii.gz	<PROJECT_ROOT>/derivatives/fmriprep/sub-03/func/sub-03_task-heatpainwithregulationandratings_run-02_space-MNI152NLin2009cAsym_desc-preproc_bold.json	209	208	0.16494137562593356	0.13834760118536	0.3414820494436121	1.9452611702202047	18.269230769230766	2.8846153846153846	0.9615384615384616	38	6	2	std_dvars	208	1.8629888509615382	1.423355	4.3769829499999995	4.552176	6	24	5	40	98	0	4	8	98	98	98	46.889952153110045	0	0	0	0.0	5	132	76	209	2.0	OK	HIGH_OUTLIER_BURDEN,WARN_LOW_ESTIMATED_DOF	OK	KEEP_FOR_MAIN_BUT_SENSITIVITY_EXCLUDE_CANDIDATE	OK,HIGH_OUTLIER_BURDEN,WARN_LOW_ESTIMATED_DOF,OK	True	True
<PROJECT_ROOT>/derivatives/fmriprep/sub-03/func/sub-03_task-heatpainwithregulationandratings_run-04_desc-confounds_timeseries.tsv	8306a477998550e7c89897016f984f1d5b173632827d4c54abb8a5e9c6a4b85e	sub-03		heatpainwithregulationandratings	4	run-04			1	2	1	<PROJECT_ROOT>/derivatives/fmriprep/sub-03/func/sub-03_task-heatpainwithregulationandratings_run-04_space-MNI152NLin2009cAsym_desc-preproc_bold.nii.gz	<PROJECT_ROOT>/derivatives/fmriprep/sub-03/func/sub-03_task-heatpainwithregulationandratings_run-04_desc-brain_mask.nii.gz	<PROJECT_ROOT>/derivatives/fmriprep/sub-03/func/sub-03_task-heatpainwithregulationandratings_run-04_space-MNI152NLin2009cAsym_desc-preproc_bold.json	209	208	0.21954629933426292	0.1642179881493471	0.5270846690908325	1.5089529038655192	37.019230769230774	6.25	0.9615384615384616	77	13	2	std_dvars	208	1.5151644182692308	1.346148	2.481261199999999	4.154268	6	24	5	40	83	0	4	8	83	83	83	39.71291866028708	0	0	0	0.0	5	117	91	209	2.0	WARN_FD_MEAN,WARN_FD_GT_0.5	HIGH_OUTLIER_BURDEN,WARN_LOW_ESTIMATED_DOF	OK	KEEP_FOR_MAIN_BUT_SENSITIVITY_EXCLUDE_CANDIDATE	WARN_FD_MEAN,WARN_FD_GT_0.5,HIGH_OUTLIER_BURDEN,WARN_LOW_ESTIMATED_DOF,OK	True	True
<PROJECT_ROOT>/derivatives/fmriprep/sub-03/func/sub-03_task-heatpainwithregulationandratings_run-05_desc-confounds_timeseries.tsv	a54c8d85fd297f08c397db3241bbc11aec1d48ca924bb87888091e4daa00e1ee	sub-03		heatpainwithregulationandratings	5	run-05			1	2	1	<PROJECT_ROOT>/derivatives/fmriprep/sub-03/func/sub-03_task-heatpainwithregulationandratings_run-05_space-MNI152NLin2009cAsym_desc-preproc_bold.nii.gz	<PROJECT_ROOT>/derivatives/fmriprep/sub-03/func/sub-03_task-heatpainwithregulationandratings_run-05_desc-brain_mask.nii.gz	<PROJECT_ROOT>/derivatives/fmriprep/sub-03/func/sub-03_task-heatpainwithregulationandratings_run-05_space-MNI152NLin2009cAsym_desc-preproc_bold.json	209	208	0.17488018642023767	0.1533476840188091	0.3983833252665057	1.0249954165188044	24.03846153846154	1.4423076923076923	0.4807692307692308	50	3	1	std_dvars	208	1.6074643269230768	1.4995585	2.498886299999999	4.391648	6	24	5	43	104	0	4	8	104	104	104	49.760765550239235	0	0	0	0.0	5	138	70	209	2.0	OK	HIGH_OUTLIER_BURDEN,WARN_LOW_ESTIMATED_DOF	OK	KEEP_FOR_MAIN_BUT_SENSITIVITY_EXCLUDE_CANDIDATE	OK,HIGH_OUTLIER_BURDEN,WARN_LOW_ESTIMATED_DOF,OK	True	True
<PROJECT_ROOT>/derivatives/fmriprep/sub-03/func/sub-03_task-heatpainwithregulationandratings_run-08_desc-confounds_timeseries.tsv	a676493968be0a98e686646f775ef35d896becb52574b436c2921e60fdfb2df9	sub-03		heatpainwithregulationandratings	8	run-08			1	2	1	<PROJECT_ROOT>/derivatives/fmriprep/sub-03/func/sub-03_task-heatpainwithregulationandratings_run-08_space-MNI152NLin2009cAsym_desc-preproc_bold.nii.gz	<PROJECT_ROOT>/derivatives/fmriprep/sub-03/func/sub-03_task-heatpainwithregulationandratings_run-08_desc-brain_mask.nii.gz	<PROJECT_ROOT>/derivatives/fmriprep/sub-03/func/sub-03_task-heatpainwithregulationandratings_run-08_space-MNI152NLin2009cAsym_desc-preproc_bold.json	209	208	0.26769925221001817	0.18229558747613345	0.7972985921850126	1.4497906249335668	46.15384615384615	12.980769230769232	1.9230769230769231	96	27	4	std_dvars	208	1.3286419326923078	1.0858645	2.8503920999999997	3.623853	6	24	5	33	61	0	4	8	61	61	61	29.1866028708134	0	0	0	0.0	5	95	113	209	2.0	WARN_FD_MEAN,BAD_FD_GT_0.5	WARN_OUTLIER_BURDEN	OK	KEEP_FOR_MAIN_BUT_SENSITIVITY_EXCLUDE_CANDIDATE	WARN_FD_MEAN,BAD_FD_GT_0.5,WARN_OUTLIER_BURDEN,OK	True	True
<PROJECT_ROOT>/derivatives/fmriprep/sub-04/func/sub-04_task-heatpainwithregulationandratings_run-01_desc-confounds_timeseries.tsv	f35347ad29fa51edc54059d65c48c260179507a3cb13bb495313099fe94b58ca	sub-04		heatpainwithregulationandratings	1	run-01			1	2	1	<PROJECT_ROOT>/derivatives/fmriprep/sub-04/func/sub-04_task-heatpainwithregulationandratings_run-01_space-MNI152NLin2009cAsym_desc-preproc_bold.nii.gz	<PROJECT_ROOT>/derivatives/fmriprep/sub-04/func/sub-04_task-heatpainwithregulationandratings_run-01_desc-brain_mask.nii.gz	<PROJECT_ROOT>/derivatives/fmriprep/sub-04/func/sub-04_task-heatpainwithregulationandratings_run-01_space-MNI152NLin2009cAsym_desc-preproc_bold.json	209	208	0.2834626891650417	0.1810020702198245	0.801986440262656	3.4399876549099337	42.30769230769231	12.5	2.8846153846153846	88	26	6	std_dvars	208	1.5431168509615385	1.4210405	2.342518049999998	4.749819	6	24	5	38	82	0	4	8	82	82	82	39.23444976076555	0	0	0	0.0	5	116	92	209	2.0	WARN_FD_MEAN,BAD_FD_GT_0.5,WARN_FD_MAX	HIGH_OUTLIER_BURDEN,WARN_LOW_ESTIMATED_DOF	OK	KEEP_FOR_MAIN_BUT_SENSITIVITY_EXCLUDE_CANDIDATE	WARN_FD_MEAN,BAD_FD_GT_0.5,WARN_FD_MAX,HIGH_OUTLIER_BURDEN,WARN_LOW_ESTIMATED_DOF,OK	True	True
<PROJECT_ROOT>/derivatives/fmriprep/sub-04/func/sub-04_task-heatpainwithregulationandratings_run-02_desc-confounds_timeseries.tsv	a238e3c4716681d500e6b51875245cb7ad155ef97b104bb89ca8f3eccd26e54b	sub-04		heatpainwithregulationandratings	2	run-02			1	2	1	<PROJECT_ROOT>/derivatives/fmriprep/sub-04/func/sub-04_task-heatpainwithregulationandratings_run-02_space-MNI152NLin2009cAsym_desc-preproc_bold.nii.gz	<PROJECT_ROOT>/derivatives/fmriprep/sub-04/func/sub-04_task-heatpainwithregulationandratings_run-02_desc-brain_mask.nii.gz	<PROJECT_ROOT>/derivatives/fmriprep/sub-04/func/sub-04_task-heatpainwithregulationandratings_run-02_space-MNI152NLin2009cAsym_desc-preproc_bold.json	209	208	0.26112997597128995	0.1561219623285571	0.8751790100975778	1.9718570136807765	37.980769230769226	12.980769230769232	2.8846153846153846	79	27	6	std_dvars	208	1.4540960769230769	1.3452465	2.4511814499999987	3.388703	6	24	5	41	62	0	4	8	62	62	62	29.665071770334926	0	0	0	0.0	5	96	112	209	2.0	WARN_FD_MEAN,BAD_FD_GT_0.5	WARN_OUTLIER_BURDEN	OK	KEEP_FOR_MAIN_BUT_SENSITIVITY_EXCLUDE_CANDIDATE	WARN_FD_MEAN,BAD_FD_GT_0.5,WARN_OUTLIER_BURDEN,OK	True	True
<PROJECT_ROOT>/derivatives/fmriprep/sub-04/func/sub-04_task-heatpainwithregulationandratings_run-05_desc-confounds_timeseries.tsv	deabff85ade78d2d7dd8a1311bdc8a2c3396ab4f6c17521435ea30c61144ee2f	sub-04		heatpainwithregulationandratings	5	run-05			1	2	1	<PROJECT_ROOT>/derivatives/fmriprep/sub-04/func/sub-04_task-heatpainwithregulationandratings_run-05_space-MNI152NLin2009cAsym_desc-preproc_bold.nii.gz	<PROJECT_ROOT>/derivatives/fmriprep/sub-04/func/sub-04_task-heatpainwithregulationandratings_run-05_desc-brain_mask.nii.gz	<PROJECT_ROOT>/derivatives/fmriprep/sub-04/func/sub-04_task-heatpainwithregulationandratings_run-05_space-MNI152NLin2009cAsym_desc-preproc_bold.json	209	208	0.3531914006493132	0.18997826943362425	1.012023337293177	6.279217017283682	46.15384615384615	18.75	5.288461538461538	96	39	11	std_dvars	208	1.4403077355769232	1.300032	2.672261699999995	3.977884	6	24	5	34	72	0	4	8	72	72	72	34.44976076555024	0	0	0	0.0	5	106	102	209	2.0	BAD_FD_MEAN,BAD_FD_GT_0.5,SEVERE_FD_MAX	WARN_OUTLIER_BURDEN	OK	EXCLUDE	BAD_FD_MEAN,BAD_FD_GT_0.5,SEVERE_FD_MAX,WARN_OUTLIER_BURDEN,OK	False	True
<PROJECT_ROOT>/derivatives/fmriprep/sub-04/func/sub-04_task-heatpainwithregulationandratings_run-06_desc-confounds_timeseries.tsv	22fc91f7880b9444419be0933144c4c378bab3947b4f5b96b15574df9f62f305	sub-04		heatpainwithregulationandratings	6	run-06			1	2	1	<PROJECT_ROOT>/derivatives/fmriprep/sub-04/func/sub-04_task-heatpainwithregulationandratings_run-06_space-MNI152NLin2009cAsym_desc-preproc_bold.nii.gz	<PROJECT_ROOT>/derivatives/fmriprep/sub-04/func/sub-04_task-heatpainwithregulationandratings_run-06_desc-brain_mask.nii.gz	<PROJECT_ROOT>/derivatives/fmriprep/sub-04/func/sub-04_task-heatpainwithregulationandratings_run-06_space-MNI152NLin2009cAsym_desc-preproc_bold.json	209	208	0.40618358842333263	0.22586547095163026	1.4416674407037546	2.751070531939962	56.730769230769226	20.192307692307693	9.134615384615383	118	42	19	std_dvars	208	1.286269485576923	1.1770805	2.1994577499999988	2.622939	6	24	5	34	56	0	4	8	56	56	56	26.794258373205743	0	0	0	0.0	5	90	118	209	2.0	BAD_FD_MEAN,BAD_FD_GT_0.5,WARN_FD_MAX	WARN_OUTLIER_BURDEN	OK	KEEP_FOR_MAIN_BUT_SENSITIVITY_EXCLUDE_CANDIDATE	BAD_FD_MEAN,BAD_FD_GT_0.5,WARN_FD_MAX,WARN_OUTLIER_BURDEN,OK	True	True
<PROJECT_ROOT>/derivatives/fmriprep/sub-04/func/sub-04_task-heatpainwithregulationandratings_run-07_desc-confounds_timeseries.tsv	ef29ae0c0ad359c3384edfe10346d165a14af3d72f92a8dcc8b6941feb57cea3	sub-04		heatpainwithregulationandratings	7	run-07			1	2	1	<PROJECT_ROOT>/derivatives/fmriprep/sub-04/func/sub-04_task-heatpainwithregulationandratings_run-07_space-MNI152NLin2009cAsym_desc-preproc_bold.nii.gz	<PROJECT_ROOT>/derivatives/fmriprep/sub-04/func/sub-04_task-heatpainwithregulationandratings_run-07_desc-brain_mask.nii.gz	<PROJECT_ROOT>/derivatives/fmriprep/sub-04/func/sub-04_task-heatpainwithregulationandratings_run-07_space-MNI152NLin2009cAsym_desc-preproc_bold.json	191	190	0.47832772552865804	0.2363487942664301	1.6677127764250117	4.953751309570592	57.36842105263158	22.63157894736842	8.947368421052632	109	43	17	std_dvars	190	1.471224052631579	1.262778	2.8724307999999996	3.870497	6	24	4	31	67	0	4	8	67	67	67	35.07853403141361	0	0	0	0.0	5	100	90	191	2.0	BAD_FD_MEAN,BAD_FD_GT_0.5,WARN_FD_MAX	HIGH_OUTLIER_BURDEN,WARN_LOW_ESTIMATED_DOF	OK	KEEP_FOR_MAIN_BUT_SENSITIVITY_EXCLUDE_CANDIDATE	BAD_FD_MEAN,BAD_FD_GT_0.5,WARN_FD_MAX,HIGH_OUTLIER_BURDEN,WARN_LOW_ESTIMATED_DOF,OK	True	True
<PROJECT_ROOT>/derivatives/fmriprep/sub-04/func/sub-04_task-heatpainwithregulationandratings_run-08_desc-confounds_timeseries.tsv	abd72bc267a8aae8d0a8ffbf859b18ae20766bbf53e5a6c6a8d46e6459175874	sub-04		heatpainwithregulationandratings	8	run-08			1	2	1	<PROJECT_ROOT>/derivatives/fmriprep/sub-04/func/sub-04_task-heatpainwithregulationandratings_run-08_space-MNI152NLin2009cAsym_desc-preproc_bold.nii.gz	<PROJECT_ROOT>/derivatives/fmriprep/sub-04/func/sub-04_task-heatpainwithregulationandratings_run-08_desc-brain_mask.nii.gz	<PROJECT_ROOT>/derivatives/fmriprep/sub-04/func/sub-04_task-heatpainwithregulationandratings_run-08_space-MNI152NLin2009cAsym_desc-preproc_bold.json	209	208	0.3164770646689777	0.22315181680309845	1.0017155113600587	2.412451433711272	54.807692307692314	13.942307692307693	5.288461538461538	114	29	11	std_dvars	208	1.4848049423076923	1.3756944999999998	2.4946132499999996	3.061188	6	24	5	33	84	0	4	8	84	84	84	40.19138755980861	0	0	0	0.0	5	118	90	209	2.0	BAD_FD_MEAN,BAD_FD_GT_0.5,WARN_FD_MAX	HIGH_OUTLIER_BURDEN,WARN_LOW_ESTIMATED_DOF	OK	KEEP_FOR_MAIN_BUT_SENSITIVITY_EXCLUDE_CANDIDATE	BAD_FD_MEAN,BAD_FD_GT_0.5,WARN_FD_MAX,HIGH_OUTLIER_BURDEN,WARN_LOW_ESTIMATED_DOF,OK	True	True
<PROJECT_ROOT>/derivatives/fmriprep/sub-04/func/sub-04_task-heatpainwithregulationandratings_run-09_desc-confounds_timeseries.tsv	db91bffa91c76fdf1f32c00ce89bd30918b6979cc3ba39a3db5ee8e52ab83ba1	sub-04		heatpainwithregulationandratings	9	run-09			1	2	1	<PROJECT_ROOT>/derivatives/fmriprep/sub-04/func/sub-04_task-heatpainwithregulationandratings_run-09_space-MNI152NLin2009cAsym_desc-preproc_bold.nii.gz	<PROJECT_ROOT>/derivatives/fmriprep/sub-04/func/sub-04_task-heatpainwithregulationandratings_run-09_desc-brain_mask.nii.gz	<PROJECT_ROOT>/derivatives/fmriprep/sub-04/func/sub-04_task-heatpainwithregulationandratings_run-09_space-MNI152NLin2009cAsym_desc-preproc_bold.json	209	208	0.5388392533407746	0.3235387627214404	1.5353543065430932	4.685171905680951	63.942307692307686	35.09615384615385	15.384615384615385	133	73	32	std_dvars	208	1.4374723798076923	1.2595100000000001	2.692828	4.72601	6	24	5	21	99	0	4	8	99	99	99	47.368421052631575	0	0	0	0.0	5	133	75	209	2.0	SEVERE_FD_MEAN,SEVERE_FD_GT_0.5,SEVERE_FD_GT_1.0,WARN_FD_MAX	HIGH_OUTLIER_BURDEN,WARN_LOW_ESTIMATED_DOF	OK	EXCLUDE	SEVERE_FD_MEAN,SEVERE_FD_GT_0.5,SEVERE_FD_GT_1.0,WARN_FD_MAX,HIGH_OUTLIER_BURDEN,WARN_LOW_ESTIMATED_DOF,OK	False	True
<PROJECT_ROOT>/derivatives/fmriprep/sub-05/func/sub-05_task-heatpainwithregulationandratings_run-03_desc-confounds_timeseries.tsv	74f8a696e3253d97785c46550168b30d8fe55507abdfb6337ff323931857f8e1	sub-05		heatpainwithregulationandratings	3	run-03			1	2	1	<PROJECT_ROOT>/derivatives/fmriprep/sub-05/func/sub-05_task-heatpainwithregulationandratings_run-03_space-MNI152NLin2009cAsym_desc-preproc_bold.nii.gz	<PROJECT_ROOT>/derivatives/fmriprep/sub-05/func/sub-05_task-heatpainwithregulationandratings_run-03_desc-brain_mask.nii.gz	<PROJECT_ROOT>/derivatives/fmriprep/sub-05/func/sub-05_task-heatpainwithregulationandratings_run-03_space-MNI152NLin2009cAsym_desc-preproc_bold.json	191	190	0.11517479746612751	0.10887731673725914	0.20831330366416267	0.2866668887592437	5.7894736842105265	0.0	0.0	11	0	0	std_dvars	190	1.5463793842105265	1.4415015000000002	2.268212149999999	5.144135	6	24	4	46	69	0	4	8	69	69	69	36.12565445026178	0	0	0	0.0	5	102	88	191	2.0	OK	HIGH_OUTLIER_BURDEN,WARN_LOW_ESTIMATED_DOF	OK	KEEP_FOR_MAIN_BUT_SENSITIVITY_EXCLUDE_CANDIDATE	OK,HIGH_OUTLIER_BURDEN,WARN_LOW_ESTIMATED_DOF,OK	True	True
<PROJECT_ROOT>/derivatives/fmriprep/sub-05/func/sub-05_task-heatpainwithregulationandratings_run-06_desc-confounds_timeseries.tsv	2c96d1544341530412cfcebea53bcddb3272c0864a40ac67dcbe24da97b89736	sub-05		heatpainwithregulationandratings	6	run-06			1	2	1	<PROJECT_ROOT>/derivatives/fmriprep/sub-05/func/sub-05_task-heatpainwithregulationandratings_run-06_space-MNI152NLin2009cAsym_desc-preproc_bold.nii.gz	<PROJECT_ROOT>/derivatives/fmriprep/sub-05/func/sub-05_task-heatpainwithregulationandratings_run-06_desc-brain_mask.nii.gz	<PROJECT_ROOT>/derivatives/fmriprep/sub-05/func/sub-05_task-heatpainwithregulationandratings_run-06_space-MNI152NLin2009cAsym_desc-preproc_bold.json	209	208	0.11110514123005175	0.10090224156812244	0.20691478525744758	0.3260597232197648	6.730769230769231	0.0	0.0	14	0	0	std_dvars	208	1.4877396009615385	1.4212004999999999	2.1192648999999997	2.421741	6	24	5	54	77	0	4	8	77	77	77	36.84210526315789	0	0	0	0.0	5	111	97	209	2.0	OK	HIGH_OUTLIER_BURDEN,WARN_LOW_ESTIMATED_DOF	OK	KEEP_FOR_MAIN_BUT_SENSITIVITY_EXCLUDE_CANDIDATE	OK,HIGH_OUTLIER_BURDEN,WARN_LOW_ESTIMATED_DOF,OK	True	True
<PROJECT_ROOT>/derivatives/fmriprep/sub-05/func/sub-05_task-heatpainwithregulationandratings_run-09_desc-confounds_timeseries.tsv	21c782ffb46ea08250404754dbc08fc80c20f5b0b4b04c3eff6bc8a46aa5a2c1	sub-05		heatpainwithregulationandratings	9	run-09			1	2	1	<PROJECT_ROOT>/derivatives/fmriprep/sub-05/func/sub-05_task-heatpainwithregulationandratings_run-09_space-MNI152NLin2009cAsym_desc-preproc_bold.nii.gz	<PROJECT_ROOT>/derivatives/fmriprep/sub-05/func/sub-05_task-heatpainwithregulationandratings_run-09_desc-brain_mask.nii.gz	<PROJECT_ROOT>/derivatives/fmriprep/sub-05/func/sub-05_task-heatpainwithregulationandratings_run-09_space-MNI152NLin2009cAsym_desc-preproc_bold.json	209	208	0.09863171845343856	0.0970101280196906	0.1620800904279689	0.184026753503442	0.0	0.0	0.0	0	0	0	std_dvars	208	1.553513283653846	1.3756115	2.65754475	4.004896	6	24	5	58	78	0	4	8	78	78	78	37.32057416267943	0	0	0	0.0	5	112	96	209	2.0	OK	HIGH_OUTLIER_BURDEN,WARN_LOW_ESTIMATED_DOF	OK	KEEP_FOR_MAIN_BUT_SENSITIVITY_EXCLUDE_CANDIDATE	OK,HIGH_OUTLIER_BURDEN,WARN_LOW_ESTIMATED_DOF,OK	True	True
<PROJECT_ROOT>/derivatives/fmriprep/sub-06/func/sub-06_task-heatpainwithregulationandratings_run-01_desc-confounds_timeseries.tsv	f08b81e34883842d3c4ea21486ba5fc0ec2e0d5bdb41cef0e4ca6bf88716ffdc	sub-06		heatpainwithregulationandratings	1	run-01			1	2	1	<PROJECT_ROOT>/derivatives/fmriprep/sub-06/func/sub-06_task-heatpainwithregulationandratings_run-01_space-MNI152NLin2009cAsym_desc-preproc_bold.nii.gz	<PROJECT_ROOT>/derivatives/fmriprep/sub-06/func/sub-06_task-heatpainwithregulationandratings_run-01_desc-brain_mask.nii.gz	<PROJECT_ROOT>/derivatives/fmriprep/sub-06/func/sub-06_task-heatpainwithregulationandratings_run-01_space-MNI152NLin2009cAsym_desc-preproc_bold.json	209	208	0.3253668270045048	0.32512756202096293	0.570185047040445	1.1160950658817363	77.88461538461539	13.942307692307693	0.4807692307692308	162	29	1	std_dvars	208	1.382927596153846	1.343664	1.7705045999999998	3.133346	6	24	5	28	67	0	4	8	67	67	67	32.057416267942585	0	0	0	0.0	5	101	107	209	2.0	BAD_FD_MEAN,BAD_FD_GT_0.5	WARN_OUTLIER_BURDEN	OK	KEEP_FOR_MAIN_BUT_SENSITIVITY_EXCLUDE_CANDIDATE	BAD_FD_MEAN,BAD_FD_GT_0.5,WARN_OUTLIER_BURDEN,OK	True	True
<PROJECT_ROOT>/derivatives/fmriprep/sub-06/func/sub-06_task-heatpainwithregulationandratings_run-05_desc-confounds_timeseries.tsv	8182acb4bba2c2f2880c71821f5794221fe0b7a44e74fca389c9db869cbab512	sub-06		heatpainwithregulationandratings	5	run-05			1	2	1	<PROJECT_ROOT>/derivatives/fmriprep/sub-06/func/sub-06_task-heatpainwithregulationandratings_run-05_space-MNI152NLin2009cAsym_desc-preproc_bold.nii.gz	<PROJECT_ROOT>/derivatives/fmriprep/sub-06/func/sub-06_task-heatpainwithregulationandratings_run-05_desc-brain_mask.nii.gz	<PROJECT_ROOT>/derivatives/fmriprep/sub-06/func/sub-06_task-heatpainwithregulationandratings_run-05_space-MNI152NLin2009cAsym_desc-preproc_bold.json	209	208	0.34258349036093444	0.24995504934852064	0.6967746246274574	4.773384826144162	63.46153846153846	12.5	2.8846153846153846	132	26	6	std_dvars	208	1.3329898413461538	1.012271	3.206171799999998	6.327403	6	24	5	16	53	0	4	8	53	53	53	25.358851674641148	0	0	0	0.0	5	87	121	209	2.0	BAD_FD_MEAN,BAD_FD_GT_0.5,WARN_FD_MAX	WARN_OUTLIER_BURDEN	OK	KEEP_FOR_MAIN_BUT_SENSITIVITY_EXCLUDE_CANDIDATE	BAD_FD_MEAN,BAD_FD_GT_0.5,WARN_FD_MAX,WARN_OUTLIER_BURDEN,OK	True	True
<PROJECT_ROOT>/derivatives/fmriprep/sub-06/func/sub-06_task-heatpainwithregulationandratings_run-07_desc-confounds_timeseries.tsv	6230c36f91d97b3d553ef665f9477e0e880b87b334bbc86c8edfb4e2934ff78f	sub-06		heatpainwithregulationandratings	7	run-07			1	2	1	<PROJECT_ROOT>/derivatives/fmriprep/sub-06/func/sub-06_task-heatpainwithregulationandratings_run-07_space-MNI152NLin2009cAsym_desc-preproc_bold.nii.gz	<PROJECT_ROOT>/derivatives/fmriprep/sub-06/func/sub-06_task-heatpainwithregulationandratings_run-07_desc-brain_mask.nii.gz	<PROJECT_ROOT>/derivatives/fmriprep/sub-06/func/sub-06_task-heatpainwithregulationandratings_run-07_space-MNI152NLin2009cAsym_desc-preproc_bold.json	191	190	0.30031954883251716	0.2352228955422678	0.6377272845266202	2.959033308957887	64.21052631578948	6.315789473684211	2.1052631578947367	122	12	4	std_dvars	190	1.313974210526316	1.1545614999999998	2.3743581999999983	3.77416	6	24	4	26	49	0	4	8	49	49	49	25.654450261780106	0	0	0	0.0	5	82	108	191	2.0	BAD_FD_MEAN,WARN_FD_GT_0.5,WARN_FD_MAX	WARN_OUTLIER_BURDEN	OK	KEEP_FOR_MAIN_BUT_SENSITIVITY_EXCLUDE_CANDIDATE	BAD_FD_MEAN,WARN_FD_GT_0.5,WARN_FD_MAX,WARN_OUTLIER_BURDEN,OK	True	True
<PROJECT_ROOT>/derivatives/fmriprep/sub-06/func/sub-06_task-heatpainwithregulationandratings_run-08_desc-confounds_timeseries.tsv	4466ec161f9b04e1acd75f546e58a888e2be1e1e0170f039c58da70786d5f4fa	sub-06		heatpainwithregulationandratings	8	run-08			1	2	1	<PROJECT_ROOT>/derivatives/fmriprep/sub-06/func/sub-06_task-heatpainwithregulationandratings_run-08_space-MNI152NLin2009cAsym_desc-preproc_bold.nii.gz	<PROJECT_ROOT>/derivatives/fmriprep/sub-06/func/sub-06_task-heatpainwithregulationandratings_run-08_desc-brain_mask.nii.gz	<PROJECT_ROOT>/derivatives/fmriprep/sub-06/func/sub-06_task-heatpainwithregulationandratings_run-08_space-MNI152NLin2009cAsym_desc-preproc_bold.json	209	208	0.33730678069405884	0.2403997562833728	0.6935601507442457	8.234185123363382	64.90384615384616	12.5	2.8846153846153846	135	26	6	std_dvars	208	1.2454457836538462	1.031101	2.4908865499999964	5.077216	6	24	5	21	50	0	4	8	50	50	50	23.923444976076556	0	0	0	0.0	5	84	124	209	2.0	BAD_FD_MEAN,BAD_FD_GT_0.5,SEVERE_FD_MAX	WARN_OUTLIER_BURDEN	OK	EXCLUDE	BAD_FD_MEAN,BAD_FD_GT_0.5,SEVERE_FD_MAX,WARN_OUTLIER_BURDEN,OK	False	True
<PROJECT_ROOT>/derivatives/fmriprep/sub-07/func/sub-07_task-heatpainwithregulationandratings_run-05_desc-confounds_timeseries.tsv	a99b6d520a537ebc1b12dc355231a4c99558f43f6c4ef7462f551ed954d394d9	sub-07		heatpainwithregulationandratings	5	run-05			1	2	1	<PROJECT_ROOT>/derivatives/fmriprep/sub-07/func/sub-07_task-heatpainwithregulationandratings_run-05_space-MNI152NLin2009cAsym_desc-preproc_bold.nii.gz	<PROJECT_ROOT>/derivatives/fmriprep/sub-07/func/sub-07_task-heatpainwithregulationandratings_run-05_desc-brain_mask.nii.gz	<PROJECT_ROOT>/derivatives/fmriprep/sub-07/func/sub-07_task-heatpainwithregulationandratings_run-05_space-MNI152NLin2009cAsym_desc-preproc_bold.json	209	208	0.2602858360099915	0.14709330926844605	0.875198380142171	2.048680958161215	37.5	14.423076923076922	3.8461538461538463	78	30	8	std_dvars	208	1.251524576923077	0.9937615	2.5720465	3.715754	6	24	5	39	49	0	4	8	49	49	49	23.444976076555022	0	0	0	0.0	5	83	125	209	2.0	WARN_FD_MEAN,BAD_FD_GT_0.5,WARN_FD_MAX	WARN_OUTLIER_BURDEN	OK	KEEP_FOR_MAIN_BUT_SENSITIVITY_EXCLUDE_CANDIDATE	WARN_FD_MEAN,BAD_FD_GT_0.5,WARN_FD_MAX,WARN_OUTLIER_BURDEN,OK	True	True
<PROJECT_ROOT>/derivatives/fmriprep/sub-07/func/sub-07_task-heatpainwithregulationandratings_run-06_desc-confounds_timeseries.tsv	1de2f46a253d6e6f03a55d42f121d0f1aa9568aae735fe5e6e7c12028092f8b9	sub-07		heatpainwithregulationandratings	6	run-06			1	2	1	<PROJECT_ROOT>/derivatives/fmriprep/sub-07/func/sub-07_task-heatpainwithregulationandratings_run-06_space-MNI152NLin2009cAsym_desc-preproc_bold.nii.gz	<PROJECT_ROOT>/derivatives/fmriprep/sub-07/func/sub-07_task-heatpainwithregulationandratings_run-06_desc-brain_mask.nii.gz	<PROJECT_ROOT>/derivatives/fmriprep/sub-07/func/sub-07_task-heatpainwithregulationandratings_run-06_space-MNI152NLin2009cAsym_desc-preproc_bold.json	209	208	0.2828809814420906	0.15618753381624684	0.9286059019242371	2.252364258230067	38.94230769230769	14.423076923076922	4.326923076923077	81	30	9	std_dvars	208	1.3188334134615387	1.0690635	2.666396749999999	4.553272	6	24	5	35	68	0	4	8	68	68	68	32.535885167464116	0	0	0	0.0	5	102	106	209	2.0	WARN_FD_MEAN,BAD_FD_GT_0.5,WARN_FD_MAX	WARN_OUTLIER_BURDEN	OK	KEEP_FOR_MAIN_BUT_SENSITIVITY_EXCLUDE_CANDIDATE	WARN_FD_MEAN,BAD_FD_GT_0.5,WARN_FD_MAX,WARN_OUTLIER_BURDEN,OK	True	True
<PROJECT_ROOT>/derivatives/fmriprep/sub-08/func/sub-08_task-heatpainwithregulationandratings_run-06_desc-confounds_timeseries.tsv	5383ffb6684e8ec2cdf34e82aa4088c8723782f157386d7381ca1920fee41ba6	sub-08		heatpainwithregulationandratings	6	run-06			1	2	1	<PROJECT_ROOT>/derivatives/fmriprep/sub-08/func/sub-08_task-heatpainwithregulationandratings_run-06_space-MNI152NLin2009cAsym_desc-preproc_bold.nii.gz	<PROJECT_ROOT>/derivatives/fmriprep/sub-08/func/sub-08_task-heatpainwithregulationandratings_run-06_desc-brain_mask.nii.gz	<PROJECT_ROOT>/derivatives/fmriprep/sub-08/func/sub-08_task-heatpainwithregulationandratings_run-06_space-MNI152NLin2009cAsym_desc-preproc_bold.json	209	208	0.09664847822503807	0.0874627254676415	0.18802180759193313	0.2965461255455248	4.807692307692308	0.0	0.0	10	0	0	std_dvars	208	1.6551418221153846	1.452223	2.9653595499999996	4.506001	6	24	5	62	96	0	4	8	96	96	96	45.933014354066984	0	0	0	0.0	5	130	78	209	2.0	OK	HIGH_OUTLIER_BURDEN,WARN_LOW_ESTIMATED_DOF	OK	KEEP_FOR_MAIN_BUT_SENSITIVITY_EXCLUDE_CANDIDATE	OK,HIGH_OUTLIER_BURDEN,WARN_LOW_ESTIMATED_DOF,OK	True	True
<PROJECT_ROOT>/derivatives/fmriprep/sub-09/func/sub-09_task-heatpainwithregulationandratings_run-06_desc-confounds_timeseries.tsv	de0886fe7f6d435f174140fe7b9ca40826c18a20f3434a4f45e461ca623582f7	sub-09		heatpainwithregulationandratings	6	run-06			1	2	1	<PROJECT_ROOT>/derivatives/fmriprep/sub-09/func/sub-09_task-heatpainwithregulationandratings_run-06_space-MNI152NLin2009cAsym_desc-preproc_bold.nii.gz	<PROJECT_ROOT>/derivatives/fmriprep/sub-09/func/sub-09_task-heatpainwithregulationandratings_run-06_desc-brain_mask.nii.gz	<PROJECT_ROOT>/derivatives/fmriprep/sub-09/func/sub-09_task-heatpainwithregulationandratings_run-06_space-MNI152NLin2009cAsym_desc-preproc_bold.json	209	208	0.167725921058249	0.08851504190284525	0.5379713062613882	1.876296399452318	21.634615384615387	6.25	1.9230769230769231	45	13	4	std_dvars	208	1.5106363028846155	1.3285075	2.9679689999999987	4.427126	6	24	5	46	80	0	4	8	80	80	80	38.27751196172249	0	0	0	0.0	5	114	94	209	2.0	WARN_FD_GT_0.5	HIGH_OUTLIER_BURDEN,WARN_LOW_ESTIMATED_DOF	OK	KEEP_FOR_MAIN_BUT_SENSITIVITY_EXCLUDE_CANDIDATE	WARN_FD_GT_0.5,HIGH_OUTLIER_BURDEN,WARN_LOW_ESTIMATED_DOF,OK	True	True
<PROJECT_ROOT>/derivatives/fmriprep/sub-09/func/sub-09_task-heatpainwithregulationandratings_run-07_desc-confounds_timeseries.tsv	6179a80ddecf1674675ccc42e0091b42d3d74ae957d8b6a2ad31db0a55e8c676	sub-09		heatpainwithregulationandratings	7	run-07			1	2	1	<PROJECT_ROOT>/derivatives/fmriprep/sub-09/func/sub-09_task-heatpainwithregulationandratings_run-07_space-MNI152NLin2009cAsym_desc-preproc_bold.nii.gz	<PROJECT_ROOT>/derivatives/fmriprep/sub-09/func/sub-09_task-heatpainwithregulationandratings_run-07_desc-brain_mask.nii.gz	<PROJECT_ROOT>/derivatives/fmriprep/sub-09/func/sub-09_task-heatpainwithregulationandratings_run-07_space-MNI152NLin2009cAsym_desc-preproc_bold.json	191	190	0.17220516852485288	0.1038990841237875	0.5851515270779278	1.572653509620956	23.157894736842106	6.842105263157896	0.5263157894736842	44	13	1	std_dvars	190	1.4020983263157896	1.1721375	3.0112987499999995	3.780036	6	24	4	42	58	0	4	8	58	58	58	30.36649214659686	0	0	0	0.0	5	91	99	191	2.0	WARN_FD_GT_0.5	WARN_OUTLIER_BURDEN,WARN_LOW_ESTIMATED_DOF	OK	KEEP_FOR_MAIN_BUT_SENSITIVITY_EXCLUDE_CANDIDATE	WARN_FD_GT_0.5,WARN_OUTLIER_BURDEN,WARN_LOW_ESTIMATED_DOF,OK	True	True
<PROJECT_ROOT>/derivatives/fmriprep/sub-10/func/sub-10_task-heatpainwithregulationandratings_run-01_desc-confounds_timeseries.tsv	774c9ae5785c24929de61590576a748c7ca4bfe349c0b909311c58789d99e793	sub-10		heatpainwithregulationandratings	1	run-01			1	2	1	<PROJECT_ROOT>/derivatives/fmriprep/sub-10/func/sub-10_task-heatpainwithregulationandratings_run-01_space-MNI152NLin2009cAsym_desc-preproc_bold.nii.gz	<PROJECT_ROOT>/derivatives/fmriprep/sub-10/func/sub-10_task-heatpainwithregulationandratings_run-01_desc-brain_mask.nii.gz	<PROJECT_ROOT>/derivatives/fmriprep/sub-10/func/sub-10_task-heatpainwithregulationandratings_run-01_space-MNI152NLin2009cAsym_desc-preproc_bold.json	209	208	0.30727206032778365	0.1873932672131033	0.8739149371194374	2.7423663304643906	43.269230769230774	12.980769230769232	4.326923076923077	90	27	9	std_dvars	208	1.1463272067307693	0.9507939999999999	2.257570999999997	4.474473	6	24	5	28	40	0	4	8	40	40	40	19.138755980861244	0	0	0	0.0	5	74	134	209	2.0	BAD_FD_MEAN,BAD_FD_GT_0.5,WARN_FD_MAX	OK	OK	KEEP_FOR_MAIN_BUT_SENSITIVITY_EXCLUDE_CANDIDATE	BAD_FD_MEAN,BAD_FD_GT_0.5,WARN_FD_MAX,OK,OK	True	True
<PROJECT_ROOT>/derivatives/fmriprep/sub-10/func/sub-10_task-heatpainwithregulationandratings_run-02_desc-confounds_timeseries.tsv	6a27da067a9f61c6b762f2942da89e5ced6d34154b67e2e0942aa26145353a9d	sub-10		heatpainwithregulationandratings	2	run-02			1	2	1	<PROJECT_ROOT>/derivatives/fmriprep/sub-10/func/sub-10_task-heatpainwithregulationandratings_run-02_space-MNI152NLin2009cAsym_desc-preproc_bold.nii.gz	<PROJECT_ROOT>/derivatives/fmriprep/sub-10/func/sub-10_task-heatpainwithregulationandratings_run-02_desc-brain_mask.nii.gz	<PROJECT_ROOT>/derivatives/fmriprep/sub-10/func/sub-10_task-heatpainwithregulationandratings_run-02_space-MNI152NLin2009cAsym_desc-preproc_bold.json	209	208	0.39895995251362304	0.18809425185629103	1.6331044697852393	3.105607636225997	47.11538461538461	21.634615384615387	11.057692307692307	98	45	23	std_dvars	208	1.257390235576923	1.049004	2.5010488499999988	4.035116	6	24	5	27	49	0	4	8	49	49	49	23.444976076555022	0	0	0	0.0	5	83	125	209	2.0	BAD_FD_MEAN,BAD_FD_GT_0.5,SEVERE_FD_GT_1.0,WARN_FD_MAX	WARN_OUTLIER_BURDEN	OK	EXCLUDE	BAD_FD_MEAN,BAD_FD_GT_0.5,SEVERE_FD_GT_1.0,WARN_FD_MAX,WARN_OUTLIER_BURDEN,OK	False	True
<PROJECT_ROOT>/derivatives/fmriprep/sub-10/func/sub-10_task-heatpainwithregulationandratings_run-03_desc-confounds_timeseries.tsv	6f69343c9182e3184db3a858b137eb4dc9eedb623813457548b3107286fd766b	sub-10		heatpainwithregulationandratings	3	run-03			1	2	1	<PROJECT_ROOT>/derivatives/fmriprep/sub-10/func/sub-10_task-heatpainwithregulationandratings_run-03_space-MNI152NLin2009cAsym_desc-preproc_bold.nii.gz	<PROJECT_ROOT>/derivatives/fmriprep/sub-10/func/sub-10_task-heatpainwithregulationandratings_run-03_desc-brain_mask.nii.gz	<PROJECT_ROOT>/derivatives/fmriprep/sub-10/func/sub-10_task-heatpainwithregulationandratings_run-03_space-MNI152NLin2009cAsym_desc-preproc_bold.json	191	190	0.41776888837166626	0.25632382954018207	1.411203168858114	4.64360478441404	67.36842105263158	12.105263157894736	6.842105263157896	128	23	13	std_dvars	190	1.2231302631578946	1.0390975	2.4034872999999974	4.414843	6	24	4	18	29	0	4	8	29	29	29	15.18324607329843	0	0	0	0.0	5	62	128	191	2.0	BAD_FD_MEAN,BAD_FD_GT_0.5,WARN_FD_MAX	OK	OK	KEEP_FOR_MAIN_BUT_SENSITIVITY_EXCLUDE_CANDIDATE	BAD_FD_MEAN,BAD_FD_GT_0.5,WARN_FD_MAX,OK,OK	True	True
<PROJECT_ROOT>/derivatives/fmriprep/sub-10/func/sub-10_task-heatpainwithregulationandratings_run-04_desc-confounds_timeseries.tsv	048dc63800057764a6820f7c1379787f50789fc961dcdf3246c172655c11ba29	sub-10		heatpainwithregulationandratings	4	run-04			1	2	1	<PROJECT_ROOT>/derivatives/fmriprep/sub-10/func/sub-10_task-heatpainwithregulationandratings_run-04_space-MNI152NLin2009cAsym_desc-preproc_bold.nii.gz	<PROJECT_ROOT>/derivatives/fmriprep/sub-10/func/sub-10_task-heatpainwithregulationandratings_run-04_desc-brain_mask.nii.gz	<PROJECT_ROOT>/derivatives/fmriprep/sub-10/func/sub-10_task-heatpainwithregulationandratings_run-04_space-MNI152NLin2009cAsym_desc-preproc_bold.json	209	208	0.3831182197668538	0.2079767969956706	1.3318393571535294	4.2283534782729	53.36538461538461	20.673076923076923	8.173076923076923	111	43	17	std_dvars	208	1.2187405673076923	1.023847	2.5730789499999993	3.882019	6	24	5	27	55	0	4	8	55	55	55	26.31578947368421	0	0	0	0.0	5	89	119	209	2.0	BAD_FD_MEAN,BAD_FD_GT_0.5,WARN_FD_MAX	WARN_OUTLIER_BURDEN	OK	KEEP_FOR_MAIN_BUT_SENSITIVITY_EXCLUDE_CANDIDATE	BAD_FD_MEAN,BAD_FD_GT_0.5,WARN_FD_MAX,WARN_OUTLIER_BURDEN,OK	True	True
<PROJECT_ROOT>/derivatives/fmriprep/sub-10/func/sub-10_task-heatpainwithregulationandratings_run-05_desc-confounds_timeseries.tsv	ff9af1759ef0c90b487ac3405cd290b621aaeb75b22f35aa303393f3281a8bc7	sub-10		heatpainwithregulationandratings	5	run-05			1	2	1	<PROJECT_ROOT>/derivatives/fmriprep/sub-10/func/sub-10_task-heatpainwithregulationandratings_run-05_space-MNI152NLin2009cAsym_desc-preproc_bold.nii.gz	<PROJECT_ROOT>/derivatives/fmriprep/sub-10/func/sub-10_task-heatpainwithregulationandratings_run-05_desc-brain_mask.nii.gz	<PROJECT_ROOT>/derivatives/fmriprep/sub-10/func/sub-10_task-heatpainwithregulationandratings_run-05_space-MNI152NLin2009cAsym_desc-preproc_bold.json	209	208	0.4470547503686213	0.21701548819315003	1.5642324351167265	4.155330334199534	53.84615384615385	26.442307692307693	11.057692307692307	112	55	23	std_dvars	208	1.1508011586538462	0.837518	2.6161461499999983	4.071488	6	24	5	23	61	0	4	8	61	61	61	29.1866028708134	0	0	0	0.0	5	95	113	209	2.0	BAD_FD_MEAN,BAD_FD_GT_0.5,SEVERE_FD_GT_1.0,WARN_FD_MAX	WARN_OUTLIER_BURDEN	OK	EXCLUDE	BAD_FD_MEAN,BAD_FD_GT_0.5,SEVERE_FD_GT_1.0,WARN_FD_MAX,WARN_OUTLIER_BURDEN,OK	False	True
<PROJECT_ROOT>/derivatives/fmriprep/sub-10/func/sub-10_task-heatpainwithregulationandratings_run-06_desc-confounds_timeseries.tsv	0841da7d3ee539d40704d7d262afc80c8f6409082ffd8e939469b599199e2fd0	sub-10		heatpainwithregulationandratings	6	run-06			1	2	1	<PROJECT_ROOT>/derivatives/fmriprep/sub-10/func/sub-10_task-heatpainwithregulationandratings_run-06_space-MNI152NLin2009cAsym_desc-preproc_bold.nii.gz	<PROJECT_ROOT>/derivatives/fmriprep/sub-10/func/sub-10_task-heatpainwithregulationandratings_run-06_desc-brain_mask.nii.gz	<PROJECT_ROOT>/derivatives/fmriprep/sub-10/func/sub-10_task-heatpainwithregulationandratings_run-06_space-MNI152NLin2009cAsym_desc-preproc_bold.json	209	208	0.5391336330417416	0.32297846903066346	1.696875648531426	4.272433096265292	73.07692307692307	32.69230769230769	13.461538461538462	152	68	28	std_dvars	208	1.1458279615384617	0.989241	2.1957889999999995	2.896085	6	24	5	31	70	0	4	8	70	70	70	33.49282296650718	0	0	0	0.0	5	104	104	209	2.0	SEVERE_FD_MEAN,SEVERE_FD_GT_0.5,SEVERE_FD_GT_1.0,WARN_FD_MAX	WARN_OUTLIER_BURDEN	OK	EXCLUDE	SEVERE_FD_MEAN,SEVERE_FD_GT_0.5,SEVERE_FD_GT_1.0,WARN_FD_MAX,WARN_OUTLIER_BURDEN,OK	False	True
<PROJECT_ROOT>/derivatives/fmriprep/sub-10/func/sub-10_task-heatpainwithregulationandratings_run-07_desc-confounds_timeseries.tsv	95ba9d022aa4d2da19951bdab6ed33a3da3e81ba04ed9a9b111c85de96350392	sub-10		heatpainwithregulationandratings	7	run-07			1	2	1	<PROJECT_ROOT>/derivatives/fmriprep/sub-10/func/sub-10_task-heatpainwithregulationandratings_run-07_space-MNI152NLin2009cAsym_desc-preproc_bold.nii.gz	<PROJECT_ROOT>/derivatives/fmriprep/sub-10/func/sub-10_task-heatpainwithregulationandratings_run-07_desc-brain_mask.nii.gz	<PROJECT_ROOT>/derivatives/fmriprep/sub-10/func/sub-10_task-heatpainwithregulationandratings_run-07_space-MNI152NLin2009cAsym_desc-preproc_bold.json	191	190	0.3211266206259659	0.18922222413588247	1.1525327217100114	2.4945697232076496	46.8421052631579	16.842105263157894	5.7894736842105265	89	32	11	std_dvars	190	1.2616817421052633	1.031883	2.4525673	2.954762	6	24	4	36	51	0	4	8	51	51	51	26.701570680628272	0	0	0	0.0	5	84	106	191	2.0	BAD_FD_MEAN,BAD_FD_GT_0.5,WARN_FD_MAX	WARN_OUTLIER_BURDEN	OK	KEEP_FOR_MAIN_BUT_SENSITIVITY_EXCLUDE_CANDIDATE	BAD_FD_MEAN,BAD_FD_GT_0.5,WARN_FD_MAX,WARN_OUTLIER_BURDEN,OK	True	True
<PROJECT_ROOT>/derivatives/fmriprep/sub-10/func/sub-10_task-heatpainwithregulationandratings_run-09_desc-confounds_timeseries.tsv	2285f8ef27c34275783f447f1fef274c73fce36b76072941c6f3ee39ae7bda32	sub-10		heatpainwithregulationandratings	9	run-09			1	2	1	<PROJECT_ROOT>/derivatives/fmriprep/sub-10/func/sub-10_task-heatpainwithregulationandratings_run-09_space-MNI152NLin2009cAsym_desc-preproc_bold.nii.gz	<PROJECT_ROOT>/derivatives/fmriprep/sub-10/func/sub-10_task-heatpainwithregulationandratings_run-09_desc-brain_mask.nii.gz	<PROJECT_ROOT>/derivatives/fmriprep/sub-10/func/sub-10_task-heatpainwithregulationandratings_run-09_space-MNI152NLin2009cAsym_desc-preproc_bold.json	209	208	0.33246871571659475	0.27662327337916975	0.7478139873585863	2.5703776640517355	71.63461538461539	9.615384615384617	2.8846153846153846	149	20	6	std_dvars	208	1.3692042596153846	1.293479	1.899430399999999	3.677954	6	24	5	37	38	0	4	8	38	38	38	18.181818181818183	0	0	0	0.0	5	72	136	209	2.0	BAD_FD_MEAN,WARN_FD_GT_0.5,WARN_FD_MAX	OK	OK	KEEP_FOR_MAIN_BUT_SENSITIVITY_EXCLUDE_CANDIDATE	BAD_FD_MEAN,WARN_FD_GT_0.5,WARN_FD_MAX,OK,OK	True	True
<PROJECT_ROOT>/derivatives/fmriprep/sub-11/func/sub-11_task-heatpainwithregulationandratings_run-02_desc-confounds_timeseries.tsv	392b33504e7105d5003dc644dd8874a1d4c368cc6ebc6a05962e322f58b8f971	sub-11		heatpainwithregulationandratings	2	run-02			1	2	1	<PROJECT_ROOT>/derivatives/fmriprep/sub-11/func/sub-11_task-heatpainwithregulationandratings_run-02_space-MNI152NLin2009cAsym_desc-preproc_bold.nii.gz	<PROJECT_ROOT>/derivatives/fmriprep/sub-11/func/sub-11_task-heatpainwithregulationandratings_run-02_desc-brain_mask.nii.gz	<PROJECT_ROOT>/derivatives/fmriprep/sub-11/func/sub-11_task-heatpainwithregulationandratings_run-02_space-MNI152NLin2009cAsym_desc-preproc_bold.json	209	208	0.10716160626469186	0.09501015265091564	0.22074518511938918	0.5316105655018953	6.730769230769231	0.4807692307692308	0.0	14	1	0	std_dvars	208	1.951484110576923	1.703654	3.9221839499999986	4.672206	6	24	5	56	137	0	4	8	137	137	137	65.55023923444976	0	0	0	0.0	5	171	37	209	2.0	OK	HIGH_OUTLIER_BURDEN,SEVERE_LOW_ESTIMATED_DOF	OK	KEEP_FOR_MAIN_BUT_SENSITIVITY_EXCLUDE_CANDIDATE	OK,HIGH_OUTLIER_BURDEN,SEVERE_LOW_ESTIMATED_DOF,OK	True	True
<PROJECT_ROOT>/derivatives/fmriprep/sub-11/func/sub-11_task-heatpainwithregulationandratings_run-03_desc-confounds_timeseries.tsv	05daa3bff19e6e3a08b8c9f30e45be00ab48f85e8433ca004e3c02c0a3f3075f	sub-11		heatpainwithregulationandratings	3	run-03			1	2	1	<PROJECT_ROOT>/derivatives/fmriprep/sub-11/func/sub-11_task-heatpainwithregulationandratings_run-03_space-MNI152NLin2009cAsym_desc-preproc_bold.nii.gz	<PROJECT_ROOT>/derivatives/fmriprep/sub-11/func/sub-11_task-heatpainwithregulationandratings_run-03_desc-brain_mask.nii.gz	<PROJECT_ROOT>/derivatives/fmriprep/sub-11/func/sub-11_task-heatpainwithregulationandratings_run-03_space-MNI152NLin2009cAsym_desc-preproc_bold.json	191	190	0.13343685848670825	0.11186769998737639	0.30277464495701645	0.5419216834605673	15.789473684210526	1.0526315789473684	0.0	30	2	0	std_dvars	190	1.4357262315789474	1.3004475	2.4349012499999994	4.139418	6	24	4	51	64	0	4	8	64	64	64	33.50785340314136	0	0	0	0.0	5	97	93	191	2.0	OK	WARN_OUTLIER_BURDEN,WARN_LOW_ESTIMATED_DOF	OK	KEEP_FOR_MAIN_BUT_SENSITIVITY_EXCLUDE_CANDIDATE	OK,WARN_OUTLIER_BURDEN,WARN_LOW_ESTIMATED_DOF,OK	True	True
<PROJECT_ROOT>/derivatives/fmriprep/sub-11/func/sub-11_task-heatpainwithregulationandratings_run-04_desc-confounds_timeseries.tsv	b3e94b8bd3612464a989ef14a0016a1773e9867fc323cbe9747c0c4a3a6d6f07	sub-11		heatpainwithregulationandratings	4	run-04			1	2	1	<PROJECT_ROOT>/derivatives/fmriprep/sub-11/func/sub-11_task-heatpainwithregulationandratings_run-04_space-MNI152NLin2009cAsym_desc-preproc_bold.nii.gz	<PROJECT_ROOT>/derivatives/fmriprep/sub-11/func/sub-11_task-heatpainwithregulationandratings_run-04_desc-brain_mask.nii.gz	<PROJECT_ROOT>/derivatives/fmriprep/sub-11/func/sub-11_task-heatpainwithregulationandratings_run-04_space-MNI152NLin2009cAsym_desc-preproc_bold.json	209	208	0.17524656423456772	0.1293025784183349	0.4768364819163713	1.1372842753342736	25.48076923076923	4.807692307692308	0.4807692307692308	53	10	1	std_dvars	208	1.4949416875	1.280472	2.775338249999999	4.23278	6	24	5	49	77	0	4	8	77	77	77	36.84210526315789	0	0	0	0.0	5	111	97	209	2.0	OK	HIGH_OUTLIER_BURDEN,WARN_LOW_ESTIMATED_DOF	OK	KEEP_FOR_MAIN_BUT_SENSITIVITY_EXCLUDE_CANDIDATE	OK,HIGH_OUTLIER_BURDEN,WARN_LOW_ESTIMATED_DOF,OK	True	True
<PROJECT_ROOT>/derivatives/fmriprep/sub-11/func/sub-11_task-heatpainwithregulationandratings_run-06_desc-confounds_timeseries.tsv	12eddbe093ee2db9207a9a3c34e4dabc0964731ecfda4a5b0c48f62545d6aead	sub-11		heatpainwithregulationandratings	6	run-06			1	2	1	<PROJECT_ROOT>/derivatives/fmriprep/sub-11/func/sub-11_task-heatpainwithregulationandratings_run-06_space-MNI152NLin2009cAsym_desc-preproc_bold.nii.gz	<PROJECT_ROOT>/derivatives/fmriprep/sub-11/func/sub-11_task-heatpainwithregulationandratings_run-06_desc-brain_mask.nii.gz	<PROJECT_ROOT>/derivatives/fmriprep/sub-11/func/sub-11_task-heatpainwithregulationandratings_run-06_space-MNI152NLin2009cAsym_desc-preproc_bold.json	209	208	0.18193793518551835	0.14965547716225452	0.432582830140924	0.6961005454150467	33.17307692307692	3.3653846153846154	0.0	69	7	0	std_dvars	208	1.5170920865384616	1.3806145	2.860883449999996	4.218675	6	24	5	40	75	0	4	8	75	75	75	35.88516746411483	0	0	0	0.0	5	109	99	209	2.0	OK	HIGH_OUTLIER_BURDEN,WARN_LOW_ESTIMATED_DOF	OK	KEEP_FOR_MAIN_BUT_SENSITIVITY_EXCLUDE_CANDIDATE	OK,HIGH_OUTLIER_BURDEN,WARN_LOW_ESTIMATED_DOF,OK	True	True
<PROJECT_ROOT>/derivatives/fmriprep/sub-12/func/sub-12_task-heatpainwithregulationandratings_run-08_desc-confounds_timeseries.tsv	e5029f89917d4259707fa4e99272cdabc1741da228755f08d1fd60938765b557	sub-12		heatpainwithregulationandratings	8	run-08			1	2	1	<PROJECT_ROOT>/derivatives/fmriprep/sub-12/func/sub-12_task-heatpainwithregulationandratings_run-08_space-MNI152NLin2009cAsym_desc-preproc_bold.nii.gz	<PROJECT_ROOT>/derivatives/fmriprep/sub-12/func/sub-12_task-heatpainwithregulationandratings_run-08_desc-brain_mask.nii.gz	<PROJECT_ROOT>/derivatives/fmriprep/sub-12/func/sub-12_task-heatpainwithregulationandratings_run-08_space-MNI152NLin2009cAsym_desc-preproc_bold.json	209	208	0.31596311204279065	0.18378493828165204	0.9315388266170378	3.7083000541636513	46.63461538461539	12.01923076923077	3.8461538461538463	97	25	8	std_dvars	208	1.1839217451923076	0.8897809999999999	3.2774598999999993	5.654679	6	24	5	26	37	0	4	8	37	37	37	17.703349282296653	0	0	0	0.0	5	71	137	209	2.0	BAD_FD_MEAN,BAD_FD_GT_0.5,WARN_FD_MAX	OK	OK	KEEP_FOR_MAIN_BUT_SENSITIVITY_EXCLUDE_CANDIDATE	BAD_FD_MEAN,BAD_FD_GT_0.5,WARN_FD_MAX,OK,OK	True	True
<PROJECT_ROOT>/derivatives/fmriprep/sub-12/func/sub-12_task-heatpainwithregulationandratings_run-09_desc-confounds_timeseries.tsv	fe638c92751904133a252ff11e3e931cf1353a7313919a40d2e781c98a1c9ecb	sub-12		heatpainwithregulationandratings	9	run-09			1	2	1	<PROJECT_ROOT>/derivatives/fmriprep/sub-12/func/sub-12_task-heatpainwithregulationandratings_run-09_space-MNI152NLin2009cAsym_desc-preproc_bold.nii.gz	<PROJECT_ROOT>/derivatives/fmriprep/sub-12/func/sub-12_task-heatpainwithregulationandratings_run-09_desc-brain_mask.nii.gz	<PROJECT_ROOT>/derivatives/fmriprep/sub-12/func/sub-12_task-heatpainwithregulationandratings_run-09_space-MNI152NLin2009cAsym_desc-preproc_bold.json	209	208	0.16839556633794395	0.15338019998664626	0.33989655733231205	0.4904731307377381	26.923076923076923	0.0	0.0	56	0	0	std_dvars	208	1.7706604182692307	1.527218	3.5237830499999983	3.785619	6	24	5	47	113	0	4	8	113	113	113	54.066985645933016	0	0	0	0.0	5	147	61	209	2.0	OK	HIGH_OUTLIER_BURDEN,WARN_LOW_ESTIMATED_DOF	OK	KEEP_FOR_MAIN_BUT_SENSITIVITY_EXCLUDE_CANDIDATE	OK,HIGH_OUTLIER_BURDEN,WARN_LOW_ESTIMATED_DOF,OK	True	True
<PROJECT_ROOT>/derivatives/fmriprep/sub-13/func/sub-13_task-heatpainwithregulationandratings_run-01_desc-confounds_timeseries.tsv	f2495b40bdc485dee4fab5a15b2e89ce04714083f3a109749a5551229b9d30a8	sub-13		heatpainwithregulationandratings	1	run-01			1	2	1	<PROJECT_ROOT>/derivatives/fmriprep/sub-13/func/sub-13_task-heatpainwithregulationandratings_run-01_space-MNI152NLin2009cAsym_desc-preproc_bold.nii.gz	<PROJECT_ROOT>/derivatives/fmriprep/sub-13/func/sub-13_task-heatpainwithregulationandratings_run-01_desc-brain_mask.nii.gz	<PROJECT_ROOT>/derivatives/fmriprep/sub-13/func/sub-13_task-heatpainwithregulationandratings_run-01_space-MNI152NLin2009cAsym_desc-preproc_bold.json	209	208	0.137453048671823	0.12685809916504875	0.25650654015364555	0.5385270272462748	12.980769230769232	1.9230769230769231	0.0	27	4	0	std_dvars	208	1.4829889182692308	1.3278045	2.4990875499999987	3.151094	6	24	5	47	81	0	4	8	81	81	81	38.75598086124402	0	0	0	0.0	5	115	93	209	2.0	OK	HIGH_OUTLIER_BURDEN,WARN_LOW_ESTIMATED_DOF	OK	KEEP_FOR_MAIN_BUT_SENSITIVITY_EXCLUDE_CANDIDATE	OK,HIGH_OUTLIER_BURDEN,WARN_LOW_ESTIMATED_DOF,OK	True	True
<PROJECT_ROOT>/derivatives/fmriprep/sub-13/func/sub-13_task-heatpainwithregulationandratings_run-02_desc-confounds_timeseries.tsv	bd7cb18f13aadead0e4a0b39e08ef67b3db2341fc106fddb34a91a3215e03206	sub-13		heatpainwithregulationandratings	2	run-02			1	2	1	<PROJECT_ROOT>/derivatives/fmriprep/sub-13/func/sub-13_task-heatpainwithregulationandratings_run-02_space-MNI152NLin2009cAsym_desc-preproc_bold.nii.gz	<PROJECT_ROOT>/derivatives/fmriprep/sub-13/func/sub-13_task-heatpainwithregulationandratings_run-02_desc-brain_mask.nii.gz	<PROJECT_ROOT>/derivatives/fmriprep/sub-13/func/sub-13_task-heatpainwithregulationandratings_run-02_space-MNI152NLin2009cAsym_desc-preproc_bold.json	209	208	0.16014910420563577	0.15385556402302197	0.2825766889618178	0.7192242699609774	22.596153846153847	1.9230769230769231	0.0	47	4	0	std_dvars	208	1.548765966346154	1.396645	2.5823548499999998	2.870369	6	24	5	42	92	0	4	8	92	92	92	44.01913875598086	0	0	0	0.0	5	126	82	209	2.0	OK	HIGH_OUTLIER_BURDEN,WARN_LOW_ESTIMATED_DOF	OK	KEEP_FOR_MAIN_BUT_SENSITIVITY_EXCLUDE_CANDIDATE	OK,HIGH_OUTLIER_BURDEN,WARN_LOW_ESTIMATED_DOF,OK	True	True
<PROJECT_ROOT>/derivatives/fmriprep/sub-13/func/sub-13_task-heatpainwithregulationandratings_run-07_desc-confounds_timeseries.tsv	b7440e9fa1550a33ba026dba734b9aa8e975d9b5b8176f9929c6af4eab994af5	sub-13		heatpainwithregulationandratings	7	run-07			1	2	1	<PROJECT_ROOT>/derivatives/fmriprep/sub-13/func/sub-13_task-heatpainwithregulationandratings_run-07_space-MNI152NLin2009cAsym_desc-preproc_bold.nii.gz	<PROJECT_ROOT>/derivatives/fmriprep/sub-13/func/sub-13_task-heatpainwithregulationandratings_run-07_desc-brain_mask.nii.gz	<PROJECT_ROOT>/derivatives/fmriprep/sub-13/func/sub-13_task-heatpainwithregulationandratings_run-07_space-MNI152NLin2009cAsym_desc-preproc_bold.json	191	190	0.13930365827849492	0.1264920351927359	0.24333335131566686	0.326898303547491	16.315789473684212	0.0	0.0	31	0	0	std_dvars	190	1.5590820631578948	1.3371165	2.7242272	2.892346	6	24	4	47	72	0	4	8	72	72	72	37.696335078534034	0	0	0	0.0	5	105	85	191	2.0	OK	HIGH_OUTLIER_BURDEN,WARN_LOW_ESTIMATED_DOF	OK	KEEP_FOR_MAIN_BUT_SENSITIVITY_EXCLUDE_CANDIDATE	OK,HIGH_OUTLIER_BURDEN,WARN_LOW_ESTIMATED_DOF,OK	True	True
<PROJECT_ROOT>/derivatives/fmriprep/sub-14/func/sub-14_task-heatpainwithregulationandratings_run-04_desc-confounds_timeseries.tsv	e3db02dde428b3b9a6500287c72765c6ea349807e6fe80ea84a5f699b9820135	sub-14		heatpainwithregulationandratings	4	run-04			1	2	1	<PROJECT_ROOT>/derivatives/fmriprep/sub-14/func/sub-14_task-heatpainwithregulationandratings_run-04_space-MNI152NLin2009cAsym_desc-preproc_bold.nii.gz	<PROJECT_ROOT>/derivatives/fmriprep/sub-14/func/sub-14_task-heatpainwithregulationandratings_run-04_desc-brain_mask.nii.gz	<PROJECT_ROOT>/derivatives/fmriprep/sub-14/func/sub-14_task-heatpainwithregulationandratings_run-04_space-MNI152NLin2009cAsym_desc-preproc_bold.json	209	208	0.07619127676536588	0.06673239034385439	0.1684512715639082	0.2912881226859669	1.9230769230769231	0.0	0.0	4	0	0	std_dvars	208	1.6119118846153846	1.355153	3.13700915	4.754611	6	24	5	47	84	0	4	8	84	84	84	40.19138755980861	0	0	0	0.0	5	118	90	209	2.0	OK	HIGH_OUTLIER_BURDEN,WARN_LOW_ESTIMATED_DOF	OK	KEEP_FOR_MAIN_BUT_SENSITIVITY_EXCLUDE_CANDIDATE	OK,HIGH_OUTLIER_BURDEN,WARN_LOW_ESTIMATED_DOF,OK	True	True
<PROJECT_ROOT>/derivatives/fmriprep/sub-14/func/sub-14_task-heatpainwithregulationandratings_run-05_desc-confounds_timeseries.tsv	45e7e11a1d76a43402005de4e398ceb09ee23c93021b42cc451ac9d77a7d7254	sub-14		heatpainwithregulationandratings	5	run-05			1	2	1	<PROJECT_ROOT>/derivatives/fmriprep/sub-14/func/sub-14_task-heatpainwithregulationandratings_run-05_space-MNI152NLin2009cAsym_desc-preproc_bold.nii.gz	<PROJECT_ROOT>/derivatives/fmriprep/sub-14/func/sub-14_task-heatpainwithregulationandratings_run-05_desc-brain_mask.nii.gz	<PROJECT_ROOT>/derivatives/fmriprep/sub-14/func/sub-14_task-heatpainwithregulationandratings_run-05_space-MNI152NLin2009cAsym_desc-preproc_bold.json	209	208	0.09043420225289271	0.08414976479630035	0.19360062953796248	0.3332302097395399	4.326923076923077	0.0	0.0	9	0	0	std_dvars	208	1.6489517692307696	1.2895685000000001	3.5207767	4.224362	6	24	5	43	78	0	4	8	78	78	78	37.32057416267943	0	0	0	0.0	5	112	96	209	2.0	OK	HIGH_OUTLIER_BURDEN,WARN_LOW_ESTIMATED_DOF	OK	KEEP_FOR_MAIN_BUT_SENSITIVITY_EXCLUDE_CANDIDATE	OK,HIGH_OUTLIER_BURDEN,WARN_LOW_ESTIMATED_DOF,OK	True	True
<PROJECT_ROOT>/derivatives/fmriprep/sub-14/func/sub-14_task-heatpainwithregulationandratings_run-08_desc-confounds_timeseries.tsv	d19007ab2b32b594b5ff8e356d466cc435c92d70723f154fdf73ef21697cd760	sub-14		heatpainwithregulationandratings	8	run-08			1	2	1	<PROJECT_ROOT>/derivatives/fmriprep/sub-14/func/sub-14_task-heatpainwithregulationandratings_run-08_space-MNI152NLin2009cAsym_desc-preproc_bold.nii.gz	<PROJECT_ROOT>/derivatives/fmriprep/sub-14/func/sub-14_task-heatpainwithregulationandratings_run-08_desc-brain_mask.nii.gz	<PROJECT_ROOT>/derivatives/fmriprep/sub-14/func/sub-14_task-heatpainwithregulationandratings_run-08_space-MNI152NLin2009cAsym_desc-preproc_bold.json	209	208	0.09337709342973402	0.0804636705530585	0.2129336571190702	0.3991711551372873	6.730769230769231	0.0	0.0	14	0	0	std_dvars	208	1.6227391778846156	1.26709	3.751715149999994	5.339197	6	24	5	44	76	0	4	8	76	76	76	36.36363636363637	0	0	0	0.0	5	110	98	209	2.0	OK	HIGH_OUTLIER_BURDEN,WARN_LOW_ESTIMATED_DOF	OK	KEEP_FOR_MAIN_BUT_SENSITIVITY_EXCLUDE_CANDIDATE	OK,HIGH_OUTLIER_BURDEN,WARN_LOW_ESTIMATED_DOF,OK	True	True
<PROJECT_ROOT>/derivatives/fmriprep/sub-14/func/sub-14_task-heatpainwithregulationandratings_run-09_desc-confounds_timeseries.tsv	644ef27855919dddcafe306109aa2c2e00daf440137e2e49922c0c3c2b0df901	sub-14		heatpainwithregulationandratings	9	run-09			1	2	1	<PROJECT_ROOT>/derivatives/fmriprep/sub-14/func/sub-14_task-heatpainwithregulationandratings_run-09_space-MNI152NLin2009cAsym_desc-preproc_bold.nii.gz	<PROJECT_ROOT>/derivatives/fmriprep/sub-14/func/sub-14_task-heatpainwithregulationandratings_run-09_desc-brain_mask.nii.gz	<PROJECT_ROOT>/derivatives/fmriprep/sub-14/func/sub-14_task-heatpainwithregulationandratings_run-09_space-MNI152NLin2009cAsym_desc-preproc_bold.json	209	208	0.1344852938182111	0.10520015819446255	0.3021241113494745	0.4292488276404552	22.115384615384613	0.0	0.0	46	0	0	std_dvars	208	1.6912641634615386	1.420826	3.6740939499999996	5.153889	6	24	5	40	95	0	4	8	95	95	95	45.45454545454545	0	0	0	0.0	5	129	79	209	2.0	OK	HIGH_OUTLIER_BURDEN,WARN_LOW_ESTIMATED_DOF	OK	KEEP_FOR_MAIN_BUT_SENSITIVITY_EXCLUDE_CANDIDATE	OK,HIGH_OUTLIER_BURDEN,WARN_LOW_ESTIMATED_DOF,OK	True	True
<PROJECT_ROOT>/derivatives/fmriprep/sub-15/func/sub-15_task-heatpainwithregulationandratings_run-07_desc-confounds_timeseries.tsv	8a5d65428c3f00fd7604bbf01b91062a3cf412a93a28b3e949d88bc2eaa886a1	sub-15		heatpainwithregulationandratings	7	run-07			1	2	1	<PROJECT_ROOT>/derivatives/fmriprep/sub-15/func/sub-15_task-heatpainwithregulationandratings_run-07_space-MNI152NLin2009cAsym_desc-preproc_bold.nii.gz	<PROJECT_ROOT>/derivatives/fmriprep/sub-15/func/sub-15_task-heatpainwithregulationandratings_run-07_desc-brain_mask.nii.gz	<PROJECT_ROOT>/derivatives/fmriprep/sub-15/func/sub-15_task-heatpainwithregulationandratings_run-07_space-MNI152NLin2009cAsym_desc-preproc_bold.json	191	190	0.07684635231372976	0.0695879120492213	0.14254856932122342	0.2273650447976918	1.0526315789473684	0.0	0.0	2	0	0	std_dvars	190	1.6449318421052632	1.419121	3.1472693499999993	3.306441	6	24	4	51	88	0	4	8	88	88	88	46.07329842931937	0	0	0	0.0	5	121	69	191	2.0	OK	HIGH_OUTLIER_BURDEN,WARN_LOW_ESTIMATED_DOF	OK	KEEP_FOR_MAIN_BUT_SENSITIVITY_EXCLUDE_CANDIDATE	OK,HIGH_OUTLIER_BURDEN,WARN_LOW_ESTIMATED_DOF,OK	True	True
<PROJECT_ROOT>/derivatives/fmriprep/sub-15/func/sub-15_task-heatpainwithregulationandratings_run-09_desc-confounds_timeseries.tsv	cf9ea0ee22cd2715616de979da8c54cc6f02b5faeeb32714a92b8028227ef5c4	sub-15		heatpainwithregulationandratings	9	run-09			1	2	1	<PROJECT_ROOT>/derivatives/fmriprep/sub-15/func/sub-15_task-heatpainwithregulationandratings_run-09_space-MNI152NLin2009cAsym_desc-preproc_bold.nii.gz	<PROJECT_ROOT>/derivatives/fmriprep/sub-15/func/sub-15_task-heatpainwithregulationandratings_run-09_desc-brain_mask.nii.gz	<PROJECT_ROOT>/derivatives/fmriprep/sub-15/func/sub-15_task-heatpainwithregulationandratings_run-09_space-MNI152NLin2009cAsym_desc-preproc_bold.json	209	208	0.09339103107467808	0.08524800164933641	0.1808019108482729	0.6530139211658743	2.403846153846154	0.4807692307692308	0.0	5	1	0	std_dvars	208	1.5364255480769229	1.2917619999999999	3.367227399999999	4.368732	6	24	5	52	73	3	4	8	73	73	73	34.92822966507177	3	3	3	1.4354066985645932	5	110	98	209	2.0	OK	WARN_OUTLIER_BURDEN,WARN_LOW_ESTIMATED_DOF	OK	KEEP_FOR_MAIN_BUT_SENSITIVITY_EXCLUDE_CANDIDATE	OK,WARN_OUTLIER_BURDEN,WARN_LOW_ESTIMATED_DOF,OK	True	True
<PROJECT_ROOT>/derivatives/fmriprep/sub-16/func/sub-16_task-heatpainwithregulationandratings_run-02_desc-confounds_timeseries.tsv	f1b6a3fcfc1139c2d523f14b196d1ac834631181d2c7bb4a757307e6633b76ea	sub-16		heatpainwithregulationandratings	2	run-02			1	2	1	<PROJECT_ROOT>/derivatives/fmriprep/sub-16/func/sub-16_task-heatpainwithregulationandratings_run-02_space-MNI152NLin2009cAsym_desc-preproc_bold.nii.gz	<PROJECT_ROOT>/derivatives/fmriprep/sub-16/func/sub-16_task-heatpainwithregulationandratings_run-02_desc-brain_mask.nii.gz	<PROJECT_ROOT>/derivatives/fmriprep/sub-16/func/sub-16_task-heatpainwithregulationandratings_run-02_space-MNI152NLin2009cAsym_desc-preproc_bold.json	209	208	0.11769115933009039	0.11184542987445839	0.21069087341725043	0.332753019293662	8.173076923076923	0.0	0.0	17	0	0	std_dvars	208	2.090077879807692	1.7542185	4.526595049999999	6.34172	6	24	5	56	136	0	4	8	136	136	136	65.07177033492823	0	0	0	0.0	5	170	38	209	2.0	OK	HIGH_OUTLIER_BURDEN,SEVERE_LOW_ESTIMATED_DOF	OK	KEEP_FOR_MAIN_BUT_SENSITIVITY_EXCLUDE_CANDIDATE	OK,HIGH_OUTLIER_BURDEN,SEVERE_LOW_ESTIMATED_DOF,OK	True	True
<PROJECT_ROOT>/derivatives/fmriprep/sub-16/func/sub-16_task-heatpainwithregulationandratings_run-05_desc-confounds_timeseries.tsv	0f6edd0eaf44b11b1d978bf1d2dfaa2d5ef8a98d6240beb81cc83587e4eddf42	sub-16		heatpainwithregulationandratings	5	run-05			1	2	1	<PROJECT_ROOT>/derivatives/fmriprep/sub-16/func/sub-16_task-heatpainwithregulationandratings_run-05_space-MNI152NLin2009cAsym_desc-preproc_bold.nii.gz	<PROJECT_ROOT>/derivatives/fmriprep/sub-16/func/sub-16_task-heatpainwithregulationandratings_run-05_desc-brain_mask.nii.gz	<PROJECT_ROOT>/derivatives/fmriprep/sub-16/func/sub-16_task-heatpainwithregulationandratings_run-05_space-MNI152NLin2009cAsym_desc-preproc_bold.json	209	208	0.1553197203676651	0.13554836514606688	0.31184700390580533	0.6313689522639213	22.596153846153847	0.9615384615384616	0.0	47	2	0	std_dvars	208	1.999328596153846	1.7485715000000002	4.00247965	5.685513	6	24	5	51	141	0	4	8	141	141	141	67.46411483253588	0	0	0	0.0	5	175	33	209	2.0	OK	HIGH_OUTLIER_BURDEN,SEVERE_LOW_ESTIMATED_DOF	OK	KEEP_FOR_MAIN_BUT_SENSITIVITY_EXCLUDE_CANDIDATE	OK,HIGH_OUTLIER_BURDEN,SEVERE_LOW_ESTIMATED_DOF,OK	True	True
<PROJECT_ROOT>/derivatives/fmriprep/sub-16/func/sub-16_task-heatpainwithregulationandratings_run-06_desc-confounds_timeseries.tsv	f267bd5580ae305382a39711e5cbc52db7998bf0549b26da647b6fa76c8e3679	sub-16		heatpainwithregulationandratings	6	run-06			1	2	1	<PROJECT_ROOT>/derivatives/fmriprep/sub-16/func/sub-16_task-heatpainwithregulationandratings_run-06_space-MNI152NLin2009cAsym_desc-preproc_bold.nii.gz	<PROJECT_ROOT>/derivatives/fmriprep/sub-16/func/sub-16_task-heatpainwithregulationandratings_run-06_desc-brain_mask.nii.gz	<PROJECT_ROOT>/derivatives/fmriprep/sub-16/func/sub-16_task-heatpainwithregulationandratings_run-06_space-MNI152NLin2009cAsym_desc-preproc_bold.json	209	208	0.15133685706627534	0.12921125165775074	0.3351182664619186	0.5648041077090968	20.673076923076923	0.9615384615384616	0.0	43	2	0	std_dvars	208	2.0566529278846155	1.863918	3.907002949999999	4.761432	6	24	5	49	126	4	4	8	126	126	126	60.28708133971292	4	4	4	1.9138755980861244	5	164	44	209	2.0	OK	HIGH_OUTLIER_BURDEN,SEVERE_LOW_ESTIMATED_DOF	OK	KEEP_FOR_MAIN_BUT_SENSITIVITY_EXCLUDE_CANDIDATE	OK,HIGH_OUTLIER_BURDEN,SEVERE_LOW_ESTIMATED_DOF,OK	True	True
<PROJECT_ROOT>/derivatives/fmriprep/sub-16/func/sub-16_task-heatpainwithregulationandratings_run-08_desc-confounds_timeseries.tsv	6cd9f1d7b496e9b0e3198a052fa0f4f774eb6a1e7574bb495c63ead1c6481f0b	sub-16		heatpainwithregulationandratings	8	run-08			1	2	1	<PROJECT_ROOT>/derivatives/fmriprep/sub-16/func/sub-16_task-heatpainwithregulationandratings_run-08_space-MNI152NLin2009cAsym_desc-preproc_bold.nii.gz	<PROJECT_ROOT>/derivatives/fmriprep/sub-16/func/sub-16_task-heatpainwithregulationandratings_run-08_desc-brain_mask.nii.gz	<PROJECT_ROOT>/derivatives/fmriprep/sub-16/func/sub-16_task-heatpainwithregulationandratings_run-08_space-MNI152NLin2009cAsym_desc-preproc_bold.json	209	208	0.10662915263573738	0.0956903348990708	0.20744922423985296	0.4150308139298276	5.769230769230769	0.0	0.0	12	0	0	std_dvars	208	1.748809932692308	1.485857	3.5207529499999994	4.423244	6	24	5	57	101	0	4	8	101	101	101	48.32535885167464	0	0	0	0.0	5	135	73	209	2.0	OK	HIGH_OUTLIER_BURDEN,WARN_LOW_ESTIMATED_DOF	OK	KEEP_FOR_MAIN_BUT_SENSITIVITY_EXCLUDE_CANDIDATE	OK,HIGH_OUTLIER_BURDEN,WARN_LOW_ESTIMATED_DOF,OK	True	True
<PROJECT_ROOT>/derivatives/fmriprep/sub-16/func/sub-16_task-heatpainwithregulationandratings_run-09_desc-confounds_timeseries.tsv	c28fcc262f21efafb4b86d0c6c3ac666a93c66af5f7ad79b557460c8093a032d	sub-16		heatpainwithregulationandratings	9	run-09			1	2	1	<PROJECT_ROOT>/derivatives/fmriprep/sub-16/func/sub-16_task-heatpainwithregulationandratings_run-09_space-MNI152NLin2009cAsym_desc-preproc_bold.nii.gz	<PROJECT_ROOT>/derivatives/fmriprep/sub-16/func/sub-16_task-heatpainwithregulationandratings_run-09_desc-brain_mask.nii.gz	<PROJECT_ROOT>/derivatives/fmriprep/sub-16/func/sub-16_task-heatpainwithregulationandratings_run-09_space-MNI152NLin2009cAsym_desc-preproc_bold.json	209	208	0.13049417333084723	0.11747958979244186	0.26980940216393123	0.3772977007094605	14.903846153846153	0.0	0.0	31	0	0	std_dvars	208	2.013101658653846	1.8263445	4.112315499999997	4.808989	6	24	5	57	133	0	4	8	133	133	133	63.63636363636363	0	0	0	0.0	5	167	41	209	2.0	OK	HIGH_OUTLIER_BURDEN,SEVERE_LOW_ESTIMATED_DOF	OK	KEEP_FOR_MAIN_BUT_SENSITIVITY_EXCLUDE_CANDIDATE	OK,HIGH_OUTLIER_BURDEN,SEVERE_LOW_ESTIMATED_DOF,OK	True	True
<PROJECT_ROOT>/derivatives/fmriprep/sub-17/func/sub-17_task-heatpainwithregulationandratings_run-05_desc-confounds_timeseries.tsv	b57e570702dc6d4167addd415f34d6e71cc347b2df2e550a31d519f7c95bcdd8	sub-17		heatpainwithregulationandratings	5	run-05			1	2	1	<PROJECT_ROOT>/derivatives/fmriprep/sub-17/func/sub-17_task-heatpainwithregulationandratings_run-05_space-MNI152NLin2009cAsym_desc-preproc_bold.nii.gz	<PROJECT_ROOT>/derivatives/fmriprep/sub-17/func/sub-17_task-heatpainwithregulationandratings_run-05_desc-brain_mask.nii.gz	<PROJECT_ROOT>/derivatives/fmriprep/sub-17/func/sub-17_task-heatpainwithregulationandratings_run-05_space-MNI152NLin2009cAsym_desc-preproc_bold.json	209	208	0.12255485228077262	0.1034361633283857	0.2552926250242684	0.4588264283850732	13.942307692307693	0.0	0.0	29	0	0	std_dvars	208	1.5569587211538463	1.3950205	2.9556270999999974	3.389491	6	24	5	54	77	0	4	8	77	77	77	36.84210526315789	0	0	0	0.0	5	111	97	209	2.0	OK	HIGH_OUTLIER_BURDEN,WARN_LOW_ESTIMATED_DOF	OK	KEEP_FOR_MAIN_BUT_SENSITIVITY_EXCLUDE_CANDIDATE	OK,HIGH_OUTLIER_BURDEN,WARN_LOW_ESTIMATED_DOF,OK	True	True
<PROJECT_ROOT>/derivatives/fmriprep/sub-17/func/sub-17_task-heatpainwithregulationandratings_run-07_desc-confounds_timeseries.tsv	421d727057fa9e6e16d9d08f3b36408f38e18fd0116b5d8110b7b6dd7156b52b	sub-17		heatpainwithregulationandratings	7	run-07			1	2	1	<PROJECT_ROOT>/derivatives/fmriprep/sub-17/func/sub-17_task-heatpainwithregulationandratings_run-07_space-MNI152NLin2009cAsym_desc-preproc_bold.nii.gz	<PROJECT_ROOT>/derivatives/fmriprep/sub-17/func/sub-17_task-heatpainwithregulationandratings_run-07_desc-brain_mask.nii.gz	<PROJECT_ROOT>/derivatives/fmriprep/sub-17/func/sub-17_task-heatpainwithregulationandratings_run-07_space-MNI152NLin2009cAsym_desc-preproc_bold.json	191	190	0.07417147071231679	0.0719567281769678	0.13303898835273928	0.1940970098162336	0.0	0.0	0.0	0	0	0	std_dvars	190	1.4425383105263156	1.388023	2.02210935	2.259411	6	24	4	59	58	0	4	8	58	58	58	30.36649214659686	0	0	0	0.0	5	91	99	191	2.0	OK	WARN_OUTLIER_BURDEN,WARN_LOW_ESTIMATED_DOF	OK	KEEP_FOR_MAIN_BUT_SENSITIVITY_EXCLUDE_CANDIDATE	OK,WARN_OUTLIER_BURDEN,WARN_LOW_ESTIMATED_DOF,OK	True	True
<PROJECT_ROOT>/derivatives/fmriprep/sub-17/func/sub-17_task-heatpainwithregulationandratings_run-08_desc-confounds_timeseries.tsv	a56962421e367efb03bc5a8088b855fc4d3386fd2ce0d3791ee5b85a4867603d	sub-17		heatpainwithregulationandratings	8	run-08			1	2	1	<PROJECT_ROOT>/derivatives/fmriprep/sub-17/func/sub-17_task-heatpainwithregulationandratings_run-08_space-MNI152NLin2009cAsym_desc-preproc_bold.nii.gz	<PROJECT_ROOT>/derivatives/fmriprep/sub-17/func/sub-17_task-heatpainwithregulationandratings_run-08_desc-brain_mask.nii.gz	<PROJECT_ROOT>/derivatives/fmriprep/sub-17/func/sub-17_task-heatpainwithregulationandratings_run-08_space-MNI152NLin2009cAsym_desc-preproc_bold.json	209	208	0.10065770572943088	0.08981256246440755	0.20244459985679816	0.5053796930873778	5.288461538461538	0.4807692307692308	0.0	11	1	0	std_dvars	208	1.7534301105769232	1.6632194999999999	2.5458498999999994	2.793548	6	24	5	62	131	0	4	8	131	131	131	62.67942583732058	0	0	0	0.0	5	165	43	209	2.0	OK	HIGH_OUTLIER_BURDEN,SEVERE_LOW_ESTIMATED_DOF	OK	KEEP_FOR_MAIN_BUT_SENSITIVITY_EXCLUDE_CANDIDATE	OK,HIGH_OUTLIER_BURDEN,SEVERE_LOW_ESTIMATED_DOF,OK	True	True
<PROJECT_ROOT>/derivatives/fmriprep/sub-17/func/sub-17_task-heatpainwithregulationandratings_run-09_desc-confounds_timeseries.tsv	c0c2ac484fe7fa04e06627ffe270918e4964e8a99a8af670d39ecce989bdceda	sub-17		heatpainwithregulationandratings	9	run-09			1	2	1	<PROJECT_ROOT>/derivatives/fmriprep/sub-17/func/sub-17_task-heatpainwithregulationandratings_run-09_space-MNI152NLin2009cAsym_desc-preproc_bold.nii.gz	<PROJECT_ROOT>/derivatives/fmriprep/sub-17/func/sub-17_task-heatpainwithregulationandratings_run-09_desc-brain_mask.nii.gz	<PROJECT_ROOT>/derivatives/fmriprep/sub-17/func/sub-17_task-heatpainwithregulationandratings_run-09_space-MNI152NLin2009cAsym_desc-preproc_bold.json	209	208	0.09082007164938234	0.0835694792424346	0.16230681241279274	0.4328199223734953	1.9230769230769231	0.0	0.0	4	0	0	std_dvars	208	1.8632924278846152	1.802995	2.6527540999999997	2.846228	6	24	5	62	164	0	4	8	164	164	164	78.4688995215311	0	0	0	0.0	5	198	10	209	2.0	OK	HIGH_OUTLIER_BURDEN,SEVERE_LOW_ESTIMATED_DOF	OK	KEEP_FOR_MAIN_BUT_SENSITIVITY_EXCLUDE_CANDIDATE	OK,HIGH_OUTLIER_BURDEN,SEVERE_LOW_ESTIMATED_DOF,OK	True	True
<PROJECT_ROOT>/derivatives/fmriprep/sub-18/func/sub-18_task-heatpainwithregulationandratings_run-01_desc-confounds_timeseries.tsv	54efe620a7059c72573e08576305260ed630da59cf08e52305a1db28ded57e36	sub-18		heatpainwithregulationandratings	1	run-01			1	2	1	<PROJECT_ROOT>/derivatives/fmriprep/sub-18/func/sub-18_task-heatpainwithregulationandratings_run-01_space-MNI152NLin2009cAsym_desc-preproc_bold.nii.gz	<PROJECT_ROOT>/derivatives/fmriprep/sub-18/func/sub-18_task-heatpainwithregulationandratings_run-01_desc-brain_mask.nii.gz	<PROJECT_ROOT>/derivatives/fmriprep/sub-18/func/sub-18_task-heatpainwithregulationandratings_run-01_space-MNI152NLin2009cAsym_desc-preproc_bold.json	209	208	0.09446482058331661	0.09008853289738886	0.14759667873659146	0.266404246526589	0.9615384615384616	0.0	0.0	2	0	0	std_dvars	208	1.828143966346154	1.3200445	3.530710999999999	4.913311	6	24	5	54	78	0	4	8	78	78	78	37.32057416267943	0	0	0	0.0	5	112	96	209	2.0	OK	HIGH_OUTLIER_BURDEN,WARN_LOW_ESTIMATED_DOF	OK	KEEP_FOR_MAIN_BUT_SENSITIVITY_EXCLUDE_CANDIDATE	OK,HIGH_OUTLIER_BURDEN,WARN_LOW_ESTIMATED_DOF,OK	True	True
<PROJECT_ROOT>/derivatives/fmriprep/sub-18/func/sub-18_task-heatpainwithregulationandratings_run-02_desc-confounds_timeseries.tsv	e389504a26d4ec3eee6f51b3239b8af625cd0c8a23db6e06b7182f373fd660c4	sub-18		heatpainwithregulationandratings	2	run-02			1	2	1	<PROJECT_ROOT>/derivatives/fmriprep/sub-18/func/sub-18_task-heatpainwithregulationandratings_run-02_space-MNI152NLin2009cAsym_desc-preproc_bold.nii.gz	<PROJECT_ROOT>/derivatives/fmriprep/sub-18/func/sub-18_task-heatpainwithregulationandratings_run-02_desc-brain_mask.nii.gz	<PROJECT_ROOT>/derivatives/fmriprep/sub-18/func/sub-18_task-heatpainwithregulationandratings_run-02_space-MNI152NLin2009cAsym_desc-preproc_bold.json	209	208	0.08848172809478878	0.0854370536533815	0.14413496004720053	0.3334309351952202	0.9615384615384616	0.0	0.0	2	0	0	std_dvars	208	1.9863737211538464	1.5888145	4.071775	4.678164	6	24	5	55	112	1	4	8	112	112	112	53.588516746411486	1	1	1	0.4784688995215311	5	147	61	209	2.0	OK	HIGH_OUTLIER_BURDEN,WARN_LOW_ESTIMATED_DOF	OK	KEEP_FOR_MAIN_BUT_SENSITIVITY_EXCLUDE_CANDIDATE	OK,HIGH_OUTLIER_BURDEN,WARN_LOW_ESTIMATED_DOF,OK	True	True
<PROJECT_ROOT>/derivatives/fmriprep/sub-18/func/sub-18_task-heatpainwithregulationandratings_run-03_desc-confounds_timeseries.tsv	b5844943ad8b8dcf96c77ea9977e9de16d3636d1ea358c6a7164e53d08affb9a	sub-18		heatpainwithregulationandratings	3	run-03			1	2	1	<PROJECT_ROOT>/derivatives/fmriprep/sub-18/func/sub-18_task-heatpainwithregulationandratings_run-03_space-MNI152NLin2009cAsym_desc-preproc_bold.nii.gz	<PROJECT_ROOT>/derivatives/fmriprep/sub-18/func/sub-18_task-heatpainwithregulationandratings_run-03_desc-brain_mask.nii.gz	<PROJECT_ROOT>/derivatives/fmriprep/sub-18/func/sub-18_task-heatpainwithregulationandratings_run-03_space-MNI152NLin2009cAsym_desc-preproc_bold.json	191	190	0.09802201156023421	0.0871056127659578	0.1571775217098588	1.20951647607081	1.5789473684210527	1.0526315789473684	0.5263157894736842	3	2	1	std_dvars	190	1.7561446578947366	1.2131634999999998	4.0539085499999965	4.61275	6	24	4	40	75	0	4	8	75	75	75	39.26701570680628	0	0	0	0.0	5	108	82	191	2.0	OK	HIGH_OUTLIER_BURDEN,WARN_LOW_ESTIMATED_DOF	OK	KEEP_FOR_MAIN_BUT_SENSITIVITY_EXCLUDE_CANDIDATE	OK,HIGH_OUTLIER_BURDEN,WARN_LOW_ESTIMATED_DOF,OK	True	True
<PROJECT_ROOT>/derivatives/fmriprep/sub-18/func/sub-18_task-heatpainwithregulationandratings_run-04_desc-confounds_timeseries.tsv	599e262c7c22f5c114d8996101a2757b8f797e92a88a1738dcee7c53541f9f73	sub-18		heatpainwithregulationandratings	4	run-04			1	2	1	<PROJECT_ROOT>/derivatives/fmriprep/sub-18/func/sub-18_task-heatpainwithregulationandratings_run-04_space-MNI152NLin2009cAsym_desc-preproc_bold.nii.gz	<PROJECT_ROOT>/derivatives/fmriprep/sub-18/func/sub-18_task-heatpainwithregulationandratings_run-04_desc-brain_mask.nii.gz	<PROJECT_ROOT>/derivatives/fmriprep/sub-18/func/sub-18_task-heatpainwithregulationandratings_run-04_space-MNI152NLin2009cAsym_desc-preproc_bold.json	209	208	0.09593578305244368	0.08728640121196479	0.1614783599803509	0.6689625793054036	2.403846153846154	0.4807692307692308	0.0	5	1	0	std_dvars	208	1.906995764423077	1.4453065	4.267015	5.41733	6	24	5	49	88	0	4	8	88	88	88	42.10526315789473	0	0	0	0.0	5	122	86	209	2.0	OK	HIGH_OUTLIER_BURDEN,WARN_LOW_ESTIMATED_DOF	OK	KEEP_FOR_MAIN_BUT_SENSITIVITY_EXCLUDE_CANDIDATE	OK,HIGH_OUTLIER_BURDEN,WARN_LOW_ESTIMATED_DOF,OK	True	True
<PROJECT_ROOT>/derivatives/fmriprep/sub-18/func/sub-18_task-heatpainwithregulationandratings_run-09_desc-confounds_timeseries.tsv	54514478a66f1ec03e09c64c1ae4aa6f8aa692203b8e67b9a067334b0647055d	sub-18		heatpainwithregulationandratings	9	run-09			1	2	1	<PROJECT_ROOT>/derivatives/fmriprep/sub-18/func/sub-18_task-heatpainwithregulationandratings_run-09_space-MNI152NLin2009cAsym_desc-preproc_bold.nii.gz	<PROJECT_ROOT>/derivatives/fmriprep/sub-18/func/sub-18_task-heatpainwithregulationandratings_run-09_desc-brain_mask.nii.gz	<PROJECT_ROOT>/derivatives/fmriprep/sub-18/func/sub-18_task-heatpainwithregulationandratings_run-09_space-MNI152NLin2009cAsym_desc-preproc_bold.json	209	208	0.13288102328966117	0.10343383359561914	0.32055967483394915	1.2361963134947564	8.653846153846153	2.8846153846153846	0.4807692307692308	18	6	1	std_dvars	208	1.8258691875000002	1.5410545	4.259325349999997	5.285467	6	24	5	46	116	0	4	8	116	116	116	55.50239234449761	0	0	0	0.0	5	150	58	209	2.0	OK	HIGH_OUTLIER_BURDEN,WARN_LOW_ESTIMATED_DOF	OK	KEEP_FOR_MAIN_BUT_SENSITIVITY_EXCLUDE_CANDIDATE	OK,HIGH_OUTLIER_BURDEN,WARN_LOW_ESTIMATED_DOF,OK	True	True
<PROJECT_ROOT>/derivatives/fmriprep/sub-19/func/sub-19_task-heatpainwithregulationandratings_run-03_desc-confounds_timeseries.tsv	2bb79f5b10065b0c5b9a2f027f9bca452a105240acae6015be37a5cf93b6323c	sub-19		heatpainwithregulationandratings	3	run-03			1	2	1	<PROJECT_ROOT>/derivatives/fmriprep/sub-19/func/sub-19_task-heatpainwithregulationandratings_run-03_space-MNI152NLin2009cAsym_desc-preproc_bold.nii.gz	<PROJECT_ROOT>/derivatives/fmriprep/sub-19/func/sub-19_task-heatpainwithregulationandratings_run-03_desc-brain_mask.nii.gz	<PROJECT_ROOT>/derivatives/fmriprep/sub-19/func/sub-19_task-heatpainwithregulationandratings_run-03_space-MNI152NLin2009cAsym_desc-preproc_bold.json	191	190	0.2899733374423591	0.18205276195003411	0.9553962113812171	2.873575217153667	43.684210526315795	11.578947368421053	4.2105263157894735	83	22	8	std_dvars	190	1.3441160894736843	1.0302275	3.3646899499999994	4.469575	6	24	4	23	55	0	4	8	55	55	55	28.79581151832461	0	0	0	0.0	5	88	102	191	2.0	WARN_FD_MEAN,BAD_FD_GT_0.5,WARN_FD_MAX	WARN_OUTLIER_BURDEN	OK	KEEP_FOR_MAIN_BUT_SENSITIVITY_EXCLUDE_CANDIDATE	WARN_FD_MEAN,BAD_FD_GT_0.5,WARN_FD_MAX,WARN_OUTLIER_BURDEN,OK	True	True
<PROJECT_ROOT>/derivatives/fmriprep/sub-19/func/sub-19_task-heatpainwithregulationandratings_run-05_desc-confounds_timeseries.tsv	6d348eaa10eb07e84a67d1fe8d5f3d97fbda84941d3f78b22a345505d4cb97d0	sub-19		heatpainwithregulationandratings	5	run-05			1	2	1	<PROJECT_ROOT>/derivatives/fmriprep/sub-19/func/sub-19_task-heatpainwithregulationandratings_run-05_space-MNI152NLin2009cAsym_desc-preproc_bold.nii.gz	<PROJECT_ROOT>/derivatives/fmriprep/sub-19/func/sub-19_task-heatpainwithregulationandratings_run-05_desc-brain_mask.nii.gz	<PROJECT_ROOT>/derivatives/fmriprep/sub-19/func/sub-19_task-heatpainwithregulationandratings_run-05_space-MNI152NLin2009cAsym_desc-preproc_bold.json	209	208	0.23783132101475102	0.1528893346364073	0.8094993831266346	1.8847111127365384	36.53846153846153	11.057692307692307	3.3653846153846154	76	23	7	std_dvars	208	1.272215995192308	1.1398985	1.97220745	3.403033	6	24	5	32	41	0	4	8	41	41	41	19.617224880382775	0	0	0	0.0	5	75	133	209	2.0	WARN_FD_MEAN,BAD_FD_GT_0.5	OK	OK	KEEP_FOR_MAIN_BUT_SENSITIVITY_EXCLUDE_CANDIDATE	WARN_FD_MEAN,BAD_FD_GT_0.5,OK,OK	True	True
<PROJECT_ROOT>/derivatives/fmriprep/sub-20/func/sub-20_task-heatpainwithregulationandratings_run-03_desc-confounds_timeseries.tsv	2da949fb98703e23046f8af920b3e8d8be5d87c217eeed518ee8444f95cc7a35	sub-20		heatpainwithregulationandratings	3	run-03			1	2	1	<PROJECT_ROOT>/derivatives/fmriprep/sub-20/func/sub-20_task-heatpainwithregulationandratings_run-03_space-MNI152NLin2009cAsym_desc-preproc_bold.nii.gz	<PROJECT_ROOT>/derivatives/fmriprep/sub-20/func/sub-20_task-heatpainwithregulationandratings_run-03_desc-brain_mask.nii.gz	<PROJECT_ROOT>/derivatives/fmriprep/sub-20/func/sub-20_task-heatpainwithregulationandratings_run-03_space-MNI152NLin2009cAsym_desc-preproc_bold.json	191	190	0.16048098859889734	0.13705321187301045	0.3022330635565184	0.8729095752492908	23.157894736842106	1.5789473684210527	0.0	44	3	0	std_dvars	190	1.624129436842105	1.44109	2.9969840999999993	4.630142	6	24	4	36	80	0	4	8	80	80	80	41.8848167539267	0	0	0	0.0	5	113	77	191	2.0	OK	HIGH_OUTLIER_BURDEN,WARN_LOW_ESTIMATED_DOF	OK	KEEP_FOR_MAIN_BUT_SENSITIVITY_EXCLUDE_CANDIDATE	OK,HIGH_OUTLIER_BURDEN,WARN_LOW_ESTIMATED_DOF,OK	True	True
<PROJECT_ROOT>/derivatives/fmriprep/sub-20/func/sub-20_task-heatpainwithregulationandratings_run-05_desc-confounds_timeseries.tsv	9f74cee227e1c03fbea52a445355b4e08d30dddc1084a17abad4ebd890ce22b0	sub-20		heatpainwithregulationandratings	5	run-05			1	2	1	<PROJECT_ROOT>/derivatives/fmriprep/sub-20/func/sub-20_task-heatpainwithregulationandratings_run-05_space-MNI152NLin2009cAsym_desc-preproc_bold.nii.gz	<PROJECT_ROOT>/derivatives/fmriprep/sub-20/func/sub-20_task-heatpainwithregulationandratings_run-05_desc-brain_mask.nii.gz	<PROJECT_ROOT>/derivatives/fmriprep/sub-20/func/sub-20_task-heatpainwithregulationandratings_run-05_space-MNI152NLin2009cAsym_desc-preproc_bold.json	209	208	0.1255567600748579	0.1051705524047068	0.2527968645624152	0.975771636837691	9.615384615384617	1.4423076923076923	0.0	20	3	0	std_dvars	208	1.4509632211538461	1.402917	2.10275205	2.356321	6	24	5	45	74	0	4	8	74	74	74	35.406698564593306	0	0	0	0.0	5	108	100	209	2.0	OK	HIGH_OUTLIER_BURDEN	OK	KEEP_FOR_MAIN_BUT_SENSITIVITY_EXCLUDE_CANDIDATE	OK,HIGH_OUTLIER_BURDEN,OK	True	True
<PROJECT_ROOT>/derivatives/fmriprep/sub-21/func/sub-21_task-heatpainwithregulationandratings_run-02_desc-confounds_timeseries.tsv	4a1165b66f4a59bd6a000001bbfe9c97daf81d2009b2c5cc670a18dd66aead6a	sub-21		heatpainwithregulationandratings	2	run-02			1	2	1	<PROJECT_ROOT>/derivatives/fmriprep/sub-21/func/sub-21_task-heatpainwithregulationandratings_run-02_space-MNI152NLin2009cAsym_desc-preproc_bold.nii.gz	<PROJECT_ROOT>/derivatives/fmriprep/sub-21/func/sub-21_task-heatpainwithregulationandratings_run-02_desc-brain_mask.nii.gz	<PROJECT_ROOT>/derivatives/fmriprep/sub-21/func/sub-21_task-heatpainwithregulationandratings_run-02_space-MNI152NLin2009cAsym_desc-preproc_bold.json	209	208	0.08137443811013682	0.07698634395578194	0.15422937764478878	0.2026137257077885	0.4807692307692308	0.0	0.0	1	0	0	std_dvars	208	2.2367965673076924	1.849317	4.4417212	6.403651	6	24	5	58	115	0	4	8	115	115	115	55.02392344497608	0	0	0	0.0	5	149	59	209	2.0	OK	HIGH_OUTLIER_BURDEN,WARN_LOW_ESTIMATED_DOF	OK	KEEP_FOR_MAIN_BUT_SENSITIVITY_EXCLUDE_CANDIDATE	OK,HIGH_OUTLIER_BURDEN,WARN_LOW_ESTIMATED_DOF,OK	True	True
<PROJECT_ROOT>/derivatives/fmriprep/sub-21/func/sub-21_task-heatpainwithregulationandratings_run-03_desc-confounds_timeseries.tsv	d5967336bfc03f0b88ae4342653f9404ffe2c52f92a141325a026b5cc82a885e	sub-21		heatpainwithregulationandratings	3	run-03			1	2	1	<PROJECT_ROOT>/derivatives/fmriprep/sub-21/func/sub-21_task-heatpainwithregulationandratings_run-03_space-MNI152NLin2009cAsym_desc-preproc_bold.nii.gz	<PROJECT_ROOT>/derivatives/fmriprep/sub-21/func/sub-21_task-heatpainwithregulationandratings_run-03_desc-brain_mask.nii.gz	<PROJECT_ROOT>/derivatives/fmriprep/sub-21/func/sub-21_task-heatpainwithregulationandratings_run-03_space-MNI152NLin2009cAsym_desc-preproc_bold.json	191	190	0.07693987128001228	0.07449687743308064	0.12765163350355724	0.1814692789528501	0.0	0.0	0.0	0	0	0	std_dvars	190	2.154091321052632	1.9742790000000001	4.582457499999996	6.077212	6	24	4	55	131	0	4	8	131	131	131	68.58638743455498	0	0	0	0.0	5	164	26	191	2.0	OK	HIGH_OUTLIER_BURDEN,SEVERE_LOW_ESTIMATED_DOF	OK	KEEP_FOR_MAIN_BUT_SENSITIVITY_EXCLUDE_CANDIDATE	OK,HIGH_OUTLIER_BURDEN,SEVERE_LOW_ESTIMATED_DOF,OK	True	True
<PROJECT_ROOT>/derivatives/fmriprep/sub-21/func/sub-21_task-heatpainwithregulationandratings_run-06_desc-confounds_timeseries.tsv	e73ee95732fd75c7cac7074a49fdbfd96e6d11339fe6d55c8f6b0d0e8b7de582	sub-21		heatpainwithregulationandratings	6	run-06			1	2	1	<PROJECT_ROOT>/derivatives/fmriprep/sub-21/func/sub-21_task-heatpainwithregulationandratings_run-06_space-MNI152NLin2009cAsym_desc-preproc_bold.nii.gz	<PROJECT_ROOT>/derivatives/fmriprep/sub-21/func/sub-21_task-heatpainwithregulationandratings_run-06_desc-brain_mask.nii.gz	<PROJECT_ROOT>/derivatives/fmriprep/sub-21/func/sub-21_task-heatpainwithregulationandratings_run-06_space-MNI152NLin2009cAsym_desc-preproc_bold.json	209	208	0.10959636229865774	0.1001349953354244	0.205348805779038	0.4804892642976371	6.25	0.0	0.0	13	0	0	std_dvars	208	1.6723130817307692	1.432871	3.5088852499999974	6.504197	6	24	5	53	86	0	4	8	86	86	86	41.14832535885167	0	0	0	0.0	5	120	88	209	2.0	OK	HIGH_OUTLIER_BURDEN,WARN_LOW_ESTIMATED_DOF	OK	KEEP_FOR_MAIN_BUT_SENSITIVITY_EXCLUDE_CANDIDATE	OK,HIGH_OUTLIER_BURDEN,WARN_LOW_ESTIMATED_DOF,OK	True	True
<PROJECT_ROOT>/derivatives/fmriprep/sub-21/func/sub-21_task-heatpainwithregulationandratings_run-08_desc-confounds_timeseries.tsv	2ccf250d25abed42ce82f91b563b24e7362a84640843f7b6fc45bfedba7f5389	sub-21		heatpainwithregulationandratings	8	run-08			1	2	1	<PROJECT_ROOT>/derivatives/fmriprep/sub-21/func/sub-21_task-heatpainwithregulationandratings_run-08_space-MNI152NLin2009cAsym_desc-preproc_bold.nii.gz	<PROJECT_ROOT>/derivatives/fmriprep/sub-21/func/sub-21_task-heatpainwithregulationandratings_run-08_desc-brain_mask.nii.gz	<PROJECT_ROOT>/derivatives/fmriprep/sub-21/func/sub-21_task-heatpainwithregulationandratings_run-08_space-MNI152NLin2009cAsym_desc-preproc_bold.json	209	208	0.09063718513521585	0.08490257877014945	0.16276799101696343	0.3792240272004392	2.403846153846154	0.0	0.0	5	0	0	std_dvars	208	1.6112021490384616	1.085968	3.6472496499999996	5.232665	6	24	5	52	75	0	4	8	75	75	75	35.88516746411483	0	0	0	0.0	5	109	99	209	2.0	OK	HIGH_OUTLIER_BURDEN,WARN_LOW_ESTIMATED_DOF	OK	KEEP_FOR_MAIN_BUT_SENSITIVITY_EXCLUDE_CANDIDATE	OK,HIGH_OUTLIER_BURDEN,WARN_LOW_ESTIMATED_DOF,OK	True	True
<PROJECT_ROOT>/derivatives/fmriprep/sub-21/func/sub-21_task-heatpainwithregulationandratings_run-09_desc-confounds_timeseries.tsv	e1ab4d6adc65c57fa0486fa08593a3f7f9b87319ceec1cf0a2d99ffcf355951a	sub-21		heatpainwithregulationandratings	9	run-09			1	2	1	<PROJECT_ROOT>/derivatives/fmriprep/sub-21/func/sub-21_task-heatpainwithregulationandratings_run-09_space-MNI152NLin2009cAsym_desc-preproc_bold.nii.gz	<PROJECT_ROOT>/derivatives/fmriprep/sub-21/func/sub-21_task-heatpainwithregulationandratings_run-09_desc-brain_mask.nii.gz	<PROJECT_ROOT>/derivatives/fmriprep/sub-21/func/sub-21_task-heatpainwithregulationandratings_run-09_space-MNI152NLin2009cAsym_desc-preproc_bold.json	209	208	0.1121359708022557	0.09866623968687979	0.21786223159747412	0.6166867763069108	6.730769230769231	0.4807692307692308	0.0	14	1	0	std_dvars	208	1.6820103701923077	1.3127939999999998	3.658586199999995	5.377778	6	24	5	54	89	0	4	8	89	89	89	42.58373205741627	0	0	0	0.0	5	123	85	209	2.0	OK	HIGH_OUTLIER_BURDEN,WARN_LOW_ESTIMATED_DOF	OK	KEEP_FOR_MAIN_BUT_SENSITIVITY_EXCLUDE_CANDIDATE	OK,HIGH_OUTLIER_BURDEN,WARN_LOW_ESTIMATED_DOF,OK	True	True
<PROJECT_ROOT>/derivatives/fmriprep/sub-22/func/sub-22_task-heatpainwithregulationandratings_run-07_desc-confounds_timeseries.tsv	6f725c765505b23d61d86734479add21f5105104688866448cced0b9c4eeed77	sub-22		heatpainwithregulationandratings	7	run-07			1	2	1	<PROJECT_ROOT>/derivatives/fmriprep/sub-22/func/sub-22_task-heatpainwithregulationandratings_run-07_space-MNI152NLin2009cAsym_desc-preproc_bold.nii.gz	<PROJECT_ROOT>/derivatives/fmriprep/sub-22/func/sub-22_task-heatpainwithregulationandratings_run-07_desc-brain_mask.nii.gz	<PROJECT_ROOT>/derivatives/fmriprep/sub-22/func/sub-22_task-heatpainwithregulationandratings_run-07_space-MNI152NLin2009cAsym_desc-preproc_bold.json	191	190	0.12464375625801591	0.10481432699309215	0.27985151524393415	0.9427231108455456	8.947368421052632	0.5263157894736842	0.0	17	1	0	std_dvars	190	1.8396740842105266	1.3370484999999999	4.203737949999999	5.757855	6	24	4	44	80	0	4	8	80	80	80	41.8848167539267	0	0	0	0.0	5	113	77	191	2.0	OK	HIGH_OUTLIER_BURDEN,WARN_LOW_ESTIMATED_DOF	OK	KEEP_FOR_MAIN_BUT_SENSITIVITY_EXCLUDE_CANDIDATE	OK,HIGH_OUTLIER_BURDEN,WARN_LOW_ESTIMATED_DOF,OK	True	True
<PROJECT_ROOT>/derivatives/fmriprep/sub-23/func/sub-23_task-heatpainwithregulationandratings_run-07_desc-confounds_timeseries.tsv	e350ab2457f2be562bce016542b538b7c98168b57110eee328237b9710b84d00	sub-23		heatpainwithregulationandratings	7	run-07			1	2	1	<PROJECT_ROOT>/derivatives/fmriprep/sub-23/func/sub-23_task-heatpainwithregulationandratings_run-07_space-MNI152NLin2009cAsym_desc-preproc_bold.nii.gz	<PROJECT_ROOT>/derivatives/fmriprep/sub-23/func/sub-23_task-heatpainwithregulationandratings_run-07_desc-brain_mask.nii.gz	<PROJECT_ROOT>/derivatives/fmriprep/sub-23/func/sub-23_task-heatpainwithregulationandratings_run-07_space-MNI152NLin2009cAsym_desc-preproc_bold.json	191	190	0.18999906750873058	0.1766806970213177	0.3799131364723909	0.4998291150524445	40.0	0.0	0.0	76	0	0	std_dvars	190	1.6046829631578945	1.40026	3.1554552999999994	4.260036	6	24	4	46	58	0	4	8	58	58	58	30.36649214659686	0	0	0	0.0	5	91	99	191	2.0	OK	WARN_OUTLIER_BURDEN,WARN_LOW_ESTIMATED_DOF	OK	KEEP_FOR_MAIN_BUT_SENSITIVITY_EXCLUDE_CANDIDATE	OK,WARN_OUTLIER_BURDEN,WARN_LOW_ESTIMATED_DOF,OK	True	True
<PROJECT_ROOT>/derivatives/fmriprep/sub-24/func/sub-24_task-heatpainwithregulationandratings_run-02_desc-confounds_timeseries.tsv	bd18b80cc54d038ab6262c939541209d36c0abdc70cf971febac4bd33cd09f9d	sub-24		heatpainwithregulationandratings	2	run-02			1	2	1	<PROJECT_ROOT>/derivatives/fmriprep/sub-24/func/sub-24_task-heatpainwithregulationandratings_run-02_space-MNI152NLin2009cAsym_desc-preproc_bold.nii.gz	<PROJECT_ROOT>/derivatives/fmriprep/sub-24/func/sub-24_task-heatpainwithregulationandratings_run-02_desc-brain_mask.nii.gz	<PROJECT_ROOT>/derivatives/fmriprep/sub-24/func/sub-24_task-heatpainwithregulationandratings_run-02_space-MNI152NLin2009cAsym_desc-preproc_bold.json	209	208	0.11815232331023676	0.1021801322458574	0.23015264206852576	0.3238140188358404	10.576923076923077	0.0	0.0	22	0	0	std_dvars	208	1.601377706730769	1.3811434999999999	3.070594949999998	3.696244	6	24	5	45	75	0	4	8	75	75	75	35.88516746411483	0	0	0	0.0	5	109	99	209	2.0	OK	HIGH_OUTLIER_BURDEN,WARN_LOW_ESTIMATED_DOF	OK	KEEP_FOR_MAIN_BUT_SENSITIVITY_EXCLUDE_CANDIDATE	OK,HIGH_OUTLIER_BURDEN,WARN_LOW_ESTIMATED_DOF,OK	True	True
<PROJECT_ROOT>/derivatives/fmriprep/sub-24/func/sub-24_task-heatpainwithregulationandratings_run-06_desc-confounds_timeseries.tsv	da2b3647a909ace8da1e4e6857281c4e9e693e31e6804023afabc4a1c196c1e4	sub-24		heatpainwithregulationandratings	6	run-06			1	2	1	<PROJECT_ROOT>/derivatives/fmriprep/sub-24/func/sub-24_task-heatpainwithregulationandratings_run-06_space-MNI152NLin2009cAsym_desc-preproc_bold.nii.gz	<PROJECT_ROOT>/derivatives/fmriprep/sub-24/func/sub-24_task-heatpainwithregulationandratings_run-06_desc-brain_mask.nii.gz	<PROJECT_ROOT>/derivatives/fmriprep/sub-24/func/sub-24_task-heatpainwithregulationandratings_run-06_space-MNI152NLin2009cAsym_desc-preproc_bold.json	209	208	0.12002560984790217	0.09400171245737975	0.3159604001852001	0.5068181553550201	13.461538461538462	0.4807692307692308	0.0	28	1	0	std_dvars	208	1.7736706201923078	1.528959	3.6500351499999995	5.275011	6	24	5	42	107	0	4	8	107	107	107	51.196172248803826	0	0	0	0.0	5	141	67	209	2.0	OK	HIGH_OUTLIER_BURDEN,WARN_LOW_ESTIMATED_DOF	OK	KEEP_FOR_MAIN_BUT_SENSITIVITY_EXCLUDE_CANDIDATE	OK,HIGH_OUTLIER_BURDEN,WARN_LOW_ESTIMATED_DOF,OK	True	True
<PROJECT_ROOT>/derivatives/fmriprep/sub-24/func/sub-24_task-heatpainwithregulationandratings_run-09_desc-confounds_timeseries.tsv	cb5f237ae0262ad06360a028e10438d296b12abb329bb9f653cbd14955fd862f	sub-24		heatpainwithregulationandratings	9	run-09			1	2	1	<PROJECT_ROOT>/derivatives/fmriprep/sub-24/func/sub-24_task-heatpainwithregulationandratings_run-09_space-MNI152NLin2009cAsym_desc-preproc_bold.nii.gz	<PROJECT_ROOT>/derivatives/fmriprep/sub-24/func/sub-24_task-heatpainwithregulationandratings_run-09_desc-brain_mask.nii.gz	<PROJECT_ROOT>/derivatives/fmriprep/sub-24/func/sub-24_task-heatpainwithregulationandratings_run-09_space-MNI152NLin2009cAsym_desc-preproc_bold.json	209	208	0.11814776288225849	0.09727155642097854	0.27803208677849	0.5289271500049495	11.538461538461538	0.4807692307692308	0.0	24	1	0	std_dvars	208	1.7705531298076924	1.5373450000000002	3.2080734499999997	5.189792	6	24	5	37	115	0	4	8	115	115	115	55.02392344497608	0	0	0	0.0	5	149	59	209	2.0	OK	HIGH_OUTLIER_BURDEN,WARN_LOW_ESTIMATED_DOF	OK	KEEP_FOR_MAIN_BUT_SENSITIVITY_EXCLUDE_CANDIDATE	OK,HIGH_OUTLIER_BURDEN,WARN_LOW_ESTIMATED_DOF,OK	True	True
<PROJECT_ROOT>/derivatives/fmriprep/sub-25/func/sub-25_task-heatpainwithregulationandratings_run-01_desc-confounds_timeseries.tsv	63b2e546f619f5fc683efe91f722509ade9fb25dff908edd6a9f7d23284a3041	sub-25		heatpainwithregulationandratings	1	run-01			1	2	1	<PROJECT_ROOT>/derivatives/fmriprep/sub-25/func/sub-25_task-heatpainwithregulationandratings_run-01_space-MNI152NLin2009cAsym_desc-preproc_bold.nii.gz	<PROJECT_ROOT>/derivatives/fmriprep/sub-25/func/sub-25_task-heatpainwithregulationandratings_run-01_desc-brain_mask.nii.gz	<PROJECT_ROOT>/derivatives/fmriprep/sub-25/func/sub-25_task-heatpainwithregulationandratings_run-01_space-MNI152NLin2009cAsym_desc-preproc_bold.json	209	208	0.257661405516496	0.1602860136507433	0.5878957602388095	5.741866215327986	34.61538461538461	6.25	1.9230769230769231	72	13	4	std_dvars	208	1.3298965528846156	1.1581035	2.053208699999999	5.132302	6	24	5	35	31	0	4	8	31	31	31	14.832535885167463	0	0	0	0.0	5	65	143	209	2.0	WARN_FD_MEAN,WARN_FD_GT_0.5,SEVERE_FD_MAX	OK	OK	EXCLUDE	WARN_FD_MEAN,WARN_FD_GT_0.5,SEVERE_FD_MAX,OK,OK	False	True
<PROJECT_ROOT>/derivatives/fmriprep/sub-25/func/sub-25_task-heatpainwithregulationandratings_run-02_desc-confounds_timeseries.tsv	3aa8caae0fe0fc05e9d0908bcb1f2bb2e09111e171e3a31f4631a81fce015d52	sub-25		heatpainwithregulationandratings	2	run-02			1	2	1	<PROJECT_ROOT>/derivatives/fmriprep/sub-25/func/sub-25_task-heatpainwithregulationandratings_run-02_space-MNI152NLin2009cAsym_desc-preproc_bold.nii.gz	<PROJECT_ROOT>/derivatives/fmriprep/sub-25/func/sub-25_task-heatpainwithregulationandratings_run-02_desc-brain_mask.nii.gz	<PROJECT_ROOT>/derivatives/fmriprep/sub-25/func/sub-25_task-heatpainwithregulationandratings_run-02_space-MNI152NLin2009cAsym_desc-preproc_bold.json	209	208	0.08583708065267781	0.07902122541728951	0.16140930144991847	0.233346346366244	1.9230769230769231	0.0	0.0	4	0	0	std_dvars	208	1.910743004807692	1.8127010000000001	2.907640549999998	3.530733	6	24	5	64	161	0	4	8	161	161	161	77.03349282296651	0	0	0	0.0	5	195	13	209	2.0	OK	HIGH_OUTLIER_BURDEN,SEVERE_LOW_ESTIMATED_DOF	OK	KEEP_FOR_MAIN_BUT_SENSITIVITY_EXCLUDE_CANDIDATE	OK,HIGH_OUTLIER_BURDEN,SEVERE_LOW_ESTIMATED_DOF,OK	True	True
<PROJECT_ROOT>/derivatives/fmriprep/sub-25/func/sub-25_task-heatpainwithregulationandratings_run-03_desc-confounds_timeseries.tsv	ad5f5a2e58d5222cef9c40d4bd837ed04ddb740ea910aed1ed1ffc0c9f1d7b71	sub-25		heatpainwithregulationandratings	3	run-03			1	2	1	<PROJECT_ROOT>/derivatives/fmriprep/sub-25/func/sub-25_task-heatpainwithregulationandratings_run-03_space-MNI152NLin2009cAsym_desc-preproc_bold.nii.gz	<PROJECT_ROOT>/derivatives/fmriprep/sub-25/func/sub-25_task-heatpainwithregulationandratings_run-03_desc-brain_mask.nii.gz	<PROJECT_ROOT>/derivatives/fmriprep/sub-25/func/sub-25_task-heatpainwithregulationandratings_run-03_space-MNI152NLin2009cAsym_desc-preproc_bold.json	191	190	0.1229044852745677	0.08974734467956605	0.32519674323011566	0.5941023343286733	13.157894736842104	2.1052631578947367	0.0	25	4	0	std_dvars	190	1.5368272263157896	1.4193675	2.5284797999999995	3.774013	6	24	4	52	72	0	4	8	72	72	72	37.696335078534034	0	0	0	0.0	5	105	85	191	2.0	OK	HIGH_OUTLIER_BURDEN,WARN_LOW_ESTIMATED_DOF	OK	KEEP_FOR_MAIN_BUT_SENSITIVITY_EXCLUDE_CANDIDATE	OK,HIGH_OUTLIER_BURDEN,WARN_LOW_ESTIMATED_DOF,OK	True	True
<PROJECT_ROOT>/derivatives/fmriprep/sub-25/func/sub-25_task-heatpainwithregulationandratings_run-04_desc-confounds_timeseries.tsv	5d16c120117d6973fbe08a03229b62a7596bf87daf414c119eda683e2827f7d0	sub-25		heatpainwithregulationandratings	4	run-04			1	2	1	<PROJECT_ROOT>/derivatives/fmriprep/sub-25/func/sub-25_task-heatpainwithregulationandratings_run-04_space-MNI152NLin2009cAsym_desc-preproc_bold.nii.gz	<PROJECT_ROOT>/derivatives/fmriprep/sub-25/func/sub-25_task-heatpainwithregulationandratings_run-04_desc-brain_mask.nii.gz	<PROJECT_ROOT>/derivatives/fmriprep/sub-25/func/sub-25_task-heatpainwithregulationandratings_run-04_space-MNI152NLin2009cAsym_desc-preproc_bold.json	209	208	0.11801914499019374	0.0941503636636766	0.2807732759781024	0.6907085030761445	12.01923076923077	0.4807692307692308	0.0	25	1	0	std_dvars	208	1.6269914423076923	1.5066835	2.4586362	3.288899	6	24	5	56	109	1	4	8	109	109	109	52.15311004784689	1	1	1	0.4784688995215311	5	144	64	209	2.0	OK	HIGH_OUTLIER_BURDEN,WARN_LOW_ESTIMATED_DOF	OK	KEEP_FOR_MAIN_BUT_SENSITIVITY_EXCLUDE_CANDIDATE	OK,HIGH_OUTLIER_BURDEN,WARN_LOW_ESTIMATED_DOF,OK	True	True
<PROJECT_ROOT>/derivatives/fmriprep/sub-25/func/sub-25_task-heatpainwithregulationandratings_run-05_desc-confounds_timeseries.tsv	f5ff1b38340bf2040443eb790d2f0aea4487c549e320c76c1da0dde2cb2ae451	sub-25		heatpainwithregulationandratings	5	run-05			1	2	1	<PROJECT_ROOT>/derivatives/fmriprep/sub-25/func/sub-25_task-heatpainwithregulationandratings_run-05_space-MNI152NLin2009cAsym_desc-preproc_bold.nii.gz	<PROJECT_ROOT>/derivatives/fmriprep/sub-25/func/sub-25_task-heatpainwithregulationandratings_run-05_desc-brain_mask.nii.gz	<PROJECT_ROOT>/derivatives/fmriprep/sub-25/func/sub-25_task-heatpainwithregulationandratings_run-05_space-MNI152NLin2009cAsym_desc-preproc_bold.json	209	208	0.1515930619943046	0.10897124584121815	0.35178134835302866	1.7703688148964851	18.269230769230766	1.9230769230769231	0.9615384615384616	38	4	2	std_dvars	208	1.861959514423077	1.627608	3.1878626	4.398532	6	24	5	52	119	0	4	8	119	119	119	56.9377990430622	0	0	0	0.0	5	153	55	209	2.0	OK	HIGH_OUTLIER_BURDEN,WARN_LOW_ESTIMATED_DOF	OK	KEEP_FOR_MAIN_BUT_SENSITIVITY_EXCLUDE_CANDIDATE	OK,HIGH_OUTLIER_BURDEN,WARN_LOW_ESTIMATED_DOF,OK	True	True
<PROJECT_ROOT>/derivatives/fmriprep/sub-25/func/sub-25_task-heatpainwithregulationandratings_run-06_desc-confounds_timeseries.tsv	629a7c344da3e396a54ac1e8ca17ccd689bb541e690904d6fbfab190bb14de04	sub-25		heatpainwithregulationandratings	6	run-06			1	2	1	<PROJECT_ROOT>/derivatives/fmriprep/sub-25/func/sub-25_task-heatpainwithregulationandratings_run-06_space-MNI152NLin2009cAsym_desc-preproc_bold.nii.gz	<PROJECT_ROOT>/derivatives/fmriprep/sub-25/func/sub-25_task-heatpainwithregulationandratings_run-06_desc-brain_mask.nii.gz	<PROJECT_ROOT>/derivatives/fmriprep/sub-25/func/sub-25_task-heatpainwithregulationandratings_run-06_space-MNI152NLin2009cAsym_desc-preproc_bold.json	209	208	0.1388644154918421	0.1102469977367172	0.32672593206450373	0.7984532078629774	15.865384615384615	2.8846153846153846	0.0	33	6	0	std_dvars	208	1.739544807692308	1.5965085	2.988984949999997	4.105809	6	24	5	58	120	0	4	8	120	120	120	57.41626794258373	0	0	0	0.0	5	154	54	209	2.0	OK	HIGH_OUTLIER_BURDEN,WARN_LOW_ESTIMATED_DOF	OK	KEEP_FOR_MAIN_BUT_SENSITIVITY_EXCLUDE_CANDIDATE	OK,HIGH_OUTLIER_BURDEN,WARN_LOW_ESTIMATED_DOF,OK	True	True
<PROJECT_ROOT>/derivatives/fmriprep/sub-25/func/sub-25_task-heatpainwithregulationandratings_run-07_desc-confounds_timeseries.tsv	120803c55c7b07d6fd8e2f55e5bfb3c95b4f37ad48c267a4a41e6a8ae7501a72	sub-25		heatpainwithregulationandratings	7	run-07			1	2	1	<PROJECT_ROOT>/derivatives/fmriprep/sub-25/func/sub-25_task-heatpainwithregulationandratings_run-07_space-MNI152NLin2009cAsym_desc-preproc_bold.nii.gz	<PROJECT_ROOT>/derivatives/fmriprep/sub-25/func/sub-25_task-heatpainwithregulationandratings_run-07_desc-brain_mask.nii.gz	<PROJECT_ROOT>/derivatives/fmriprep/sub-25/func/sub-25_task-heatpainwithregulationandratings_run-07_space-MNI152NLin2009cAsym_desc-preproc_bold.json	191	190	0.26062340243169413	0.173590047884763	0.7566881823619425	1.605968136410505	43.684210526315795	12.631578947368421	1.5789473684210527	83	24	3	std_dvars	190	1.2864012368421052	1.1193870000000001	1.9637064499999992	6.053664	6	24	4	33	47	0	4	8	47	47	47	24.60732984293194	0	0	0	0.0	5	80	110	191	2.0	WARN_FD_MEAN,BAD_FD_GT_0.5	WARN_OUTLIER_BURDEN	OK	KEEP_FOR_MAIN_BUT_SENSITIVITY_EXCLUDE_CANDIDATE	WARN_FD_MEAN,BAD_FD_GT_0.5,WARN_OUTLIER_BURDEN,OK	True	True
<PROJECT_ROOT>/derivatives/fmriprep/sub-25/func/sub-25_task-heatpainwithregulationandratings_run-08_desc-confounds_timeseries.tsv	925a383626ddf2def536e1f25db216eb1e9b8ff5e863edf87c796f6f373119c2	sub-25		heatpainwithregulationandratings	8	run-08			1	2	1	<PROJECT_ROOT>/derivatives/fmriprep/sub-25/func/sub-25_task-heatpainwithregulationandratings_run-08_space-MNI152NLin2009cAsym_desc-preproc_bold.nii.gz	<PROJECT_ROOT>/derivatives/fmriprep/sub-25/func/sub-25_task-heatpainwithregulationandratings_run-08_desc-brain_mask.nii.gz	<PROJECT_ROOT>/derivatives/fmriprep/sub-25/func/sub-25_task-heatpainwithregulationandratings_run-08_space-MNI152NLin2009cAsym_desc-preproc_bold.json	209	208	0.13869950077957058	0.1129030052487423	0.3467754240272509	0.6588969356004292	19.230769230769234	0.9615384615384616	0.0	40	2	0	std_dvars	208	1.6173522980769233	1.4860055	2.6112166999999977	3.467939	6	24	5	55	101	0	4	8	101	101	101	48.32535885167464	0	0	0	0.0	5	135	73	209	2.0	OK	HIGH_OUTLIER_BURDEN,WARN_LOW_ESTIMATED_DOF	OK	KEEP_FOR_MAIN_BUT_SENSITIVITY_EXCLUDE_CANDIDATE	OK,HIGH_OUTLIER_BURDEN,WARN_LOW_ESTIMATED_DOF,OK	True	True
<PROJECT_ROOT>/derivatives/fmriprep/sub-26/func/sub-26_task-heatpainwithregulationandratings_run-06_desc-confounds_timeseries.tsv	6d07d0139951fe8bdaed303ced5dd4d570fd350a3159c1ed29b915a017b23d16	sub-26		heatpainwithregulationandratings	6	run-06			1	2	1	<PROJECT_ROOT>/derivatives/fmriprep/sub-26/func/sub-26_task-heatpainwithregulationandratings_run-06_space-MNI152NLin2009cAsym_desc-preproc_bold.nii.gz	<PROJECT_ROOT>/derivatives/fmriprep/sub-26/func/sub-26_task-heatpainwithregulationandratings_run-06_desc-brain_mask.nii.gz	<PROJECT_ROOT>/derivatives/fmriprep/sub-26/func/sub-26_task-heatpainwithregulationandratings_run-06_space-MNI152NLin2009cAsym_desc-preproc_bold.json	209	208	0.11002888964270183	0.09534111706446599	0.25407760123847556	0.3758572819176779	9.134615384615383	0.0	0.0	19	0	0	std_dvars	208	1.5354258173076922	1.3352255	2.739136549999998	3.61789	6	24	5	47	78	0	4	8	78	78	78	37.32057416267943	0	0	0	0.0	5	112	96	209	2.0	OK	HIGH_OUTLIER_BURDEN,WARN_LOW_ESTIMATED_DOF	OK	KEEP_FOR_MAIN_BUT_SENSITIVITY_EXCLUDE_CANDIDATE	OK,HIGH_OUTLIER_BURDEN,WARN_LOW_ESTIMATED_DOF,OK	True	True
<PROJECT_ROOT>/derivatives/fmriprep/sub-26/func/sub-26_task-heatpainwithregulationandratings_run-07_desc-confounds_timeseries.tsv	7ed354d3e0b9e41bb98f5b8498c4d3550c038d2f186e40315db6dc43223adce4	sub-26		heatpainwithregulationandratings	7	run-07			1	2	1	<PROJECT_ROOT>/derivatives/fmriprep/sub-26/func/sub-26_task-heatpainwithregulationandratings_run-07_space-MNI152NLin2009cAsym_desc-preproc_bold.nii.gz	<PROJECT_ROOT>/derivatives/fmriprep/sub-26/func/sub-26_task-heatpainwithregulationandratings_run-07_desc-brain_mask.nii.gz	<PROJECT_ROOT>/derivatives/fmriprep/sub-26/func/sub-26_task-heatpainwithregulationandratings_run-07_space-MNI152NLin2009cAsym_desc-preproc_bold.json	191	190	0.11972733865443776	0.10472385745601245	0.24842210550467744	0.4129907602947838	10.0	0.0	0.0	19	0	0	std_dvars	190	1.6883518736842105	1.4936574999999999	3.1302384499999993	4.070831	6	24	4	44	94	0	4	8	94	94	94	49.21465968586388	0	0	0	0.0	5	127	63	191	2.0	OK	HIGH_OUTLIER_BURDEN,WARN_LOW_ESTIMATED_DOF	OK	KEEP_FOR_MAIN_BUT_SENSITIVITY_EXCLUDE_CANDIDATE	OK,HIGH_OUTLIER_BURDEN,WARN_LOW_ESTIMATED_DOF,OK	True	True
<PROJECT_ROOT>/derivatives/fmriprep/sub-26/func/sub-26_task-heatpainwithregulationandratings_run-08_desc-confounds_timeseries.tsv	97ace9fc3ab3e7fafca59bb87a7635a7f1842eb404bce5c0b634c423f68e1e5c	sub-26		heatpainwithregulationandratings	8	run-08			1	2	1	<PROJECT_ROOT>/derivatives/fmriprep/sub-26/func/sub-26_task-heatpainwithregulationandratings_run-08_space-MNI152NLin2009cAsym_desc-preproc_bold.nii.gz	<PROJECT_ROOT>/derivatives/fmriprep/sub-26/func/sub-26_task-heatpainwithregulationandratings_run-08_desc-brain_mask.nii.gz	<PROJECT_ROOT>/derivatives/fmriprep/sub-26/func/sub-26_task-heatpainwithregulationandratings_run-08_space-MNI152NLin2009cAsym_desc-preproc_bold.json	209	208	0.10542513667252902	0.09181398086222335	0.2079465804502306	0.4648995558608947	6.730769230769231	0.0	0.0	14	0	0	std_dvars	208	1.6918943605769232	1.4807175	3.1636720999999963	3.671438	6	24	5	44	100	0	4	8	100	100	100	47.84688995215311	0	0	0	0.0	5	134	74	209	2.0	OK	HIGH_OUTLIER_BURDEN,WARN_LOW_ESTIMATED_DOF	OK	KEEP_FOR_MAIN_BUT_SENSITIVITY_EXCLUDE_CANDIDATE	OK,HIGH_OUTLIER_BURDEN,WARN_LOW_ESTIMATED_DOF,OK	True	True
<PROJECT_ROOT>/derivatives/fmriprep/sub-27/func/sub-27_task-heatpainwithregulationandratings_run-01_desc-confounds_timeseries.tsv	68284a1bdf456ffef758b3963ff83b1df0d284f5d5cc83606a2bfc18712e7338	sub-27		heatpainwithregulationandratings	1	run-01			1	2	1	<PROJECT_ROOT>/derivatives/fmriprep/sub-27/func/sub-27_task-heatpainwithregulationandratings_run-01_space-MNI152NLin2009cAsym_desc-preproc_bold.nii.gz	<PROJECT_ROOT>/derivatives/fmriprep/sub-27/func/sub-27_task-heatpainwithregulationandratings_run-01_desc-brain_mask.nii.gz	<PROJECT_ROOT>/derivatives/fmriprep/sub-27/func/sub-27_task-heatpainwithregulationandratings_run-01_space-MNI152NLin2009cAsym_desc-preproc_bold.json	209	208	0.13746795167233364	0.11250412057442885	0.27060090297332434	1.1327675346158717	13.942307692307693	0.9615384615384616	0.4807692307692308	29	2	1	std_dvars	208	2.0206835625	1.8138714999999999	4.069675	5.465817	6	24	5	52	131	0	4	8	131	131	131	62.67942583732058	0	0	0	0.0	5	165	43	209	2.0	OK	HIGH_OUTLIER_BURDEN,SEVERE_LOW_ESTIMATED_DOF	OK	KEEP_FOR_MAIN_BUT_SENSITIVITY_EXCLUDE_CANDIDATE	OK,HIGH_OUTLIER_BURDEN,SEVERE_LOW_ESTIMATED_DOF,OK	True	True
<PROJECT_ROOT>/derivatives/fmriprep/sub-27/func/sub-27_task-heatpainwithregulationandratings_run-02_desc-confounds_timeseries.tsv	9346190caaf5ca6fe9d4d64b74efb6dfe70092fe9a28419fdf4c82a4983a2d83	sub-27		heatpainwithregulationandratings	2	run-02			1	2	1	<PROJECT_ROOT>/derivatives/fmriprep/sub-27/func/sub-27_task-heatpainwithregulationandratings_run-02_space-MNI152NLin2009cAsym_desc-preproc_bold.nii.gz	<PROJECT_ROOT>/derivatives/fmriprep/sub-27/func/sub-27_task-heatpainwithregulationandratings_run-02_desc-brain_mask.nii.gz	<PROJECT_ROOT>/derivatives/fmriprep/sub-27/func/sub-27_task-heatpainwithregulationandratings_run-02_space-MNI152NLin2009cAsym_desc-preproc_bold.json	209	208	0.17467561432515527	0.14400870532526183	0.37579242825408066	1.5296233393138885	20.192307692307693	3.8461538461538463	0.9615384615384616	42	8	2	std_dvars	208	1.4907040048076925	1.2656524999999998	3.144329249999999	4.087924	6	24	5	42	78	0	4	8	78	78	78	37.32057416267943	0	0	0	0.0	5	112	96	209	2.0	OK	HIGH_OUTLIER_BURDEN,WARN_LOW_ESTIMATED_DOF	OK	KEEP_FOR_MAIN_BUT_SENSITIVITY_EXCLUDE_CANDIDATE	OK,HIGH_OUTLIER_BURDEN,WARN_LOW_ESTIMATED_DOF,OK	True	True
<PROJECT_ROOT>/derivatives/fmriprep/sub-27/func/sub-27_task-heatpainwithregulationandratings_run-03_desc-confounds_timeseries.tsv	96d9237ee6ebae629f84b7e2805792b401cfaf6716f7df5f268b47620f3db1f0	sub-27		heatpainwithregulationandratings	3	run-03			1	2	1	<PROJECT_ROOT>/derivatives/fmriprep/sub-27/func/sub-27_task-heatpainwithregulationandratings_run-03_space-MNI152NLin2009cAsym_desc-preproc_bold.nii.gz	<PROJECT_ROOT>/derivatives/fmriprep/sub-27/func/sub-27_task-heatpainwithregulationandratings_run-03_desc-brain_mask.nii.gz	<PROJECT_ROOT>/derivatives/fmriprep/sub-27/func/sub-27_task-heatpainwithregulationandratings_run-03_space-MNI152NLin2009cAsym_desc-preproc_bold.json	191	190	0.1541138506005515	0.12420298013332165	0.3266480321283058	1.078944222295748	17.36842105263158	2.1052631578947367	0.5263157894736842	33	4	1	std_dvars	190	1.663870605263158	1.58827	2.6348997	6.213345	6	24	4	40	111	0	4	8	111	111	111	58.1151832460733	0	0	0	0.0	5	144	46	191	2.0	OK	HIGH_OUTLIER_BURDEN,SEVERE_LOW_ESTIMATED_DOF	OK	KEEP_FOR_MAIN_BUT_SENSITIVITY_EXCLUDE_CANDIDATE	OK,HIGH_OUTLIER_BURDEN,SEVERE_LOW_ESTIMATED_DOF,OK	True	True
<PROJECT_ROOT>/derivatives/fmriprep/sub-27/func/sub-27_task-heatpainwithregulationandratings_run-08_desc-confounds_timeseries.tsv	7d71795bfc83fab31922e7b0c8e05c1c4ee5e45f6a1b8fd5cb60636014960f18	sub-27		heatpainwithregulationandratings	8	run-08			1	2	1	<PROJECT_ROOT>/derivatives/fmriprep/sub-27/func/sub-27_task-heatpainwithregulationandratings_run-08_space-MNI152NLin2009cAsym_desc-preproc_bold.nii.gz	<PROJECT_ROOT>/derivatives/fmriprep/sub-27/func/sub-27_task-heatpainwithregulationandratings_run-08_desc-brain_mask.nii.gz	<PROJECT_ROOT>/derivatives/fmriprep/sub-27/func/sub-27_task-heatpainwithregulationandratings_run-08_space-MNI152NLin2009cAsym_desc-preproc_bold.json	209	208	0.1588818278469431	0.13250897663541134	0.33058905220956686	1.147319882008805	22.596153846153847	0.9615384615384616	0.4807692307692308	47	2	1	std_dvars	208	1.640748658653846	1.4949025	2.7797840499999964	5.114994	6	24	5	43	104	0	4	8	104	104	104	49.760765550239235	0	0	0	0.0	5	138	70	209	2.0	OK	HIGH_OUTLIER_BURDEN,WARN_LOW_ESTIMATED_DOF	OK	KEEP_FOR_MAIN_BUT_SENSITIVITY_EXCLUDE_CANDIDATE	OK,HIGH_OUTLIER_BURDEN,WARN_LOW_ESTIMATED_DOF,OK	True	True
<PROJECT_ROOT>/derivatives/fmriprep/sub-27/func/sub-27_task-heatpainwithregulationandratings_run-09_desc-confounds_timeseries.tsv	e81e411a185eee510b86651c42fb37328c17341fe9ae733d044fc4d5b267f791	sub-27		heatpainwithregulationandratings	9	run-09			1	2	1	<PROJECT_ROOT>/derivatives/fmriprep/sub-27/func/sub-27_task-heatpainwithregulationandratings_run-09_space-MNI152NLin2009cAsym_desc-preproc_bold.nii.gz	<PROJECT_ROOT>/derivatives/fmriprep/sub-27/func/sub-27_task-heatpainwithregulationandratings_run-09_desc-brain_mask.nii.gz	<PROJECT_ROOT>/derivatives/fmriprep/sub-27/func/sub-27_task-heatpainwithregulationandratings_run-09_space-MNI152NLin2009cAsym_desc-preproc_bold.json	209	208	0.16610411497202163	0.13232186579259803	0.43266887685451305	0.8939571203853082	24.519230769230766	3.8461538461538463	0.0	51	8	0	std_dvars	208	1.6530176923076922	1.393985	3.3362903999999998	4.992205	6	24	5	45	84	0	4	8	84	84	84	40.19138755980861	0	0	0	0.0	5	118	90	209	2.0	OK	HIGH_OUTLIER_BURDEN,WARN_LOW_ESTIMATED_DOF	OK	KEEP_FOR_MAIN_BUT_SENSITIVITY_EXCLUDE_CANDIDATE	OK,HIGH_OUTLIER_BURDEN,WARN_LOW_ESTIMATED_DOF,OK	True	True
<PROJECT_ROOT>/derivatives/fmriprep/sub-28/func/sub-28_task-heatpainwithregulationandratings_run-01_desc-confounds_timeseries.tsv	5fadd13990ca38540eb8d9a587a86e9b1560b8b6b8ca54ce7d0b8af42378b7d9	sub-28		heatpainwithregulationandratings	1	run-01			1	2	1	<PROJECT_ROOT>/derivatives/fmriprep/sub-28/func/sub-28_task-heatpainwithregulationandratings_run-01_space-MNI152NLin2009cAsym_desc-preproc_bold.nii.gz	<PROJECT_ROOT>/derivatives/fmriprep/sub-28/func/sub-28_task-heatpainwithregulationandratings_run-01_desc-brain_mask.nii.gz	<PROJECT_ROOT>/derivatives/fmriprep/sub-28/func/sub-28_task-heatpainwithregulationandratings_run-01_space-MNI152NLin2009cAsym_desc-preproc_bold.json	209	208	0.17958003410898649	0.16402984472181315	0.32364848060572177	0.6608342181913389	30.76923076923077	1.4423076923076923	0.0	64	3	0	std_dvars	208	1.7805717548076923	1.7443555	2.637508449999998	3.379358	6	24	5	47	145	0	4	8	145	145	145	69.377990430622	0	0	0	0.0	5	179	29	209	2.0	OK	HIGH_OUTLIER_BURDEN,SEVERE_LOW_ESTIMATED_DOF	OK	KEEP_FOR_MAIN_BUT_SENSITIVITY_EXCLUDE_CANDIDATE	OK,HIGH_OUTLIER_BURDEN,SEVERE_LOW_ESTIMATED_DOF,OK	True	True
<PROJECT_ROOT>/derivatives/fmriprep/sub-28/func/sub-28_task-heatpainwithregulationandratings_run-02_desc-confounds_timeseries.tsv	88d353078c3a333fe72ce8f29045d1ba5fdfc62179b1f8dbe1606f956ea9de00	sub-28		heatpainwithregulationandratings	2	run-02			1	2	1	<PROJECT_ROOT>/derivatives/fmriprep/sub-28/func/sub-28_task-heatpainwithregulationandratings_run-02_space-MNI152NLin2009cAsym_desc-preproc_bold.nii.gz	<PROJECT_ROOT>/derivatives/fmriprep/sub-28/func/sub-28_task-heatpainwithregulationandratings_run-02_desc-brain_mask.nii.gz	<PROJECT_ROOT>/derivatives/fmriprep/sub-28/func/sub-28_task-heatpainwithregulationandratings_run-02_space-MNI152NLin2009cAsym_desc-preproc_bold.json	209	208	0.1732861162310666	0.1674072676146277	0.3015694080222552	0.4842495605305814	35.57692307692308	0.0	0.0	74	0	0	std_dvars	208	1.6194595432692307	1.4717159999999998	2.5693398999999997	2.750735	6	24	5	51	103	0	4	8	103	103	103	49.282296650717704	0	0	0	0.0	5	137	71	209	2.0	OK	HIGH_OUTLIER_BURDEN,WARN_LOW_ESTIMATED_DOF	OK	KEEP_FOR_MAIN_BUT_SENSITIVITY_EXCLUDE_CANDIDATE	OK,HIGH_OUTLIER_BURDEN,WARN_LOW_ESTIMATED_DOF,OK	True	True
<PROJECT_ROOT>/derivatives/fmriprep/sub-28/func/sub-28_task-heatpainwithregulationandratings_run-04_desc-confounds_timeseries.tsv	ea628016f867538913fe01546ab0713a79efec0f80e3b2ea813512c8af0fc682	sub-28		heatpainwithregulationandratings	4	run-04			1	2	1	<PROJECT_ROOT>/derivatives/fmriprep/sub-28/func/sub-28_task-heatpainwithregulationandratings_run-04_space-MNI152NLin2009cAsym_desc-preproc_bold.nii.gz	<PROJECT_ROOT>/derivatives/fmriprep/sub-28/func/sub-28_task-heatpainwithregulationandratings_run-04_desc-brain_mask.nii.gz	<PROJECT_ROOT>/derivatives/fmriprep/sub-28/func/sub-28_task-heatpainwithregulationandratings_run-04_space-MNI152NLin2009cAsym_desc-preproc_bold.json	209	208	0.213427130051576	0.1706647131317835	0.5073510572286729	1.7189751833208864	35.09615384615385	5.288461538461538	0.9615384615384616	73	11	2	std_dvars	208	1.9707409375000002	1.883537	2.957419249999997	3.681022	6	24	5	44	162	0	4	8	162	162	162	77.51196172248804	0	0	0	0.0	5	196	12	209	2.0	WARN_FD_MEAN,WARN_FD_GT_0.5	HIGH_OUTLIER_BURDEN,SEVERE_LOW_ESTIMATED_DOF	OK	KEEP_FOR_MAIN_BUT_SENSITIVITY_EXCLUDE_CANDIDATE	WARN_FD_MEAN,WARN_FD_GT_0.5,HIGH_OUTLIER_BURDEN,SEVERE_LOW_ESTIMATED_DOF,OK	True	True
<PROJECT_ROOT>/derivatives/fmriprep/sub-28/func/sub-28_task-heatpainwithregulationandratings_run-08_desc-confounds_timeseries.tsv	9d489490028dc0f689ae55b7d8d09e4facf8daf943e39520ab1157ec4c17ec1b	sub-28		heatpainwithregulationandratings	8	run-08			1	2	1	<PROJECT_ROOT>/derivatives/fmriprep/sub-28/func/sub-28_task-heatpainwithregulationandratings_run-08_space-MNI152NLin2009cAsym_desc-preproc_bold.nii.gz	<PROJECT_ROOT>/derivatives/fmriprep/sub-28/func/sub-28_task-heatpainwithregulationandratings_run-08_desc-brain_mask.nii.gz	<PROJECT_ROOT>/derivatives/fmriprep/sub-28/func/sub-28_task-heatpainwithregulationandratings_run-08_space-MNI152NLin2009cAsym_desc-preproc_bold.json	209	208	0.19136811322067812	0.18070198526629933	0.3627598399970983	0.6912371804651598	39.90384615384615	1.4423076923076923	0.0	83	3	0	std_dvars	208	1.4928729278846153	1.4673595000000001	2.1573501999999998	2.614521	6	24	5	47	96	0	4	8	96	96	96	45.933014354066984	0	0	0	0.0	5	130	78	209	2.0	OK	HIGH_OUTLIER_BURDEN,WARN_LOW_ESTIMATED_DOF	OK	KEEP_FOR_MAIN_BUT_SENSITIVITY_EXCLUDE_CANDIDATE	OK,HIGH_OUTLIER_BURDEN,WARN_LOW_ESTIMATED_DOF,OK	True	True
<PROJECT_ROOT>/derivatives/fmriprep/sub-28/func/sub-28_task-heatpainwithregulationandratings_run-09_desc-confounds_timeseries.tsv	2a60fb830339d7e777cd161eda40c803a81270a44cd03422509105eb211a53c2	sub-28		heatpainwithregulationandratings	9	run-09			1	2	1	<PROJECT_ROOT>/derivatives/fmriprep/sub-28/func/sub-28_task-heatpainwithregulationandratings_run-09_space-MNI152NLin2009cAsym_desc-preproc_bold.nii.gz	<PROJECT_ROOT>/derivatives/fmriprep/sub-28/func/sub-28_task-heatpainwithregulationandratings_run-09_desc-brain_mask.nii.gz	<PROJECT_ROOT>/derivatives/fmriprep/sub-28/func/sub-28_task-heatpainwithregulationandratings_run-09_space-MNI152NLin2009cAsym_desc-preproc_bold.json	209	208	0.21744443593151427	0.18749485414502184	0.47455214914288624	0.7566782237225748	44.230769230769226	4.326923076923077	0.0	92	9	0	std_dvars	208	1.557049235576923	1.399902	2.655992149999999	3.915112	6	24	5	44	86	0	4	8	86	86	86	41.14832535885167	0	0	0	0.0	5	120	88	209	2.0	WARN_FD_MEAN	HIGH_OUTLIER_BURDEN,WARN_LOW_ESTIMATED_DOF	OK	KEEP_FOR_MAIN_BUT_SENSITIVITY_EXCLUDE_CANDIDATE	WARN_FD_MEAN,HIGH_OUTLIER_BURDEN,WARN_LOW_ESTIMATED_DOF,OK	True	True
<PROJECT_ROOT>/derivatives/fmriprep/sub-29/func/sub-29_task-heatpainwithregulationandratings_run-02_desc-confounds_timeseries.tsv	04d6ff81b4ca9fa9c0e4b2e5981730093832bb009a6d736f84a7469d8bcef6aa	sub-29		heatpainwithregulationandratings	2	run-02			1	2	1	<PROJECT_ROOT>/derivatives/fmriprep/sub-29/func/sub-29_task-heatpainwithregulationandratings_run-02_space-MNI152NLin2009cAsym_desc-preproc_bold.nii.gz	<PROJECT_ROOT>/derivatives/fmriprep/sub-29/func/sub-29_task-heatpainwithregulationandratings_run-02_desc-brain_mask.nii.gz	<PROJECT_ROOT>/derivatives/fmriprep/sub-29/func/sub-29_task-heatpainwithregulationandratings_run-02_space-MNI152NLin2009cAsym_desc-preproc_bold.json	209	208	0.3462799091273356	0.27088137616896957	0.7104275181527694	2.8529802692835644	76.4423076923077	14.903846153846153	1.9230769230769231	159	31	4	std_dvars	208	1.3697575192307692	1.1837495	2.8834626499999985	3.8318	6	24	5	30	55	0	4	8	55	55	55	26.31578947368421	0	0	0	0.0	5	89	119	209	2.0	BAD_FD_MEAN,BAD_FD_GT_0.5,WARN_FD_MAX	WARN_OUTLIER_BURDEN	OK	KEEP_FOR_MAIN_BUT_SENSITIVITY_EXCLUDE_CANDIDATE	BAD_FD_MEAN,BAD_FD_GT_0.5,WARN_FD_MAX,WARN_OUTLIER_BURDEN,OK	True	True
<PROJECT_ROOT>/derivatives/fmriprep/sub-29/func/sub-29_task-heatpainwithregulationandratings_run-03_desc-confounds_timeseries.tsv	9930e9b27e3a4b7228e66de8cbf05061b882567f2e9de91db86ee04c576b4cd6	sub-29		heatpainwithregulationandratings	3	run-03			1	2	1	<PROJECT_ROOT>/derivatives/fmriprep/sub-29/func/sub-29_task-heatpainwithregulationandratings_run-03_space-MNI152NLin2009cAsym_desc-preproc_bold.nii.gz	<PROJECT_ROOT>/derivatives/fmriprep/sub-29/func/sub-29_task-heatpainwithregulationandratings_run-03_desc-brain_mask.nii.gz	<PROJECT_ROOT>/derivatives/fmriprep/sub-29/func/sub-29_task-heatpainwithregulationandratings_run-03_space-MNI152NLin2009cAsym_desc-preproc_bold.json	191	190	0.299184017868133	0.2398709607865004	0.7028472374722573	1.6479293229046774	61.578947368421055	13.157894736842104	1.0526315789473684	117	25	2	std_dvars	190	1.3348921263157894	1.144296	2.448885599999999	3.685826	6	24	4	38	62	0	4	8	62	62	62	32.460732984293195	0	0	0	0.0	5	95	95	191	2.0	WARN_FD_MEAN,BAD_FD_GT_0.5	WARN_OUTLIER_BURDEN,WARN_LOW_ESTIMATED_DOF	OK	KEEP_FOR_MAIN_BUT_SENSITIVITY_EXCLUDE_CANDIDATE	WARN_FD_MEAN,BAD_FD_GT_0.5,WARN_OUTLIER_BURDEN,WARN_LOW_ESTIMATED_DOF,OK	True	True
<PROJECT_ROOT>/derivatives/fmriprep/sub-29/func/sub-29_task-heatpainwithregulationandratings_run-04_desc-confounds_timeseries.tsv	35bb06406a311bdd5170fc4684af0dc2612352091e93028a84e9bb8ded4470d4	sub-29		heatpainwithregulationandratings	4	run-04			1	2	1	<PROJECT_ROOT>/derivatives/fmriprep/sub-29/func/sub-29_task-heatpainwithregulationandratings_run-04_space-MNI152NLin2009cAsym_desc-preproc_bold.nii.gz	<PROJECT_ROOT>/derivatives/fmriprep/sub-29/func/sub-29_task-heatpainwithregulationandratings_run-04_desc-brain_mask.nii.gz	<PROJECT_ROOT>/derivatives/fmriprep/sub-29/func/sub-29_task-heatpainwithregulationandratings_run-04_space-MNI152NLin2009cAsym_desc-preproc_bold.json	209	208	0.3513412128718396	0.257397041390917	1.0109891468611794	3.584848449324993	70.67307692307693	12.01923076923077	5.769230769230769	147	25	12	std_dvars	208	1.5622081346153844	1.366703	2.8578030499999985	5.450426	6	24	5	35	68	0	4	8	68	68	68	32.535885167464116	0	0	0	0.0	5	102	106	209	2.0	BAD_FD_MEAN,BAD_FD_GT_0.5,WARN_FD_MAX	WARN_OUTLIER_BURDEN	OK	KEEP_FOR_MAIN_BUT_SENSITIVITY_EXCLUDE_CANDIDATE	BAD_FD_MEAN,BAD_FD_GT_0.5,WARN_FD_MAX,WARN_OUTLIER_BURDEN,OK	True	True
<PROJECT_ROOT>/derivatives/fmriprep/sub-29/func/sub-29_task-heatpainwithregulationandratings_run-07_desc-confounds_timeseries.tsv	d946d72eb2d6dc6b3dc2f16b52a4dd2164b6efc36de46039effed5dc05cbf52b	sub-29		heatpainwithregulationandratings	7	run-07			1	2	1	<PROJECT_ROOT>/derivatives/fmriprep/sub-29/func/sub-29_task-heatpainwithregulationandratings_run-07_space-MNI152NLin2009cAsym_desc-preproc_bold.nii.gz	<PROJECT_ROOT>/derivatives/fmriprep/sub-29/func/sub-29_task-heatpainwithregulationandratings_run-07_desc-brain_mask.nii.gz	<PROJECT_ROOT>/derivatives/fmriprep/sub-29/func/sub-29_task-heatpainwithregulationandratings_run-07_space-MNI152NLin2009cAsym_desc-preproc_bold.json	191	190	0.2163296095914286	0.2047889420787556	0.3671054723074053	0.6196999455018067	52.63157894736842	0.5263157894736842	0.0	100	1	0	std_dvars	190	1.4432763631578946	1.3492115	2.128286149999999	3.72291	6	24	4	44	66	0	4	8	66	66	66	34.55497382198953	0	0	0	0.0	5	99	91	191	2.0	WARN_FD_MEAN	WARN_OUTLIER_BURDEN,WARN_LOW_ESTIMATED_DOF	OK	KEEP_FOR_MAIN_BUT_SENSITIVITY_EXCLUDE_CANDIDATE	WARN_FD_MEAN,WARN_OUTLIER_BURDEN,WARN_LOW_ESTIMATED_DOF,OK	True	True
<PROJECT_ROOT>/derivatives/fmriprep/sub-29/func/sub-29_task-heatpainwithregulationandratings_run-09_desc-confounds_timeseries.tsv	bd2bb36683e1bdfdd8cc56e239429551462e554fc13a3b3de218efdb72ce541d	sub-29		heatpainwithregulationandratings	9	run-09			1	2	1	<PROJECT_ROOT>/derivatives/fmriprep/sub-29/func/sub-29_task-heatpainwithregulationandratings_run-09_space-MNI152NLin2009cAsym_desc-preproc_bold.nii.gz	<PROJECT_ROOT>/derivatives/fmriprep/sub-29/func/sub-29_task-heatpainwithregulationandratings_run-09_desc-brain_mask.nii.gz	<PROJECT_ROOT>/derivatives/fmriprep/sub-29/func/sub-29_task-heatpainwithregulationandratings_run-09_space-MNI152NLin2009cAsym_desc-preproc_bold.json	209	208	0.2041655198977687	0.19670273841303193	0.3288647294744133	0.4204853178686484	49.519230769230774	0.0	0.0	103	0	0	std_dvars	208	1.480974769230769	1.4230450000000001	1.9816357999999998	3.940132	6	24	5	51	77	0	4	8	77	77	77	36.84210526315789	0	0	0	0.0	5	111	97	209	2.0	WARN_FD_MEAN	HIGH_OUTLIER_BURDEN,WARN_LOW_ESTIMATED_DOF	OK	KEEP_FOR_MAIN_BUT_SENSITIVITY_EXCLUDE_CANDIDATE	WARN_FD_MEAN,HIGH_OUTLIER_BURDEN,WARN_LOW_ESTIMATED_DOF,OK	True	True
<PROJECT_ROOT>/derivatives/fmriprep/sub-30/func/sub-30_task-heatpainwithregulationandratings_run-01_desc-confounds_timeseries.tsv	323b5dd2a6c2d91694e554ab6b4e536c867c5dfcbb9169658a0087c609c569a0	sub-30		heatpainwithregulationandratings	1	run-01			1	2	1	<PROJECT_ROOT>/derivatives/fmriprep/sub-30/func/sub-30_task-heatpainwithregulationandratings_run-01_space-MNI152NLin2009cAsym_desc-preproc_bold.nii.gz	<PROJECT_ROOT>/derivatives/fmriprep/sub-30/func/sub-30_task-heatpainwithregulationandratings_run-01_desc-brain_mask.nii.gz	<PROJECT_ROOT>/derivatives/fmriprep/sub-30/func/sub-30_task-heatpainwithregulationandratings_run-01_space-MNI152NLin2009cAsym_desc-preproc_bold.json	209	208	0.0855706699486566	0.07669669788882755	0.15190090221548438	0.2913491385627648	0.9615384615384616	0.0	0.0	2	0	0	std_dvars	208	2.223831519230769	2.0246525	4.144263749999998	6.144487	6	24	5	54	175	0	4	8	175	175	175	83.73205741626795	0	0	0	0.0	5	209	-1	209	2.0	OK	HIGH_OUTLIER_BURDEN,SEVERE_LOW_ESTIMATED_DOF	OK	KEEP_FOR_MAIN_BUT_SENSITIVITY_EXCLUDE_CANDIDATE	OK,HIGH_OUTLIER_BURDEN,SEVERE_LOW_ESTIMATED_DOF,OK	True	True
<PROJECT_ROOT>/derivatives/fmriprep/sub-30/func/sub-30_task-heatpainwithregulationandratings_run-02_desc-confounds_timeseries.tsv	564017d9ec6c783f7c87d15dde61c3c982e4fcceb090c5c41b2216cd6885d989	sub-30		heatpainwithregulationandratings	2	run-02			1	2	1	<PROJECT_ROOT>/derivatives/fmriprep/sub-30/func/sub-30_task-heatpainwithregulationandratings_run-02_space-MNI152NLin2009cAsym_desc-preproc_bold.nii.gz	<PROJECT_ROOT>/derivatives/fmriprep/sub-30/func/sub-30_task-heatpainwithregulationandratings_run-02_desc-brain_mask.nii.gz	<PROJECT_ROOT>/derivatives/fmriprep/sub-30/func/sub-30_task-heatpainwithregulationandratings_run-02_space-MNI152NLin2009cAsym_desc-preproc_bold.json	209	208	0.09556820787277763	0.08625518666796105	0.17408663515562833	0.4071412468792609	2.8846153846153846	0.0	0.0	6	0	0	std_dvars	208	1.543265716346154	1.468712	2.008998749999999	4.229208	6	24	5	54	92	0	4	8	92	92	92	44.01913875598086	0	0	0	0.0	5	126	82	209	2.0	OK	HIGH_OUTLIER_BURDEN,WARN_LOW_ESTIMATED_DOF	OK	KEEP_FOR_MAIN_BUT_SENSITIVITY_EXCLUDE_CANDIDATE	OK,HIGH_OUTLIER_BURDEN,WARN_LOW_ESTIMATED_DOF,OK	True	True
<PROJECT_ROOT>/derivatives/fmriprep/sub-30/func/sub-30_task-heatpainwithregulationandratings_run-03_desc-confounds_timeseries.tsv	d1b571c954c4d3827ac78682645e91105e3af5ac3e5e10d52f2bf4b3fbe8183d	sub-30		heatpainwithregulationandratings	3	run-03			1	2	1	<PROJECT_ROOT>/derivatives/fmriprep/sub-30/func/sub-30_task-heatpainwithregulationandratings_run-03_space-MNI152NLin2009cAsym_desc-preproc_bold.nii.gz	<PROJECT_ROOT>/derivatives/fmriprep/sub-30/func/sub-30_task-heatpainwithregulationandratings_run-03_desc-brain_mask.nii.gz	<PROJECT_ROOT>/derivatives/fmriprep/sub-30/func/sub-30_task-heatpainwithregulationandratings_run-03_space-MNI152NLin2009cAsym_desc-preproc_bold.json	191	190	0.10759675819708721	0.10051626460985835	0.19479281767307882	0.3114890642090009	4.2105263157894735	0.0	0.0	8	0	0	std_dvars	190	2.0921517736842103	1.9063724999999998	3.7491749	5.410314	6	24	4	51	152	0	4	8	152	152	152	79.58115183246073	0	0	0	0.0	5	185	5	191	2.0	OK	HIGH_OUTLIER_BURDEN,SEVERE_LOW_ESTIMATED_DOF	OK	KEEP_FOR_MAIN_BUT_SENSITIVITY_EXCLUDE_CANDIDATE	OK,HIGH_OUTLIER_BURDEN,SEVERE_LOW_ESTIMATED_DOF,OK	True	True
<PROJECT_ROOT>/derivatives/fmriprep/sub-30/func/sub-30_task-heatpainwithregulationandratings_run-04_desc-confounds_timeseries.tsv	264970521ff46b6c381161776d66e5f72b8189bc832e1404437ab358f534c7b0	sub-30		heatpainwithregulationandratings	4	run-04			1	2	1	<PROJECT_ROOT>/derivatives/fmriprep/sub-30/func/sub-30_task-heatpainwithregulationandratings_run-04_space-MNI152NLin2009cAsym_desc-preproc_bold.nii.gz	<PROJECT_ROOT>/derivatives/fmriprep/sub-30/func/sub-30_task-heatpainwithregulationandratings_run-04_desc-brain_mask.nii.gz	<PROJECT_ROOT>/derivatives/fmriprep/sub-30/func/sub-30_task-heatpainwithregulationandratings_run-04_space-MNI152NLin2009cAsym_desc-preproc_bold.json	209	208	0.11097571682216108	0.0946156556978254	0.2381285095233007	0.5861794462116625	7.6923076923076925	0.4807692307692308	0.0	16	1	0	std_dvars	208	1.519186860576923	1.4923385	1.9771684999999999	2.270828	6	24	5	50	100	0	4	8	100	100	100	47.84688995215311	0	0	0	0.0	5	134	74	209	2.0	OK	HIGH_OUTLIER_BURDEN,WARN_LOW_ESTIMATED_DOF	OK	KEEP_FOR_MAIN_BUT_SENSITIVITY_EXCLUDE_CANDIDATE	OK,HIGH_OUTLIER_BURDEN,WARN_LOW_ESTIMATED_DOF,OK	True	True
<PROJECT_ROOT>/derivatives/fmriprep/sub-30/func/sub-30_task-heatpainwithregulationandratings_run-07_desc-confounds_timeseries.tsv	7e0c6977a9a51d45cee4f1fd3c192570b386fefd6eb2c35ca7f4baee1733e6dd	sub-30		heatpainwithregulationandratings	7	run-07			1	2	1	<PROJECT_ROOT>/derivatives/fmriprep/sub-30/func/sub-30_task-heatpainwithregulationandratings_run-07_space-MNI152NLin2009cAsym_desc-preproc_bold.nii.gz	<PROJECT_ROOT>/derivatives/fmriprep/sub-30/func/sub-30_task-heatpainwithregulationandratings_run-07_desc-brain_mask.nii.gz	<PROJECT_ROOT>/derivatives/fmriprep/sub-30/func/sub-30_task-heatpainwithregulationandratings_run-07_space-MNI152NLin2009cAsym_desc-preproc_bold.json	191	190	0.1282320670259683	0.0971513647030762	0.3077718142305743	0.8021778169744987	13.157894736842104	2.631578947368421	0.0	25	5	0	std_dvars	190	1.6621046947368419	1.462629	3.0054838	5.312208	6	24	4	43	86	0	4	8	86	86	86	45.0261780104712	0	0	0	0.0	5	119	71	191	2.0	OK	HIGH_OUTLIER_BURDEN,WARN_LOW_ESTIMATED_DOF	OK	KEEP_FOR_MAIN_BUT_SENSITIVITY_EXCLUDE_CANDIDATE	OK,HIGH_OUTLIER_BURDEN,WARN_LOW_ESTIMATED_DOF,OK	True	True
<PROJECT_ROOT>/derivatives/fmriprep/sub-30/func/sub-30_task-heatpainwithregulationandratings_run-08_desc-confounds_timeseries.tsv	494b7fdb7755dfd4ae61b2116ebf0ba8f9173816c666631ff20edc5819ba0a67	sub-30		heatpainwithregulationandratings	8	run-08			1	2	1	<PROJECT_ROOT>/derivatives/fmriprep/sub-30/func/sub-30_task-heatpainwithregulationandratings_run-08_space-MNI152NLin2009cAsym_desc-preproc_bold.nii.gz	<PROJECT_ROOT>/derivatives/fmriprep/sub-30/func/sub-30_task-heatpainwithregulationandratings_run-08_desc-brain_mask.nii.gz	<PROJECT_ROOT>/derivatives/fmriprep/sub-30/func/sub-30_task-heatpainwithregulationandratings_run-08_space-MNI152NLin2009cAsym_desc-preproc_bold.json	209	208	0.0960065403734623	0.0857853865906229	0.1772441215522011	0.6330455934058563	4.326923076923077	0.4807692307692308	0.0	9	1	0	std_dvars	208	1.5269560096153847	1.4784475000000001	2.0012631	3.505946	6	24	5	52	101	0	4	8	101	101	101	48.32535885167464	0	0	0	0.0	5	135	73	209	2.0	OK	HIGH_OUTLIER_BURDEN,WARN_LOW_ESTIMATED_DOF	OK	KEEP_FOR_MAIN_BUT_SENSITIVITY_EXCLUDE_CANDIDATE	OK,HIGH_OUTLIER_BURDEN,WARN_LOW_ESTIMATED_DOF,OK	True	True
<PROJECT_ROOT>/derivatives/fmriprep/sub-31/func/sub-31_task-heatpainwithregulationandratings_run-02_desc-confounds_timeseries.tsv	85f4236c40aa574744d89648d501a7aac688c535f8c48a15c3c07590647d153f	sub-31		heatpainwithregulationandratings	2	run-02			1	2	1	<PROJECT_ROOT>/derivatives/fmriprep/sub-31/func/sub-31_task-heatpainwithregulationandratings_run-02_space-MNI152NLin2009cAsym_desc-preproc_bold.nii.gz	<PROJECT_ROOT>/derivatives/fmriprep/sub-31/func/sub-31_task-heatpainwithregulationandratings_run-02_desc-brain_mask.nii.gz	<PROJECT_ROOT>/derivatives/fmriprep/sub-31/func/sub-31_task-heatpainwithregulationandratings_run-02_space-MNI152NLin2009cAsym_desc-preproc_bold.json	209	208	0.14757698601782449	0.13622359671626236	0.266799651851325	0.6510713861402415	16.826923076923077	0.9615384615384616	0.0	35	2	0	std_dvars	208	1.7342466346153846	1.5650945	2.427353199999998	5.11297	6	24	5	56	123	0	4	8	123	123	123	58.85167464114832	0	0	0	0.0	5	157	51	209	2.0	OK	HIGH_OUTLIER_BURDEN,WARN_LOW_ESTIMATED_DOF	OK	KEEP_FOR_MAIN_BUT_SENSITIVITY_EXCLUDE_CANDIDATE	OK,HIGH_OUTLIER_BURDEN,WARN_LOW_ESTIMATED_DOF,OK	True	True
<PROJECT_ROOT>/derivatives/fmriprep/sub-31/func/sub-31_task-heatpainwithregulationandratings_run-04_desc-confounds_timeseries.tsv	421ab106953bcc3fa0c43a7d4fb29f66cbbbf7541ff72103c98fd665c3b3703a	sub-31		heatpainwithregulationandratings	4	run-04			1	2	1	<PROJECT_ROOT>/derivatives/fmriprep/sub-31/func/sub-31_task-heatpainwithregulationandratings_run-04_space-MNI152NLin2009cAsym_desc-preproc_bold.nii.gz	<PROJECT_ROOT>/derivatives/fmriprep/sub-31/func/sub-31_task-heatpainwithregulationandratings_run-04_desc-brain_mask.nii.gz	<PROJECT_ROOT>/derivatives/fmriprep/sub-31/func/sub-31_task-heatpainwithregulationandratings_run-04_space-MNI152NLin2009cAsym_desc-preproc_bold.json	209	208	0.12332798690873255	0.1166390310014197	0.22594475886263166	0.3261703035844411	9.615384615384617	0.0	0.0	20	0	0	std_dvars	208	1.7564581971153845	1.565962	2.6643604499999993	5.024235	6	24	5	57	115	0	4	8	115	115	115	55.02392344497608	0	0	0	0.0	5	149	59	209	2.0	OK	HIGH_OUTLIER_BURDEN,WARN_LOW_ESTIMATED_DOF	OK	KEEP_FOR_MAIN_BUT_SENSITIVITY_EXCLUDE_CANDIDATE	OK,HIGH_OUTLIER_BURDEN,WARN_LOW_ESTIMATED_DOF,OK	True	True
<PROJECT_ROOT>/derivatives/fmriprep/sub-31/func/sub-31_task-heatpainwithregulationandratings_run-05_desc-confounds_timeseries.tsv	a8c1499df521d409ae874ebe1b25a8b3f1eed8c4fc4106f05233c9f109fe3a05	sub-31		heatpainwithregulationandratings	5	run-05			1	2	1	<PROJECT_ROOT>/derivatives/fmriprep/sub-31/func/sub-31_task-heatpainwithregulationandratings_run-05_space-MNI152NLin2009cAsym_desc-preproc_bold.nii.gz	<PROJECT_ROOT>/derivatives/fmriprep/sub-31/func/sub-31_task-heatpainwithregulationandratings_run-05_desc-brain_mask.nii.gz	<PROJECT_ROOT>/derivatives/fmriprep/sub-31/func/sub-31_task-heatpainwithregulationandratings_run-05_space-MNI152NLin2009cAsym_desc-preproc_bold.json	209	208	0.1156645861208754	0.10669244658578014	0.2094911796024659	0.4442106200573343	7.211538461538461	0.0	0.0	15	0	0	std_dvars	208	1.8489496298076924	1.735499	3.057543649999999	4.827292	6	24	5	58	127	0	4	8	127	127	127	60.76555023923444	0	0	0	0.0	5	161	47	209	2.0	OK	HIGH_OUTLIER_BURDEN,SEVERE_LOW_ESTIMATED_DOF	OK	KEEP_FOR_MAIN_BUT_SENSITIVITY_EXCLUDE_CANDIDATE	OK,HIGH_OUTLIER_BURDEN,SEVERE_LOW_ESTIMATED_DOF,OK	True	True
<PROJECT_ROOT>/derivatives/fmriprep/sub-31/func/sub-31_task-heatpainwithregulationandratings_run-08_desc-confounds_timeseries.tsv	f43a260d7c3d5cedf4802d22ce92ad524c0121ef4b606493a29a307fc74068d0	sub-31		heatpainwithregulationandratings	8	run-08			1	2	1	<PROJECT_ROOT>/derivatives/fmriprep/sub-31/func/sub-31_task-heatpainwithregulationandratings_run-08_space-MNI152NLin2009cAsym_desc-preproc_bold.nii.gz	<PROJECT_ROOT>/derivatives/fmriprep/sub-31/func/sub-31_task-heatpainwithregulationandratings_run-08_desc-brain_mask.nii.gz	<PROJECT_ROOT>/derivatives/fmriprep/sub-31/func/sub-31_task-heatpainwithregulationandratings_run-08_space-MNI152NLin2009cAsym_desc-preproc_bold.json	209	208	0.11235626217200159	0.105506685494408	0.19837025117868587	0.2631970933944052	5.288461538461538	0.0	0.0	11	0	0	std_dvars	208	1.7586266826923078	1.5678125	3.3621925999999998	4.961525	6	24	5	58	117	0	4	8	117	117	117	55.980861244019145	0	0	0	0.0	5	151	57	209	2.0	OK	HIGH_OUTLIER_BURDEN,WARN_LOW_ESTIMATED_DOF	OK	KEEP_FOR_MAIN_BUT_SENSITIVITY_EXCLUDE_CANDIDATE	OK,HIGH_OUTLIER_BURDEN,WARN_LOW_ESTIMATED_DOF,OK	True	True
<PROJECT_ROOT>/derivatives/fmriprep/sub-32/func/sub-32_task-heatpainwithregulationandratings_run-01_desc-confounds_timeseries.tsv	8d98676457d17844e81cdf400cb1d104c9c0152df32eff80487218ac52847e9f	sub-32		heatpainwithregulationandratings	1	run-01			1	2	1	<PROJECT_ROOT>/derivatives/fmriprep/sub-32/func/sub-32_task-heatpainwithregulationandratings_run-01_space-MNI152NLin2009cAsym_desc-preproc_bold.nii.gz	<PROJECT_ROOT>/derivatives/fmriprep/sub-32/func/sub-32_task-heatpainwithregulationandratings_run-01_desc-brain_mask.nii.gz	<PROJECT_ROOT>/derivatives/fmriprep/sub-32/func/sub-32_task-heatpainwithregulationandratings_run-01_space-MNI152NLin2009cAsym_desc-preproc_bold.json	209	208	0.13807826618622554	0.12937451846436854	0.25770442852281106	0.4293625383007476	16.826923076923077	0.0	0.0	35	0	0	std_dvars	208	2.2670189134615386	2.0263765	4.527997199999998	5.509553	6	24	5	52	156	0	4	8	156	156	156	74.64114832535886	0	0	0	0.0	5	190	18	209	2.0	OK	HIGH_OUTLIER_BURDEN,SEVERE_LOW_ESTIMATED_DOF	OK	KEEP_FOR_MAIN_BUT_SENSITIVITY_EXCLUDE_CANDIDATE	OK,HIGH_OUTLIER_BURDEN,SEVERE_LOW_ESTIMATED_DOF,OK	True	True
<PROJECT_ROOT>/derivatives/fmriprep/sub-32/func/sub-32_task-heatpainwithregulationandratings_run-02_desc-confounds_timeseries.tsv	55a5e37c18835cca6251a55ee9bc37b7b2f47566883dbd8d5e462e43b15a76aa	sub-32		heatpainwithregulationandratings	2	run-02			1	2	1	<PROJECT_ROOT>/derivatives/fmriprep/sub-32/func/sub-32_task-heatpainwithregulationandratings_run-02_space-MNI152NLin2009cAsym_desc-preproc_bold.nii.gz	<PROJECT_ROOT>/derivatives/fmriprep/sub-32/func/sub-32_task-heatpainwithregulationandratings_run-02_desc-brain_mask.nii.gz	<PROJECT_ROOT>/derivatives/fmriprep/sub-32/func/sub-32_task-heatpainwithregulationandratings_run-02_space-MNI152NLin2009cAsym_desc-preproc_bold.json	209	208	0.11636336684550713	0.11063528214659385	0.22073827923435158	0.3691920102647633	7.6923076923076925	0.0	0.0	16	0	0	std_dvars	208	2.267606769230769	2.056	4.294800849999995	5.592412	6	24	5	56	147	0	4	8	147	147	147	70.33492822966507	0	0	0	0.0	5	181	27	209	2.0	OK	HIGH_OUTLIER_BURDEN,SEVERE_LOW_ESTIMATED_DOF	OK	KEEP_FOR_MAIN_BUT_SENSITIVITY_EXCLUDE_CANDIDATE	OK,HIGH_OUTLIER_BURDEN,SEVERE_LOW_ESTIMATED_DOF,OK	True	True
<PROJECT_ROOT>/derivatives/fmriprep/sub-32/func/sub-32_task-heatpainwithregulationandratings_run-04_desc-confounds_timeseries.tsv	41d1f94c5ef503c296a5c9bd11e4606820e80a15c4aa0c1aad5c6ce1e9ed2381	sub-32		heatpainwithregulationandratings	4	run-04			1	2	1	<PROJECT_ROOT>/derivatives/fmriprep/sub-32/func/sub-32_task-heatpainwithregulationandratings_run-04_space-MNI152NLin2009cAsym_desc-preproc_bold.nii.gz	<PROJECT_ROOT>/derivatives/fmriprep/sub-32/func/sub-32_task-heatpainwithregulationandratings_run-04_desc-brain_mask.nii.gz	<PROJECT_ROOT>/derivatives/fmriprep/sub-32/func/sub-32_task-heatpainwithregulationandratings_run-04_space-MNI152NLin2009cAsym_desc-preproc_bold.json	209	208	0.10915918274180207	0.10341437886612415	0.20828997880264022	0.2687597958057683	5.769230769230769	0.0	0.0	12	0	0	std_dvars	208	2.1231637067307694	1.5196935	5.053933999999999	6.75073	6	24	5	59	109	0	4	8	109	109	109	52.15311004784689	0	0	0	0.0	5	143	65	209	2.0	OK	HIGH_OUTLIER_BURDEN,WARN_LOW_ESTIMATED_DOF	OK	KEEP_FOR_MAIN_BUT_SENSITIVITY_EXCLUDE_CANDIDATE	OK,HIGH_OUTLIER_BURDEN,WARN_LOW_ESTIMATED_DOF,OK	True	True
<PROJECT_ROOT>/derivatives/fmriprep/sub-32/func/sub-32_task-heatpainwithregulationandratings_run-05_desc-confounds_timeseries.tsv	5cbf36472782f7fe35a9cf5ab943f5aec4537c170313631831e9f46f0561add1	sub-32		heatpainwithregulationandratings	5	run-05			1	2	1	<PROJECT_ROOT>/derivatives/fmriprep/sub-32/func/sub-32_task-heatpainwithregulationandratings_run-05_space-MNI152NLin2009cAsym_desc-preproc_bold.nii.gz	<PROJECT_ROOT>/derivatives/fmriprep/sub-32/func/sub-32_task-heatpainwithregulationandratings_run-05_desc-brain_mask.nii.gz	<PROJECT_ROOT>/derivatives/fmriprep/sub-32/func/sub-32_task-heatpainwithregulationandratings_run-05_space-MNI152NLin2009cAsym_desc-preproc_bold.json	209	208	0.11240385077868958	0.0995188029447925	0.23279235437088028	0.31947819028444	8.173076923076923	0.0	0.0	17	0	0	std_dvars	208	1.8813053221153844	1.732299	3.420292299999999	4.761684	6	24	5	56	127	0	4	8	127	127	127	60.76555023923444	0	0	0	0.0	5	161	47	209	2.0	OK	HIGH_OUTLIER_BURDEN,SEVERE_LOW_ESTIMATED_DOF	OK	KEEP_FOR_MAIN_BUT_SENSITIVITY_EXCLUDE_CANDIDATE	OK,HIGH_OUTLIER_BURDEN,SEVERE_LOW_ESTIMATED_DOF,OK	True	True
<PROJECT_ROOT>/derivatives/fmriprep/sub-32/func/sub-32_task-heatpainwithregulationandratings_run-06_desc-confounds_timeseries.tsv	00a4fbf0e6ea098050837f498df2ebdac00791e6302c22feed0d01fa66264dca	sub-32		heatpainwithregulationandratings	6	run-06			1	2	1	<PROJECT_ROOT>/derivatives/fmriprep/sub-32/func/sub-32_task-heatpainwithregulationandratings_run-06_space-MNI152NLin2009cAsym_desc-preproc_bold.nii.gz	<PROJECT_ROOT>/derivatives/fmriprep/sub-32/func/sub-32_task-heatpainwithregulationandratings_run-06_desc-brain_mask.nii.gz	<PROJECT_ROOT>/derivatives/fmriprep/sub-32/func/sub-32_task-heatpainwithregulationandratings_run-06_space-MNI152NLin2009cAsym_desc-preproc_bold.json	209	208	0.11064293204575518	0.0959587305282851	0.21651565228150577	0.4215600627952233	6.730769230769231	0.0	0.0	14	0	0	std_dvars	208	1.8901195865384617	1.7038665000000002	3.168047949999998	4.071895	6	24	5	55	131	0	4	8	131	131	131	62.67942583732058	0	0	0	0.0	5	165	43	209	2.0	OK	HIGH_OUTLIER_BURDEN,SEVERE_LOW_ESTIMATED_DOF	OK	KEEP_FOR_MAIN_BUT_SENSITIVITY_EXCLUDE_CANDIDATE	OK,HIGH_OUTLIER_BURDEN,SEVERE_LOW_ESTIMATED_DOF,OK	True	True
<PROJECT_ROOT>/derivatives/fmriprep/sub-32/func/sub-32_task-heatpainwithregulationandratings_run-07_desc-confounds_timeseries.tsv	8f2d16f5cdc0558be2ed25ad377991ee0a9ddc13a2e3cf7f971baae4f05bed26	sub-32		heatpainwithregulationandratings	7	run-07			1	2	1	<PROJECT_ROOT>/derivatives/fmriprep/sub-32/func/sub-32_task-heatpainwithregulationandratings_run-07_space-MNI152NLin2009cAsym_desc-preproc_bold.nii.gz	<PROJECT_ROOT>/derivatives/fmriprep/sub-32/func/sub-32_task-heatpainwithregulationandratings_run-07_desc-brain_mask.nii.gz	<PROJECT_ROOT>/derivatives/fmriprep/sub-32/func/sub-32_task-heatpainwithregulationandratings_run-07_space-MNI152NLin2009cAsym_desc-preproc_bold.json	191	190	0.09689543217280012	0.0877382547299923	0.1884900983264349	0.2266904878441488	3.1578947368421053	0.0	0.0	6	0	0	std_dvars	190	2.0870618684210522	2.0066319999999997	3.39737105	4.170132	6	24	4	54	137	0	4	8	137	137	137	71.72774869109948	0	0	0	0.0	5	170	20	191	2.0	OK	HIGH_OUTLIER_BURDEN,SEVERE_LOW_ESTIMATED_DOF	OK	KEEP_FOR_MAIN_BUT_SENSITIVITY_EXCLUDE_CANDIDATE	OK,HIGH_OUTLIER_BURDEN,SEVERE_LOW_ESTIMATED_DOF,OK	True	True
<PROJECT_ROOT>/derivatives/fmriprep/sub-32/func/sub-32_task-heatpainwithregulationandratings_run-09_desc-confounds_timeseries.tsv	810a32544167e30211dce4d9848ae28fadb51724fa9424e63c557c08541238be	sub-32		heatpainwithregulationandratings	9	run-09			1	2	1	<PROJECT_ROOT>/derivatives/fmriprep/sub-32/func/sub-32_task-heatpainwithregulationandratings_run-09_space-MNI152NLin2009cAsym_desc-preproc_bold.nii.gz	<PROJECT_ROOT>/derivatives/fmriprep/sub-32/func/sub-32_task-heatpainwithregulationandratings_run-09_desc-brain_mask.nii.gz	<PROJECT_ROOT>/derivatives/fmriprep/sub-32/func/sub-32_task-heatpainwithregulationandratings_run-09_space-MNI152NLin2009cAsym_desc-preproc_bold.json	209	208	0.0940694611011242	0.0804403772398827	0.19061245997384144	0.3327884230105962	4.326923076923077	0.0	0.0	9	0	0	std_dvars	208	1.686007201923077	1.4856715	2.8844742	3.103471	6	24	5	60	103	0	4	8	103	103	103	49.282296650717704	0	0	0	0.0	5	137	71	209	2.0	OK	HIGH_OUTLIER_BURDEN,WARN_LOW_ESTIMATED_DOF	OK	KEEP_FOR_MAIN_BUT_SENSITIVITY_EXCLUDE_CANDIDATE	OK,HIGH_OUTLIER_BURDEN,WARN_LOW_ESTIMATED_DOF,OK	True	True
<PROJECT_ROOT>/derivatives/fmriprep/sub-33/func/sub-33_task-heatpainwithregulationandratings_run-01_desc-confounds_timeseries.tsv	6d6a9705c55cccffa776924254bc44e8b4c71ccd9dbd4dc3035d349017a5c2ac	sub-33		heatpainwithregulationandratings	1	run-01			1	2	1	<PROJECT_ROOT>/derivatives/fmriprep/sub-33/func/sub-33_task-heatpainwithregulationandratings_run-01_space-MNI152NLin2009cAsym_desc-preproc_bold.nii.gz	<PROJECT_ROOT>/derivatives/fmriprep/sub-33/func/sub-33_task-heatpainwithregulationandratings_run-01_desc-brain_mask.nii.gz	<PROJECT_ROOT>/derivatives/fmriprep/sub-33/func/sub-33_task-heatpainwithregulationandratings_run-01_space-MNI152NLin2009cAsym_desc-preproc_bold.json	209	208	0.1198680103692302	0.11687142286161151	0.21665892794138933	0.2853323619722427	8.173076923076923	0.0	0.0	17	0	0	std_dvars	208	2.1382741346153846	1.8357335	4.0303657500000005	4.851075	6	24	5	53	145	0	4	8	145	145	145	69.377990430622	0	0	0	0.0	5	179	29	209	2.0	OK	HIGH_OUTLIER_BURDEN,SEVERE_LOW_ESTIMATED_DOF	OK	KEEP_FOR_MAIN_BUT_SENSITIVITY_EXCLUDE_CANDIDATE	OK,HIGH_OUTLIER_BURDEN,SEVERE_LOW_ESTIMATED_DOF,OK	True	True
<PROJECT_ROOT>/derivatives/fmriprep/sub-33/func/sub-33_task-heatpainwithregulationandratings_run-03_desc-confounds_timeseries.tsv	224f03aa4f8bf1e7e99210960f2512903ece005b895bc6515af03713902192e9	sub-33		heatpainwithregulationandratings	3	run-03			1	2	1	<PROJECT_ROOT>/derivatives/fmriprep/sub-33/func/sub-33_task-heatpainwithregulationandratings_run-03_space-MNI152NLin2009cAsym_desc-preproc_bold.nii.gz	<PROJECT_ROOT>/derivatives/fmriprep/sub-33/func/sub-33_task-heatpainwithregulationandratings_run-03_desc-brain_mask.nii.gz	<PROJECT_ROOT>/derivatives/fmriprep/sub-33/func/sub-33_task-heatpainwithregulationandratings_run-03_space-MNI152NLin2009cAsym_desc-preproc_bold.json	191	190	0.11138564595864395	0.10707862038050744	0.2002744821453622	0.2768749593864035	5.263157894736842	0.0	0.0	10	0	0	std_dvars	190	1.9077546315789475	1.5596679999999998	3.7309940999999998	4.131485	6	24	4	49	104	0	4	8	104	104	104	54.45026178010471	0	0	0	0.0	5	137	53	191	2.0	OK	HIGH_OUTLIER_BURDEN,WARN_LOW_ESTIMATED_DOF	OK	KEEP_FOR_MAIN_BUT_SENSITIVITY_EXCLUDE_CANDIDATE	OK,HIGH_OUTLIER_BURDEN,WARN_LOW_ESTIMATED_DOF,OK	True	True
<PROJECT_ROOT>/derivatives/fmriprep/sub-33/func/sub-33_task-heatpainwithregulationandratings_run-04_desc-confounds_timeseries.tsv	df4287c9fdfd4c848cbca36f0deec9ca7713197c1aaa775038bdd20fd97d37aa	sub-33		heatpainwithregulationandratings	4	run-04			1	2	1	<PROJECT_ROOT>/derivatives/fmriprep/sub-33/func/sub-33_task-heatpainwithregulationandratings_run-04_space-MNI152NLin2009cAsym_desc-preproc_bold.nii.gz	<PROJECT_ROOT>/derivatives/fmriprep/sub-33/func/sub-33_task-heatpainwithregulationandratings_run-04_desc-brain_mask.nii.gz	<PROJECT_ROOT>/derivatives/fmriprep/sub-33/func/sub-33_task-heatpainwithregulationandratings_run-04_space-MNI152NLin2009cAsym_desc-preproc_bold.json	209	208	0.11443529312775651	0.10349529178452825	0.22441227762743818	0.5276085344283372	12.01923076923077	0.4807692307692308	0.0	25	1	0	std_dvars	208	1.9120722067307692	1.7330765000000001	3.2612468	5.637269	6	24	5	53	153	0	4	8	153	153	153	73.20574162679426	0	0	0	0.0	5	187	21	209	2.0	OK	HIGH_OUTLIER_BURDEN,SEVERE_LOW_ESTIMATED_DOF	OK	KEEP_FOR_MAIN_BUT_SENSITIVITY_EXCLUDE_CANDIDATE	OK,HIGH_OUTLIER_BURDEN,SEVERE_LOW_ESTIMATED_DOF,OK	True	True
<PROJECT_ROOT>/derivatives/fmriprep/sub-33/func/sub-33_task-heatpainwithregulationandratings_run-05_desc-confounds_timeseries.tsv	72a80eef6d996efd92e459172e04100924b9324ae01e6c9439e6599190b5797e	sub-33		heatpainwithregulationandratings	5	run-05			1	2	1	<PROJECT_ROOT>/derivatives/fmriprep/sub-33/func/sub-33_task-heatpainwithregulationandratings_run-05_space-MNI152NLin2009cAsym_desc-preproc_bold.nii.gz	<PROJECT_ROOT>/derivatives/fmriprep/sub-33/func/sub-33_task-heatpainwithregulationandratings_run-05_desc-brain_mask.nii.gz	<PROJECT_ROOT>/derivatives/fmriprep/sub-33/func/sub-33_task-heatpainwithregulationandratings_run-05_space-MNI152NLin2009cAsym_desc-preproc_bold.json	209	208	0.16231781347413723	0.1283645845830651	0.386892120509772	0.8863494752686198	24.519230769230766	2.8846153846153846	0.0	51	6	0	std_dvars	208	1.8745112259615384	1.5721865	4.152382099999999	4.677342	6	24	5	44	115	0	4	8	115	115	115	55.02392344497608	0	0	0	0.0	5	149	59	209	2.0	OK	HIGH_OUTLIER_BURDEN,WARN_LOW_ESTIMATED_DOF	OK	KEEP_FOR_MAIN_BUT_SENSITIVITY_EXCLUDE_CANDIDATE	OK,HIGH_OUTLIER_BURDEN,WARN_LOW_ESTIMATED_DOF,OK	True	True
<PROJECT_ROOT>/derivatives/fmriprep/sub-33/func/sub-33_task-heatpainwithregulationandratings_run-06_desc-confounds_timeseries.tsv	44fa9fc1c956742b17969f54b9e02008f845675789608ba764d9d041db0ba85e	sub-33		heatpainwithregulationandratings	6	run-06			1	2	1	<PROJECT_ROOT>/derivatives/fmriprep/sub-33/func/sub-33_task-heatpainwithregulationandratings_run-06_space-MNI152NLin2009cAsym_desc-preproc_bold.nii.gz	<PROJECT_ROOT>/derivatives/fmriprep/sub-33/func/sub-33_task-heatpainwithregulationandratings_run-06_desc-brain_mask.nii.gz	<PROJECT_ROOT>/derivatives/fmriprep/sub-33/func/sub-33_task-heatpainwithregulationandratings_run-06_space-MNI152NLin2009cAsym_desc-preproc_bold.json	209	208	0.11876638114603859	0.10314307596694315	0.23357698834442273	0.6229703471421137	9.134615384615383	0.4807692307692308	0.0	19	1	0	std_dvars	208	1.7851499903846153	1.5167925	3.182113499999999	4.916553	6	24	5	53	109	0	4	8	109	109	109	52.15311004784689	0	0	0	0.0	5	143	65	209	2.0	OK	HIGH_OUTLIER_BURDEN,WARN_LOW_ESTIMATED_DOF	OK	KEEP_FOR_MAIN_BUT_SENSITIVITY_EXCLUDE_CANDIDATE	OK,HIGH_OUTLIER_BURDEN,WARN_LOW_ESTIMATED_DOF,OK	True	True
<PROJECT_ROOT>/derivatives/fmriprep/sub-33/func/sub-33_task-heatpainwithregulationandratings_run-07_desc-confounds_timeseries.tsv	0dd39ed385d931e43ee3ba4a2c031abd9510e08ad7f37c54879d632cdd888bb2	sub-33		heatpainwithregulationandratings	7	run-07			1	2	1	<PROJECT_ROOT>/derivatives/fmriprep/sub-33/func/sub-33_task-heatpainwithregulationandratings_run-07_space-MNI152NLin2009cAsym_desc-preproc_bold.nii.gz	<PROJECT_ROOT>/derivatives/fmriprep/sub-33/func/sub-33_task-heatpainwithregulationandratings_run-07_desc-brain_mask.nii.gz	<PROJECT_ROOT>/derivatives/fmriprep/sub-33/func/sub-33_task-heatpainwithregulationandratings_run-07_space-MNI152NLin2009cAsym_desc-preproc_bold.json	191	190	0.12383873883801481	0.11336728467079064	0.21099435058664276	0.663747577699153	7.894736842105263	1.0526315789473684	0.0	15	2	0	std_dvars	190	1.6405733157894735	1.5067995	2.8075213499999983	4.199177	6	24	4	48	95	0	4	8	95	95	95	49.73821989528796	0	0	0	0.0	5	128	62	191	2.0	OK	HIGH_OUTLIER_BURDEN,WARN_LOW_ESTIMATED_DOF	OK	KEEP_FOR_MAIN_BUT_SENSITIVITY_EXCLUDE_CANDIDATE	OK,HIGH_OUTLIER_BURDEN,WARN_LOW_ESTIMATED_DOF,OK	True	True
<PROJECT_ROOT>/derivatives/fmriprep/sub-33/func/sub-33_task-heatpainwithregulationandratings_run-08_desc-confounds_timeseries.tsv	a20a229df607a0d6a1c60e6bd8c8f1a668b206b4c67390f8cf11837798eb9c90	sub-33		heatpainwithregulationandratings	8	run-08			1	2	1	<PROJECT_ROOT>/derivatives/fmriprep/sub-33/func/sub-33_task-heatpainwithregulationandratings_run-08_space-MNI152NLin2009cAsym_desc-preproc_bold.nii.gz	<PROJECT_ROOT>/derivatives/fmriprep/sub-33/func/sub-33_task-heatpainwithregulationandratings_run-08_desc-brain_mask.nii.gz	<PROJECT_ROOT>/derivatives/fmriprep/sub-33/func/sub-33_task-heatpainwithregulationandratings_run-08_space-MNI152NLin2009cAsym_desc-preproc_bold.json	209	208	0.09985040857409988	0.0898684053233938	0.1847722197173978	0.6419817093490184	3.3653846153846154	0.4807692307692308	0.0	7	1	0	std_dvars	208	2.068119754807692	1.8199135	3.7307084499999976	4.760568	6	24	5	54	145	0	4	8	145	145	145	69.377990430622	0	0	0	0.0	5	179	29	209	2.0	OK	HIGH_OUTLIER_BURDEN,SEVERE_LOW_ESTIMATED_DOF	OK	KEEP_FOR_MAIN_BUT_SENSITIVITY_EXCLUDE_CANDIDATE	OK,HIGH_OUTLIER_BURDEN,SEVERE_LOW_ESTIMATED_DOF,OK	True	True
<PROJECT_ROOT>/derivatives/fmriprep/sub-33/func/sub-33_task-heatpainwithregulationandratings_run-09_desc-confounds_timeseries.tsv	064bb7b043b77d9a9cfe3facc0caa28ff5abf2907e942e5969066b3ef6b059fa	sub-33		heatpainwithregulationandratings	9	run-09			1	2	1	<PROJECT_ROOT>/derivatives/fmriprep/sub-33/func/sub-33_task-heatpainwithregulationandratings_run-09_space-MNI152NLin2009cAsym_desc-preproc_bold.nii.gz	<PROJECT_ROOT>/derivatives/fmriprep/sub-33/func/sub-33_task-heatpainwithregulationandratings_run-09_desc-brain_mask.nii.gz	<PROJECT_ROOT>/derivatives/fmriprep/sub-33/func/sub-33_task-heatpainwithregulationandratings_run-09_space-MNI152NLin2009cAsym_desc-preproc_bold.json	209	208	0.12681553347669453	0.10600754097976595	0.2977699783300064	0.5805497675528373	13.461538461538462	0.9615384615384616	0.0	28	2	0	std_dvars	208	1.6420238317307692	1.3793695000000001	3.24750315	5.053339	6	24	5	51	82	0	4	8	82	82	82	39.23444976076555	0	0	0	0.0	5	116	92	209	2.0	OK	HIGH_OUTLIER_BURDEN,WARN_LOW_ESTIMATED_DOF	OK	KEEP_FOR_MAIN_BUT_SENSITIVITY_EXCLUDE_CANDIDATE	OK,HIGH_OUTLIER_BURDEN,WARN_LOW_ESTIMATED_DOF,OK	True	True
