confounds_tsv	confounds_sha256	subject	session	task	run	run_label	acq	dir	preproc_bold_candidates_n	brain_mask_candidates_n	bold_json_candidates_n	preproc_bold	brain_mask	bold_json	n_vols_confounds	fd_valid_n	fd_mean	fd_median	fd_p95	fd_max	pct_fd_gt_0p2	pct_fd_gt_0p5	pct_fd_gt_1p0	n_fd_gt_0p2	n_fd_gt_0p5	n_fd_gt_1p0	dvars_column_used	dvars_valid_n	dvars_mean	dvars_median	dvars_p95	dvars_max	n_motion6_cols	n_motion24_cols_present	n_cosine_cols	n_acompcor_cols	n_motion_outlier_cols	n_nonsteady_cols	n_global_signal_cols	n_wm_csf_cols	motion_outliers_n_cols	motion_outliers_n_sum	motion_outlier_volumes_n	motion_outlier_volumes_pct	nonsteady_outliers_n_cols	nonsteady_outliers_n_sum	nonsteady_volumes_n	nonsteady_volumes_pct	n_acompcor_assumed_for_dof	estimated_nuisance_cols_for_dof	estimated_dof_after_nuisance	n_vols_nifti	tr_from_bold_json	motion_flag	nuisance_burden_flag	file_flag	analysis_decision	decision_reason	keep_main	sensitivity_exclude_candidate
<PROJECT_ROOT>/derivatives/fmriprep/sub-01/func/sub-01_task-heatpainwithregulationandratings_run-01_desc-confounds_timeseries.tsv	84fd0119c0882bb3586deaf5064ec6f0b31b98ac877af87ae1a96987c749cc02	sub-01		heatpainwithregulationandratings	1	run-01			1	2	1	<PROJECT_ROOT>/derivatives/fmriprep/sub-01/func/sub-01_task-heatpainwithregulationandratings_run-01_space-MNI152NLin2009cAsym_desc-preproc_bold.nii.gz	<PROJECT_ROOT>/derivatives/fmriprep/sub-01/func/sub-01_task-heatpainwithregulationandratings_run-01_desc-brain_mask.nii.gz	<PROJECT_ROOT>/derivatives/fmriprep/sub-01/func/sub-01_task-heatpainwithregulationandratings_run-01_space-MNI152NLin2009cAsym_desc-preproc_bold.json	209	208	0.12386305107814187	0.10231297708702611	0.25227956547030467	1.0965838803516106	8.653846153846153	1.9230769230769231	0.4807692307692308	18	4	1	std_dvars	208	1.3538622115384615	1.1939655	2.077168399999999	4.704936	6	24	5	59	51	0	4	8	51	51	51	24.401913875598087	0	0	0	0.0	5	85	123	209	2.0	OK	WARN_OUTLIER_BURDEN	OK	KEEP_WITH_WARNING	OK,WARN_OUTLIER_BURDEN,OK	True	False
<PROJECT_ROOT>/derivatives/fmriprep/sub-01/func/sub-01_task-heatpainwithregulationandratings_run-02_desc-confounds_timeseries.tsv	6d63764dffe2db26c37d58ca04303d70a15e192d74a85001bb024577118547c0	sub-01		heatpainwithregulationandratings	2	run-02			1	2	1	<PROJECT_ROOT>/derivatives/fmriprep/sub-01/func/sub-01_task-heatpainwithregulationandratings_run-02_space-MNI152NLin2009cAsym_desc-preproc_bold.nii.gz	<PROJECT_ROOT>/derivatives/fmriprep/sub-01/func/sub-01_task-heatpainwithregulationandratings_run-02_desc-brain_mask.nii.gz	<PROJECT_ROOT>/derivatives/fmriprep/sub-01/func/sub-01_task-heatpainwithregulationandratings_run-02_space-MNI152NLin2009cAsym_desc-preproc_bold.json	209	208	0.1614945554034162	0.1182716701436165	0.4648252037865213	1.5523346460803988	13.461538461538462	4.326923076923077	0.9615384615384616	28	9	2	std_dvars	208	1.6780521730769231	1.506424	3.1165571999999977	4.816926	6	24	5	48	107	0	4	8	107	107	107	51.196172248803826	0	0	0	0.0	5	141	67	209	2.0	OK	HIGH_OUTLIER_BURDEN,WARN_LOW_ESTIMATED_DOF	OK	KEEP_FOR_MAIN_BUT_SENSITIVITY_EXCLUDE_CANDIDATE	OK,HIGH_OUTLIER_BURDEN,WARN_LOW_ESTIMATED_DOF,OK	True	True
<PROJECT_ROOT>/derivatives/fmriprep/sub-01/func/sub-01_task-heatpainwithregulationandratings_run-03_desc-confounds_timeseries.tsv	afa18afc98731e1d026954d46aafc955f7fb9afbd1fef79b2adf99700f92de0c	sub-01		heatpainwithregulationandratings	3	run-03			1	2	1	<PROJECT_ROOT>/derivatives/fmriprep/sub-01/func/sub-01_task-heatpainwithregulationandratings_run-03_space-MNI152NLin2009cAsym_desc-preproc_bold.nii.gz	<PROJECT_ROOT>/derivatives/fmriprep/sub-01/func/sub-01_task-heatpainwithregulationandratings_run-03_desc-brain_mask.nii.gz	<PROJECT_ROOT>/derivatives/fmriprep/sub-01/func/sub-01_task-heatpainwithregulationandratings_run-03_space-MNI152NLin2009cAsym_desc-preproc_bold.json	191	190	0.19887665911013913	0.13460274578056394	0.5823116736999333	1.893410544255333	21.578947368421055	7.894736842105263	1.5789473684210527	41	15	3	std_dvars	190	1.368016952631579	1.1394155000000001	3.191482499999994	4.324745	6	24	4	32	42	0	4	8	42	42	42	21.98952879581152	0	0	0	0.0	5	75	115	191	2.0	WARN_FD_GT_0.5	WARN_OUTLIER_BURDEN	OK	KEEP_WITH_WARNING	WARN_FD_GT_0.5,WARN_OUTLIER_BURDEN,OK	True	False
<PROJECT_ROOT>/derivatives/fmriprep/sub-01/func/sub-01_task-heatpainwithregulationandratings_run-04_desc-confounds_timeseries.tsv	7b5ee970090bdb4e0a7bf805b7b975aea1c8478792675a56eea91b6bfbbb47dc	sub-01		heatpainwithregulationandratings	4	run-04			1	2	1	<PROJECT_ROOT>/derivatives/fmriprep/sub-01/func/sub-01_task-heatpainwithregulationandratings_run-04_space-MNI152NLin2009cAsym_desc-preproc_bold.nii.gz	<PROJECT_ROOT>/derivatives/fmriprep/sub-01/func/sub-01_task-heatpainwithregulationandratings_run-04_desc-brain_mask.nii.gz	<PROJECT_ROOT>/derivatives/fmriprep/sub-01/func/sub-01_task-heatpainwithregulationandratings_run-04_space-MNI152NLin2009cAsym_desc-preproc_bold.json	209	208	0.13672301128426143	0.1070931800575531	0.3437163464543245	1.0090806306119393	8.173076923076923	3.3653846153846154	0.9615384615384616	17	7	2	std_dvars	208	1.3912369999999998	1.255749	2.30596855	3.660555	6	24	5	53	27	0	4	8	27	27	27	12.918660287081341	0	0	0	0.0	5	61	147	209	2.0	OK	OK	OK	KEEP	OK	True	False
<PROJECT_ROOT>/derivatives/fmriprep/sub-01/func/sub-01_task-heatpainwithregulationandratings_run-05_desc-confounds_timeseries.tsv	e6bf42fae07f64271f4c5f215f8a6c17963d69f874867f7c38621ef9f2407fb3	sub-01		heatpainwithregulationandratings	5	run-05			1	2	1	<PROJECT_ROOT>/derivatives/fmriprep/sub-01/func/sub-01_task-heatpainwithregulationandratings_run-05_space-MNI152NLin2009cAsym_desc-preproc_bold.nii.gz	<PROJECT_ROOT>/derivatives/fmriprep/sub-01/func/sub-01_task-heatpainwithregulationandratings_run-05_desc-brain_mask.nii.gz	<PROJECT_ROOT>/derivatives/fmriprep/sub-01/func/sub-01_task-heatpainwithregulationandratings_run-05_space-MNI152NLin2009cAsym_desc-preproc_bold.json	209	208	0.29564337237606986	0.13029973254989013	1.3706711610528812	3.0020828201735816	26.442307692307693	12.01923076923077	7.211538461538461	55	25	15	std_dvars	208	1.5453870144230772	1.281833	3.39932	4.522728	6	24	5	35	60	5	4	8	60	60	60	28.708133971291865	5	5	5	2.3923444976076556	5	99	109	209	2.0	WARN_FD_MEAN,BAD_FD_GT_0.5,WARN_FD_MAX	WARN_OUTLIER_BURDEN	OK	KEEP_FOR_MAIN_BUT_SENSITIVITY_EXCLUDE_CANDIDATE	WARN_FD_MEAN,BAD_FD_GT_0.5,WARN_FD_MAX,WARN_OUTLIER_BURDEN,OK	True	True
<PROJECT_ROOT>/derivatives/fmriprep/sub-01/func/sub-01_task-heatpainwithregulationandratings_run-06_desc-confounds_timeseries.tsv	9ba68e70ffea289dbfcc2b821f501ccd41773bf8b89321e2d860a251248d726a	sub-01		heatpainwithregulationandratings	6	run-06			1	2	1	<PROJECT_ROOT>/derivatives/fmriprep/sub-01/func/sub-01_task-heatpainwithregulationandratings_run-06_space-MNI152NLin2009cAsym_desc-preproc_bold.nii.gz	<PROJECT_ROOT>/derivatives/fmriprep/sub-01/func/sub-01_task-heatpainwithregulationandratings_run-06_desc-brain_mask.nii.gz	<PROJECT_ROOT>/derivatives/fmriprep/sub-01/func/sub-01_task-heatpainwithregulationandratings_run-06_space-MNI152NLin2009cAsym_desc-preproc_bold.json	209	208	0.1968380353656947	0.10738139710036004	0.6602862256208114	3.282670755666233	13.461538461538462	5.769230769230769	3.3653846153846154	28	12	7	std_dvars	208	1.5543432211538462	1.307357	3.7621461499999995	4.720635	6	24	5	42	71	0	4	8	71	71	71	33.97129186602871	0	0	0	0.0	5	105	103	209	2.0	WARN_FD_GT_0.5,WARN_FD_MAX	WARN_OUTLIER_BURDEN	OK	KEEP_WITH_WARNING	WARN_FD_GT_0.5,WARN_FD_MAX,WARN_OUTLIER_BURDEN,OK	True	False
<PROJECT_ROOT>/derivatives/fmriprep/sub-01/func/sub-01_task-heatpainwithregulationandratings_run-07_desc-confounds_timeseries.tsv	3772593a376db1fbe6962758f6a04c9b989661a942a262eb2f7a9e6b160c8c1c	sub-01		heatpainwithregulationandratings	7	run-07			1	2	1	<PROJECT_ROOT>/derivatives/fmriprep/sub-01/func/sub-01_task-heatpainwithregulationandratings_run-07_space-MNI152NLin2009cAsym_desc-preproc_bold.nii.gz	<PROJECT_ROOT>/derivatives/fmriprep/sub-01/func/sub-01_task-heatpainwithregulationandratings_run-07_desc-brain_mask.nii.gz	<PROJECT_ROOT>/derivatives/fmriprep/sub-01/func/sub-01_task-heatpainwithregulationandratings_run-07_space-MNI152NLin2009cAsym_desc-preproc_bold.json	191	190	0.13805197156170093	0.09379232630264644	0.3378113832262476	1.9603650471393927	10.526315789473683	2.631578947368421	0.5263157894736842	20	5	1	std_dvars	190	1.7061083	1.610588	2.9293312999999994	4.540195	6	24	4	43	108	0	4	8	108	108	108	56.54450261780105	0	0	0	0.0	5	141	49	191	2.0	OK	HIGH_OUTLIER_BURDEN,SEVERE_LOW_ESTIMATED_DOF	OK	KEEP_FOR_MAIN_BUT_SENSITIVITY_EXCLUDE_CANDIDATE	OK,HIGH_OUTLIER_BURDEN,SEVERE_LOW_ESTIMATED_DOF,OK	True	True
<PROJECT_ROOT>/derivatives/fmriprep/sub-01/func/sub-01_task-heatpainwithregulationandratings_run-08_desc-confounds_timeseries.tsv	244aceff23f2542109d43877117c12d3525c4a2eff8c7d75885dabd1cbe2106e	sub-01		heatpainwithregulationandratings	8	run-08			1	2	1	<PROJECT_ROOT>/derivatives/fmriprep/sub-01/func/sub-01_task-heatpainwithregulationandratings_run-08_space-MNI152NLin2009cAsym_desc-preproc_bold.nii.gz	<PROJECT_ROOT>/derivatives/fmriprep/sub-01/func/sub-01_task-heatpainwithregulationandratings_run-08_desc-brain_mask.nii.gz	<PROJECT_ROOT>/derivatives/fmriprep/sub-01/func/sub-01_task-heatpainwithregulationandratings_run-08_space-MNI152NLin2009cAsym_desc-preproc_bold.json	209	208	0.10579535256135308	0.0854189835056732	0.18252013304552145	1.2396275719238334	4.326923076923077	1.4423076923076923	0.4807692307692308	9	3	1	std_dvars	208	1.5029399038461537	1.331127	2.412082099999998	5.051065	6	24	5	59	76	0	4	8	76	76	76	36.36363636363637	0	0	0	0.0	5	110	98	209	2.0	OK	HIGH_OUTLIER_BURDEN,WARN_LOW_ESTIMATED_DOF	OK	KEEP_FOR_MAIN_BUT_SENSITIVITY_EXCLUDE_CANDIDATE	OK,HIGH_OUTLIER_BURDEN,WARN_LOW_ESTIMATED_DOF,OK	True	True
<PROJECT_ROOT>/derivatives/fmriprep/sub-01/func/sub-01_task-heatpainwithregulationandratings_run-09_desc-confounds_timeseries.tsv	c328e55aa676207ef5d35fe815aba1570e74fda08ec8dbf46258dd0c70958066	sub-01		heatpainwithregulationandratings	9	run-09			1	2	1	<PROJECT_ROOT>/derivatives/fmriprep/sub-01/func/sub-01_task-heatpainwithregulationandratings_run-09_space-MNI152NLin2009cAsym_desc-preproc_bold.nii.gz	<PROJECT_ROOT>/derivatives/fmriprep/sub-01/func/sub-01_task-heatpainwithregulationandratings_run-09_desc-brain_mask.nii.gz	<PROJECT_ROOT>/derivatives/fmriprep/sub-01/func/sub-01_task-heatpainwithregulationandratings_run-09_space-MNI152NLin2009cAsym_desc-preproc_bold.json	209	208	0.11894726976806738	0.08952104189420315	0.24586067359391273	1.477572043273012	6.730769230769231	1.9230769230769231	1.4423076923076923	14	4	3	std_dvars	208	1.936480528846154	1.7002265	4.305843999999998	7.128871	6	24	5	53	130	0	4	8	130	130	130	62.20095693779905	0	0	0	0.0	5	164	44	209	2.0	OK	HIGH_OUTLIER_BURDEN,SEVERE_LOW_ESTIMATED_DOF	OK	KEEP_FOR_MAIN_BUT_SENSITIVITY_EXCLUDE_CANDIDATE	OK,HIGH_OUTLIER_BURDEN,SEVERE_LOW_ESTIMATED_DOF,OK	True	True
<PROJECT_ROOT>/derivatives/fmriprep/sub-02/func/sub-02_task-heatpainwithregulationandratings_run-01_desc-confounds_timeseries.tsv	20279eea6f67fbb280a6549b517bd52d800e11db70bce17133e900e767b7d371	sub-02		heatpainwithregulationandratings	1	run-01			1	2	1	<PROJECT_ROOT>/derivatives/fmriprep/sub-02/func/sub-02_task-heatpainwithregulationandratings_run-01_space-MNI152NLin2009cAsym_desc-preproc_bold.nii.gz	<PROJECT_ROOT>/derivatives/fmriprep/sub-02/func/sub-02_task-heatpainwithregulationandratings_run-01_desc-brain_mask.nii.gz	<PROJECT_ROOT>/derivatives/fmriprep/sub-02/func/sub-02_task-heatpainwithregulationandratings_run-01_space-MNI152NLin2009cAsym_desc-preproc_bold.json	209	208	0.16265277361298106	0.1221329571501681	0.30784836941642624	2.1989668048847504	14.423076923076922	2.403846153846154	0.9615384615384616	30	5	2	std_dvars	208	1.7408967836538463	1.5925825	3.0431909499999987	5.227264	6	24	5	34	120	0	4	8	120	120	120	57.41626794258373	0	0	0	0.0	5	154	54	209	2.0	WARN_FD_MAX	HIGH_OUTLIER_BURDEN,WARN_LOW_ESTIMATED_DOF	OK	KEEP_FOR_MAIN_BUT_SENSITIVITY_EXCLUDE_CANDIDATE	WARN_FD_MAX,HIGH_OUTLIER_BURDEN,WARN_LOW_ESTIMATED_DOF,OK	True	True
<PROJECT_ROOT>/derivatives/fmriprep/sub-02/func/sub-02_task-heatpainwithregulationandratings_run-02_desc-confounds_timeseries.tsv	b1750dcc05afa1ebbeef03506601a2b0f797fac8f76c7f45848ea318235e9b5c	sub-02		heatpainwithregulationandratings	2	run-02			1	2	1	<PROJECT_ROOT>/derivatives/fmriprep/sub-02/func/sub-02_task-heatpainwithregulationandratings_run-02_space-MNI152NLin2009cAsym_desc-preproc_bold.nii.gz	<PROJECT_ROOT>/derivatives/fmriprep/sub-02/func/sub-02_task-heatpainwithregulationandratings_run-02_desc-brain_mask.nii.gz	<PROJECT_ROOT>/derivatives/fmriprep/sub-02/func/sub-02_task-heatpainwithregulationandratings_run-02_space-MNI152NLin2009cAsym_desc-preproc_bold.json	209	208	0.1148755133491545	0.100482973683333	0.24962612779438537	0.4652603702683547	10.096153846153847	0.0	0.0	21	0	0	std_dvars	208	1.4250781634615384	1.081286	3.2365203499999993	4.525148	6	24	5	48	56	0	4	8	56	56	56	26.794258373205743	0	0	0	0.0	5	90	118	209	2.0	OK	WARN_OUTLIER_BURDEN	OK	KEEP_WITH_WARNING	OK,WARN_OUTLIER_BURDEN,OK	True	False
<PROJECT_ROOT>/derivatives/fmriprep/sub-02/func/sub-02_task-heatpainwithregulationandratings_run-03_desc-confounds_timeseries.tsv	f9bd929720d82473e91278e1ea1e8a3eb088bafd2ccea751dbb189a7a6713d5e	sub-02		heatpainwithregulationandratings	3	run-03			1	2	1	<PROJECT_ROOT>/derivatives/fmriprep/sub-02/func/sub-02_task-heatpainwithregulationandratings_run-03_space-MNI152NLin2009cAsym_desc-preproc_bold.nii.gz	<PROJECT_ROOT>/derivatives/fmriprep/sub-02/func/sub-02_task-heatpainwithregulationandratings_run-03_desc-brain_mask.nii.gz	<PROJECT_ROOT>/derivatives/fmriprep/sub-02/func/sub-02_task-heatpainwithregulationandratings_run-03_space-MNI152NLin2009cAsym_desc-preproc_bold.json	191	190	0.11605466550220198	0.1001153817533801	0.24059499528384468	0.395471711295933	12.105263157894736	0.0	0.0	23	0	0	std_dvars	190	1.3194298263157895	1.1102414999999999	2.634748199999998	4.120204	6	24	4	49	29	0	4	8	29	29	29	15.18324607329843	0	0	0	0.0	5	62	128	191	2.0	OK	OK	OK	KEEP	OK	True	False
<PROJECT_ROOT>/derivatives/fmriprep/sub-02/func/sub-02_task-heatpainwithregulationandratings_run-04_desc-confounds_timeseries.tsv	3ced3bad2db4f7f3e8733168ad3dc05c79be54db450f60d2649ab611df3eee57	sub-02		heatpainwithregulationandratings	4	run-04			1	2	1	<PROJECT_ROOT>/derivatives/fmriprep/sub-02/func/sub-02_task-heatpainwithregulationandratings_run-04_space-MNI152NLin2009cAsym_desc-preproc_bold.nii.gz	<PROJECT_ROOT>/derivatives/fmriprep/sub-02/func/sub-02_task-heatpainwithregulationandratings_run-04_desc-brain_mask.nii.gz	<PROJECT_ROOT>/derivatives/fmriprep/sub-02/func/sub-02_task-heatpainwithregulationandratings_run-04_space-MNI152NLin2009cAsym_desc-preproc_bold.json	209	208	0.09750789016869425	0.08685782309735271	0.170009734827651	0.5332671112074303	3.3653846153846154	0.4807692307692308	0.0	7	1	0	std_dvars	208	1.1743591971153846	1.1478834999999998	1.4156533499999993	2.272595	6	24	5	50	7	0	4	8	7	7	7	3.349282296650718	0	0	0	0.0	5	41	167	209	2.0	OK	OK	OK	KEEP	OK	True	False
<PROJECT_ROOT>/derivatives/fmriprep/sub-02/func/sub-02_task-heatpainwithregulationandratings_run-05_desc-confounds_timeseries.tsv	850eae7c6f327acca71dad3299c020d85015a75b5ff34ea0acdf949226a1ad7a	sub-02		heatpainwithregulationandratings	5	run-05			1	2	1	<PROJECT_ROOT>/derivatives/fmriprep/sub-02/func/sub-02_task-heatpainwithregulationandratings_run-05_space-MNI152NLin2009cAsym_desc-preproc_bold.nii.gz	<PROJECT_ROOT>/derivatives/fmriprep/sub-02/func/sub-02_task-heatpainwithregulationandratings_run-05_desc-brain_mask.nii.gz	<PROJECT_ROOT>/derivatives/fmriprep/sub-02/func/sub-02_task-heatpainwithregulationandratings_run-05_space-MNI152NLin2009cAsym_desc-preproc_bold.json	209	208	0.21406876316316736	0.1344581875499081	0.30597813296770493	5.119231395651142	18.75	3.8461538461538463	1.9230769230769231	39	8	4	std_dvars	208	1.2397857596153847	1.0144644999999999	1.7746958499999994	12.884007	6	24	5	7	18	0	4	8	18	18	18	8.61244019138756	0	0	0	0.0	5	52	156	209	2.0	WARN_FD_MEAN,SEVERE_FD_MAX	OK	OK	EXCLUDE	WARN_FD_MEAN,SEVERE_FD_MAX,OK,OK	False	True
<PROJECT_ROOT>/derivatives/fmriprep/sub-02/func/sub-02_task-heatpainwithregulationandratings_run-06_desc-confounds_timeseries.tsv	177ac0ae10c2d9aa73d3a3988ee8b61e446847b1b1f87fa8781718346c46d629	sub-02		heatpainwithregulationandratings	6	run-06			1	2	1	<PROJECT_ROOT>/derivatives/fmriprep/sub-02/func/sub-02_task-heatpainwithregulationandratings_run-06_space-MNI152NLin2009cAsym_desc-preproc_bold.nii.gz	<PROJECT_ROOT>/derivatives/fmriprep/sub-02/func/sub-02_task-heatpainwithregulationandratings_run-06_desc-brain_mask.nii.gz	<PROJECT_ROOT>/derivatives/fmriprep/sub-02/func/sub-02_task-heatpainwithregulationandratings_run-06_space-MNI152NLin2009cAsym_desc-preproc_bold.json	209	208	0.11758162518855651	0.0982259547216246	0.257204022787623	0.9701967587722926	8.173076923076923	0.9615384615384616	0.0	17	2	0	std_dvars	208	1.1689147692307693	1.121469	1.547602	2.557454	6	24	5	47	12	0	4	8	12	12	12	5.741626794258373	0	0	0	0.0	5	46	162	209	2.0	OK	OK	OK	KEEP	OK	True	False
<PROJECT_ROOT>/derivatives/fmriprep/sub-02/func/sub-02_task-heatpainwithregulationandratings_run-07_desc-confounds_timeseries.tsv	3792fd76ca3d023a6cd8aed826110a5ae5e059b1945297bc5a055d7ae0f528b4	sub-02		heatpainwithregulationandratings	7	run-07			1	2	1	<PROJECT_ROOT>/derivatives/fmriprep/sub-02/func/sub-02_task-heatpainwithregulationandratings_run-07_space-MNI152NLin2009cAsym_desc-preproc_bold.nii.gz	<PROJECT_ROOT>/derivatives/fmriprep/sub-02/func/sub-02_task-heatpainwithregulationandratings_run-07_desc-brain_mask.nii.gz	<PROJECT_ROOT>/derivatives/fmriprep/sub-02/func/sub-02_task-heatpainwithregulationandratings_run-07_space-MNI152NLin2009cAsym_desc-preproc_bold.json	191	190	0.26828377726084734	0.19295595271125043	0.7692139714005826	1.311965945045666	46.8421052631579	10.526315789473683	1.5789473684210527	89	20	3	std_dvars	190	1.1509980684210528	0.991461	2.3771222999999995	4.305902	6	24	4	23	28	0	4	8	28	28	28	14.659685863874344	0	0	0	0.0	5	61	129	191	2.0	WARN_FD_MEAN,BAD_FD_GT_0.5	OK	OK	KEEP_FOR_MAIN_BUT_SENSITIVITY_EXCLUDE_CANDIDATE	WARN_FD_MEAN,BAD_FD_GT_0.5,OK,OK	True	True
<PROJECT_ROOT>/derivatives/fmriprep/sub-02/func/sub-02_task-heatpainwithregulationandratings_run-08_desc-confounds_timeseries.tsv	9fb34688f99b1c99a660a954d153719bc1a2800c500b29d9c42c910c6b752636	sub-02		heatpainwithregulationandratings	8	run-08			1	2	1	<PROJECT_ROOT>/derivatives/fmriprep/sub-02/func/sub-02_task-heatpainwithregulationandratings_run-08_space-MNI152NLin2009cAsym_desc-preproc_bold.nii.gz	<PROJECT_ROOT>/derivatives/fmriprep/sub-02/func/sub-02_task-heatpainwithregulationandratings_run-08_desc-brain_mask.nii.gz	<PROJECT_ROOT>/derivatives/fmriprep/sub-02/func/sub-02_task-heatpainwithregulationandratings_run-08_space-MNI152NLin2009cAsym_desc-preproc_bold.json	209	208	0.18277789934412395	0.11435557986226845	0.3519255628928311	5.224243563272515	14.423076923076922	3.3653846153846154	1.4423076923076923	30	7	3	std_dvars	208	1.5414085048076924	1.351855	2.6448704	8.771577	6	24	5	28	73	0	4	8	73	73	73	34.92822966507177	0	0	0	0.0	5	107	101	209	2.0	SEVERE_FD_MAX	WARN_OUTLIER_BURDEN	OK	EXCLUDE	SEVERE_FD_MAX,WARN_OUTLIER_BURDEN,OK	False	True
<PROJECT_ROOT>/derivatives/fmriprep/sub-02/func/sub-02_task-heatpainwithregulationandratings_run-09_desc-confounds_timeseries.tsv	2bbdef23c75e541bdfeca84cd564d2a462734a788a9021eb3009286e152b024b	sub-02		heatpainwithregulationandratings	9	run-09			1	2	1	<PROJECT_ROOT>/derivatives/fmriprep/sub-02/func/sub-02_task-heatpainwithregulationandratings_run-09_space-MNI152NLin2009cAsym_desc-preproc_bold.nii.gz	<PROJECT_ROOT>/derivatives/fmriprep/sub-02/func/sub-02_task-heatpainwithregulationandratings_run-09_desc-brain_mask.nii.gz	<PROJECT_ROOT>/derivatives/fmriprep/sub-02/func/sub-02_task-heatpainwithregulationandratings_run-09_space-MNI152NLin2009cAsym_desc-preproc_bold.json	209	208	0.22415402955304303	0.1449815670660459	0.7266033850759928	1.5047037169616018	31.25	8.653846153846153	2.8846153846153846	65	18	6	std_dvars	208	1.036685533653846	0.91377	1.8560789499999988	3.437059	6	24	5	29	22	0	4	8	22	22	22	10.526315789473683	0	0	0	0.0	5	56	152	209	2.0	WARN_FD_MEAN,WARN_FD_GT_0.5	OK	OK	KEEP_WITH_WARNING	WARN_FD_MEAN,WARN_FD_GT_0.5,OK,OK	True	False
<PROJECT_ROOT>/derivatives/fmriprep/sub-03/func/sub-03_task-heatpainwithregulationandratings_run-01_desc-confounds_timeseries.tsv	105529c262b04e1844270180b97524393504cd95382f697974ce4c6a2c789cfe	sub-03		heatpainwithregulationandratings	1	run-01			1	2	1	<PROJECT_ROOT>/derivatives/fmriprep/sub-03/func/sub-03_task-heatpainwithregulationandratings_run-01_space-MNI152NLin2009cAsym_desc-preproc_bold.nii.gz	<PROJECT_ROOT>/derivatives/fmriprep/sub-03/func/sub-03_task-heatpainwithregulationandratings_run-01_desc-brain_mask.nii.gz	<PROJECT_ROOT>/derivatives/fmriprep/sub-03/func/sub-03_task-heatpainwithregulationandratings_run-01_space-MNI152NLin2009cAsym_desc-preproc_bold.json	209	208	0.13418586606852873	0.1215805812080379	0.23805339065434628	0.7163202117143899	13.461538461538462	1.4423076923076923	0.0	28	3	0	std_dvars	208	1.586021735576923	1.227458	3.788264649999994	4.84319	6	24	5	42	58	0	4	8	58	58	58	27.751196172248804	0	0	0	0.0	5	92	116	209	2.0	OK	WARN_OUTLIER_BURDEN	OK	KEEP_WITH_WARNING	OK,WARN_OUTLIER_BURDEN,OK	True	False
<PROJECT_ROOT>/derivatives/fmriprep/sub-03/func/sub-03_task-heatpainwithregulationandratings_run-02_desc-confounds_timeseries.tsv	b3a37aa30602ec5c7df4b3cb370d44efcdce2ee9f5fe350f6b8ccf28ba96b450	sub-03		heatpainwithregulationandratings	2	run-02			1	2	1	<PROJECT_ROOT>/derivatives/fmriprep/sub-03/func/sub-03_task-heatpainwithregulationandratings_run-02_space-MNI152NLin2009cAsym_desc-preproc_bold.nii.gz	<PROJECT_ROOT>/derivatives/fmriprep/sub-03/func/sub-03_task-heatpainwithregulationandratings_run-02_desc-brain_mask.nii.gz	<PROJECT_ROOT>/derivatives/fmriprep/sub-03/func/sub-03_task-heatpainwithregulationandratings_run-02_space-MNI152NLin2009cAsym_desc-preproc_bold.json	209	208	0.16494137562593356	0.13834760118536	0.3414820494436121	1.9452611702202047	18.269230769230766	2.8846153846153846	0.9615384615384616	38	6	2	std_dvars	208	1.8629888509615382	1.423355	4.3769829499999995	4.552176	6	24	5	40	98	0	4	8	98	98	98	46.889952153110045	0	0	0	0.0	5	132	76	209	2.0	OK	HIGH_OUTLIER_BURDEN,WARN_LOW_ESTIMATED_DOF	OK	KEEP_FOR_MAIN_BUT_SENSITIVITY_EXCLUDE_CANDIDATE	OK,HIGH_OUTLIER_BURDEN,WARN_LOW_ESTIMATED_DOF,OK	True	True
<PROJECT_ROOT>/derivatives/fmriprep/sub-03/func/sub-03_task-heatpainwithregulationandratings_run-03_desc-confounds_timeseries.tsv	a233d640e7df0c179ded70159cf6d25590679560d1d402b9b70db3f63c8a0ba8	sub-03		heatpainwithregulationandratings	3	run-03			1	2	1	<PROJECT_ROOT>/derivatives/fmriprep/sub-03/func/sub-03_task-heatpainwithregulationandratings_run-03_space-MNI152NLin2009cAsym_desc-preproc_bold.nii.gz	<PROJECT_ROOT>/derivatives/fmriprep/sub-03/func/sub-03_task-heatpainwithregulationandratings_run-03_desc-brain_mask.nii.gz	<PROJECT_ROOT>/derivatives/fmriprep/sub-03/func/sub-03_task-heatpainwithregulationandratings_run-03_space-MNI152NLin2009cAsym_desc-preproc_bold.json	191	190	0.13736992183957072	0.111512714327273	0.3003824983223308	0.4872820502390572	15.789473684210526	0.0	0.0	30	0	0	std_dvars	190	1.4759606684210527	1.2363795	3.1241275499999994	5.069177	6	24	4	41	43	0	4	8	43	43	43	22.5130890052356	0	0	0	0.0	5	76	114	191	2.0	OK	WARN_OUTLIER_BURDEN	OK	KEEP_WITH_WARNING	OK,WARN_OUTLIER_BURDEN,OK	True	False
<PROJECT_ROOT>/derivatives/fmriprep/sub-03/func/sub-03_task-heatpainwithregulationandratings_run-04_desc-confounds_timeseries.tsv	8306a477998550e7c89897016f984f1d5b173632827d4c54abb8a5e9c6a4b85e	sub-03		heatpainwithregulationandratings	4	run-04			1	2	1	<PROJECT_ROOT>/derivatives/fmriprep/sub-03/func/sub-03_task-heatpainwithregulationandratings_run-04_space-MNI152NLin2009cAsym_desc-preproc_bold.nii.gz	<PROJECT_ROOT>/derivatives/fmriprep/sub-03/func/sub-03_task-heatpainwithregulationandratings_run-04_desc-brain_mask.nii.gz	<PROJECT_ROOT>/derivatives/fmriprep/sub-03/func/sub-03_task-heatpainwithregulationandratings_run-04_space-MNI152NLin2009cAsym_desc-preproc_bold.json	209	208	0.21954629933426292	0.1642179881493471	0.5270846690908325	1.5089529038655192	37.019230769230774	6.25	0.9615384615384616	77	13	2	std_dvars	208	1.5151644182692308	1.346148	2.481261199999999	4.154268	6	24	5	40	83	0	4	8	83	83	83	39.71291866028708	0	0	0	0.0	5	117	91	209	2.0	WARN_FD_MEAN,WARN_FD_GT_0.5	HIGH_OUTLIER_BURDEN,WARN_LOW_ESTIMATED_DOF	OK	KEEP_FOR_MAIN_BUT_SENSITIVITY_EXCLUDE_CANDIDATE	WARN_FD_MEAN,WARN_FD_GT_0.5,HIGH_OUTLIER_BURDEN,WARN_LOW_ESTIMATED_DOF,OK	True	True
<PROJECT_ROOT>/derivatives/fmriprep/sub-03/func/sub-03_task-heatpainwithregulationandratings_run-05_desc-confounds_timeseries.tsv	a54c8d85fd297f08c397db3241bbc11aec1d48ca924bb87888091e4daa00e1ee	sub-03		heatpainwithregulationandratings	5	run-05			1	2	1	<PROJECT_ROOT>/derivatives/fmriprep/sub-03/func/sub-03_task-heatpainwithregulationandratings_run-05_space-MNI152NLin2009cAsym_desc-preproc_bold.nii.gz	<PROJECT_ROOT>/derivatives/fmriprep/sub-03/func/sub-03_task-heatpainwithregulationandratings_run-05_desc-brain_mask.nii.gz	<PROJECT_ROOT>/derivatives/fmriprep/sub-03/func/sub-03_task-heatpainwithregulationandratings_run-05_space-MNI152NLin2009cAsym_desc-preproc_bold.json	209	208	0.17488018642023767	0.1533476840188091	0.3983833252665057	1.0249954165188044	24.03846153846154	1.4423076923076923	0.4807692307692308	50	3	1	std_dvars	208	1.6074643269230768	1.4995585	2.498886299999999	4.391648	6	24	5	43	104	0	4	8	104	104	104	49.760765550239235	0	0	0	0.0	5	138	70	209	2.0	OK	HIGH_OUTLIER_BURDEN,WARN_LOW_ESTIMATED_DOF	OK	KEEP_FOR_MAIN_BUT_SENSITIVITY_EXCLUDE_CANDIDATE	OK,HIGH_OUTLIER_BURDEN,WARN_LOW_ESTIMATED_DOF,OK	True	True
<PROJECT_ROOT>/derivatives/fmriprep/sub-03/func/sub-03_task-heatpainwithregulationandratings_run-06_desc-confounds_timeseries.tsv	25e830900f9dd37232f6f30c048e58f23d714a05452540c04232a5bee1592d07	sub-03		heatpainwithregulationandratings	6	run-06			1	2	1	<PROJECT_ROOT>/derivatives/fmriprep/sub-03/func/sub-03_task-heatpainwithregulationandratings_run-06_space-MNI152NLin2009cAsym_desc-preproc_bold.nii.gz	<PROJECT_ROOT>/derivatives/fmriprep/sub-03/func/sub-03_task-heatpainwithregulationandratings_run-06_desc-brain_mask.nii.gz	<PROJECT_ROOT>/derivatives/fmriprep/sub-03/func/sub-03_task-heatpainwithregulationandratings_run-06_space-MNI152NLin2009cAsym_desc-preproc_bold.json	209	208	0.19785346042588076	0.14851363540069729	0.43952021963768934	2.3614777261253725	29.326923076923077	3.3653846153846154	0.9615384615384616	61	7	2	std_dvars	208	1.3136972980769233	1.0711365	3.0685221999999968	4.869754	6	24	5	34	32	0	4	8	32	32	32	15.311004784688995	0	0	0	0.0	5	66	142	209	2.0	WARN_FD_MAX	OK	OK	KEEP_WITH_WARNING	WARN_FD_MAX,OK,OK	True	False
<PROJECT_ROOT>/derivatives/fmriprep/sub-03/func/sub-03_task-heatpainwithregulationandratings_run-07_desc-confounds_timeseries.tsv	f3dfdfb01711d1c067f80b8737e6ff3e29687ba68561065551039b4b9b4b0578	sub-03		heatpainwithregulationandratings	7	run-07			1	2	1	<PROJECT_ROOT>/derivatives/fmriprep/sub-03/func/sub-03_task-heatpainwithregulationandratings_run-07_space-MNI152NLin2009cAsym_desc-preproc_bold.nii.gz	<PROJECT_ROOT>/derivatives/fmriprep/sub-03/func/sub-03_task-heatpainwithregulationandratings_run-07_desc-brain_mask.nii.gz	<PROJECT_ROOT>/derivatives/fmriprep/sub-03/func/sub-03_task-heatpainwithregulationandratings_run-07_space-MNI152NLin2009cAsym_desc-preproc_bold.json	191	190	0.26520911411223447	0.18062937128693168	0.7069750048159918	2.604987056837148	45.78947368421053	9.473684210526317	2.1052631578947367	87	18	4	std_dvars	190	1.2488908842105264	1.0874104999999998	2.424742449999997	4.11122	6	24	4	29	42	0	4	8	42	42	42	21.98952879581152	0	0	0	0.0	5	75	115	191	2.0	WARN_FD_MEAN,WARN_FD_GT_0.5,WARN_FD_MAX	WARN_OUTLIER_BURDEN	OK	KEEP_WITH_WARNING	WARN_FD_MEAN,WARN_FD_GT_0.5,WARN_FD_MAX,WARN_OUTLIER_BURDEN,OK	True	False
<PROJECT_ROOT>/derivatives/fmriprep/sub-03/func/sub-03_task-heatpainwithregulationandratings_run-08_desc-confounds_timeseries.tsv	a676493968be0a98e686646f775ef35d896becb52574b436c2921e60fdfb2df9	sub-03		heatpainwithregulationandratings	8	run-08			1	2	1	<PROJECT_ROOT>/derivatives/fmriprep/sub-03/func/sub-03_task-heatpainwithregulationandratings_run-08_space-MNI152NLin2009cAsym_desc-preproc_bold.nii.gz	<PROJECT_ROOT>/derivatives/fmriprep/sub-03/func/sub-03_task-heatpainwithregulationandratings_run-08_desc-brain_mask.nii.gz	<PROJECT_ROOT>/derivatives/fmriprep/sub-03/func/sub-03_task-heatpainwithregulationandratings_run-08_space-MNI152NLin2009cAsym_desc-preproc_bold.json	209	208	0.26769925221001817	0.18229558747613345	0.7972985921850126	1.4497906249335668	46.15384615384615	12.980769230769232	1.9230769230769231	96	27	4	std_dvars	208	1.3286419326923078	1.0858645	2.8503920999999997	3.623853	6	24	5	33	61	0	4	8	61	61	61	29.1866028708134	0	0	0	0.0	5	95	113	209	2.0	WARN_FD_MEAN,BAD_FD_GT_0.5	WARN_OUTLIER_BURDEN	OK	KEEP_FOR_MAIN_BUT_SENSITIVITY_EXCLUDE_CANDIDATE	WARN_FD_MEAN,BAD_FD_GT_0.5,WARN_OUTLIER_BURDEN,OK	True	True
<PROJECT_ROOT>/derivatives/fmriprep/sub-03/func/sub-03_task-heatpainwithregulationandratings_run-09_desc-confounds_timeseries.tsv	f5163bbfb34f68f4f9ae017dcdefb129ec41a22aece138a5dacdf8023a6628ce	sub-03		heatpainwithregulationandratings	9	run-09			1	2	1	<PROJECT_ROOT>/derivatives/fmriprep/sub-03/func/sub-03_task-heatpainwithregulationandratings_run-09_space-MNI152NLin2009cAsym_desc-preproc_bold.nii.gz	<PROJECT_ROOT>/derivatives/fmriprep/sub-03/func/sub-03_task-heatpainwithregulationandratings_run-09_desc-brain_mask.nii.gz	<PROJECT_ROOT>/derivatives/fmriprep/sub-03/func/sub-03_task-heatpainwithregulationandratings_run-09_space-MNI152NLin2009cAsym_desc-preproc_bold.json	209	208	0.18028270644556693	0.1365236699554772	0.3727430099277539	1.4492638307955674	25.48076923076923	2.8846153846153846	0.9615384615384616	53	6	2	std_dvars	208	1.4039303942307695	1.068964	3.0426072999999962	3.951939	6	24	5	31	72	0	4	8	72	72	72	34.44976076555024	0	0	0	0.0	5	106	102	209	2.0	OK	WARN_OUTLIER_BURDEN	OK	KEEP_WITH_WARNING	OK,WARN_OUTLIER_BURDEN,OK	True	False
<PROJECT_ROOT>/derivatives/fmriprep/sub-04/func/sub-04_task-heatpainwithregulationandratings_run-01_desc-confounds_timeseries.tsv	f35347ad29fa51edc54059d65c48c260179507a3cb13bb495313099fe94b58ca	sub-04		heatpainwithregulationandratings	1	run-01			1	2	1	<PROJECT_ROOT>/derivatives/fmriprep/sub-04/func/sub-04_task-heatpainwithregulationandratings_run-01_space-MNI152NLin2009cAsym_desc-preproc_bold.nii.gz	<PROJECT_ROOT>/derivatives/fmriprep/sub-04/func/sub-04_task-heatpainwithregulationandratings_run-01_desc-brain_mask.nii.gz	<PROJECT_ROOT>/derivatives/fmriprep/sub-04/func/sub-04_task-heatpainwithregulationandratings_run-01_space-MNI152NLin2009cAsym_desc-preproc_bold.json	209	208	0.2834626891650417	0.1810020702198245	0.801986440262656	3.4399876549099337	42.30769230769231	12.5	2.8846153846153846	88	26	6	std_dvars	208	1.5431168509615385	1.4210405	2.342518049999998	4.749819	6	24	5	38	82	0	4	8	82	82	82	39.23444976076555	0	0	0	0.0	5	116	92	209	2.0	WARN_FD_MEAN,BAD_FD_GT_0.5,WARN_FD_MAX	HIGH_OUTLIER_BURDEN,WARN_LOW_ESTIMATED_DOF	OK	KEEP_FOR_MAIN_BUT_SENSITIVITY_EXCLUDE_CANDIDATE	WARN_FD_MEAN,BAD_FD_GT_0.5,WARN_FD_MAX,HIGH_OUTLIER_BURDEN,WARN_LOW_ESTIMATED_DOF,OK	True	True
<PROJECT_ROOT>/derivatives/fmriprep/sub-04/func/sub-04_task-heatpainwithregulationandratings_run-02_desc-confounds_timeseries.tsv	a238e3c4716681d500e6b51875245cb7ad155ef97b104bb89ca8f3eccd26e54b	sub-04		heatpainwithregulationandratings	2	run-02			1	2	1	<PROJECT_ROOT>/derivatives/fmriprep/sub-04/func/sub-04_task-heatpainwithregulationandratings_run-02_space-MNI152NLin2009cAsym_desc-preproc_bold.nii.gz	<PROJECT_ROOT>/derivatives/fmriprep/sub-04/func/sub-04_task-heatpainwithregulationandratings_run-02_desc-brain_mask.nii.gz	<PROJECT_ROOT>/derivatives/fmriprep/sub-04/func/sub-04_task-heatpainwithregulationandratings_run-02_space-MNI152NLin2009cAsym_desc-preproc_bold.json	209	208	0.26112997597128995	0.1561219623285571	0.8751790100975778	1.9718570136807765	37.980769230769226	12.980769230769232	2.8846153846153846	79	27	6	std_dvars	208	1.4540960769230769	1.3452465	2.4511814499999987	3.388703	6	24	5	41	62	0	4	8	62	62	62	29.665071770334926	0	0	0	0.0	5	96	112	209	2.0	WARN_FD_MEAN,BAD_FD_GT_0.5	WARN_OUTLIER_BURDEN	OK	KEEP_FOR_MAIN_BUT_SENSITIVITY_EXCLUDE_CANDIDATE	WARN_FD_MEAN,BAD_FD_GT_0.5,WARN_OUTLIER_BURDEN,OK	True	True
<PROJECT_ROOT>/derivatives/fmriprep/sub-04/func/sub-04_task-heatpainwithregulationandratings_run-03_desc-confounds_timeseries.tsv	863665e3ed3c01a9190bc5ce4317b781cd8a00e6bb8c10589e05b9ee1b90173f	sub-04		heatpainwithregulationandratings	3	run-03			1	2	1	<PROJECT_ROOT>/derivatives/fmriprep/sub-04/func/sub-04_task-heatpainwithregulationandratings_run-03_space-MNI152NLin2009cAsym_desc-preproc_bold.nii.gz	<PROJECT_ROOT>/derivatives/fmriprep/sub-04/func/sub-04_task-heatpainwithregulationandratings_run-03_desc-brain_mask.nii.gz	<PROJECT_ROOT>/derivatives/fmriprep/sub-04/func/sub-04_task-heatpainwithregulationandratings_run-03_space-MNI152NLin2009cAsym_desc-preproc_bold.json	191	190	0.25157696935890866	0.15913653247692705	0.7236531295646268	2.878797500834482	35.26315789473684	9.473684210526317	2.1052631578947367	67	18	4	std_dvars	190	1.3840805842105266	1.288563	2.2471455499999977	3.29007	6	24	4	41	39	0	4	8	39	39	39	20.418848167539267	0	0	0	0.0	5	72	118	191	2.0	WARN_FD_MEAN,WARN_FD_GT_0.5,WARN_FD_MAX	WARN_OUTLIER_BURDEN	OK	KEEP_WITH_WARNING	WARN_FD_MEAN,WARN_FD_GT_0.5,WARN_FD_MAX,WARN_OUTLIER_BURDEN,OK	True	False
<PROJECT_ROOT>/derivatives/fmriprep/sub-04/func/sub-04_task-heatpainwithregulationandratings_run-04_desc-confounds_timeseries.tsv	25974fbc696f86e535486df87bbd5adf676a0aab58f2e0aad2445880d1143236	sub-04		heatpainwithregulationandratings	4	run-04			1	2	1	<PROJECT_ROOT>/derivatives/fmriprep/sub-04/func/sub-04_task-heatpainwithregulationandratings_run-04_space-MNI152NLin2009cAsym_desc-preproc_bold.nii.gz	<PROJECT_ROOT>/derivatives/fmriprep/sub-04/func/sub-04_task-heatpainwithregulationandratings_run-04_desc-brain_mask.nii.gz	<PROJECT_ROOT>/derivatives/fmriprep/sub-04/func/sub-04_task-heatpainwithregulationandratings_run-04_space-MNI152NLin2009cAsym_desc-preproc_bold.json	209	208	0.23207785119277746	0.1576759528528183	0.5157876104924546	4.604878207874693	34.61538461538461	5.769230769230769	1.9230769230769231	72	12	4	std_dvars	208	1.3869024230769231	1.235219	2.3614072	4.009686	6	24	5	39	56	0	4	8	56	56	56	26.794258373205743	0	0	0	0.0	5	90	118	209	2.0	WARN_FD_MEAN,WARN_FD_GT_0.5,WARN_FD_MAX	WARN_OUTLIER_BURDEN	OK	KEEP_WITH_WARNING	WARN_FD_MEAN,WARN_FD_GT_0.5,WARN_FD_MAX,WARN_OUTLIER_BURDEN,OK	True	False
<PROJECT_ROOT>/derivatives/fmriprep/sub-04/func/sub-04_task-heatpainwithregulationandratings_run-05_desc-confounds_timeseries.tsv	deabff85ade78d2d7dd8a1311bdc8a2c3396ab4f6c17521435ea30c61144ee2f	sub-04		heatpainwithregulationandratings	5	run-05			1	2	1	<PROJECT_ROOT>/derivatives/fmriprep/sub-04/func/sub-04_task-heatpainwithregulationandratings_run-05_space-MNI152NLin2009cAsym_desc-preproc_bold.nii.gz	<PROJECT_ROOT>/derivatives/fmriprep/sub-04/func/sub-04_task-heatpainwithregulationandratings_run-05_desc-brain_mask.nii.gz	<PROJECT_ROOT>/derivatives/fmriprep/sub-04/func/sub-04_task-heatpainwithregulationandratings_run-05_space-MNI152NLin2009cAsym_desc-preproc_bold.json	209	208	0.3531914006493132	0.18997826943362425	1.012023337293177	6.279217017283682	46.15384615384615	18.75	5.288461538461538	96	39	11	std_dvars	208	1.4403077355769232	1.300032	2.672261699999995	3.977884	6	24	5	34	72	0	4	8	72	72	72	34.44976076555024	0	0	0	0.0	5	106	102	209	2.0	BAD_FD_MEAN,BAD_FD_GT_0.5,SEVERE_FD_MAX	WARN_OUTLIER_BURDEN	OK	EXCLUDE	BAD_FD_MEAN,BAD_FD_GT_0.5,SEVERE_FD_MAX,WARN_OUTLIER_BURDEN,OK	False	True
<PROJECT_ROOT>/derivatives/fmriprep/sub-04/func/sub-04_task-heatpainwithregulationandratings_run-06_desc-confounds_timeseries.tsv	22fc91f7880b9444419be0933144c4c378bab3947b4f5b96b15574df9f62f305	sub-04		heatpainwithregulationandratings	6	run-06			1	2	1	<PROJECT_ROOT>/derivatives/fmriprep/sub-04/func/sub-04_task-heatpainwithregulationandratings_run-06_space-MNI152NLin2009cAsym_desc-preproc_bold.nii.gz	<PROJECT_ROOT>/derivatives/fmriprep/sub-04/func/sub-04_task-heatpainwithregulationandratings_run-06_desc-brain_mask.nii.gz	<PROJECT_ROOT>/derivatives/fmriprep/sub-04/func/sub-04_task-heatpainwithregulationandratings_run-06_space-MNI152NLin2009cAsym_desc-preproc_bold.json	209	208	0.40618358842333263	0.22586547095163026	1.4416674407037546	2.751070531939962	56.730769230769226	20.192307692307693	9.134615384615383	118	42	19	std_dvars	208	1.286269485576923	1.1770805	2.1994577499999988	2.622939	6	24	5	34	56	0	4	8	56	56	56	26.794258373205743	0	0	0	0.0	5	90	118	209	2.0	BAD_FD_MEAN,BAD_FD_GT_0.5,WARN_FD_MAX	WARN_OUTLIER_BURDEN	OK	KEEP_FOR_MAIN_BUT_SENSITIVITY_EXCLUDE_CANDIDATE	BAD_FD_MEAN,BAD_FD_GT_0.5,WARN_FD_MAX,WARN_OUTLIER_BURDEN,OK	True	True
<PROJECT_ROOT>/derivatives/fmriprep/sub-04/func/sub-04_task-heatpainwithregulationandratings_run-07_desc-confounds_timeseries.tsv	ef29ae0c0ad359c3384edfe10346d165a14af3d72f92a8dcc8b6941feb57cea3	sub-04		heatpainwithregulationandratings	7	run-07			1	2	1	<PROJECT_ROOT>/derivatives/fmriprep/sub-04/func/sub-04_task-heatpainwithregulationandratings_run-07_space-MNI152NLin2009cAsym_desc-preproc_bold.nii.gz	<PROJECT_ROOT>/derivatives/fmriprep/sub-04/func/sub-04_task-heatpainwithregulationandratings_run-07_desc-brain_mask.nii.gz	<PROJECT_ROOT>/derivatives/fmriprep/sub-04/func/sub-04_task-heatpainwithregulationandratings_run-07_space-MNI152NLin2009cAsym_desc-preproc_bold.json	191	190	0.47832772552865804	0.2363487942664301	1.6677127764250117	4.953751309570592	57.36842105263158	22.63157894736842	8.947368421052632	109	43	17	std_dvars	190	1.471224052631579	1.262778	2.8724307999999996	3.870497	6	24	4	31	67	0	4	8	67	67	67	35.07853403141361	0	0	0	0.0	5	100	90	191	2.0	BAD_FD_MEAN,BAD_FD_GT_0.5,WARN_FD_MAX	HIGH_OUTLIER_BURDEN,WARN_LOW_ESTIMATED_DOF	OK	KEEP_FOR_MAIN_BUT_SENSITIVITY_EXCLUDE_CANDIDATE	BAD_FD_MEAN,BAD_FD_GT_0.5,WARN_FD_MAX,HIGH_OUTLIER_BURDEN,WARN_LOW_ESTIMATED_DOF,OK	True	True
<PROJECT_ROOT>/derivatives/fmriprep/sub-04/func/sub-04_task-heatpainwithregulationandratings_run-08_desc-confounds_timeseries.tsv	abd72bc267a8aae8d0a8ffbf859b18ae20766bbf53e5a6c6a8d46e6459175874	sub-04		heatpainwithregulationandratings	8	run-08			1	2	1	<PROJECT_ROOT>/derivatives/fmriprep/sub-04/func/sub-04_task-heatpainwithregulationandratings_run-08_space-MNI152NLin2009cAsym_desc-preproc_bold.nii.gz	<PROJECT_ROOT>/derivatives/fmriprep/sub-04/func/sub-04_task-heatpainwithregulationandratings_run-08_desc-brain_mask.nii.gz	<PROJECT_ROOT>/derivatives/fmriprep/sub-04/func/sub-04_task-heatpainwithregulationandratings_run-08_space-MNI152NLin2009cAsym_desc-preproc_bold.json	209	208	0.3164770646689777	0.22315181680309845	1.0017155113600587	2.412451433711272	54.807692307692314	13.942307692307693	5.288461538461538	114	29	11	std_dvars	208	1.4848049423076923	1.3756944999999998	2.4946132499999996	3.061188	6	24	5	33	84	0	4	8	84	84	84	40.19138755980861	0	0	0	0.0	5	118	90	209	2.0	BAD_FD_MEAN,BAD_FD_GT_0.5,WARN_FD_MAX	HIGH_OUTLIER_BURDEN,WARN_LOW_ESTIMATED_DOF	OK	KEEP_FOR_MAIN_BUT_SENSITIVITY_EXCLUDE_CANDIDATE	BAD_FD_MEAN,BAD_FD_GT_0.5,WARN_FD_MAX,HIGH_OUTLIER_BURDEN,WARN_LOW_ESTIMATED_DOF,OK	True	True
<PROJECT_ROOT>/derivatives/fmriprep/sub-04/func/sub-04_task-heatpainwithregulationandratings_run-09_desc-confounds_timeseries.tsv	db91bffa91c76fdf1f32c00ce89bd30918b6979cc3ba39a3db5ee8e52ab83ba1	sub-04		heatpainwithregulationandratings	9	run-09			1	2	1	<PROJECT_ROOT>/derivatives/fmriprep/sub-04/func/sub-04_task-heatpainwithregulationandratings_run-09_space-MNI152NLin2009cAsym_desc-preproc_bold.nii.gz	<PROJECT_ROOT>/derivatives/fmriprep/sub-04/func/sub-04_task-heatpainwithregulationandratings_run-09_desc-brain_mask.nii.gz	<PROJECT_ROOT>/derivatives/fmriprep/sub-04/func/sub-04_task-heatpainwithregulationandratings_run-09_space-MNI152NLin2009cAsym_desc-preproc_bold.json	209	208	0.5388392533407746	0.3235387627214404	1.5353543065430932	4.685171905680951	63.942307692307686	35.09615384615385	15.384615384615385	133	73	32	std_dvars	208	1.4374723798076923	1.2595100000000001	2.692828	4.72601	6	24	5	21	99	0	4	8	99	99	99	47.368421052631575	0	0	0	0.0	5	133	75	209	2.0	SEVERE_FD_MEAN,SEVERE_FD_GT_0.5,SEVERE_FD_GT_1.0,WARN_FD_MAX	HIGH_OUTLIER_BURDEN,WARN_LOW_ESTIMATED_DOF	OK	EXCLUDE	SEVERE_FD_MEAN,SEVERE_FD_GT_0.5,SEVERE_FD_GT_1.0,WARN_FD_MAX,HIGH_OUTLIER_BURDEN,WARN_LOW_ESTIMATED_DOF,OK	False	True
<PROJECT_ROOT>/derivatives/fmriprep/sub-05/func/sub-05_task-heatpainwithregulationandratings_run-01_desc-confounds_timeseries.tsv	a5c24fea5566e77c0c1958df4b58f57307a452741b1c1ae359d057d86648b7cf	sub-05		heatpainwithregulationandratings	1	run-01			1	2	1	<PROJECT_ROOT>/derivatives/fmriprep/sub-05/func/sub-05_task-heatpainwithregulationandratings_run-01_space-MNI152NLin2009cAsym_desc-preproc_bold.nii.gz	<PROJECT_ROOT>/derivatives/fmriprep/sub-05/func/sub-05_task-heatpainwithregulationandratings_run-01_desc-brain_mask.nii.gz	<PROJECT_ROOT>/derivatives/fmriprep/sub-05/func/sub-05_task-heatpainwithregulationandratings_run-01_space-MNI152NLin2009cAsym_desc-preproc_bold.json	209	208	0.13178189065889132	0.122783538526016	0.2402815190170624	0.6290132944921478	11.538461538461538	0.4807692307692308	0.0	24	1	0	std_dvars	208	1.3632742980769232	1.351852	1.7045668499999997	1.976335	6	24	5	51	45	0	4	8	45	45	45	21.5311004784689	0	0	0	0.0	5	79	129	209	2.0	OK	WARN_OUTLIER_BURDEN	OK	KEEP_WITH_WARNING	OK,WARN_OUTLIER_BURDEN,OK	True	False
<PROJECT_ROOT>/derivatives/fmriprep/sub-05/func/sub-05_task-heatpainwithregulationandratings_run-02_desc-confounds_timeseries.tsv	a0079ef97edeb0871aaa82ef928dc144b9d66f54827f819b668c39f36f1cd434	sub-05		heatpainwithregulationandratings	2	run-02			1	2	1	<PROJECT_ROOT>/derivatives/fmriprep/sub-05/func/sub-05_task-heatpainwithregulationandratings_run-02_space-MNI152NLin2009cAsym_desc-preproc_bold.nii.gz	<PROJECT_ROOT>/derivatives/fmriprep/sub-05/func/sub-05_task-heatpainwithregulationandratings_run-02_desc-brain_mask.nii.gz	<PROJECT_ROOT>/derivatives/fmriprep/sub-05/func/sub-05_task-heatpainwithregulationandratings_run-02_space-MNI152NLin2009cAsym_desc-preproc_bold.json	209	208	0.11838612859639129	0.10836069963449124	0.20790165887325154	0.3056202415895444	7.6923076923076925	0.0	0.0	16	0	0	std_dvars	208	1.2841387788461538	1.277415	1.5179361499999997	1.736549	6	24	5	57	13	0	4	8	13	13	13	6.220095693779904	0	0	0	0.0	5	47	161	209	2.0	OK	OK	OK	KEEP	OK	True	False
<PROJECT_ROOT>/derivatives/fmriprep/sub-05/func/sub-05_task-heatpainwithregulationandratings_run-03_desc-confounds_timeseries.tsv	74f8a696e3253d97785c46550168b30d8fe55507abdfb6337ff323931857f8e1	sub-05		heatpainwithregulationandratings	3	run-03			1	2	1	<PROJECT_ROOT>/derivatives/fmriprep/sub-05/func/sub-05_task-heatpainwithregulationandratings_run-03_space-MNI152NLin2009cAsym_desc-preproc_bold.nii.gz	<PROJECT_ROOT>/derivatives/fmriprep/sub-05/func/sub-05_task-heatpainwithregulationandratings_run-03_desc-brain_mask.nii.gz	<PROJECT_ROOT>/derivatives/fmriprep/sub-05/func/sub-05_task-heatpainwithregulationandratings_run-03_space-MNI152NLin2009cAsym_desc-preproc_bold.json	191	190	0.11517479746612751	0.10887731673725914	0.20831330366416267	0.2866668887592437	5.7894736842105265	0.0	0.0	11	0	0	std_dvars	190	1.5463793842105265	1.4415015000000002	2.268212149999999	5.144135	6	24	4	46	69	0	4	8	69	69	69	36.12565445026178	0	0	0	0.0	5	102	88	191	2.0	OK	HIGH_OUTLIER_BURDEN,WARN_LOW_ESTIMATED_DOF	OK	KEEP_FOR_MAIN_BUT_SENSITIVITY_EXCLUDE_CANDIDATE	OK,HIGH_OUTLIER_BURDEN,WARN_LOW_ESTIMATED_DOF,OK	True	True
<PROJECT_ROOT>/derivatives/fmriprep/sub-05/func/sub-05_task-heatpainwithregulationandratings_run-04_desc-confounds_timeseries.tsv	4f3a889cc50957a57259c4073c41bf6e04e56630b72062602665d428d9245f88	sub-05		heatpainwithregulationandratings	4	run-04			1	2	1	<PROJECT_ROOT>/derivatives/fmriprep/sub-05/func/sub-05_task-heatpainwithregulationandratings_run-04_space-MNI152NLin2009cAsym_desc-preproc_bold.nii.gz	<PROJECT_ROOT>/derivatives/fmriprep/sub-05/func/sub-05_task-heatpainwithregulationandratings_run-04_desc-brain_mask.nii.gz	<PROJECT_ROOT>/derivatives/fmriprep/sub-05/func/sub-05_task-heatpainwithregulationandratings_run-04_space-MNI152NLin2009cAsym_desc-preproc_bold.json	209	208	0.11793951070639161	0.1130234626330284	0.19889213348858872	0.285788514104437	4.807692307692308	0.0	0.0	10	0	0	std_dvars	208	1.2893485432692307	1.3012165	1.5520346999999999	1.764711	6	24	5	56	22	0	4	8	22	22	22	10.526315789473683	0	0	0	0.0	5	56	152	209	2.0	OK	OK	OK	KEEP	OK	True	False
<PROJECT_ROOT>/derivatives/fmriprep/sub-05/func/sub-05_task-heatpainwithregulationandratings_run-05_desc-confounds_timeseries.tsv	3c82cff685a9ba37becaa0df6236ac8b7fe36e158103781210b432f484cd52a7	sub-05		heatpainwithregulationandratings	5	run-05			1	2	1	<PROJECT_ROOT>/derivatives/fmriprep/sub-05/func/sub-05_task-heatpainwithregulationandratings_run-05_space-MNI152NLin2009cAsym_desc-preproc_bold.nii.gz	<PROJECT_ROOT>/derivatives/fmriprep/sub-05/func/sub-05_task-heatpainwithregulationandratings_run-05_desc-brain_mask.nii.gz	<PROJECT_ROOT>/derivatives/fmriprep/sub-05/func/sub-05_task-heatpainwithregulationandratings_run-05_space-MNI152NLin2009cAsym_desc-preproc_bold.json	209	208	0.11286303547264348	0.10605977030574251	0.20656337880777678	0.2840637867328728	6.730769230769231	0.0	0.0	14	0	0	std_dvars	208	1.336275019230769	1.3353665000000001	1.62303195	1.794209	6	24	5	54	32	0	4	8	32	32	32	15.311004784688995	0	0	0	0.0	5	66	142	209	2.0	OK	OK	OK	KEEP	OK	True	False
<PROJECT_ROOT>/derivatives/fmriprep/sub-05/func/sub-05_task-heatpainwithregulationandratings_run-06_desc-confounds_timeseries.tsv	2c96d1544341530412cfcebea53bcddb3272c0864a40ac67dcbe24da97b89736	sub-05		heatpainwithregulationandratings	6	run-06			1	2	1	<PROJECT_ROOT>/derivatives/fmriprep/sub-05/func/sub-05_task-heatpainwithregulationandratings_run-06_space-MNI152NLin2009cAsym_desc-preproc_bold.nii.gz	<PROJECT_ROOT>/derivatives/fmriprep/sub-05/func/sub-05_task-heatpainwithregulationandratings_run-06_desc-brain_mask.nii.gz	<PROJECT_ROOT>/derivatives/fmriprep/sub-05/func/sub-05_task-heatpainwithregulationandratings_run-06_space-MNI152NLin2009cAsym_desc-preproc_bold.json	209	208	0.11110514123005175	0.10090224156812244	0.20691478525744758	0.3260597232197648	6.730769230769231	0.0	0.0	14	0	0	std_dvars	208	1.4877396009615385	1.4212004999999999	2.1192648999999997	2.421741	6	24	5	54	77	0	4	8	77	77	77	36.84210526315789	0	0	0	0.0	5	111	97	209	2.0	OK	HIGH_OUTLIER_BURDEN,WARN_LOW_ESTIMATED_DOF	OK	KEEP_FOR_MAIN_BUT_SENSITIVITY_EXCLUDE_CANDIDATE	OK,HIGH_OUTLIER_BURDEN,WARN_LOW_ESTIMATED_DOF,OK	True	True
<PROJECT_ROOT>/derivatives/fmriprep/sub-05/func/sub-05_task-heatpainwithregulationandratings_run-07_desc-confounds_timeseries.tsv	a75a4221d2b22956a914957906fda47cd42885e03f1fe788e63ee1a3f587225b	sub-05		heatpainwithregulationandratings	7	run-07			1	2	1	<PROJECT_ROOT>/derivatives/fmriprep/sub-05/func/sub-05_task-heatpainwithregulationandratings_run-07_space-MNI152NLin2009cAsym_desc-preproc_bold.nii.gz	<PROJECT_ROOT>/derivatives/fmriprep/sub-05/func/sub-05_task-heatpainwithregulationandratings_run-07_desc-brain_mask.nii.gz	<PROJECT_ROOT>/derivatives/fmriprep/sub-05/func/sub-05_task-heatpainwithregulationandratings_run-07_space-MNI152NLin2009cAsym_desc-preproc_bold.json	191	190	0.12767399634712423	0.12105241716860225	0.23384109904595718	0.3506820706637847	10.0	0.0	0.0	19	0	0	std_dvars	190	1.383144384210526	1.1661015	2.9138595999999968	4.182257	6	24	4	53	38	0	4	8	38	38	38	19.895287958115183	0	0	0	0.0	5	71	119	191	2.0	OK	OK	OK	KEEP	OK	True	False
<PROJECT_ROOT>/derivatives/fmriprep/sub-05/func/sub-05_task-heatpainwithregulationandratings_run-08_desc-confounds_timeseries.tsv	31f7af4fe1cad12a739c6aa67c5a54400a488479f0d52f96a7461892fe4795ac	sub-05		heatpainwithregulationandratings	8	run-08			1	2	1	<PROJECT_ROOT>/derivatives/fmriprep/sub-05/func/sub-05_task-heatpainwithregulationandratings_run-08_space-MNI152NLin2009cAsym_desc-preproc_bold.nii.gz	<PROJECT_ROOT>/derivatives/fmriprep/sub-05/func/sub-05_task-heatpainwithregulationandratings_run-08_desc-brain_mask.nii.gz	<PROJECT_ROOT>/derivatives/fmriprep/sub-05/func/sub-05_task-heatpainwithregulationandratings_run-08_space-MNI152NLin2009cAsym_desc-preproc_bold.json	209	208	0.09449892840419663	0.0929946650307263	0.15315134136874609	0.1752319063609458	0.0	0.0	0.0	0	0	0	std_dvars	208	1.2992888365384614	1.2882444999999998	1.6467807999999995	1.792529	6	24	5	58	29	0	4	8	29	29	29	13.875598086124402	0	0	0	0.0	5	63	145	209	2.0	OK	OK	OK	KEEP	OK	True	False
<PROJECT_ROOT>/derivatives/fmriprep/sub-05/func/sub-05_task-heatpainwithregulationandratings_run-09_desc-confounds_timeseries.tsv	21c782ffb46ea08250404754dbc08fc80c20f5b0b4b04c3eff6bc8a46aa5a2c1	sub-05		heatpainwithregulationandratings	9	run-09			1	2	1	<PROJECT_ROOT>/derivatives/fmriprep/sub-05/func/sub-05_task-heatpainwithregulationandratings_run-09_space-MNI152NLin2009cAsym_desc-preproc_bold.nii.gz	<PROJECT_ROOT>/derivatives/fmriprep/sub-05/func/sub-05_task-heatpainwithregulationandratings_run-09_desc-brain_mask.nii.gz	<PROJECT_ROOT>/derivatives/fmriprep/sub-05/func/sub-05_task-heatpainwithregulationandratings_run-09_space-MNI152NLin2009cAsym_desc-preproc_bold.json	209	208	0.09863171845343856	0.0970101280196906	0.1620800904279689	0.184026753503442	0.0	0.0	0.0	0	0	0	std_dvars	208	1.553513283653846	1.3756115	2.65754475	4.004896	6	24	5	58	78	0	4	8	78	78	78	37.32057416267943	0	0	0	0.0	5	112	96	209	2.0	OK	HIGH_OUTLIER_BURDEN,WARN_LOW_ESTIMATED_DOF	OK	KEEP_FOR_MAIN_BUT_SENSITIVITY_EXCLUDE_CANDIDATE	OK,HIGH_OUTLIER_BURDEN,WARN_LOW_ESTIMATED_DOF,OK	True	True
<PROJECT_ROOT>/derivatives/fmriprep/sub-06/func/sub-06_task-heatpainwithregulationandratings_run-01_desc-confounds_timeseries.tsv	f08b81e34883842d3c4ea21486ba5fc0ec2e0d5bdb41cef0e4ca6bf88716ffdc	sub-06		heatpainwithregulationandratings	1	run-01			1	2	1	<PROJECT_ROOT>/derivatives/fmriprep/sub-06/func/sub-06_task-heatpainwithregulationandratings_run-01_space-MNI152NLin2009cAsym_desc-preproc_bold.nii.gz	<PROJECT_ROOT>/derivatives/fmriprep/sub-06/func/sub-06_task-heatpainwithregulationandratings_run-01_desc-brain_mask.nii.gz	<PROJECT_ROOT>/derivatives/fmriprep/sub-06/func/sub-06_task-heatpainwithregulationandratings_run-01_space-MNI152NLin2009cAsym_desc-preproc_bold.json	209	208	0.3253668270045048	0.32512756202096293	0.570185047040445	1.1160950658817363	77.88461538461539	13.942307692307693	0.4807692307692308	162	29	1	std_dvars	208	1.382927596153846	1.343664	1.7705045999999998	3.133346	6	24	5	28	67	0	4	8	67	67	67	32.057416267942585	0	0	0	0.0	5	101	107	209	2.0	BAD_FD_MEAN,BAD_FD_GT_0.5	WARN_OUTLIER_BURDEN	OK	KEEP_FOR_MAIN_BUT_SENSITIVITY_EXCLUDE_CANDIDATE	BAD_FD_MEAN,BAD_FD_GT_0.5,WARN_OUTLIER_BURDEN,OK	True	True
<PROJECT_ROOT>/derivatives/fmriprep/sub-06/func/sub-06_task-heatpainwithregulationandratings_run-02_desc-confounds_timeseries.tsv	da01458ef17e7ef96965253120e7c1f40a64942094fd2f49b1f7c6a18bb890f2	sub-06		heatpainwithregulationandratings	2	run-02			1	2	1	<PROJECT_ROOT>/derivatives/fmriprep/sub-06/func/sub-06_task-heatpainwithregulationandratings_run-02_space-MNI152NLin2009cAsym_desc-preproc_bold.nii.gz	<PROJECT_ROOT>/derivatives/fmriprep/sub-06/func/sub-06_task-heatpainwithregulationandratings_run-02_desc-brain_mask.nii.gz	<PROJECT_ROOT>/derivatives/fmriprep/sub-06/func/sub-06_task-heatpainwithregulationandratings_run-02_space-MNI152NLin2009cAsym_desc-preproc_bold.json	209	208	0.25656215922312076	0.23393294480074106	0.46077709275116585	2.022450977616109	59.61538461538461	3.3653846153846154	0.4807692307692308	124	7	1	std_dvars	208	1.1697373990384616	1.1161910000000002	1.5694984999999997	2.683612	6	24	5	29	16	0	4	8	16	16	16	7.655502392344498	0	0	0	0.0	5	50	158	209	2.0	WARN_FD_MEAN,WARN_FD_MAX	OK	OK	KEEP_WITH_WARNING	WARN_FD_MEAN,WARN_FD_MAX,OK,OK	True	False
<PROJECT_ROOT>/derivatives/fmriprep/sub-06/func/sub-06_task-heatpainwithregulationandratings_run-03_desc-confounds_timeseries.tsv	060e88da958008a925b51fb00a06822545043ae9e30fbf72adbbb8f8a637e57b	sub-06		heatpainwithregulationandratings	3	run-03			1	2	1	<PROJECT_ROOT>/derivatives/fmriprep/sub-06/func/sub-06_task-heatpainwithregulationandratings_run-03_space-MNI152NLin2009cAsym_desc-preproc_bold.nii.gz	<PROJECT_ROOT>/derivatives/fmriprep/sub-06/func/sub-06_task-heatpainwithregulationandratings_run-03_desc-brain_mask.nii.gz	<PROJECT_ROOT>/derivatives/fmriprep/sub-06/func/sub-06_task-heatpainwithregulationandratings_run-03_space-MNI152NLin2009cAsym_desc-preproc_bold.json	191	190	0.2288872961586764	0.21040988529987276	0.43028294835790304	1.9288080117373287	55.78947368421052	2.1052631578947367	0.5263157894736842	106	4	1	std_dvars	190	1.268325994736842	1.0597085	2.8564310499999994	4.33174	6	24	4	26	35	0	4	8	35	35	35	18.32460732984293	0	0	0	0.0	5	68	122	191	2.0	WARN_FD_MEAN	OK	OK	KEEP_WITH_WARNING	WARN_FD_MEAN,OK,OK	True	False
<PROJECT_ROOT>/derivatives/fmriprep/sub-06/func/sub-06_task-heatpainwithregulationandratings_run-04_desc-confounds_timeseries.tsv	f4ea849976fd01581c1bdd12c69364b7b74ca1f2479bd2c7878c1f9f93d323a1	sub-06		heatpainwithregulationandratings	4	run-04			1	2	1	<PROJECT_ROOT>/derivatives/fmriprep/sub-06/func/sub-06_task-heatpainwithregulationandratings_run-04_space-MNI152NLin2009cAsym_desc-preproc_bold.nii.gz	<PROJECT_ROOT>/derivatives/fmriprep/sub-06/func/sub-06_task-heatpainwithregulationandratings_run-04_desc-brain_mask.nii.gz	<PROJECT_ROOT>/derivatives/fmriprep/sub-06/func/sub-06_task-heatpainwithregulationandratings_run-04_space-MNI152NLin2009cAsym_desc-preproc_bold.json	209	208	0.25688794515179036	0.23923474579944246	0.4626463134111372	1.1830870496200458	65.38461538461539	3.3653846153846154	0.4807692307692308	136	7	1	std_dvars	208	1.1453790625	1.0643785	1.7019102999999995	2.182833	6	24	5	28	22	0	4	8	22	22	22	10.526315789473683	0	0	0	0.0	5	56	152	209	2.0	WARN_FD_MEAN	OK	OK	KEEP_WITH_WARNING	WARN_FD_MEAN,OK,OK	True	False
<PROJECT_ROOT>/derivatives/fmriprep/sub-06/func/sub-06_task-heatpainwithregulationandratings_run-05_desc-confounds_timeseries.tsv	8182acb4bba2c2f2880c71821f5794221fe0b7a44e74fca389c9db869cbab512	sub-06		heatpainwithregulationandratings	5	run-05			1	2	1	<PROJECT_ROOT>/derivatives/fmriprep/sub-06/func/sub-06_task-heatpainwithregulationandratings_run-05_space-MNI152NLin2009cAsym_desc-preproc_bold.nii.gz	<PROJECT_ROOT>/derivatives/fmriprep/sub-06/func/sub-06_task-heatpainwithregulationandratings_run-05_desc-brain_mask.nii.gz	<PROJECT_ROOT>/derivatives/fmriprep/sub-06/func/sub-06_task-heatpainwithregulationandratings_run-05_space-MNI152NLin2009cAsym_desc-preproc_bold.json	209	208	0.34258349036093444	0.24995504934852064	0.6967746246274574	4.773384826144162	63.46153846153846	12.5	2.8846153846153846	132	26	6	std_dvars	208	1.3329898413461538	1.012271	3.206171799999998	6.327403	6	24	5	16	53	0	4	8	53	53	53	25.358851674641148	0	0	0	0.0	5	87	121	209	2.0	BAD_FD_MEAN,BAD_FD_GT_0.5,WARN_FD_MAX	WARN_OUTLIER_BURDEN	OK	KEEP_FOR_MAIN_BUT_SENSITIVITY_EXCLUDE_CANDIDATE	BAD_FD_MEAN,BAD_FD_GT_0.5,WARN_FD_MAX,WARN_OUTLIER_BURDEN,OK	True	True
<PROJECT_ROOT>/derivatives/fmriprep/sub-06/func/sub-06_task-heatpainwithregulationandratings_run-06_desc-confounds_timeseries.tsv	ead00bea9b1e440abc3e73d183db0b64301655e57f9e6680d30f74022de321b0	sub-06		heatpainwithregulationandratings	6	run-06			1	2	1	<PROJECT_ROOT>/derivatives/fmriprep/sub-06/func/sub-06_task-heatpainwithregulationandratings_run-06_space-MNI152NLin2009cAsym_desc-preproc_bold.nii.gz	<PROJECT_ROOT>/derivatives/fmriprep/sub-06/func/sub-06_task-heatpainwithregulationandratings_run-06_desc-brain_mask.nii.gz	<PROJECT_ROOT>/derivatives/fmriprep/sub-06/func/sub-06_task-heatpainwithregulationandratings_run-06_space-MNI152NLin2009cAsym_desc-preproc_bold.json	209	208	0.2475274840562817	0.2194350651693981	0.5305861433450755	0.7791749033305683	54.807692307692314	6.730769230769231	0.0	114	14	0	std_dvars	208	1.1876771490384617	1.1180955	1.82881145	2.586455	6	24	5	28	27	0	4	8	27	27	27	12.918660287081341	0	0	0	0.0	5	61	147	209	2.0	WARN_FD_MEAN,WARN_FD_GT_0.5	OK	OK	KEEP_WITH_WARNING	WARN_FD_MEAN,WARN_FD_GT_0.5,OK,OK	True	False
<PROJECT_ROOT>/derivatives/fmriprep/sub-06/func/sub-06_task-heatpainwithregulationandratings_run-07_desc-confounds_timeseries.tsv	6230c36f91d97b3d553ef665f9477e0e880b87b334bbc86c8edfb4e2934ff78f	sub-06		heatpainwithregulationandratings	7	run-07			1	2	1	<PROJECT_ROOT>/derivatives/fmriprep/sub-06/func/sub-06_task-heatpainwithregulationandratings_run-07_space-MNI152NLin2009cAsym_desc-preproc_bold.nii.gz	<PROJECT_ROOT>/derivatives/fmriprep/sub-06/func/sub-06_task-heatpainwithregulationandratings_run-07_desc-brain_mask.nii.gz	<PROJECT_ROOT>/derivatives/fmriprep/sub-06/func/sub-06_task-heatpainwithregulationandratings_run-07_space-MNI152NLin2009cAsym_desc-preproc_bold.json	191	190	0.30031954883251716	0.2352228955422678	0.6377272845266202	2.959033308957887	64.21052631578948	6.315789473684211	2.1052631578947367	122	12	4	std_dvars	190	1.313974210526316	1.1545614999999998	2.3743581999999983	3.77416	6	24	4	26	49	0	4	8	49	49	49	25.654450261780106	0	0	0	0.0	5	82	108	191	2.0	BAD_FD_MEAN,WARN_FD_GT_0.5,WARN_FD_MAX	WARN_OUTLIER_BURDEN	OK	KEEP_FOR_MAIN_BUT_SENSITIVITY_EXCLUDE_CANDIDATE	BAD_FD_MEAN,WARN_FD_GT_0.5,WARN_FD_MAX,WARN_OUTLIER_BURDEN,OK	True	True
<PROJECT_ROOT>/derivatives/fmriprep/sub-06/func/sub-06_task-heatpainwithregulationandratings_run-08_desc-confounds_timeseries.tsv	4466ec161f9b04e1acd75f546e58a888e2be1e1e0170f039c58da70786d5f4fa	sub-06		heatpainwithregulationandratings	8	run-08			1	2	1	<PROJECT_ROOT>/derivatives/fmriprep/sub-06/func/sub-06_task-heatpainwithregulationandratings_run-08_space-MNI152NLin2009cAsym_desc-preproc_bold.nii.gz	<PROJECT_ROOT>/derivatives/fmriprep/sub-06/func/sub-06_task-heatpainwithregulationandratings_run-08_desc-brain_mask.nii.gz	<PROJECT_ROOT>/derivatives/fmriprep/sub-06/func/sub-06_task-heatpainwithregulationandratings_run-08_space-MNI152NLin2009cAsym_desc-preproc_bold.json	209	208	0.33730678069405884	0.2403997562833728	0.6935601507442457	8.234185123363382	64.90384615384616	12.5	2.8846153846153846	135	26	6	std_dvars	208	1.2454457836538462	1.031101	2.4908865499999964	5.077216	6	24	5	21	50	0	4	8	50	50	50	23.923444976076556	0	0	0	0.0	5	84	124	209	2.0	BAD_FD_MEAN,BAD_FD_GT_0.5,SEVERE_FD_MAX	WARN_OUTLIER_BURDEN	OK	EXCLUDE	BAD_FD_MEAN,BAD_FD_GT_0.5,SEVERE_FD_MAX,WARN_OUTLIER_BURDEN,OK	False	True
<PROJECT_ROOT>/derivatives/fmriprep/sub-06/func/sub-06_task-heatpainwithregulationandratings_run-09_desc-confounds_timeseries.tsv	ad76f8c7f7db1ec195079ab51d155291f099f8095c3464fab258a99d04db7f88	sub-06		heatpainwithregulationandratings	9	run-09			1	2	1	<PROJECT_ROOT>/derivatives/fmriprep/sub-06/func/sub-06_task-heatpainwithregulationandratings_run-09_space-MNI152NLin2009cAsym_desc-preproc_bold.nii.gz	<PROJECT_ROOT>/derivatives/fmriprep/sub-06/func/sub-06_task-heatpainwithregulationandratings_run-09_desc-brain_mask.nii.gz	<PROJECT_ROOT>/derivatives/fmriprep/sub-06/func/sub-06_task-heatpainwithregulationandratings_run-09_space-MNI152NLin2009cAsym_desc-preproc_bold.json	209	208	0.21802677939181192	0.19115372061431096	0.4478469134658544	1.4878931369699857	44.71153846153847	2.8846153846153846	0.4807692307692308	93	6	1	std_dvars	208	1.346623730769231	1.1525210000000001	2.5083217499999972	3.152489	6	24	5	33	58	0	4	8	58	58	58	27.751196172248804	0	0	0	0.0	5	92	116	209	2.0	WARN_FD_MEAN	WARN_OUTLIER_BURDEN	OK	KEEP_WITH_WARNING	WARN_FD_MEAN,WARN_OUTLIER_BURDEN,OK	True	False
<PROJECT_ROOT>/derivatives/fmriprep/sub-07/func/sub-07_task-heatpainwithregulationandratings_run-01_desc-confounds_timeseries.tsv	4e7d070dd726dc838174f8cc2e6f6cec5f3de21cf654dc5e7440a9900d291338	sub-07		heatpainwithregulationandratings	1	run-01			1	2	1	<PROJECT_ROOT>/derivatives/fmriprep/sub-07/func/sub-07_task-heatpainwithregulationandratings_run-01_space-MNI152NLin2009cAsym_desc-preproc_bold.nii.gz	<PROJECT_ROOT>/derivatives/fmriprep/sub-07/func/sub-07_task-heatpainwithregulationandratings_run-01_desc-brain_mask.nii.gz	<PROJECT_ROOT>/derivatives/fmriprep/sub-07/func/sub-07_task-heatpainwithregulationandratings_run-01_space-MNI152NLin2009cAsym_desc-preproc_bold.json	209	208	0.16786267153410298	0.14595312360074175	0.3696176543234225	0.5603221666264644	26.923076923076923	0.9615384615384616	0.0	56	2	0	std_dvars	208	1.4231346778846155	1.3608894999999999	1.9877887499999993	2.546429	6	24	5	51	58	0	4	8	58	58	58	27.751196172248804	0	0	0	0.0	5	92	116	209	2.0	OK	WARN_OUTLIER_BURDEN	OK	KEEP_WITH_WARNING	OK,WARN_OUTLIER_BURDEN,OK	True	False
<PROJECT_ROOT>/derivatives/fmriprep/sub-07/func/sub-07_task-heatpainwithregulationandratings_run-02_desc-confounds_timeseries.tsv	c9e8132a0e6b56c7cdfca15966ca1a3367369500eddf694ee2fe3480ce68d5d5	sub-07		heatpainwithregulationandratings	2	run-02			1	2	1	<PROJECT_ROOT>/derivatives/fmriprep/sub-07/func/sub-07_task-heatpainwithregulationandratings_run-02_space-MNI152NLin2009cAsym_desc-preproc_bold.nii.gz	<PROJECT_ROOT>/derivatives/fmriprep/sub-07/func/sub-07_task-heatpainwithregulationandratings_run-02_desc-brain_mask.nii.gz	<PROJECT_ROOT>/derivatives/fmriprep/sub-07/func/sub-07_task-heatpainwithregulationandratings_run-02_space-MNI152NLin2009cAsym_desc-preproc_bold.json	209	208	0.16580115486501704	0.1343519796485877	0.3688284897440178	0.903850690685247	25.0	2.8846153846153846	0.0	52	6	0	std_dvars	208	1.2685719038461538	1.170118	2.0236045499999977	2.5576	6	24	5	44	29	0	4	8	29	29	29	13.875598086124402	0	0	0	0.0	5	63	145	209	2.0	OK	OK	OK	KEEP	OK	True	False
<PROJECT_ROOT>/derivatives/fmriprep/sub-07/func/sub-07_task-heatpainwithregulationandratings_run-03_desc-confounds_timeseries.tsv	23b48670492d708446642076244a0a12d02e8a770a9a61d19fb8eb860a2a7a25	sub-07		heatpainwithregulationandratings	3	run-03			1	2	1	<PROJECT_ROOT>/derivatives/fmriprep/sub-07/func/sub-07_task-heatpainwithregulationandratings_run-03_space-MNI152NLin2009cAsym_desc-preproc_bold.nii.gz	<PROJECT_ROOT>/derivatives/fmriprep/sub-07/func/sub-07_task-heatpainwithregulationandratings_run-03_desc-brain_mask.nii.gz	<PROJECT_ROOT>/derivatives/fmriprep/sub-07/func/sub-07_task-heatpainwithregulationandratings_run-03_space-MNI152NLin2009cAsym_desc-preproc_bold.json	191	190	0.2047780051614206	0.14142988284060232	0.6169639431158095	1.5297198489115784	32.10526315789474	8.947368421052632	0.5263157894736842	61	17	1	std_dvars	190	1.3246268684210525	1.1041794999999999	3.04365765	3.61948	6	24	4	37	41	0	4	8	41	41	41	21.465968586387437	0	0	0	0.0	5	74	116	191	2.0	WARN_FD_MEAN,WARN_FD_GT_0.5	WARN_OUTLIER_BURDEN	OK	KEEP_WITH_WARNING	WARN_FD_MEAN,WARN_FD_GT_0.5,WARN_OUTLIER_BURDEN,OK	True	False
<PROJECT_ROOT>/derivatives/fmriprep/sub-07/func/sub-07_task-heatpainwithregulationandratings_run-04_desc-confounds_timeseries.tsv	622c044a49b15c9a526d076ebeb92f4a7a31fc56c0898bf45766ca789a443537	sub-07		heatpainwithregulationandratings	4	run-04			1	2	1	<PROJECT_ROOT>/derivatives/fmriprep/sub-07/func/sub-07_task-heatpainwithregulationandratings_run-04_space-MNI152NLin2009cAsym_desc-preproc_bold.nii.gz	<PROJECT_ROOT>/derivatives/fmriprep/sub-07/func/sub-07_task-heatpainwithregulationandratings_run-04_desc-brain_mask.nii.gz	<PROJECT_ROOT>/derivatives/fmriprep/sub-07/func/sub-07_task-heatpainwithregulationandratings_run-04_space-MNI152NLin2009cAsym_desc-preproc_bold.json	209	208	0.1522933958148608	0.10369379268400611	0.38426004145682285	1.1674129197735923	18.75	4.326923076923077	0.9615384615384616	39	9	2	std_dvars	208	1.1580813365384617	1.0975115	1.64714625	2.307573	6	24	5	49	15	0	4	8	15	15	15	7.177033492822966	0	0	0	0.0	5	49	159	209	2.0	OK	OK	OK	KEEP	OK	True	False
<PROJECT_ROOT>/derivatives/fmriprep/sub-07/func/sub-07_task-heatpainwithregulationandratings_run-05_desc-confounds_timeseries.tsv	a99b6d520a537ebc1b12dc355231a4c99558f43f6c4ef7462f551ed954d394d9	sub-07		heatpainwithregulationandratings	5	run-05			1	2	1	<PROJECT_ROOT>/derivatives/fmriprep/sub-07/func/sub-07_task-heatpainwithregulationandratings_run-05_space-MNI152NLin2009cAsym_desc-preproc_bold.nii.gz	<PROJECT_ROOT>/derivatives/fmriprep/sub-07/func/sub-07_task-heatpainwithregulationandratings_run-05_desc-brain_mask.nii.gz	<PROJECT_ROOT>/derivatives/fmriprep/sub-07/func/sub-07_task-heatpainwithregulationandratings_run-05_space-MNI152NLin2009cAsym_desc-preproc_bold.json	209	208	0.2602858360099915	0.14709330926844605	0.875198380142171	2.048680958161215	37.5	14.423076923076922	3.8461538461538463	78	30	8	std_dvars	208	1.251524576923077	0.9937615	2.5720465	3.715754	6	24	5	39	49	0	4	8	49	49	49	23.444976076555022	0	0	0	0.0	5	83	125	209	2.0	WARN_FD_MEAN,BAD_FD_GT_0.5,WARN_FD_MAX	WARN_OUTLIER_BURDEN	OK	KEEP_FOR_MAIN_BUT_SENSITIVITY_EXCLUDE_CANDIDATE	WARN_FD_MEAN,BAD_FD_GT_0.5,WARN_FD_MAX,WARN_OUTLIER_BURDEN,OK	True	True
<PROJECT_ROOT>/derivatives/fmriprep/sub-07/func/sub-07_task-heatpainwithregulationandratings_run-06_desc-confounds_timeseries.tsv	1de2f46a253d6e6f03a55d42f121d0f1aa9568aae735fe5e6e7c12028092f8b9	sub-07		heatpainwithregulationandratings	6	run-06			1	2	1	<PROJECT_ROOT>/derivatives/fmriprep/sub-07/func/sub-07_task-heatpainwithregulationandratings_run-06_space-MNI152NLin2009cAsym_desc-preproc_bold.nii.gz	<PROJECT_ROOT>/derivatives/fmriprep/sub-07/func/sub-07_task-heatpainwithregulationandratings_run-06_desc-brain_mask.nii.gz	<PROJECT_ROOT>/derivatives/fmriprep/sub-07/func/sub-07_task-heatpainwithregulationandratings_run-06_space-MNI152NLin2009cAsym_desc-preproc_bold.json	209	208	0.2828809814420906	0.15618753381624684	0.9286059019242371	2.252364258230067	38.94230769230769	14.423076923076922	4.326923076923077	81	30	9	std_dvars	208	1.3188334134615387	1.0690635	2.666396749999999	4.553272	6	24	5	35	68	0	4	8	68	68	68	32.535885167464116	0	0	0	0.0	5	102	106	209	2.0	WARN_FD_MEAN,BAD_FD_GT_0.5,WARN_FD_MAX	WARN_OUTLIER_BURDEN	OK	KEEP_FOR_MAIN_BUT_SENSITIVITY_EXCLUDE_CANDIDATE	WARN_FD_MEAN,BAD_FD_GT_0.5,WARN_FD_MAX,WARN_OUTLIER_BURDEN,OK	True	True
<PROJECT_ROOT>/derivatives/fmriprep/sub-07/func/sub-07_task-heatpainwithregulationandratings_run-07_desc-confounds_timeseries.tsv	a5173e2abf2377f29c7e70aec5f6c2ee7f4d7b7404072aea09627aeeae42a3ac	sub-07		heatpainwithregulationandratings	7	run-07			1	2	1	<PROJECT_ROOT>/derivatives/fmriprep/sub-07/func/sub-07_task-heatpainwithregulationandratings_run-07_space-MNI152NLin2009cAsym_desc-preproc_bold.nii.gz	<PROJECT_ROOT>/derivatives/fmriprep/sub-07/func/sub-07_task-heatpainwithregulationandratings_run-07_desc-brain_mask.nii.gz	<PROJECT_ROOT>/derivatives/fmriprep/sub-07/func/sub-07_task-heatpainwithregulationandratings_run-07_space-MNI152NLin2009cAsym_desc-preproc_bold.json	191	190	0.21309361181120012	0.12352828311727955	0.6603637042550841	1.7803398076976429	27.368421052631582	8.421052631578947	3.1578947368421053	52	16	6	std_dvars	190	1.1218107789473684	0.9795035	1.9687606499999997	3.040883	6	24	4	34	26	0	4	8	26	26	26	13.612565445026178	0	0	0	0.0	5	59	131	191	2.0	WARN_FD_MEAN,WARN_FD_GT_0.5	OK	OK	KEEP_WITH_WARNING	WARN_FD_MEAN,WARN_FD_GT_0.5,OK,OK	True	False
<PROJECT_ROOT>/derivatives/fmriprep/sub-07/func/sub-07_task-heatpainwithregulationandratings_run-08_desc-confounds_timeseries.tsv	58b0d3af8a3718a4f97a348f943c97158f45a94c05f12a5b761cad9f97655c41	sub-07		heatpainwithregulationandratings	8	run-08			1	2	1	<PROJECT_ROOT>/derivatives/fmriprep/sub-07/func/sub-07_task-heatpainwithregulationandratings_run-08_space-MNI152NLin2009cAsym_desc-preproc_bold.nii.gz	<PROJECT_ROOT>/derivatives/fmriprep/sub-07/func/sub-07_task-heatpainwithregulationandratings_run-08_desc-brain_mask.nii.gz	<PROJECT_ROOT>/derivatives/fmriprep/sub-07/func/sub-07_task-heatpainwithregulationandratings_run-08_space-MNI152NLin2009cAsym_desc-preproc_bold.json	209	208	0.2160744452206097	0.1316992181659499	0.6896749441293563	1.820756802217233	31.25	7.6923076923076925	2.403846153846154	65	16	5	std_dvars	208	1.2955682355769231	1.1333025	2.1857465	3.041979	6	24	5	39	55	0	4	8	55	55	55	26.31578947368421	0	0	0	0.0	5	89	119	209	2.0	WARN_FD_MEAN,WARN_FD_GT_0.5	WARN_OUTLIER_BURDEN	OK	KEEP_WITH_WARNING	WARN_FD_MEAN,WARN_FD_GT_0.5,WARN_OUTLIER_BURDEN,OK	True	False
<PROJECT_ROOT>/derivatives/fmriprep/sub-07/func/sub-07_task-heatpainwithregulationandratings_run-09_desc-confounds_timeseries.tsv	544bfa9fe008e311f2be6bb1d9c8b2fd37270f62b1dc5339bf6aa0c444361923	sub-07		heatpainwithregulationandratings	9	run-09			1	2	1	<PROJECT_ROOT>/derivatives/fmriprep/sub-07/func/sub-07_task-heatpainwithregulationandratings_run-09_space-MNI152NLin2009cAsym_desc-preproc_bold.nii.gz	<PROJECT_ROOT>/derivatives/fmriprep/sub-07/func/sub-07_task-heatpainwithregulationandratings_run-09_desc-brain_mask.nii.gz	<PROJECT_ROOT>/derivatives/fmriprep/sub-07/func/sub-07_task-heatpainwithregulationandratings_run-09_space-MNI152NLin2009cAsym_desc-preproc_bold.json	209	208	0.20849501383464955	0.12433302160233906	0.6128223160461707	2.521222326753991	29.326923076923077	8.173076923076923	1.9230769230769231	61	17	4	std_dvars	208	1.2180434086538463	1.087161	2.01075595	3.41431	6	24	5	40	39	0	4	8	39	39	39	18.660287081339714	0	0	0	0.0	5	73	135	209	2.0	WARN_FD_MEAN,WARN_FD_GT_0.5,WARN_FD_MAX	OK	OK	KEEP_WITH_WARNING	WARN_FD_MEAN,WARN_FD_GT_0.5,WARN_FD_MAX,OK,OK	True	False
<PROJECT_ROOT>/derivatives/fmriprep/sub-08/func/sub-08_task-heatpainwithregulationandratings_run-01_desc-confounds_timeseries.tsv	747357aade6f9b24d6623d3345fc093173f0909c304491a6b29cf86977a2dd18	sub-08		heatpainwithregulationandratings	1	run-01			1	2	1	<PROJECT_ROOT>/derivatives/fmriprep/sub-08/func/sub-08_task-heatpainwithregulationandratings_run-01_space-MNI152NLin2009cAsym_desc-preproc_bold.nii.gz	<PROJECT_ROOT>/derivatives/fmriprep/sub-08/func/sub-08_task-heatpainwithregulationandratings_run-01_desc-brain_mask.nii.gz	<PROJECT_ROOT>/derivatives/fmriprep/sub-08/func/sub-08_task-heatpainwithregulationandratings_run-01_space-MNI152NLin2009cAsym_desc-preproc_bold.json	209	208	0.07604193561217791	0.06996153586674335	0.14486298173328072	0.2584709045954088	0.4807692307692308	0.0	0.0	1	0	0	std_dvars	208	1.1337414951923077	0.9366455	1.9741531999999986	5.471627	6	24	5	60	29	0	4	8	29	29	29	13.875598086124402	0	0	0	0.0	5	63	145	209	2.0	OK	OK	OK	KEEP	OK	True	False
<PROJECT_ROOT>/derivatives/fmriprep/sub-08/func/sub-08_task-heatpainwithregulationandratings_run-02_desc-confounds_timeseries.tsv	f0b723f938e3b363094a8457f39b35d07958f487545487ba46635bd2a5a7d166	sub-08		heatpainwithregulationandratings	2	run-02			1	2	1	<PROJECT_ROOT>/derivatives/fmriprep/sub-08/func/sub-08_task-heatpainwithregulationandratings_run-02_space-MNI152NLin2009cAsym_desc-preproc_bold.nii.gz	<PROJECT_ROOT>/derivatives/fmriprep/sub-08/func/sub-08_task-heatpainwithregulationandratings_run-02_desc-brain_mask.nii.gz	<PROJECT_ROOT>/derivatives/fmriprep/sub-08/func/sub-08_task-heatpainwithregulationandratings_run-02_space-MNI152NLin2009cAsym_desc-preproc_bold.json	209	208	0.07634011492081429	0.07020898671741649	0.1352596655927763	0.3184428933604715	1.4423076923076923	0.0	0.0	3	0	0	std_dvars	208	1.0577307884615383	1.0428795	1.1903230999999999	1.895143	6	24	5	59	4	0	4	8	4	4	4	1.9138755980861244	0	0	0	0.0	5	38	170	209	2.0	OK	OK	OK	KEEP	OK	True	False
<PROJECT_ROOT>/derivatives/fmriprep/sub-08/func/sub-08_task-heatpainwithregulationandratings_run-03_desc-confounds_timeseries.tsv	9c12bb84e4a30654e34d92808f078268f2d1e172bdb2eb3aa97de3cd2559c3ef	sub-08		heatpainwithregulationandratings	3	run-03			1	2	1	<PROJECT_ROOT>/derivatives/fmriprep/sub-08/func/sub-08_task-heatpainwithregulationandratings_run-03_space-MNI152NLin2009cAsym_desc-preproc_bold.nii.gz	<PROJECT_ROOT>/derivatives/fmriprep/sub-08/func/sub-08_task-heatpainwithregulationandratings_run-03_desc-brain_mask.nii.gz	<PROJECT_ROOT>/derivatives/fmriprep/sub-08/func/sub-08_task-heatpainwithregulationandratings_run-03_space-MNI152NLin2009cAsym_desc-preproc_bold.json	191	190	0.07447176813273215	0.06530853905215314	0.14335625586129055	0.2082807294930176	1.0526315789473684	0.0	0.0	2	0	0	std_dvars	190	1.472394336842105	0.8684855	4.5276216499999995	4.881643	6	24	4	53	51	0	4	8	51	51	51	26.701570680628272	0	0	0	0.0	5	84	106	191	2.0	OK	WARN_OUTLIER_BURDEN	OK	KEEP_WITH_WARNING	OK,WARN_OUTLIER_BURDEN,OK	True	False
<PROJECT_ROOT>/derivatives/fmriprep/sub-08/func/sub-08_task-heatpainwithregulationandratings_run-04_desc-confounds_timeseries.tsv	ee4045add2a48b29f27e9d3c4e46b115261f203564b76580bc0e609bb17e4a7d	sub-08		heatpainwithregulationandratings	4	run-04			1	2	1	<PROJECT_ROOT>/derivatives/fmriprep/sub-08/func/sub-08_task-heatpainwithregulationandratings_run-04_space-MNI152NLin2009cAsym_desc-preproc_bold.nii.gz	<PROJECT_ROOT>/derivatives/fmriprep/sub-08/func/sub-08_task-heatpainwithregulationandratings_run-04_desc-brain_mask.nii.gz	<PROJECT_ROOT>/derivatives/fmriprep/sub-08/func/sub-08_task-heatpainwithregulationandratings_run-04_space-MNI152NLin2009cAsym_desc-preproc_bold.json	209	208	0.08123912034224692	0.0744087214746834	0.15968070342788265	0.294392297011228	0.4807692307692308	0.0	0.0	1	0	0	std_dvars	208	1.0779704471153846	1.0595659999999998	1.2487808499999997	1.535252	6	24	5	57	2	0	4	8	2	2	2	0.9569377990430622	0	0	0	0.0	5	36	172	209	2.0	OK	OK	OK	KEEP	OK	True	False
<PROJECT_ROOT>/derivatives/fmriprep/sub-08/func/sub-08_task-heatpainwithregulationandratings_run-05_desc-confounds_timeseries.tsv	4d93eb6edb283113b3a0b90cc16fdb5ebc654aa24386a1fb28ac2362591a49ec	sub-08		heatpainwithregulationandratings	5	run-05			1	2	1	<PROJECT_ROOT>/derivatives/fmriprep/sub-08/func/sub-08_task-heatpainwithregulationandratings_run-05_space-MNI152NLin2009cAsym_desc-preproc_bold.nii.gz	<PROJECT_ROOT>/derivatives/fmriprep/sub-08/func/sub-08_task-heatpainwithregulationandratings_run-05_desc-brain_mask.nii.gz	<PROJECT_ROOT>/derivatives/fmriprep/sub-08/func/sub-08_task-heatpainwithregulationandratings_run-05_space-MNI152NLin2009cAsym_desc-preproc_bold.json	209	208	0.09919073407904645	0.08942564204301445	0.2009658031266281	0.4477230018452066	5.288461538461538	0.0	0.0	11	0	0	std_dvars	208	1.0642306586538461	1.0237655	1.3522307999999996	1.989387	6	24	5	56	6	0	4	8	6	6	6	2.8708133971291865	0	0	0	0.0	5	40	168	209	2.0	OK	OK	OK	KEEP	OK	True	False
<PROJECT_ROOT>/derivatives/fmriprep/sub-08/func/sub-08_task-heatpainwithregulationandratings_run-06_desc-confounds_timeseries.tsv	5383ffb6684e8ec2cdf34e82aa4088c8723782f157386d7381ca1920fee41ba6	sub-08		heatpainwithregulationandratings	6	run-06			1	2	1	<PROJECT_ROOT>/derivatives/fmriprep/sub-08/func/sub-08_task-heatpainwithregulationandratings_run-06_space-MNI152NLin2009cAsym_desc-preproc_bold.nii.gz	<PROJECT_ROOT>/derivatives/fmriprep/sub-08/func/sub-08_task-heatpainwithregulationandratings_run-06_desc-brain_mask.nii.gz	<PROJECT_ROOT>/derivatives/fmriprep/sub-08/func/sub-08_task-heatpainwithregulationandratings_run-06_space-MNI152NLin2009cAsym_desc-preproc_bold.json	209	208	0.09664847822503807	0.0874627254676415	0.18802180759193313	0.2965461255455248	4.807692307692308	0.0	0.0	10	0	0	std_dvars	208	1.6551418221153846	1.452223	2.9653595499999996	4.506001	6	24	5	62	96	0	4	8	96	96	96	45.933014354066984	0	0	0	0.0	5	130	78	209	2.0	OK	HIGH_OUTLIER_BURDEN,WARN_LOW_ESTIMATED_DOF	OK	KEEP_FOR_MAIN_BUT_SENSITIVITY_EXCLUDE_CANDIDATE	OK,HIGH_OUTLIER_BURDEN,WARN_LOW_ESTIMATED_DOF,OK	True	True
<PROJECT_ROOT>/derivatives/fmriprep/sub-08/func/sub-08_task-heatpainwithregulationandratings_run-07_desc-confounds_timeseries.tsv	f1806de6498262bac7f501cdd067272e7c85c12b05e65a927d53058be11ee84d	sub-08		heatpainwithregulationandratings	7	run-07			1	2	1	<PROJECT_ROOT>/derivatives/fmriprep/sub-08/func/sub-08_task-heatpainwithregulationandratings_run-07_space-MNI152NLin2009cAsym_desc-preproc_bold.nii.gz	<PROJECT_ROOT>/derivatives/fmriprep/sub-08/func/sub-08_task-heatpainwithregulationandratings_run-07_desc-brain_mask.nii.gz	<PROJECT_ROOT>/derivatives/fmriprep/sub-08/func/sub-08_task-heatpainwithregulationandratings_run-07_space-MNI152NLin2009cAsym_desc-preproc_bold.json	191	190	0.08599173021831621	0.07626537566152325	0.17017099890890178	0.2825916059638765	3.1578947368421053	0.0	0.0	6	0	0	std_dvars	190	1.070552205263158	1.0321099999999999	1.3802658999999995	1.834133	6	24	4	53	5	0	4	8	5	5	5	2.6178010471204187	0	0	0	0.0	5	38	152	191	2.0	OK	OK	OK	KEEP	OK	True	False
<PROJECT_ROOT>/derivatives/fmriprep/sub-08/func/sub-08_task-heatpainwithregulationandratings_run-08_desc-confounds_timeseries.tsv	3524cace68bd47a3a1f9858edcdd6004e1e9d5a54226274b722f41b6f715d212	sub-08		heatpainwithregulationandratings	8	run-08			1	2	1	<PROJECT_ROOT>/derivatives/fmriprep/sub-08/func/sub-08_task-heatpainwithregulationandratings_run-08_space-MNI152NLin2009cAsym_desc-preproc_bold.nii.gz	<PROJECT_ROOT>/derivatives/fmriprep/sub-08/func/sub-08_task-heatpainwithregulationandratings_run-08_desc-brain_mask.nii.gz	<PROJECT_ROOT>/derivatives/fmriprep/sub-08/func/sub-08_task-heatpainwithregulationandratings_run-08_space-MNI152NLin2009cAsym_desc-preproc_bold.json	209	208	0.10710685885260657	0.08368639783464454	0.2497298038843572	0.6128694882129436	8.173076923076923	0.9615384615384616	0.0	17	2	0	std_dvars	208	1.2738230961538461	1.0437125	2.936869049999997	4.597083	6	24	5	50	36	0	4	8	36	36	36	17.22488038277512	0	0	0	0.0	5	70	138	209	2.0	OK	OK	OK	KEEP	OK	True	False
<PROJECT_ROOT>/derivatives/fmriprep/sub-08/func/sub-08_task-heatpainwithregulationandratings_run-09_desc-confounds_timeseries.tsv	718c32636073fcde9be8d27b73ac670556f490e58c4894ab5fdd1a582ec303a0	sub-08		heatpainwithregulationandratings	9	run-09			1	2	1	<PROJECT_ROOT>/derivatives/fmriprep/sub-08/func/sub-08_task-heatpainwithregulationandratings_run-09_space-MNI152NLin2009cAsym_desc-preproc_bold.nii.gz	<PROJECT_ROOT>/derivatives/fmriprep/sub-08/func/sub-08_task-heatpainwithregulationandratings_run-09_desc-brain_mask.nii.gz	<PROJECT_ROOT>/derivatives/fmriprep/sub-08/func/sub-08_task-heatpainwithregulationandratings_run-09_space-MNI152NLin2009cAsym_desc-preproc_bold.json	209	208	0.09676965123294873	0.08861896220447249	0.19440130062557862	0.6202943773201579	4.326923076923077	0.4807692307692308	0.0	9	1	0	std_dvars	208	1.084328956730769	1.04322	1.4410786999999992	2.195018	6	24	5	55	8	0	4	8	8	8	8	3.827751196172249	0	0	0	0.0	5	42	166	209	2.0	OK	OK	OK	KEEP	OK	True	False
<PROJECT_ROOT>/derivatives/fmriprep/sub-09/func/sub-09_task-heatpainwithregulationandratings_run-01_desc-confounds_timeseries.tsv	39786e10980e72d2ed1c97c35508921db4e59feb25a65a8df7963b3af91dced4	sub-09		heatpainwithregulationandratings	1	run-01			1	2	1	<PROJECT_ROOT>/derivatives/fmriprep/sub-09/func/sub-09_task-heatpainwithregulationandratings_run-01_space-MNI152NLin2009cAsym_desc-preproc_bold.nii.gz	<PROJECT_ROOT>/derivatives/fmriprep/sub-09/func/sub-09_task-heatpainwithregulationandratings_run-01_desc-brain_mask.nii.gz	<PROJECT_ROOT>/derivatives/fmriprep/sub-09/func/sub-09_task-heatpainwithregulationandratings_run-01_space-MNI152NLin2009cAsym_desc-preproc_bold.json	209	208	0.10332215438485906	0.0878990246731606	0.19047390339613335	0.7265096990577398	4.807692307692308	0.4807692307692308	0.0	10	1	0	std_dvars	208	1.5345643028846152	1.3805025	2.6964516499999935	5.13712	6	24	5	55	69	0	4	8	69	69	69	33.014354066985646	0	0	0	0.0	5	103	105	209	2.0	OK	WARN_OUTLIER_BURDEN	OK	KEEP_WITH_WARNING	OK,WARN_OUTLIER_BURDEN,OK	True	False
<PROJECT_ROOT>/derivatives/fmriprep/sub-09/func/sub-09_task-heatpainwithregulationandratings_run-02_desc-confounds_timeseries.tsv	6076e8d7be3eb4fd833e9fad9274ae95dd9224c0e5d9fee9a9242f1b8024eaf7	sub-09		heatpainwithregulationandratings	2	run-02			1	2	1	<PROJECT_ROOT>/derivatives/fmriprep/sub-09/func/sub-09_task-heatpainwithregulationandratings_run-02_space-MNI152NLin2009cAsym_desc-preproc_bold.nii.gz	<PROJECT_ROOT>/derivatives/fmriprep/sub-09/func/sub-09_task-heatpainwithregulationandratings_run-02_desc-brain_mask.nii.gz	<PROJECT_ROOT>/derivatives/fmriprep/sub-09/func/sub-09_task-heatpainwithregulationandratings_run-02_space-MNI152NLin2009cAsym_desc-preproc_bold.json	209	208	0.0933176100529496	0.08768809767636185	0.1784431587291838	0.303220308325787	3.3653846153846154	0.0	0.0	7	0	0	std_dvars	208	1.5777883076923076	1.36166	3.3946333499999994	4.259156	6	24	5	62	69	0	4	8	69	69	69	33.014354066985646	0	0	0	0.0	5	103	105	209	2.0	OK	WARN_OUTLIER_BURDEN	OK	KEEP_WITH_WARNING	OK,WARN_OUTLIER_BURDEN,OK	True	False
<PROJECT_ROOT>/derivatives/fmriprep/sub-09/func/sub-09_task-heatpainwithregulationandratings_run-03_desc-confounds_timeseries.tsv	47589b0a0e4acf0524e8b32da6d8e526859903f20db79a46ae8a3fa000d8baf8	sub-09		heatpainwithregulationandratings	3	run-03			1	2	1	<PROJECT_ROOT>/derivatives/fmriprep/sub-09/func/sub-09_task-heatpainwithregulationandratings_run-03_space-MNI152NLin2009cAsym_desc-preproc_bold.nii.gz	<PROJECT_ROOT>/derivatives/fmriprep/sub-09/func/sub-09_task-heatpainwithregulationandratings_run-03_desc-brain_mask.nii.gz	<PROJECT_ROOT>/derivatives/fmriprep/sub-09/func/sub-09_task-heatpainwithregulationandratings_run-03_space-MNI152NLin2009cAsym_desc-preproc_bold.json	191	190	0.13029911144691547	0.10140528519398109	0.3065330524339366	1.3400073775750705	12.105263157894736	1.5789473684210527	0.5263157894736842	23	3	1	std_dvars	190	1.2563508631578946	1.2309755	1.62420145	2.940109	6	24	4	48	21	0	4	8	21	21	21	10.99476439790576	0	0	0	0.0	5	54	136	191	2.0	OK	OK	OK	KEEP	OK	True	False
<PROJECT_ROOT>/derivatives/fmriprep/sub-09/func/sub-09_task-heatpainwithregulationandratings_run-04_desc-confounds_timeseries.tsv	b8b660a7c079a8c427fb8a64e2f13206115bb0f06e4984da1edb5f77e8e6c6a4	sub-09		heatpainwithregulationandratings	4	run-04			1	2	1	<PROJECT_ROOT>/derivatives/fmriprep/sub-09/func/sub-09_task-heatpainwithregulationandratings_run-04_space-MNI152NLin2009cAsym_desc-preproc_bold.nii.gz	<PROJECT_ROOT>/derivatives/fmriprep/sub-09/func/sub-09_task-heatpainwithregulationandratings_run-04_desc-brain_mask.nii.gz	<PROJECT_ROOT>/derivatives/fmriprep/sub-09/func/sub-09_task-heatpainwithregulationandratings_run-04_space-MNI152NLin2009cAsym_desc-preproc_bold.json	209	208	0.1384779681473913	0.09637798439140895	0.4549521185706939	1.6548675919404316	11.538461538461538	3.3653846153846154	0.9615384615384616	24	7	2	std_dvars	208	1.2741841442307693	1.1543115	2.1562620999999984	5.363825	6	24	5	42	33	0	4	8	33	33	33	15.789473684210526	0	0	0	0.0	5	67	141	209	2.0	OK	OK	OK	KEEP	OK	True	False
<PROJECT_ROOT>/derivatives/fmriprep/sub-09/func/sub-09_task-heatpainwithregulationandratings_run-05_desc-confounds_timeseries.tsv	ce4c4853ce41eade97e55ca68725af9ebeb06e3862a316bb63b5261244eab82d	sub-09		heatpainwithregulationandratings	5	run-05			1	2	1	<PROJECT_ROOT>/derivatives/fmriprep/sub-09/func/sub-09_task-heatpainwithregulationandratings_run-05_space-MNI152NLin2009cAsym_desc-preproc_bold.nii.gz	<PROJECT_ROOT>/derivatives/fmriprep/sub-09/func/sub-09_task-heatpainwithregulationandratings_run-05_desc-brain_mask.nii.gz	<PROJECT_ROOT>/derivatives/fmriprep/sub-09/func/sub-09_task-heatpainwithregulationandratings_run-05_space-MNI152NLin2009cAsym_desc-preproc_bold.json	209	208	0.13489898085924906	0.0971008254870801	0.3850184991460411	0.9741095350672008	12.5	3.3653846153846154	0.0	26	7	0	std_dvars	208	1.3854094230769232	1.10892	3.4210601999999994	4.32127	6	24	5	47	52	0	4	8	52	52	52	24.880382775119617	0	0	0	0.0	5	86	122	209	2.0	OK	WARN_OUTLIER_BURDEN	OK	KEEP_WITH_WARNING	OK,WARN_OUTLIER_BURDEN,OK	True	False
<PROJECT_ROOT>/derivatives/fmriprep/sub-09/func/sub-09_task-heatpainwithregulationandratings_run-06_desc-confounds_timeseries.tsv	de0886fe7f6d435f174140fe7b9ca40826c18a20f3434a4f45e461ca623582f7	sub-09		heatpainwithregulationandratings	6	run-06			1	2	1	<PROJECT_ROOT>/derivatives/fmriprep/sub-09/func/sub-09_task-heatpainwithregulationandratings_run-06_space-MNI152NLin2009cAsym_desc-preproc_bold.nii.gz	<PROJECT_ROOT>/derivatives/fmriprep/sub-09/func/sub-09_task-heatpainwithregulationandratings_run-06_desc-brain_mask.nii.gz	<PROJECT_ROOT>/derivatives/fmriprep/sub-09/func/sub-09_task-heatpainwithregulationandratings_run-06_space-MNI152NLin2009cAsym_desc-preproc_bold.json	209	208	0.167725921058249	0.08851504190284525	0.5379713062613882	1.876296399452318	21.634615384615387	6.25	1.9230769230769231	45	13	4	std_dvars	208	1.5106363028846155	1.3285075	2.9679689999999987	4.427126	6	24	5	46	80	0	4	8	80	80	80	38.27751196172249	0	0	0	0.0	5	114	94	209	2.0	WARN_FD_GT_0.5	HIGH_OUTLIER_BURDEN,WARN_LOW_ESTIMATED_DOF	OK	KEEP_FOR_MAIN_BUT_SENSITIVITY_EXCLUDE_CANDIDATE	WARN_FD_GT_0.5,HIGH_OUTLIER_BURDEN,WARN_LOW_ESTIMATED_DOF,OK	True	True
<PROJECT_ROOT>/derivatives/fmriprep/sub-09/func/sub-09_task-heatpainwithregulationandratings_run-07_desc-confounds_timeseries.tsv	6179a80ddecf1674675ccc42e0091b42d3d74ae957d8b6a2ad31db0a55e8c676	sub-09		heatpainwithregulationandratings	7	run-07			1	2	1	<PROJECT_ROOT>/derivatives/fmriprep/sub-09/func/sub-09_task-heatpainwithregulationandratings_run-07_space-MNI152NLin2009cAsym_desc-preproc_bold.nii.gz	<PROJECT_ROOT>/derivatives/fmriprep/sub-09/func/sub-09_task-heatpainwithregulationandratings_run-07_desc-brain_mask.nii.gz	<PROJECT_ROOT>/derivatives/fmriprep/sub-09/func/sub-09_task-heatpainwithregulationandratings_run-07_space-MNI152NLin2009cAsym_desc-preproc_bold.json	191	190	0.17220516852485288	0.1038990841237875	0.5851515270779278	1.572653509620956	23.157894736842106	6.842105263157896	0.5263157894736842	44	13	1	std_dvars	190	1.4020983263157896	1.1721375	3.0112987499999995	3.780036	6	24	4	42	58	0	4	8	58	58	58	30.36649214659686	0	0	0	0.0	5	91	99	191	2.0	WARN_FD_GT_0.5	WARN_OUTLIER_BURDEN,WARN_LOW_ESTIMATED_DOF	OK	KEEP_FOR_MAIN_BUT_SENSITIVITY_EXCLUDE_CANDIDATE	WARN_FD_GT_0.5,WARN_OUTLIER_BURDEN,WARN_LOW_ESTIMATED_DOF,OK	True	True
<PROJECT_ROOT>/derivatives/fmriprep/sub-09/func/sub-09_task-heatpainwithregulationandratings_run-08_desc-confounds_timeseries.tsv	45b7ac38a0de0c0d443d6c81d84ed2bd1d5056878168c97b4865a2924afea785	sub-09		heatpainwithregulationandratings	8	run-08			1	2	1	<PROJECT_ROOT>/derivatives/fmriprep/sub-09/func/sub-09_task-heatpainwithregulationandratings_run-08_space-MNI152NLin2009cAsym_desc-preproc_bold.nii.gz	<PROJECT_ROOT>/derivatives/fmriprep/sub-09/func/sub-09_task-heatpainwithregulationandratings_run-08_desc-brain_mask.nii.gz	<PROJECT_ROOT>/derivatives/fmriprep/sub-09/func/sub-09_task-heatpainwithregulationandratings_run-08_space-MNI152NLin2009cAsym_desc-preproc_bold.json	209	208	0.24343118246069093	0.1368871285193904	0.6429864006436046	2.726945794151475	31.25	8.173076923076923	3.8461538461538463	65	17	8	std_dvars	208	1.3465478413461538	1.1744535	2.452192899999998	4.589986	6	24	5	30	56	0	4	8	56	56	56	26.794258373205743	0	0	0	0.0	5	90	118	209	2.0	WARN_FD_MEAN,WARN_FD_GT_0.5,WARN_FD_MAX	WARN_OUTLIER_BURDEN	OK	KEEP_WITH_WARNING	WARN_FD_MEAN,WARN_FD_GT_0.5,WARN_FD_MAX,WARN_OUTLIER_BURDEN,OK	True	False
<PROJECT_ROOT>/derivatives/fmriprep/sub-09/func/sub-09_task-heatpainwithregulationandratings_run-09_desc-confounds_timeseries.tsv	d4bce538ef212318b56ff1483468c57bf74e6554a75051e8b6ee0c08da17e0e6	sub-09		heatpainwithregulationandratings	9	run-09			1	2	1	<PROJECT_ROOT>/derivatives/fmriprep/sub-09/func/sub-09_task-heatpainwithregulationandratings_run-09_space-MNI152NLin2009cAsym_desc-preproc_bold.nii.gz	<PROJECT_ROOT>/derivatives/fmriprep/sub-09/func/sub-09_task-heatpainwithregulationandratings_run-09_desc-brain_mask.nii.gz	<PROJECT_ROOT>/derivatives/fmriprep/sub-09/func/sub-09_task-heatpainwithregulationandratings_run-09_space-MNI152NLin2009cAsym_desc-preproc_bold.json	209	208	0.1474840308257575	0.11020043323350401	0.3480740768453543	1.90042837698452	11.057692307692307	2.8846153846153846	0.9615384615384616	23	6	2	std_dvars	208	1.3096919711538462	1.1679945	2.2008436999999987	3.960228	6	24	5	46	47	0	4	8	47	47	47	22.48803827751196	0	0	0	0.0	5	81	127	209	2.0	OK	WARN_OUTLIER_BURDEN	OK	KEEP_WITH_WARNING	OK,WARN_OUTLIER_BURDEN,OK	True	False
<PROJECT_ROOT>/derivatives/fmriprep/sub-10/func/sub-10_task-heatpainwithregulationandratings_run-01_desc-confounds_timeseries.tsv	774c9ae5785c24929de61590576a748c7ca4bfe349c0b909311c58789d99e793	sub-10		heatpainwithregulationandratings	1	run-01			1	2	1	<PROJECT_ROOT>/derivatives/fmriprep/sub-10/func/sub-10_task-heatpainwithregulationandratings_run-01_space-MNI152NLin2009cAsym_desc-preproc_bold.nii.gz	<PROJECT_ROOT>/derivatives/fmriprep/sub-10/func/sub-10_task-heatpainwithregulationandratings_run-01_desc-brain_mask.nii.gz	<PROJECT_ROOT>/derivatives/fmriprep/sub-10/func/sub-10_task-heatpainwithregulationandratings_run-01_space-MNI152NLin2009cAsym_desc-preproc_bold.json	209	208	0.30727206032778365	0.1873932672131033	0.8739149371194374	2.7423663304643906	43.269230769230774	12.980769230769232	4.326923076923077	90	27	9	std_dvars	208	1.1463272067307693	0.9507939999999999	2.257570999999997	4.474473	6	24	5	28	40	0	4	8	40	40	40	19.138755980861244	0	0	0	0.0	5	74	134	209	2.0	BAD_FD_MEAN,BAD_FD_GT_0.5,WARN_FD_MAX	OK	OK	KEEP_FOR_MAIN_BUT_SENSITIVITY_EXCLUDE_CANDIDATE	BAD_FD_MEAN,BAD_FD_GT_0.5,WARN_FD_MAX,OK,OK	True	True
<PROJECT_ROOT>/derivatives/fmriprep/sub-10/func/sub-10_task-heatpainwithregulationandratings_run-02_desc-confounds_timeseries.tsv	6a27da067a9f61c6b762f2942da89e5ced6d34154b67e2e0942aa26145353a9d	sub-10		heatpainwithregulationandratings	2	run-02			1	2	1	<PROJECT_ROOT>/derivatives/fmriprep/sub-10/func/sub-10_task-heatpainwithregulationandratings_run-02_space-MNI152NLin2009cAsym_desc-preproc_bold.nii.gz	<PROJECT_ROOT>/derivatives/fmriprep/sub-10/func/sub-10_task-heatpainwithregulationandratings_run-02_desc-brain_mask.nii.gz	<PROJECT_ROOT>/derivatives/fmriprep/sub-10/func/sub-10_task-heatpainwithregulationandratings_run-02_space-MNI152NLin2009cAsym_desc-preproc_bold.json	209	208	0.39895995251362304	0.18809425185629103	1.6331044697852393	3.105607636225997	47.11538461538461	21.634615384615387	11.057692307692307	98	45	23	std_dvars	208	1.257390235576923	1.049004	2.5010488499999988	4.035116	6	24	5	27	49	0	4	8	49	49	49	23.444976076555022	0	0	0	0.0	5	83	125	209	2.0	BAD_FD_MEAN,BAD_FD_GT_0.5,SEVERE_FD_GT_1.0,WARN_FD_MAX	WARN_OUTLIER_BURDEN	OK	EXCLUDE	BAD_FD_MEAN,BAD_FD_GT_0.5,SEVERE_FD_GT_1.0,WARN_FD_MAX,WARN_OUTLIER_BURDEN,OK	False	True
<PROJECT_ROOT>/derivatives/fmriprep/sub-10/func/sub-10_task-heatpainwithregulationandratings_run-03_desc-confounds_timeseries.tsv	6f69343c9182e3184db3a858b137eb4dc9eedb623813457548b3107286fd766b	sub-10		heatpainwithregulationandratings	3	run-03			1	2	1	<PROJECT_ROOT>/derivatives/fmriprep/sub-10/func/sub-10_task-heatpainwithregulationandratings_run-03_space-MNI152NLin2009cAsym_desc-preproc_bold.nii.gz	<PROJECT_ROOT>/derivatives/fmriprep/sub-10/func/sub-10_task-heatpainwithregulationandratings_run-03_desc-brain_mask.nii.gz	<PROJECT_ROOT>/derivatives/fmriprep/sub-10/func/sub-10_task-heatpainwithregulationandratings_run-03_space-MNI152NLin2009cAsym_desc-preproc_bold.json	191	190	0.41776888837166626	0.25632382954018207	1.411203168858114	4.64360478441404	67.36842105263158	12.105263157894736	6.842105263157896	128	23	13	std_dvars	190	1.2231302631578946	1.0390975	2.4034872999999974	4.414843	6	24	4	18	29	0	4	8	29	29	29	15.18324607329843	0	0	0	0.0	5	62	128	191	2.0	BAD_FD_MEAN,BAD_FD_GT_0.5,WARN_FD_MAX	OK	OK	KEEP_FOR_MAIN_BUT_SENSITIVITY_EXCLUDE_CANDIDATE	BAD_FD_MEAN,BAD_FD_GT_0.5,WARN_FD_MAX,OK,OK	True	True
<PROJECT_ROOT>/derivatives/fmriprep/sub-10/func/sub-10_task-heatpainwithregulationandratings_run-04_desc-confounds_timeseries.tsv	048dc63800057764a6820f7c1379787f50789fc961dcdf3246c172655c11ba29	sub-10		heatpainwithregulationandratings	4	run-04			1	2	1	<PROJECT_ROOT>/derivatives/fmriprep/sub-10/func/sub-10_task-heatpainwithregulationandratings_run-04_space-MNI152NLin2009cAsym_desc-preproc_bold.nii.gz	<PROJECT_ROOT>/derivatives/fmriprep/sub-10/func/sub-10_task-heatpainwithregulationandratings_run-04_desc-brain_mask.nii.gz	<PROJECT_ROOT>/derivatives/fmriprep/sub-10/func/sub-10_task-heatpainwithregulationandratings_run-04_space-MNI152NLin2009cAsym_desc-preproc_bold.json	209	208	0.3831182197668538	0.2079767969956706	1.3318393571535294	4.2283534782729	53.36538461538461	20.673076923076923	8.173076923076923	111	43	17	std_dvars	208	1.2187405673076923	1.023847	2.5730789499999993	3.882019	6	24	5	27	55	0	4	8	55	55	55	26.31578947368421	0	0	0	0.0	5	89	119	209	2.0	BAD_FD_MEAN,BAD_FD_GT_0.5,WARN_FD_MAX	WARN_OUTLIER_BURDEN	OK	KEEP_FOR_MAIN_BUT_SENSITIVITY_EXCLUDE_CANDIDATE	BAD_FD_MEAN,BAD_FD_GT_0.5,WARN_FD_MAX,WARN_OUTLIER_BURDEN,OK	True	True
<PROJECT_ROOT>/derivatives/fmriprep/sub-10/func/sub-10_task-heatpainwithregulationandratings_run-05_desc-confounds_timeseries.tsv	ff9af1759ef0c90b487ac3405cd290b621aaeb75b22f35aa303393f3281a8bc7	sub-10		heatpainwithregulationandratings	5	run-05			1	2	1	<PROJECT_ROOT>/derivatives/fmriprep/sub-10/func/sub-10_task-heatpainwithregulationandratings_run-05_space-MNI152NLin2009cAsym_desc-preproc_bold.nii.gz	<PROJECT_ROOT>/derivatives/fmriprep/sub-10/func/sub-10_task-heatpainwithregulationandratings_run-05_desc-brain_mask.nii.gz	<PROJECT_ROOT>/derivatives/fmriprep/sub-10/func/sub-10_task-heatpainwithregulationandratings_run-05_space-MNI152NLin2009cAsym_desc-preproc_bold.json	209	208	0.4470547503686213	0.21701548819315003	1.5642324351167265	4.155330334199534	53.84615384615385	26.442307692307693	11.057692307692307	112	55	23	std_dvars	208	1.1508011586538462	0.837518	2.6161461499999983	4.071488	6	24	5	23	61	0	4	8	61	61	61	29.1866028708134	0	0	0	0.0	5	95	113	209	2.0	BAD_FD_MEAN,BAD_FD_GT_0.5,SEVERE_FD_GT_1.0,WARN_FD_MAX	WARN_OUTLIER_BURDEN	OK	EXCLUDE	BAD_FD_MEAN,BAD_FD_GT_0.5,SEVERE_FD_GT_1.0,WARN_FD_MAX,WARN_OUTLIER_BURDEN,OK	False	True
<PROJECT_ROOT>/derivatives/fmriprep/sub-10/func/sub-10_task-heatpainwithregulationandratings_run-06_desc-confounds_timeseries.tsv	0841da7d3ee539d40704d7d262afc80c8f6409082ffd8e939469b599199e2fd0	sub-10		heatpainwithregulationandratings	6	run-06			1	2	1	<PROJECT_ROOT>/derivatives/fmriprep/sub-10/func/sub-10_task-heatpainwithregulationandratings_run-06_space-MNI152NLin2009cAsym_desc-preproc_bold.nii.gz	<PROJECT_ROOT>/derivatives/fmriprep/sub-10/func/sub-10_task-heatpainwithregulationandratings_run-06_desc-brain_mask.nii.gz	<PROJECT_ROOT>/derivatives/fmriprep/sub-10/func/sub-10_task-heatpainwithregulationandratings_run-06_space-MNI152NLin2009cAsym_desc-preproc_bold.json	209	208	0.5391336330417416	0.32297846903066346	1.696875648531426	4.272433096265292	73.07692307692307	32.69230769230769	13.461538461538462	152	68	28	std_dvars	208	1.1458279615384617	0.989241	2.1957889999999995	2.896085	6	24	5	31	70	0	4	8	70	70	70	33.49282296650718	0	0	0	0.0	5	104	104	209	2.0	SEVERE_FD_MEAN,SEVERE_FD_GT_0.5,SEVERE_FD_GT_1.0,WARN_FD_MAX	WARN_OUTLIER_BURDEN	OK	EXCLUDE	SEVERE_FD_MEAN,SEVERE_FD_GT_0.5,SEVERE_FD_GT_1.0,WARN_FD_MAX,WARN_OUTLIER_BURDEN,OK	False	True
<PROJECT_ROOT>/derivatives/fmriprep/sub-10/func/sub-10_task-heatpainwithregulationandratings_run-07_desc-confounds_timeseries.tsv	95ba9d022aa4d2da19951bdab6ed33a3da3e81ba04ed9a9b111c85de96350392	sub-10		heatpainwithregulationandratings	7	run-07			1	2	1	<PROJECT_ROOT>/derivatives/fmriprep/sub-10/func/sub-10_task-heatpainwithregulationandratings_run-07_space-MNI152NLin2009cAsym_desc-preproc_bold.nii.gz	<PROJECT_ROOT>/derivatives/fmriprep/sub-10/func/sub-10_task-heatpainwithregulationandratings_run-07_desc-brain_mask.nii.gz	<PROJECT_ROOT>/derivatives/fmriprep/sub-10/func/sub-10_task-heatpainwithregulationandratings_run-07_space-MNI152NLin2009cAsym_desc-preproc_bold.json	191	190	0.3211266206259659	0.18922222413588247	1.1525327217100114	2.4945697232076496	46.8421052631579	16.842105263157894	5.7894736842105265	89	32	11	std_dvars	190	1.2616817421052633	1.031883	2.4525673	2.954762	6	24	4	36	51	0	4	8	51	51	51	26.701570680628272	0	0	0	0.0	5	84	106	191	2.0	BAD_FD_MEAN,BAD_FD_GT_0.5,WARN_FD_MAX	WARN_OUTLIER_BURDEN	OK	KEEP_FOR_MAIN_BUT_SENSITIVITY_EXCLUDE_CANDIDATE	BAD_FD_MEAN,BAD_FD_GT_0.5,WARN_FD_MAX,WARN_OUTLIER_BURDEN,OK	True	True
<PROJECT_ROOT>/derivatives/fmriprep/sub-10/func/sub-10_task-heatpainwithregulationandratings_run-08_desc-confounds_timeseries.tsv	0373e43c86e19fab6c0df236a9902c5e1b437f29411d914a8ae42047933fc39f	sub-10		heatpainwithregulationandratings	8	run-08			1	2	1	<PROJECT_ROOT>/derivatives/fmriprep/sub-10/func/sub-10_task-heatpainwithregulationandratings_run-08_space-MNI152NLin2009cAsym_desc-preproc_bold.nii.gz	<PROJECT_ROOT>/derivatives/fmriprep/sub-10/func/sub-10_task-heatpainwithregulationandratings_run-08_desc-brain_mask.nii.gz	<PROJECT_ROOT>/derivatives/fmriprep/sub-10/func/sub-10_task-heatpainwithregulationandratings_run-08_space-MNI152NLin2009cAsym_desc-preproc_bold.json	209	208	0.26486735453674837	0.2325580788312842	0.5029685035953693	1.161494229416716	64.42307692307693	5.288461538461538	0.4807692307692308	134	11	1	std_dvars	208	1.4770763221153844	1.3744144999999999	2.239485249999998	4.499413	6	24	5	40	73	0	4	8	73	73	73	34.92822966507177	0	0	0	0.0	5	107	101	209	2.0	WARN_FD_MEAN,WARN_FD_GT_0.5	WARN_OUTLIER_BURDEN	OK	KEEP_WITH_WARNING	WARN_FD_MEAN,WARN_FD_GT_0.5,WARN_OUTLIER_BURDEN,OK	True	False
<PROJECT_ROOT>/derivatives/fmriprep/sub-10/func/sub-10_task-heatpainwithregulationandratings_run-09_desc-confounds_timeseries.tsv	2285f8ef27c34275783f447f1fef274c73fce36b76072941c6f3ee39ae7bda32	sub-10		heatpainwithregulationandratings	9	run-09			1	2	1	<PROJECT_ROOT>/derivatives/fmriprep/sub-10/func/sub-10_task-heatpainwithregulationandratings_run-09_space-MNI152NLin2009cAsym_desc-preproc_bold.nii.gz	<PROJECT_ROOT>/derivatives/fmriprep/sub-10/func/sub-10_task-heatpainwithregulationandratings_run-09_desc-brain_mask.nii.gz	<PROJECT_ROOT>/derivatives/fmriprep/sub-10/func/sub-10_task-heatpainwithregulationandratings_run-09_space-MNI152NLin2009cAsym_desc-preproc_bold.json	209	208	0.33246871571659475	0.27662327337916975	0.7478139873585863	2.5703776640517355	71.63461538461539	9.615384615384617	2.8846153846153846	149	20	6	std_dvars	208	1.3692042596153846	1.293479	1.899430399999999	3.677954	6	24	5	37	38	0	4	8	38	38	38	18.181818181818183	0	0	0	0.0	5	72	136	209	2.0	BAD_FD_MEAN,WARN_FD_GT_0.5,WARN_FD_MAX	OK	OK	KEEP_FOR_MAIN_BUT_SENSITIVITY_EXCLUDE_CANDIDATE	BAD_FD_MEAN,WARN_FD_GT_0.5,WARN_FD_MAX,OK,OK	True	True
<PROJECT_ROOT>/derivatives/fmriprep/sub-11/func/sub-11_task-heatpainwithregulationandratings_run-01_desc-confounds_timeseries.tsv	2cb8ed301b9e875a99b6ec66f8cac1e1f0f78b780ad3f9d2e6b33a3874083d45	sub-11		heatpainwithregulationandratings	1	run-01			1	2	1	<PROJECT_ROOT>/derivatives/fmriprep/sub-11/func/sub-11_task-heatpainwithregulationandratings_run-01_space-MNI152NLin2009cAsym_desc-preproc_bold.nii.gz	<PROJECT_ROOT>/derivatives/fmriprep/sub-11/func/sub-11_task-heatpainwithregulationandratings_run-01_desc-brain_mask.nii.gz	<PROJECT_ROOT>/derivatives/fmriprep/sub-11/func/sub-11_task-heatpainwithregulationandratings_run-01_space-MNI152NLin2009cAsym_desc-preproc_bold.json	209	208	0.09583028926765769	0.0873676951183773	0.18205177719725696	0.3335343568335999	2.403846153846154	0.0	0.0	5	0	0	std_dvars	208	1.4970934807692307	1.312542	2.7125887499999988	4.715749	6	24	5	56	52	0	4	8	52	52	52	24.880382775119617	0	0	0	0.0	5	86	122	209	2.0	OK	WARN_OUTLIER_BURDEN	OK	KEEP_WITH_WARNING	OK,WARN_OUTLIER_BURDEN,OK	True	False
<PROJECT_ROOT>/derivatives/fmriprep/sub-11/func/sub-11_task-heatpainwithregulationandratings_run-02_desc-confounds_timeseries.tsv	392b33504e7105d5003dc644dd8874a1d4c368cc6ebc6a05962e322f58b8f971	sub-11		heatpainwithregulationandratings	2	run-02			1	2	1	<PROJECT_ROOT>/derivatives/fmriprep/sub-11/func/sub-11_task-heatpainwithregulationandratings_run-02_space-MNI152NLin2009cAsym_desc-preproc_bold.nii.gz	<PROJECT_ROOT>/derivatives/fmriprep/sub-11/func/sub-11_task-heatpainwithregulationandratings_run-02_desc-brain_mask.nii.gz	<PROJECT_ROOT>/derivatives/fmriprep/sub-11/func/sub-11_task-heatpainwithregulationandratings_run-02_space-MNI152NLin2009cAsym_desc-preproc_bold.json	209	208	0.10716160626469186	0.09501015265091564	0.22074518511938918	0.5316105655018953	6.730769230769231	0.4807692307692308	0.0	14	1	0	std_dvars	208	1.951484110576923	1.703654	3.9221839499999986	4.672206	6	24	5	56	137	0	4	8	137	137	137	65.55023923444976	0	0	0	0.0	5	171	37	209	2.0	OK	HIGH_OUTLIER_BURDEN,SEVERE_LOW_ESTIMATED_DOF	OK	KEEP_FOR_MAIN_BUT_SENSITIVITY_EXCLUDE_CANDIDATE	OK,HIGH_OUTLIER_BURDEN,SEVERE_LOW_ESTIMATED_DOF,OK	True	True
<PROJECT_ROOT>/derivatives/fmriprep/sub-11/func/sub-11_task-heatpainwithregulationandratings_run-03_desc-confounds_timeseries.tsv	05daa3bff19e6e3a08b8c9f30e45be00ab48f85e8433ca004e3c02c0a3f3075f	sub-11		heatpainwithregulationandratings	3	run-03			1	2	1	<PROJECT_ROOT>/derivatives/fmriprep/sub-11/func/sub-11_task-heatpainwithregulationandratings_run-03_space-MNI152NLin2009cAsym_desc-preproc_bold.nii.gz	<PROJECT_ROOT>/derivatives/fmriprep/sub-11/func/sub-11_task-heatpainwithregulationandratings_run-03_desc-brain_mask.nii.gz	<PROJECT_ROOT>/derivatives/fmriprep/sub-11/func/sub-11_task-heatpainwithregulationandratings_run-03_space-MNI152NLin2009cAsym_desc-preproc_bold.json	191	190	0.13343685848670825	0.11186769998737639	0.30277464495701645	0.5419216834605673	15.789473684210526	1.0526315789473684	0.0	30	2	0	std_dvars	190	1.4357262315789474	1.3004475	2.4349012499999994	4.139418	6	24	4	51	64	0	4	8	64	64	64	33.50785340314136	0	0	0	0.0	5	97	93	191	2.0	OK	WARN_OUTLIER_BURDEN,WARN_LOW_ESTIMATED_DOF	OK	KEEP_FOR_MAIN_BUT_SENSITIVITY_EXCLUDE_CANDIDATE	OK,WARN_OUTLIER_BURDEN,WARN_LOW_ESTIMATED_DOF,OK	True	True
<PROJECT_ROOT>/derivatives/fmriprep/sub-11/func/sub-11_task-heatpainwithregulationandratings_run-04_desc-confounds_timeseries.tsv	b3e94b8bd3612464a989ef14a0016a1773e9867fc323cbe9747c0c4a3a6d6f07	sub-11		heatpainwithregulationandratings	4	run-04			1	2	1	<PROJECT_ROOT>/derivatives/fmriprep/sub-11/func/sub-11_task-heatpainwithregulationandratings_run-04_space-MNI152NLin2009cAsym_desc-preproc_bold.nii.gz	<PROJECT_ROOT>/derivatives/fmriprep/sub-11/func/sub-11_task-heatpainwithregulationandratings_run-04_desc-brain_mask.nii.gz	<PROJECT_ROOT>/derivatives/fmriprep/sub-11/func/sub-11_task-heatpainwithregulationandratings_run-04_space-MNI152NLin2009cAsym_desc-preproc_bold.json	209	208	0.17524656423456772	0.1293025784183349	0.4768364819163713	1.1372842753342736	25.48076923076923	4.807692307692308	0.4807692307692308	53	10	1	std_dvars	208	1.4949416875	1.280472	2.775338249999999	4.23278	6	24	5	49	77	0	4	8	77	77	77	36.84210526315789	0	0	0	0.0	5	111	97	209	2.0	OK	HIGH_OUTLIER_BURDEN,WARN_LOW_ESTIMATED_DOF	OK	KEEP_FOR_MAIN_BUT_SENSITIVITY_EXCLUDE_CANDIDATE	OK,HIGH_OUTLIER_BURDEN,WARN_LOW_ESTIMATED_DOF,OK	True	True
<PROJECT_ROOT>/derivatives/fmriprep/sub-11/func/sub-11_task-heatpainwithregulationandratings_run-05_desc-confounds_timeseries.tsv	f9a872021ed2267e3c475dc219ce737e461af5b7149be31a8eb5f2debdc5180f	sub-11		heatpainwithregulationandratings	5	run-05			1	2	1	<PROJECT_ROOT>/derivatives/fmriprep/sub-11/func/sub-11_task-heatpainwithregulationandratings_run-05_space-MNI152NLin2009cAsym_desc-preproc_bold.nii.gz	<PROJECT_ROOT>/derivatives/fmriprep/sub-11/func/sub-11_task-heatpainwithregulationandratings_run-05_desc-brain_mask.nii.gz	<PROJECT_ROOT>/derivatives/fmriprep/sub-11/func/sub-11_task-heatpainwithregulationandratings_run-05_space-MNI152NLin2009cAsym_desc-preproc_bold.json	209	208	0.22442737315530165	0.17036011446316213	0.5564293640422195	1.063305794127616	43.75	6.730769230769231	0.4807692307692308	91	14	1	std_dvars	208	1.4466684903846152	1.253045	2.707201249999998	3.91804	6	24	5	41	71	0	4	8	71	71	71	33.97129186602871	0	0	0	0.0	5	105	103	209	2.0	WARN_FD_MEAN,WARN_FD_GT_0.5	WARN_OUTLIER_BURDEN	OK	KEEP_WITH_WARNING	WARN_FD_MEAN,WARN_FD_GT_0.5,WARN_OUTLIER_BURDEN,OK	True	False
<PROJECT_ROOT>/derivatives/fmriprep/sub-11/func/sub-11_task-heatpainwithregulationandratings_run-06_desc-confounds_timeseries.tsv	12eddbe093ee2db9207a9a3c34e4dabc0964731ecfda4a5b0c48f62545d6aead	sub-11		heatpainwithregulationandratings	6	run-06			1	2	1	<PROJECT_ROOT>/derivatives/fmriprep/sub-11/func/sub-11_task-heatpainwithregulationandratings_run-06_space-MNI152NLin2009cAsym_desc-preproc_bold.nii.gz	<PROJECT_ROOT>/derivatives/fmriprep/sub-11/func/sub-11_task-heatpainwithregulationandratings_run-06_desc-brain_mask.nii.gz	<PROJECT_ROOT>/derivatives/fmriprep/sub-11/func/sub-11_task-heatpainwithregulationandratings_run-06_space-MNI152NLin2009cAsym_desc-preproc_bold.json	209	208	0.18193793518551835	0.14965547716225452	0.432582830140924	0.6961005454150467	33.17307692307692	3.3653846153846154	0.0	69	7	0	std_dvars	208	1.5170920865384616	1.3806145	2.860883449999996	4.218675	6	24	5	40	75	0	4	8	75	75	75	35.88516746411483	0	0	0	0.0	5	109	99	209	2.0	OK	HIGH_OUTLIER_BURDEN,WARN_LOW_ESTIMATED_DOF	OK	KEEP_FOR_MAIN_BUT_SENSITIVITY_EXCLUDE_CANDIDATE	OK,HIGH_OUTLIER_BURDEN,WARN_LOW_ESTIMATED_DOF,OK	True	True
<PROJECT_ROOT>/derivatives/fmriprep/sub-11/func/sub-11_task-heatpainwithregulationandratings_run-07_desc-confounds_timeseries.tsv	0c208fa22468519300da2f344444a85ae99048260addffeb4c6965efef08f125	sub-11		heatpainwithregulationandratings	7	run-07			1	2	1	<PROJECT_ROOT>/derivatives/fmriprep/sub-11/func/sub-11_task-heatpainwithregulationandratings_run-07_space-MNI152NLin2009cAsym_desc-preproc_bold.nii.gz	<PROJECT_ROOT>/derivatives/fmriprep/sub-11/func/sub-11_task-heatpainwithregulationandratings_run-07_desc-brain_mask.nii.gz	<PROJECT_ROOT>/derivatives/fmriprep/sub-11/func/sub-11_task-heatpainwithregulationandratings_run-07_space-MNI152NLin2009cAsym_desc-preproc_bold.json	191	190	0.13371475544870956	0.11700946198435275	0.2707929061121326	0.701370393155019	11.578947368421053	1.0526315789473684	0.0	22	2	0	std_dvars	190	1.1657177578947369	1.1491954999999998	1.5000278499999984	2.444502	6	24	4	44	10	1	4	8	10	10	10	5.2356020942408374	1	1	1	0.5235602094240838	5	44	146	191	2.0	OK	OK	OK	KEEP	OK	True	False
<PROJECT_ROOT>/derivatives/fmriprep/sub-11/func/sub-11_task-heatpainwithregulationandratings_run-08_desc-confounds_timeseries.tsv	dad4aa0b83d9a5c147f25cf4b0603b31f3d52c4a36c5d6114ca3ac8e5ff55b7f	sub-11		heatpainwithregulationandratings	8	run-08			1	2	1	<PROJECT_ROOT>/derivatives/fmriprep/sub-11/func/sub-11_task-heatpainwithregulationandratings_run-08_space-MNI152NLin2009cAsym_desc-preproc_bold.nii.gz	<PROJECT_ROOT>/derivatives/fmriprep/sub-11/func/sub-11_task-heatpainwithregulationandratings_run-08_desc-brain_mask.nii.gz	<PROJECT_ROOT>/derivatives/fmriprep/sub-11/func/sub-11_task-heatpainwithregulationandratings_run-08_space-MNI152NLin2009cAsym_desc-preproc_bold.json	209	208	0.12522570965999508	0.1151344206778187	0.23285872596722276	0.4603022678458758	9.134615384615383	0.0	0.0	19	0	0	std_dvars	208	1.4968892163461538	1.293848	2.8301910999999986	4.888323	6	24	5	51	54	0	4	8	54	54	54	25.837320574162682	0	0	0	0.0	5	88	120	209	2.0	OK	WARN_OUTLIER_BURDEN	OK	KEEP_WITH_WARNING	OK,WARN_OUTLIER_BURDEN,OK	True	False
<PROJECT_ROOT>/derivatives/fmriprep/sub-11/func/sub-11_task-heatpainwithregulationandratings_run-09_desc-confounds_timeseries.tsv	e7b047c39b8a08b1a2f9bdf6dd93ea726145e6448068821846dc6ba7feeef9f2	sub-11		heatpainwithregulationandratings	9	run-09			1	2	1	<PROJECT_ROOT>/derivatives/fmriprep/sub-11/func/sub-11_task-heatpainwithregulationandratings_run-09_space-MNI152NLin2009cAsym_desc-preproc_bold.nii.gz	<PROJECT_ROOT>/derivatives/fmriprep/sub-11/func/sub-11_task-heatpainwithregulationandratings_run-09_desc-brain_mask.nii.gz	<PROJECT_ROOT>/derivatives/fmriprep/sub-11/func/sub-11_task-heatpainwithregulationandratings_run-09_space-MNI152NLin2009cAsym_desc-preproc_bold.json	209	208	0.1310667107427501	0.11077649545634186	0.29323901410509856	0.4729019181527207	14.423076923076922	0.0	0.0	30	0	0	std_dvars	208	1.3507726442307693	1.2514575	2.1204614499999987	4.100679	6	24	5	49	35	0	4	8	35	35	35	16.74641148325359	0	0	0	0.0	5	69	139	209	2.0	OK	OK	OK	KEEP	OK	True	False
<PROJECT_ROOT>/derivatives/fmriprep/sub-12/func/sub-12_task-heatpainwithregulationandratings_run-01_desc-confounds_timeseries.tsv	bfe17cda09c796ef8d94a48bab5a79ab4f7d0cd5956c910d65dcdf4ab4baccb9	sub-12		heatpainwithregulationandratings	1	run-01			1	2	1	<PROJECT_ROOT>/derivatives/fmriprep/sub-12/func/sub-12_task-heatpainwithregulationandratings_run-01_space-MNI152NLin2009cAsym_desc-preproc_bold.nii.gz	<PROJECT_ROOT>/derivatives/fmriprep/sub-12/func/sub-12_task-heatpainwithregulationandratings_run-01_desc-brain_mask.nii.gz	<PROJECT_ROOT>/derivatives/fmriprep/sub-12/func/sub-12_task-heatpainwithregulationandratings_run-01_space-MNI152NLin2009cAsym_desc-preproc_bold.json	209	208	0.18599497637222873	0.12348706089004036	0.4395764608968412	2.4202707011346267	21.634615384615387	3.8461538461538463	1.4423076923076923	45	8	3	std_dvars	208	1.392382014423077	1.312829	1.7851119999999998	5.000175	6	24	5	36	39	0	4	8	39	39	39	18.660287081339714	0	0	0	0.0	5	73	135	209	2.0	WARN_FD_MAX	OK	OK	KEEP_WITH_WARNING	WARN_FD_MAX,OK,OK	True	False
<PROJECT_ROOT>/derivatives/fmriprep/sub-12/func/sub-12_task-heatpainwithregulationandratings_run-02_desc-confounds_timeseries.tsv	a11f394135e361fdfe06fcd274f4b5518f3178727227193b61739c896371aa09	sub-12		heatpainwithregulationandratings	2	run-02			1	2	1	<PROJECT_ROOT>/derivatives/fmriprep/sub-12/func/sub-12_task-heatpainwithregulationandratings_run-02_space-MNI152NLin2009cAsym_desc-preproc_bold.nii.gz	<PROJECT_ROOT>/derivatives/fmriprep/sub-12/func/sub-12_task-heatpainwithregulationandratings_run-02_desc-brain_mask.nii.gz	<PROJECT_ROOT>/derivatives/fmriprep/sub-12/func/sub-12_task-heatpainwithregulationandratings_run-02_space-MNI152NLin2009cAsym_desc-preproc_bold.json	209	208	0.12218312633733884	0.1036304376164197	0.25443388959549407	0.69195848565472	11.057692307692307	0.9615384615384616	0.0	23	2	0	std_dvars	208	1.4225780048076921	1.405483	1.6230250499999996	2.496807	6	24	5	49	40	0	4	8	40	40	40	19.138755980861244	0	0	0	0.0	5	74	134	209	2.0	OK	OK	OK	KEEP	OK	True	False
<PROJECT_ROOT>/derivatives/fmriprep/sub-12/func/sub-12_task-heatpainwithregulationandratings_run-03_desc-confounds_timeseries.tsv	0335865c5e5dc0793d5cb75d2d71db19375d3235f0242edf463d855acec406a9	sub-12		heatpainwithregulationandratings	3	run-03			1	2	1	<PROJECT_ROOT>/derivatives/fmriprep/sub-12/func/sub-12_task-heatpainwithregulationandratings_run-03_space-MNI152NLin2009cAsym_desc-preproc_bold.nii.gz	<PROJECT_ROOT>/derivatives/fmriprep/sub-12/func/sub-12_task-heatpainwithregulationandratings_run-03_desc-brain_mask.nii.gz	<PROJECT_ROOT>/derivatives/fmriprep/sub-12/func/sub-12_task-heatpainwithregulationandratings_run-03_space-MNI152NLin2009cAsym_desc-preproc_bold.json	191	190	0.10293529656103083	0.08933164530548529	0.21494826875331624	0.440660040244176	7.368421052631578	0.0	0.0	14	0	0	std_dvars	190	1.3706292368421054	1.360631	1.53095635	1.65514	6	24	4	48	17	0	4	8	17	17	17	8.900523560209423	0	0	0	0.0	5	50	140	191	2.0	OK	OK	OK	KEEP	OK	True	False
<PROJECT_ROOT>/derivatives/fmriprep/sub-12/func/sub-12_task-heatpainwithregulationandratings_run-04_desc-confounds_timeseries.tsv	d05a5ea00f7b4388d929c61377e37b3da3c89c2bdeb25b685ec7fcf2281975a9	sub-12		heatpainwithregulationandratings	4	run-04			1	2	1	<PROJECT_ROOT>/derivatives/fmriprep/sub-12/func/sub-12_task-heatpainwithregulationandratings_run-04_space-MNI152NLin2009cAsym_desc-preproc_bold.nii.gz	<PROJECT_ROOT>/derivatives/fmriprep/sub-12/func/sub-12_task-heatpainwithregulationandratings_run-04_desc-brain_mask.nii.gz	<PROJECT_ROOT>/derivatives/fmriprep/sub-12/func/sub-12_task-heatpainwithregulationandratings_run-04_space-MNI152NLin2009cAsym_desc-preproc_bold.json	209	208	0.19630374400501527	0.1270144359734598	0.6271329139395034	1.3169055556449798	26.442307692307693	6.730769230769231	2.403846153846154	55	14	5	std_dvars	208	1.3710317259615385	1.259018	1.9234805499999987	3.193825	6	24	5	41	47	0	4	8	47	47	47	22.48803827751196	0	0	0	0.0	5	81	127	209	2.0	WARN_FD_GT_0.5	WARN_OUTLIER_BURDEN	OK	KEEP_WITH_WARNING	WARN_FD_GT_0.5,WARN_OUTLIER_BURDEN,OK	True	False
<PROJECT_ROOT>/derivatives/fmriprep/sub-12/func/sub-12_task-heatpainwithregulationandratings_run-05_desc-confounds_timeseries.tsv	738c78e4a114f554b890f148c5e7b98781df4eb337997376a8da8063053ad84b	sub-12		heatpainwithregulationandratings	5	run-05			1	2	1	<PROJECT_ROOT>/derivatives/fmriprep/sub-12/func/sub-12_task-heatpainwithregulationandratings_run-05_space-MNI152NLin2009cAsym_desc-preproc_bold.nii.gz	<PROJECT_ROOT>/derivatives/fmriprep/sub-12/func/sub-12_task-heatpainwithregulationandratings_run-05_desc-brain_mask.nii.gz	<PROJECT_ROOT>/derivatives/fmriprep/sub-12/func/sub-12_task-heatpainwithregulationandratings_run-05_space-MNI152NLin2009cAsym_desc-preproc_bold.json	209	208	0.19732780603361993	0.14517613369321214	0.6076090720818622	1.1428185235091408	25.0	6.25	1.4423076923076923	52	13	3	std_dvars	208	1.3321403125000002	1.2645125	1.919439999999999	2.609053	6	24	5	43	30	0	4	8	30	30	30	14.354066985645932	0	0	0	0.0	5	64	144	209	2.0	WARN_FD_GT_0.5	OK	OK	KEEP_WITH_WARNING	WARN_FD_GT_0.5,OK,OK	True	False
<PROJECT_ROOT>/derivatives/fmriprep/sub-12/func/sub-12_task-heatpainwithregulationandratings_run-06_desc-confounds_timeseries.tsv	c6ac4cf5890a6f2647e9b4e877c84c43bba369d05f963db2c2c2fd2dd643bca7	sub-12		heatpainwithregulationandratings	6	run-06			1	2	1	<PROJECT_ROOT>/derivatives/fmriprep/sub-12/func/sub-12_task-heatpainwithregulationandratings_run-06_space-MNI152NLin2009cAsym_desc-preproc_bold.nii.gz	<PROJECT_ROOT>/derivatives/fmriprep/sub-12/func/sub-12_task-heatpainwithregulationandratings_run-06_desc-brain_mask.nii.gz	<PROJECT_ROOT>/derivatives/fmriprep/sub-12/func/sub-12_task-heatpainwithregulationandratings_run-06_space-MNI152NLin2009cAsym_desc-preproc_bold.json	209	208	0.18845425104064528	0.15352348826153106	0.42194045341973846	0.971899327387124	37.019230769230774	3.8461538461538463	0.0	77	8	0	std_dvars	208	1.4526719807692308	1.336401	2.371652249999999	3.114872	6	24	5	47	59	0	4	8	59	59	59	28.22966507177033	0	0	0	0.0	5	93	115	209	2.0	OK	WARN_OUTLIER_BURDEN	OK	KEEP_WITH_WARNING	OK,WARN_OUTLIER_BURDEN,OK	True	False
<PROJECT_ROOT>/derivatives/fmriprep/sub-12/func/sub-12_task-heatpainwithregulationandratings_run-07_desc-confounds_timeseries.tsv	4c694772e6af854fab4253b68e53d6079df1fb0f400d9cf199d9b78e7a7340f1	sub-12		heatpainwithregulationandratings	7	run-07			1	2	1	<PROJECT_ROOT>/derivatives/fmriprep/sub-12/func/sub-12_task-heatpainwithregulationandratings_run-07_space-MNI152NLin2009cAsym_desc-preproc_bold.nii.gz	<PROJECT_ROOT>/derivatives/fmriprep/sub-12/func/sub-12_task-heatpainwithregulationandratings_run-07_desc-brain_mask.nii.gz	<PROJECT_ROOT>/derivatives/fmriprep/sub-12/func/sub-12_task-heatpainwithregulationandratings_run-07_space-MNI152NLin2009cAsym_desc-preproc_bold.json	191	190	0.2695951522920758	0.1870634518522986	0.8751436581188009	2.6168796636604617	45.78947368421053	8.947368421052632	2.631578947368421	87	17	5	std_dvars	190	1.2137001578947368	1.0940665	1.8592017499999987	3.949072	6	24	4	28	27	0	4	8	27	27	27	14.136125654450263	0	0	0	0.0	5	60	130	191	2.0	WARN_FD_MEAN,WARN_FD_GT_0.5,WARN_FD_MAX	OK	OK	KEEP_WITH_WARNING	WARN_FD_MEAN,WARN_FD_GT_0.5,WARN_FD_MAX,OK,OK	True	False
<PROJECT_ROOT>/derivatives/fmriprep/sub-12/func/sub-12_task-heatpainwithregulationandratings_run-08_desc-confounds_timeseries.tsv	e5029f89917d4259707fa4e99272cdabc1741da228755f08d1fd60938765b557	sub-12		heatpainwithregulationandratings	8	run-08			1	2	1	<PROJECT_ROOT>/derivatives/fmriprep/sub-12/func/sub-12_task-heatpainwithregulationandratings_run-08_space-MNI152NLin2009cAsym_desc-preproc_bold.nii.gz	<PROJECT_ROOT>/derivatives/fmriprep/sub-12/func/sub-12_task-heatpainwithregulationandratings_run-08_desc-brain_mask.nii.gz	<PROJECT_ROOT>/derivatives/fmriprep/sub-12/func/sub-12_task-heatpainwithregulationandratings_run-08_space-MNI152NLin2009cAsym_desc-preproc_bold.json	209	208	0.31596311204279065	0.18378493828165204	0.9315388266170378	3.7083000541636513	46.63461538461539	12.01923076923077	3.8461538461538463	97	25	8	std_dvars	208	1.1839217451923076	0.8897809999999999	3.2774598999999993	5.654679	6	24	5	26	37	0	4	8	37	37	37	17.703349282296653	0	0	0	0.0	5	71	137	209	2.0	BAD_FD_MEAN,BAD_FD_GT_0.5,WARN_FD_MAX	OK	OK	KEEP_FOR_MAIN_BUT_SENSITIVITY_EXCLUDE_CANDIDATE	BAD_FD_MEAN,BAD_FD_GT_0.5,WARN_FD_MAX,OK,OK	True	True
<PROJECT_ROOT>/derivatives/fmriprep/sub-12/func/sub-12_task-heatpainwithregulationandratings_run-09_desc-confounds_timeseries.tsv	fe638c92751904133a252ff11e3e931cf1353a7313919a40d2e781c98a1c9ecb	sub-12		heatpainwithregulationandratings	9	run-09			1	2	1	<PROJECT_ROOT>/derivatives/fmriprep/sub-12/func/sub-12_task-heatpainwithregulationandratings_run-09_space-MNI152NLin2009cAsym_desc-preproc_bold.nii.gz	<PROJECT_ROOT>/derivatives/fmriprep/sub-12/func/sub-12_task-heatpainwithregulationandratings_run-09_desc-brain_mask.nii.gz	<PROJECT_ROOT>/derivatives/fmriprep/sub-12/func/sub-12_task-heatpainwithregulationandratings_run-09_space-MNI152NLin2009cAsym_desc-preproc_bold.json	209	208	0.16839556633794395	0.15338019998664626	0.33989655733231205	0.4904731307377381	26.923076923076923	0.0	0.0	56	0	0	std_dvars	208	1.7706604182692307	1.527218	3.5237830499999983	3.785619	6	24	5	47	113	0	4	8	113	113	113	54.066985645933016	0	0	0	0.0	5	147	61	209	2.0	OK	HIGH_OUTLIER_BURDEN,WARN_LOW_ESTIMATED_DOF	OK	KEEP_FOR_MAIN_BUT_SENSITIVITY_EXCLUDE_CANDIDATE	OK,HIGH_OUTLIER_BURDEN,WARN_LOW_ESTIMATED_DOF,OK	True	True
<PROJECT_ROOT>/derivatives/fmriprep/sub-13/func/sub-13_task-heatpainwithregulationandratings_run-01_desc-confounds_timeseries.tsv	f2495b40bdc485dee4fab5a15b2e89ce04714083f3a109749a5551229b9d30a8	sub-13		heatpainwithregulationandratings	1	run-01			1	2	1	<PROJECT_ROOT>/derivatives/fmriprep/sub-13/func/sub-13_task-heatpainwithregulationandratings_run-01_space-MNI152NLin2009cAsym_desc-preproc_bold.nii.gz	<PROJECT_ROOT>/derivatives/fmriprep/sub-13/func/sub-13_task-heatpainwithregulationandratings_run-01_desc-brain_mask.nii.gz	<PROJECT_ROOT>/derivatives/fmriprep/sub-13/func/sub-13_task-heatpainwithregulationandratings_run-01_space-MNI152NLin2009cAsym_desc-preproc_bold.json	209	208	0.137453048671823	0.12685809916504875	0.25650654015364555	0.5385270272462748	12.980769230769232	1.9230769230769231	0.0	27	4	0	std_dvars	208	1.4829889182692308	1.3278045	2.4990875499999987	3.151094	6	24	5	47	81	0	4	8	81	81	81	38.75598086124402	0	0	0	0.0	5	115	93	209	2.0	OK	HIGH_OUTLIER_BURDEN,WARN_LOW_ESTIMATED_DOF	OK	KEEP_FOR_MAIN_BUT_SENSITIVITY_EXCLUDE_CANDIDATE	OK,HIGH_OUTLIER_BURDEN,WARN_LOW_ESTIMATED_DOF,OK	True	True
<PROJECT_ROOT>/derivatives/fmriprep/sub-13/func/sub-13_task-heatpainwithregulationandratings_run-02_desc-confounds_timeseries.tsv	bd7cb18f13aadead0e4a0b39e08ef67b3db2341fc106fddb34a91a3215e03206	sub-13		heatpainwithregulationandratings	2	run-02			1	2	1	<PROJECT_ROOT>/derivatives/fmriprep/sub-13/func/sub-13_task-heatpainwithregulationandratings_run-02_space-MNI152NLin2009cAsym_desc-preproc_bold.nii.gz	<PROJECT_ROOT>/derivatives/fmriprep/sub-13/func/sub-13_task-heatpainwithregulationandratings_run-02_desc-brain_mask.nii.gz	<PROJECT_ROOT>/derivatives/fmriprep/sub-13/func/sub-13_task-heatpainwithregulationandratings_run-02_space-MNI152NLin2009cAsym_desc-preproc_bold.json	209	208	0.16014910420563577	0.15385556402302197	0.2825766889618178	0.7192242699609774	22.596153846153847	1.9230769230769231	0.0	47	4	0	std_dvars	208	1.548765966346154	1.396645	2.5823548499999998	2.870369	6	24	5	42	92	0	4	8	92	92	92	44.01913875598086	0	0	0	0.0	5	126	82	209	2.0	OK	HIGH_OUTLIER_BURDEN,WARN_LOW_ESTIMATED_DOF	OK	KEEP_FOR_MAIN_BUT_SENSITIVITY_EXCLUDE_CANDIDATE	OK,HIGH_OUTLIER_BURDEN,WARN_LOW_ESTIMATED_DOF,OK	True	True
<PROJECT_ROOT>/derivatives/fmriprep/sub-13/func/sub-13_task-heatpainwithregulationandratings_run-03_desc-confounds_timeseries.tsv	b1ca12bc9b7ec6a3f28fe1845296855add2b0f962722d8e5e160828ed724d64a	sub-13		heatpainwithregulationandratings	3	run-03			1	2	1	<PROJECT_ROOT>/derivatives/fmriprep/sub-13/func/sub-13_task-heatpainwithregulationandratings_run-03_space-MNI152NLin2009cAsym_desc-preproc_bold.nii.gz	<PROJECT_ROOT>/derivatives/fmriprep/sub-13/func/sub-13_task-heatpainwithregulationandratings_run-03_desc-brain_mask.nii.gz	<PROJECT_ROOT>/derivatives/fmriprep/sub-13/func/sub-13_task-heatpainwithregulationandratings_run-03_space-MNI152NLin2009cAsym_desc-preproc_bold.json	191	190	0.1577702037003148	0.14051990850161694	0.29196786875644865	0.5418056640082499	24.210526315789473	0.5263157894736842	0.0	46	1	0	std_dvars	190	1.3884577210526319	1.1997155	2.79011035	2.995558	6	24	4	45	50	0	4	8	50	50	50	26.17801047120419	0	0	0	0.0	5	83	107	191	2.0	OK	WARN_OUTLIER_BURDEN	OK	KEEP_WITH_WARNING	OK,WARN_OUTLIER_BURDEN,OK	True	False
<PROJECT_ROOT>/derivatives/fmriprep/sub-13/func/sub-13_task-heatpainwithregulationandratings_run-04_desc-confounds_timeseries.tsv	99bc959d3a995afe0ae41fcbb29b97a74ae1b7bb8457896a62a20be9f831f06a	sub-13		heatpainwithregulationandratings	4	run-04			1	2	1	<PROJECT_ROOT>/derivatives/fmriprep/sub-13/func/sub-13_task-heatpainwithregulationandratings_run-04_space-MNI152NLin2009cAsym_desc-preproc_bold.nii.gz	<PROJECT_ROOT>/derivatives/fmriprep/sub-13/func/sub-13_task-heatpainwithregulationandratings_run-04_desc-brain_mask.nii.gz	<PROJECT_ROOT>/derivatives/fmriprep/sub-13/func/sub-13_task-heatpainwithregulationandratings_run-04_space-MNI152NLin2009cAsym_desc-preproc_bold.json	209	208	0.15136094366428324	0.1359225583529079	0.2754216906984119	0.7613516723027066	20.673076923076923	0.9615384615384616	0.0	43	2	0	std_dvars	208	1.4033903509615384	1.235784	2.4151582999999994	3.395554	6	24	5	45	57	0	4	8	57	57	57	27.27272727272727	0	0	0	0.0	5	91	117	209	2.0	OK	WARN_OUTLIER_BURDEN	OK	KEEP_WITH_WARNING	OK,WARN_OUTLIER_BURDEN,OK	True	False
<PROJECT_ROOT>/derivatives/fmriprep/sub-13/func/sub-13_task-heatpainwithregulationandratings_run-05_desc-confounds_timeseries.tsv	74a2ec8203b13d40d32d6f772ae0c3f65063c57581fec70f5092529e26619674	sub-13		heatpainwithregulationandratings	5	run-05			1	2	1	<PROJECT_ROOT>/derivatives/fmriprep/sub-13/func/sub-13_task-heatpainwithregulationandratings_run-05_space-MNI152NLin2009cAsym_desc-preproc_bold.nii.gz	<PROJECT_ROOT>/derivatives/fmriprep/sub-13/func/sub-13_task-heatpainwithregulationandratings_run-05_desc-brain_mask.nii.gz	<PROJECT_ROOT>/derivatives/fmriprep/sub-13/func/sub-13_task-heatpainwithregulationandratings_run-05_space-MNI152NLin2009cAsym_desc-preproc_bold.json	209	208	0.16933382286787912	0.13591926648286845	0.34069501402999175	1.553089934339856	20.673076923076923	3.3653846153846154	1.4423076923076923	43	7	3	std_dvars	208	1.1934710288461539	1.099371	1.7991622999999999	2.70547	6	24	5	46	38	0	4	8	38	38	38	18.181818181818183	0	0	0	0.0	5	72	136	209	2.0	OK	OK	OK	KEEP	OK	True	False
<PROJECT_ROOT>/derivatives/fmriprep/sub-13/func/sub-13_task-heatpainwithregulationandratings_run-06_desc-confounds_timeseries.tsv	c3a98cf52154f0ea18cc845264d2aa6db0205af2683a7139a9df35e8ce6311fa	sub-13		heatpainwithregulationandratings	6	run-06			1	2	1	<PROJECT_ROOT>/derivatives/fmriprep/sub-13/func/sub-13_task-heatpainwithregulationandratings_run-06_space-MNI152NLin2009cAsym_desc-preproc_bold.nii.gz	<PROJECT_ROOT>/derivatives/fmriprep/sub-13/func/sub-13_task-heatpainwithregulationandratings_run-06_desc-brain_mask.nii.gz	<PROJECT_ROOT>/derivatives/fmriprep/sub-13/func/sub-13_task-heatpainwithregulationandratings_run-06_space-MNI152NLin2009cAsym_desc-preproc_bold.json	209	208	0.2099051319362739	0.1568027622545604	0.6041090635357954	2.4570879335092863	27.884615384615387	5.769230769230769	1.4423076923076923	58	12	3	std_dvars	208	1.1273031923076924	0.903139	2.5054194999999995	3.653818	6	24	5	36	36	0	4	8	36	36	36	17.22488038277512	0	0	0	0.0	5	70	138	209	2.0	WARN_FD_MEAN,WARN_FD_GT_0.5,WARN_FD_MAX	OK	OK	KEEP_WITH_WARNING	WARN_FD_MEAN,WARN_FD_GT_0.5,WARN_FD_MAX,OK,OK	True	False
<PROJECT_ROOT>/derivatives/fmriprep/sub-13/func/sub-13_task-heatpainwithregulationandratings_run-07_desc-confounds_timeseries.tsv	b7440e9fa1550a33ba026dba734b9aa8e975d9b5b8176f9929c6af4eab994af5	sub-13		heatpainwithregulationandratings	7	run-07			1	2	1	<PROJECT_ROOT>/derivatives/fmriprep/sub-13/func/sub-13_task-heatpainwithregulationandratings_run-07_space-MNI152NLin2009cAsym_desc-preproc_bold.nii.gz	<PROJECT_ROOT>/derivatives/fmriprep/sub-13/func/sub-13_task-heatpainwithregulationandratings_run-07_desc-brain_mask.nii.gz	<PROJECT_ROOT>/derivatives/fmriprep/sub-13/func/sub-13_task-heatpainwithregulationandratings_run-07_space-MNI152NLin2009cAsym_desc-preproc_bold.json	191	190	0.13930365827849492	0.1264920351927359	0.24333335131566686	0.326898303547491	16.315789473684212	0.0	0.0	31	0	0	std_dvars	190	1.5590820631578948	1.3371165	2.7242272	2.892346	6	24	4	47	72	0	4	8	72	72	72	37.696335078534034	0	0	0	0.0	5	105	85	191	2.0	OK	HIGH_OUTLIER_BURDEN,WARN_LOW_ESTIMATED_DOF	OK	KEEP_FOR_MAIN_BUT_SENSITIVITY_EXCLUDE_CANDIDATE	OK,HIGH_OUTLIER_BURDEN,WARN_LOW_ESTIMATED_DOF,OK	True	True
<PROJECT_ROOT>/derivatives/fmriprep/sub-13/func/sub-13_task-heatpainwithregulationandratings_run-08_desc-confounds_timeseries.tsv	692a39295a30d195825a9ea627bcd8fcaafc1fb7997549c11c3538afa36c710a	sub-13		heatpainwithregulationandratings	8	run-08			1	2	1	<PROJECT_ROOT>/derivatives/fmriprep/sub-13/func/sub-13_task-heatpainwithregulationandratings_run-08_space-MNI152NLin2009cAsym_desc-preproc_bold.nii.gz	<PROJECT_ROOT>/derivatives/fmriprep/sub-13/func/sub-13_task-heatpainwithregulationandratings_run-08_desc-brain_mask.nii.gz	<PROJECT_ROOT>/derivatives/fmriprep/sub-13/func/sub-13_task-heatpainwithregulationandratings_run-08_space-MNI152NLin2009cAsym_desc-preproc_bold.json	209	208	0.17685889577097533	0.1400577338852414	0.3790840327285872	1.1982975257118609	21.153846153846153	3.3653846153846154	1.4423076923076923	44	7	3	std_dvars	208	1.0514359182692308	0.9659630000000001	1.698034649999999	3.152881	6	24	5	43	15	0	4	8	15	15	15	7.177033492822966	0	0	0	0.0	5	49	159	209	2.0	OK	OK	OK	KEEP	OK	True	False
<PROJECT_ROOT>/derivatives/fmriprep/sub-13/func/sub-13_task-heatpainwithregulationandratings_run-09_desc-confounds_timeseries.tsv	4f8c612cd6adfa90331e9eb1409c8e4e26d50c91bd76f5560c2524b917b038a9	sub-13		heatpainwithregulationandratings	9	run-09			1	2	1	<PROJECT_ROOT>/derivatives/fmriprep/sub-13/func/sub-13_task-heatpainwithregulationandratings_run-09_space-MNI152NLin2009cAsym_desc-preproc_bold.nii.gz	<PROJECT_ROOT>/derivatives/fmriprep/sub-13/func/sub-13_task-heatpainwithregulationandratings_run-09_desc-brain_mask.nii.gz	<PROJECT_ROOT>/derivatives/fmriprep/sub-13/func/sub-13_task-heatpainwithregulationandratings_run-09_space-MNI152NLin2009cAsym_desc-preproc_bold.json	209	208	0.1674422540924572	0.1277487977290809	0.32700695660449	1.7604893392506544	21.153846153846153	1.9230769230769231	1.9230769230769231	44	4	4	std_dvars	208	1.4509625721153845	1.232911	2.584730449999999	3.205747	6	24	5	45	66	0	4	8	66	66	66	31.57894736842105	0	0	0	0.0	5	100	108	209	2.0	OK	WARN_OUTLIER_BURDEN	OK	KEEP_WITH_WARNING	OK,WARN_OUTLIER_BURDEN,OK	True	False
<PROJECT_ROOT>/derivatives/fmriprep/sub-14/func/sub-14_task-heatpainwithregulationandratings_run-01_desc-confounds_timeseries.tsv	3970fcae83e008d1c2e71fc5ab166a555cf3815fe5fb3c7f4a7a0c2a390285ba	sub-14		heatpainwithregulationandratings	1	run-01			1	2	1	<PROJECT_ROOT>/derivatives/fmriprep/sub-14/func/sub-14_task-heatpainwithregulationandratings_run-01_space-MNI152NLin2009cAsym_desc-preproc_bold.nii.gz	<PROJECT_ROOT>/derivatives/fmriprep/sub-14/func/sub-14_task-heatpainwithregulationandratings_run-01_desc-brain_mask.nii.gz	<PROJECT_ROOT>/derivatives/fmriprep/sub-14/func/sub-14_task-heatpainwithregulationandratings_run-01_space-MNI152NLin2009cAsym_desc-preproc_bold.json	209	208	0.1072330841446928	0.07969993519387056	0.22286647998259773	0.8026404922065122	8.653846153846153	1.4423076923076923	0.0	18	3	0	std_dvars	208	1.402655769230769	1.2769759999999999	2.0714573999999994	4.955858	6	24	5	43	37	0	4	8	37	37	37	17.703349282296653	0	0	0	0.0	5	71	137	209	2.0	OK	OK	OK	KEEP	OK	True	False
<PROJECT_ROOT>/derivatives/fmriprep/sub-14/func/sub-14_task-heatpainwithregulationandratings_run-02_desc-confounds_timeseries.tsv	d47adf8b9dbd7e09160b8625cdc5f7e54a8e6cb1e982eb119dbc8c27e1caaa36	sub-14		heatpainwithregulationandratings	2	run-02			1	2	1	<PROJECT_ROOT>/derivatives/fmriprep/sub-14/func/sub-14_task-heatpainwithregulationandratings_run-02_space-MNI152NLin2009cAsym_desc-preproc_bold.nii.gz	<PROJECT_ROOT>/derivatives/fmriprep/sub-14/func/sub-14_task-heatpainwithregulationandratings_run-02_desc-brain_mask.nii.gz	<PROJECT_ROOT>/derivatives/fmriprep/sub-14/func/sub-14_task-heatpainwithregulationandratings_run-02_space-MNI152NLin2009cAsym_desc-preproc_bold.json	209	208	0.09329384494048704	0.0818415010021644	0.19666462893699468	0.4581766561683947	4.807692307692308	0.0	0.0	10	0	0	std_dvars	208	1.4891487740384615	1.331583	2.5392269	6.325805	6	24	5	44	53	0	4	8	53	53	53	25.358851674641148	0	0	0	0.0	5	87	121	209	2.0	OK	WARN_OUTLIER_BURDEN	OK	KEEP_WITH_WARNING	OK,WARN_OUTLIER_BURDEN,OK	True	False
<PROJECT_ROOT>/derivatives/fmriprep/sub-14/func/sub-14_task-heatpainwithregulationandratings_run-03_desc-confounds_timeseries.tsv	7b9ee293ff23d61e77a6babc9cdab3079fbf5a928461864a3c2259a94876649d	sub-14		heatpainwithregulationandratings	3	run-03			1	2	1	<PROJECT_ROOT>/derivatives/fmriprep/sub-14/func/sub-14_task-heatpainwithregulationandratings_run-03_space-MNI152NLin2009cAsym_desc-preproc_bold.nii.gz	<PROJECT_ROOT>/derivatives/fmriprep/sub-14/func/sub-14_task-heatpainwithregulationandratings_run-03_desc-brain_mask.nii.gz	<PROJECT_ROOT>/derivatives/fmriprep/sub-14/func/sub-14_task-heatpainwithregulationandratings_run-03_space-MNI152NLin2009cAsym_desc-preproc_bold.json	191	190	0.09448762707679155	0.07235109801599829	0.21237891969830489	0.7562210205575818	5.7894736842105265	1.0526315789473684	0.0	11	2	0	std_dvars	190	1.4916520210526312	1.334719	2.3753619499999994	6.31768	6	24	4	39	32	0	4	8	32	32	32	16.75392670157068	0	0	0	0.0	5	65	125	191	2.0	OK	OK	OK	KEEP	OK	True	False
<PROJECT_ROOT>/derivatives/fmriprep/sub-14/func/sub-14_task-heatpainwithregulationandratings_run-04_desc-confounds_timeseries.tsv	e3db02dde428b3b9a6500287c72765c6ea349807e6fe80ea84a5f699b9820135	sub-14		heatpainwithregulationandratings	4	run-04			1	2	1	<PROJECT_ROOT>/derivatives/fmriprep/sub-14/func/sub-14_task-heatpainwithregulationandratings_run-04_space-MNI152NLin2009cAsym_desc-preproc_bold.nii.gz	<PROJECT_ROOT>/derivatives/fmriprep/sub-14/func/sub-14_task-heatpainwithregulationandratings_run-04_desc-brain_mask.nii.gz	<PROJECT_ROOT>/derivatives/fmriprep/sub-14/func/sub-14_task-heatpainwithregulationandratings_run-04_space-MNI152NLin2009cAsym_desc-preproc_bold.json	209	208	0.07619127676536588	0.06673239034385439	0.1684512715639082	0.2912881226859669	1.9230769230769231	0.0	0.0	4	0	0	std_dvars	208	1.6119118846153846	1.355153	3.13700915	4.754611	6	24	5	47	84	0	4	8	84	84	84	40.19138755980861	0	0	0	0.0	5	118	90	209	2.0	OK	HIGH_OUTLIER_BURDEN,WARN_LOW_ESTIMATED_DOF	OK	KEEP_FOR_MAIN_BUT_SENSITIVITY_EXCLUDE_CANDIDATE	OK,HIGH_OUTLIER_BURDEN,WARN_LOW_ESTIMATED_DOF,OK	True	True
<PROJECT_ROOT>/derivatives/fmriprep/sub-14/func/sub-14_task-heatpainwithregulationandratings_run-05_desc-confounds_timeseries.tsv	45e7e11a1d76a43402005de4e398ceb09ee23c93021b42cc451ac9d77a7d7254	sub-14		heatpainwithregulationandratings	5	run-05			1	2	1	<PROJECT_ROOT>/derivatives/fmriprep/sub-14/func/sub-14_task-heatpainwithregulationandratings_run-05_space-MNI152NLin2009cAsym_desc-preproc_bold.nii.gz	<PROJECT_ROOT>/derivatives/fmriprep/sub-14/func/sub-14_task-heatpainwithregulationandratings_run-05_desc-brain_mask.nii.gz	<PROJECT_ROOT>/derivatives/fmriprep/sub-14/func/sub-14_task-heatpainwithregulationandratings_run-05_space-MNI152NLin2009cAsym_desc-preproc_bold.json	209	208	0.09043420225289271	0.08414976479630035	0.19360062953796248	0.3332302097395399	4.326923076923077	0.0	0.0	9	0	0	std_dvars	208	1.6489517692307696	1.2895685000000001	3.5207767	4.224362	6	24	5	43	78	0	4	8	78	78	78	37.32057416267943	0	0	0	0.0	5	112	96	209	2.0	OK	HIGH_OUTLIER_BURDEN,WARN_LOW_ESTIMATED_DOF	OK	KEEP_FOR_MAIN_BUT_SENSITIVITY_EXCLUDE_CANDIDATE	OK,HIGH_OUTLIER_BURDEN,WARN_LOW_ESTIMATED_DOF,OK	True	True
<PROJECT_ROOT>/derivatives/fmriprep/sub-14/func/sub-14_task-heatpainwithregulationandratings_run-06_desc-confounds_timeseries.tsv	1a302e293f58ec9985685d378c64b6285edc4f07fc1662d284b774ec4ad737bd	sub-14		heatpainwithregulationandratings	6	run-06			1	2	1	<PROJECT_ROOT>/derivatives/fmriprep/sub-14/func/sub-14_task-heatpainwithregulationandratings_run-06_space-MNI152NLin2009cAsym_desc-preproc_bold.nii.gz	<PROJECT_ROOT>/derivatives/fmriprep/sub-14/func/sub-14_task-heatpainwithregulationandratings_run-06_desc-brain_mask.nii.gz	<PROJECT_ROOT>/derivatives/fmriprep/sub-14/func/sub-14_task-heatpainwithregulationandratings_run-06_space-MNI152NLin2009cAsym_desc-preproc_bold.json	209	208	0.09699738955120736	0.07605089848292546	0.27157535615935163	0.5370925676038679	9.134615384615383	0.4807692307692308	0.0	19	1	0	std_dvars	208	1.5160390961538464	1.301933	3.0238004499999978	4.691948	6	24	5	41	72	0	4	8	72	72	72	34.44976076555024	0	0	0	0.0	5	106	102	209	2.0	OK	WARN_OUTLIER_BURDEN	OK	KEEP_WITH_WARNING	OK,WARN_OUTLIER_BURDEN,OK	True	False
<PROJECT_ROOT>/derivatives/fmriprep/sub-14/func/sub-14_task-heatpainwithregulationandratings_run-07_desc-confounds_timeseries.tsv	0846ca7704e72268ff86fbfec9065938e8e3a2d367a52f94671a82733cb6418c	sub-14		heatpainwithregulationandratings	7	run-07			1	2	1	<PROJECT_ROOT>/derivatives/fmriprep/sub-14/func/sub-14_task-heatpainwithregulationandratings_run-07_space-MNI152NLin2009cAsym_desc-preproc_bold.nii.gz	<PROJECT_ROOT>/derivatives/fmriprep/sub-14/func/sub-14_task-heatpainwithregulationandratings_run-07_desc-brain_mask.nii.gz	<PROJECT_ROOT>/derivatives/fmriprep/sub-14/func/sub-14_task-heatpainwithregulationandratings_run-07_space-MNI152NLin2009cAsym_desc-preproc_bold.json	191	190	0.11794465811425787	0.08740816393053745	0.33186672770927167	0.8124908113471143	9.473684210526317	2.631578947368421	0.0	18	5	0	std_dvars	190	1.4651894210526315	1.2923149999999999	2.069395049999997	6.581801	6	24	4	34	31	0	4	8	31	31	31	16.230366492146597	0	0	0	0.0	5	64	126	191	2.0	OK	OK	OK	KEEP	OK	True	False
<PROJECT_ROOT>/derivatives/fmriprep/sub-14/func/sub-14_task-heatpainwithregulationandratings_run-08_desc-confounds_timeseries.tsv	d19007ab2b32b594b5ff8e356d466cc435c92d70723f154fdf73ef21697cd760	sub-14		heatpainwithregulationandratings	8	run-08			1	2	1	<PROJECT_ROOT>/derivatives/fmriprep/sub-14/func/sub-14_task-heatpainwithregulationandratings_run-08_space-MNI152NLin2009cAsym_desc-preproc_bold.nii.gz	<PROJECT_ROOT>/derivatives/fmriprep/sub-14/func/sub-14_task-heatpainwithregulationandratings_run-08_desc-brain_mask.nii.gz	<PROJECT_ROOT>/derivatives/fmriprep/sub-14/func/sub-14_task-heatpainwithregulationandratings_run-08_space-MNI152NLin2009cAsym_desc-preproc_bold.json	209	208	0.09337709342973402	0.0804636705530585	0.2129336571190702	0.3991711551372873	6.730769230769231	0.0	0.0	14	0	0	std_dvars	208	1.6227391778846156	1.26709	3.751715149999994	5.339197	6	24	5	44	76	0	4	8	76	76	76	36.36363636363637	0	0	0	0.0	5	110	98	209	2.0	OK	HIGH_OUTLIER_BURDEN,WARN_LOW_ESTIMATED_DOF	OK	KEEP_FOR_MAIN_BUT_SENSITIVITY_EXCLUDE_CANDIDATE	OK,HIGH_OUTLIER_BURDEN,WARN_LOW_ESTIMATED_DOF,OK	True	True
<PROJECT_ROOT>/derivatives/fmriprep/sub-14/func/sub-14_task-heatpainwithregulationandratings_run-09_desc-confounds_timeseries.tsv	644ef27855919dddcafe306109aa2c2e00daf440137e2e49922c0c3c2b0df901	sub-14		heatpainwithregulationandratings	9	run-09			1	2	1	<PROJECT_ROOT>/derivatives/fmriprep/sub-14/func/sub-14_task-heatpainwithregulationandratings_run-09_space-MNI152NLin2009cAsym_desc-preproc_bold.nii.gz	<PROJECT_ROOT>/derivatives/fmriprep/sub-14/func/sub-14_task-heatpainwithregulationandratings_run-09_desc-brain_mask.nii.gz	<PROJECT_ROOT>/derivatives/fmriprep/sub-14/func/sub-14_task-heatpainwithregulationandratings_run-09_space-MNI152NLin2009cAsym_desc-preproc_bold.json	209	208	0.1344852938182111	0.10520015819446255	0.3021241113494745	0.4292488276404552	22.115384615384613	0.0	0.0	46	0	0	std_dvars	208	1.6912641634615386	1.420826	3.6740939499999996	5.153889	6	24	5	40	95	0	4	8	95	95	95	45.45454545454545	0	0	0	0.0	5	129	79	209	2.0	OK	HIGH_OUTLIER_BURDEN,WARN_LOW_ESTIMATED_DOF	OK	KEEP_FOR_MAIN_BUT_SENSITIVITY_EXCLUDE_CANDIDATE	OK,HIGH_OUTLIER_BURDEN,WARN_LOW_ESTIMATED_DOF,OK	True	True
<PROJECT_ROOT>/derivatives/fmriprep/sub-15/func/sub-15_task-heatpainwithregulationandratings_run-01_desc-confounds_timeseries.tsv	4807c8fd25812c855d1ca4cf50c66e778466b4780829caf0483040d36c82383b	sub-15		heatpainwithregulationandratings	1	run-01			1	2	1	<PROJECT_ROOT>/derivatives/fmriprep/sub-15/func/sub-15_task-heatpainwithregulationandratings_run-01_space-MNI152NLin2009cAsym_desc-preproc_bold.nii.gz	<PROJECT_ROOT>/derivatives/fmriprep/sub-15/func/sub-15_task-heatpainwithregulationandratings_run-01_desc-brain_mask.nii.gz	<PROJECT_ROOT>/derivatives/fmriprep/sub-15/func/sub-15_task-heatpainwithregulationandratings_run-01_space-MNI152NLin2009cAsym_desc-preproc_bold.json	209	208	0.06546494367164503	0.0638934120775819	0.11694602601547172	0.2007250217261637	0.4807692307692308	0.0	0.0	1	0	0	std_dvars	208	1.7022648461538463	1.3107545	3.2961030999999994	5.858102	6	24	5	56	71	0	4	8	71	71	71	33.97129186602871	0	0	0	0.0	5	105	103	209	2.0	OK	WARN_OUTLIER_BURDEN	OK	KEEP_WITH_WARNING	OK,WARN_OUTLIER_BURDEN,OK	True	False
<PROJECT_ROOT>/derivatives/fmriprep/sub-15/func/sub-15_task-heatpainwithregulationandratings_run-02_desc-confounds_timeseries.tsv	ebb13c9585f35608b332f5160b52a58edb3ca06222e03af515ca2d8a38a0399a	sub-15		heatpainwithregulationandratings	2	run-02			1	2	1	<PROJECT_ROOT>/derivatives/fmriprep/sub-15/func/sub-15_task-heatpainwithregulationandratings_run-02_space-MNI152NLin2009cAsym_desc-preproc_bold.nii.gz	<PROJECT_ROOT>/derivatives/fmriprep/sub-15/func/sub-15_task-heatpainwithregulationandratings_run-02_desc-brain_mask.nii.gz	<PROJECT_ROOT>/derivatives/fmriprep/sub-15/func/sub-15_task-heatpainwithregulationandratings_run-02_space-MNI152NLin2009cAsym_desc-preproc_bold.json	209	208	0.07224204326756921	0.06782701409627376	0.14370020356565913	0.259999905120348	1.4423076923076923	0.0	0.0	3	0	0	std_dvars	208	1.6304902403846155	1.3236165	3.990825549999996	5.233001	6	24	5	56	71	0	4	8	71	71	71	33.97129186602871	0	0	0	0.0	5	105	103	209	2.0	OK	WARN_OUTLIER_BURDEN	OK	KEEP_WITH_WARNING	OK,WARN_OUTLIER_BURDEN,OK	True	False
<PROJECT_ROOT>/derivatives/fmriprep/sub-15/func/sub-15_task-heatpainwithregulationandratings_run-03_desc-confounds_timeseries.tsv	9be8dbf9dd51b85fc7bb6e749424cda55c3b413ea50bf4b79ecd7406fae198f9	sub-15		heatpainwithregulationandratings	3	run-03			1	2	1	<PROJECT_ROOT>/derivatives/fmriprep/sub-15/func/sub-15_task-heatpainwithregulationandratings_run-03_space-MNI152NLin2009cAsym_desc-preproc_bold.nii.gz	<PROJECT_ROOT>/derivatives/fmriprep/sub-15/func/sub-15_task-heatpainwithregulationandratings_run-03_desc-brain_mask.nii.gz	<PROJECT_ROOT>/derivatives/fmriprep/sub-15/func/sub-15_task-heatpainwithregulationandratings_run-03_space-MNI152NLin2009cAsym_desc-preproc_bold.json	191	190	0.08133824064510915	0.07447885063191365	0.14674332458378644	0.2047191204095816	1.0526315789473684	0.0	0.0	2	0	0	std_dvars	190	1.584689889473684	1.3073755	3.66519375	5.831014	6	24	4	49	51	0	4	8	51	51	51	26.701570680628272	0	0	0	0.0	5	84	106	191	2.0	OK	WARN_OUTLIER_BURDEN	OK	KEEP_WITH_WARNING	OK,WARN_OUTLIER_BURDEN,OK	True	False
<PROJECT_ROOT>/derivatives/fmriprep/sub-15/func/sub-15_task-heatpainwithregulationandratings_run-04_desc-confounds_timeseries.tsv	6ad2f63e10f3ddaeb8b60e4b20f5ad6acb5d35fb38cd3ddeb12cc5a832e2e8ee	sub-15		heatpainwithregulationandratings	4	run-04			1	2	1	<PROJECT_ROOT>/derivatives/fmriprep/sub-15/func/sub-15_task-heatpainwithregulationandratings_run-04_space-MNI152NLin2009cAsym_desc-preproc_bold.nii.gz	<PROJECT_ROOT>/derivatives/fmriprep/sub-15/func/sub-15_task-heatpainwithregulationandratings_run-04_desc-brain_mask.nii.gz	<PROJECT_ROOT>/derivatives/fmriprep/sub-15/func/sub-15_task-heatpainwithregulationandratings_run-04_space-MNI152NLin2009cAsym_desc-preproc_bold.json	209	208	0.07281279958591197	0.0664569853595159	0.12613413150195305	0.2260090851984362	0.4807692307692308	0.0	0.0	1	0	0	std_dvars	208	1.308765355769231	1.306306	1.52315185	1.946702	6	24	5	53	16	0	4	8	16	16	16	7.655502392344498	0	0	0	0.0	5	50	158	209	2.0	OK	OK	OK	KEEP	OK	True	False
<PROJECT_ROOT>/derivatives/fmriprep/sub-15/func/sub-15_task-heatpainwithregulationandratings_run-05_desc-confounds_timeseries.tsv	593243788fa235670d08f8aee8c28a630a330d399ce3512d0a4962ee8b325035	sub-15		heatpainwithregulationandratings	5	run-05			1	2	1	<PROJECT_ROOT>/derivatives/fmriprep/sub-15/func/sub-15_task-heatpainwithregulationandratings_run-05_space-MNI152NLin2009cAsym_desc-preproc_bold.nii.gz	<PROJECT_ROOT>/derivatives/fmriprep/sub-15/func/sub-15_task-heatpainwithregulationandratings_run-05_desc-brain_mask.nii.gz	<PROJECT_ROOT>/derivatives/fmriprep/sub-15/func/sub-15_task-heatpainwithregulationandratings_run-05_space-MNI152NLin2009cAsym_desc-preproc_bold.json	209	208	0.08141280054981938	0.07326023576795934	0.15803538056537436	0.4520492496566392	2.8846153846153846	0.0	0.0	6	0	0	std_dvars	208	1.4539006778846153	1.3947645	2.0962465	2.588583	6	24	5	54	72	0	4	8	72	72	72	34.44976076555024	0	0	0	0.0	5	106	102	209	2.0	OK	WARN_OUTLIER_BURDEN	OK	KEEP_WITH_WARNING	OK,WARN_OUTLIER_BURDEN,OK	True	False
<PROJECT_ROOT>/derivatives/fmriprep/sub-15/func/sub-15_task-heatpainwithregulationandratings_run-06_desc-confounds_timeseries.tsv	9d6518457040f347b59491265337f41ac3404edf6bc13bf5bafb19080a083b6f	sub-15		heatpainwithregulationandratings	6	run-06			1	2	1	<PROJECT_ROOT>/derivatives/fmriprep/sub-15/func/sub-15_task-heatpainwithregulationandratings_run-06_space-MNI152NLin2009cAsym_desc-preproc_bold.nii.gz	<PROJECT_ROOT>/derivatives/fmriprep/sub-15/func/sub-15_task-heatpainwithregulationandratings_run-06_desc-brain_mask.nii.gz	<PROJECT_ROOT>/derivatives/fmriprep/sub-15/func/sub-15_task-heatpainwithregulationandratings_run-06_space-MNI152NLin2009cAsym_desc-preproc_bold.json	209	208	0.07743793982899493	0.071468303806688	0.15118100911000235	0.3355524241142801	2.403846153846154	0.0	0.0	5	0	0	std_dvars	208	1.3445355432692307	1.3296459999999999	1.6860213499999999	1.961875	6	24	5	55	36	0	4	8	36	36	36	17.22488038277512	0	0	0	0.0	5	70	138	209	2.0	OK	OK	OK	KEEP	OK	True	False
<PROJECT_ROOT>/derivatives/fmriprep/sub-15/func/sub-15_task-heatpainwithregulationandratings_run-07_desc-confounds_timeseries.tsv	8a5d65428c3f00fd7604bbf01b91062a3cf412a93a28b3e949d88bc2eaa886a1	sub-15		heatpainwithregulationandratings	7	run-07			1	2	1	<PROJECT_ROOT>/derivatives/fmriprep/sub-15/func/sub-15_task-heatpainwithregulationandratings_run-07_space-MNI152NLin2009cAsym_desc-preproc_bold.nii.gz	<PROJECT_ROOT>/derivatives/fmriprep/sub-15/func/sub-15_task-heatpainwithregulationandratings_run-07_desc-brain_mask.nii.gz	<PROJECT_ROOT>/derivatives/fmriprep/sub-15/func/sub-15_task-heatpainwithregulationandratings_run-07_space-MNI152NLin2009cAsym_desc-preproc_bold.json	191	190	0.07684635231372976	0.0695879120492213	0.14254856932122342	0.2273650447976918	1.0526315789473684	0.0	0.0	2	0	0	std_dvars	190	1.6449318421052632	1.419121	3.1472693499999993	3.306441	6	24	4	51	88	0	4	8	88	88	88	46.07329842931937	0	0	0	0.0	5	121	69	191	2.0	OK	HIGH_OUTLIER_BURDEN,WARN_LOW_ESTIMATED_DOF	OK	KEEP_FOR_MAIN_BUT_SENSITIVITY_EXCLUDE_CANDIDATE	OK,HIGH_OUTLIER_BURDEN,WARN_LOW_ESTIMATED_DOF,OK	True	True
<PROJECT_ROOT>/derivatives/fmriprep/sub-15/func/sub-15_task-heatpainwithregulationandratings_run-08_desc-confounds_timeseries.tsv	9bdac522ee4b309126b909e93ef726bc84f5c1730b1858c48778ae3527339dd5	sub-15		heatpainwithregulationandratings	8	run-08			1	2	1	<PROJECT_ROOT>/derivatives/fmriprep/sub-15/func/sub-15_task-heatpainwithregulationandratings_run-08_space-MNI152NLin2009cAsym_desc-preproc_bold.nii.gz	<PROJECT_ROOT>/derivatives/fmriprep/sub-15/func/sub-15_task-heatpainwithregulationandratings_run-08_desc-brain_mask.nii.gz	<PROJECT_ROOT>/derivatives/fmriprep/sub-15/func/sub-15_task-heatpainwithregulationandratings_run-08_space-MNI152NLin2009cAsym_desc-preproc_bold.json	209	208	0.07240080485637068	0.0649020759830494	0.14562220252270544	0.2194821735273391	0.4807692307692308	0.0	0.0	1	0	0	std_dvars	208	1.4583073221153846	1.327348	2.241371849999999	2.674901	6	24	5	56	65	0	4	8	65	65	65	31.100478468899524	0	0	0	0.0	5	99	109	209	2.0	OK	WARN_OUTLIER_BURDEN	OK	KEEP_WITH_WARNING	OK,WARN_OUTLIER_BURDEN,OK	True	False
<PROJECT_ROOT>/derivatives/fmriprep/sub-15/func/sub-15_task-heatpainwithregulationandratings_run-09_desc-confounds_timeseries.tsv	cf9ea0ee22cd2715616de979da8c54cc6f02b5faeeb32714a92b8028227ef5c4	sub-15		heatpainwithregulationandratings	9	run-09			1	2	1	<PROJECT_ROOT>/derivatives/fmriprep/sub-15/func/sub-15_task-heatpainwithregulationandratings_run-09_space-MNI152NLin2009cAsym_desc-preproc_bold.nii.gz	<PROJECT_ROOT>/derivatives/fmriprep/sub-15/func/sub-15_task-heatpainwithregulationandratings_run-09_desc-brain_mask.nii.gz	<PROJECT_ROOT>/derivatives/fmriprep/sub-15/func/sub-15_task-heatpainwithregulationandratings_run-09_space-MNI152NLin2009cAsym_desc-preproc_bold.json	209	208	0.09339103107467808	0.08524800164933641	0.1808019108482729	0.6530139211658743	2.403846153846154	0.4807692307692308	0.0	5	1	0	std_dvars	208	1.5364255480769229	1.2917619999999999	3.367227399999999	4.368732	6	24	5	52	73	3	4	8	73	73	73	34.92822966507177	3	3	3	1.4354066985645932	5	110	98	209	2.0	OK	WARN_OUTLIER_BURDEN,WARN_LOW_ESTIMATED_DOF	OK	KEEP_FOR_MAIN_BUT_SENSITIVITY_EXCLUDE_CANDIDATE	OK,WARN_OUTLIER_BURDEN,WARN_LOW_ESTIMATED_DOF,OK	True	True
<PROJECT_ROOT>/derivatives/fmriprep/sub-16/func/sub-16_task-heatpainwithregulationandratings_run-01_desc-confounds_timeseries.tsv	45c58449e48a634935ed0d0bc57d0da6ed8234e316f664ac91b1cdde881356d2	sub-16		heatpainwithregulationandratings	1	run-01			1	2	1	<PROJECT_ROOT>/derivatives/fmriprep/sub-16/func/sub-16_task-heatpainwithregulationandratings_run-01_space-MNI152NLin2009cAsym_desc-preproc_bold.nii.gz	<PROJECT_ROOT>/derivatives/fmriprep/sub-16/func/sub-16_task-heatpainwithregulationandratings_run-01_desc-brain_mask.nii.gz	<PROJECT_ROOT>/derivatives/fmriprep/sub-16/func/sub-16_task-heatpainwithregulationandratings_run-01_space-MNI152NLin2009cAsym_desc-preproc_bold.json	209	208	0.12218075982626118	0.11190117241535255	0.2245815019696031	0.6130326521482832	8.653846153846153	0.9615384615384616	0.0	18	2	0	std_dvars	208	1.290299346153846	1.216705	1.8707521999999994	2.552841	6	24	5	55	38	0	4	8	38	38	38	18.181818181818183	0	0	0	0.0	5	72	136	209	2.0	OK	OK	OK	KEEP	OK	True	False
<PROJECT_ROOT>/derivatives/fmriprep/sub-16/func/sub-16_task-heatpainwithregulationandratings_run-02_desc-confounds_timeseries.tsv	f1b6a3fcfc1139c2d523f14b196d1ac834631181d2c7bb4a757307e6633b76ea	sub-16		heatpainwithregulationandratings	2	run-02			1	2	1	<PROJECT_ROOT>/derivatives/fmriprep/sub-16/func/sub-16_task-heatpainwithregulationandratings_run-02_space-MNI152NLin2009cAsym_desc-preproc_bold.nii.gz	<PROJECT_ROOT>/derivatives/fmriprep/sub-16/func/sub-16_task-heatpainwithregulationandratings_run-02_desc-brain_mask.nii.gz	<PROJECT_ROOT>/derivatives/fmriprep/sub-16/func/sub-16_task-heatpainwithregulationandratings_run-02_space-MNI152NLin2009cAsym_desc-preproc_bold.json	209	208	0.11769115933009039	0.11184542987445839	0.21069087341725043	0.332753019293662	8.173076923076923	0.0	0.0	17	0	0	std_dvars	208	2.090077879807692	1.7542185	4.526595049999999	6.34172	6	24	5	56	136	0	4	8	136	136	136	65.07177033492823	0	0	0	0.0	5	170	38	209	2.0	OK	HIGH_OUTLIER_BURDEN,SEVERE_LOW_ESTIMATED_DOF	OK	KEEP_FOR_MAIN_BUT_SENSITIVITY_EXCLUDE_CANDIDATE	OK,HIGH_OUTLIER_BURDEN,SEVERE_LOW_ESTIMATED_DOF,OK	True	True
<PROJECT_ROOT>/derivatives/fmriprep/sub-16/func/sub-16_task-heatpainwithregulationandratings_run-03_desc-confounds_timeseries.tsv	805670901d04dc330fdf15aa5704801d84bcbde1600da9e84a323827af49a300	sub-16		heatpainwithregulationandratings	3	run-03			1	2	1	<PROJECT_ROOT>/derivatives/fmriprep/sub-16/func/sub-16_task-heatpainwithregulationandratings_run-03_space-MNI152NLin2009cAsym_desc-preproc_bold.nii.gz	<PROJECT_ROOT>/derivatives/fmriprep/sub-16/func/sub-16_task-heatpainwithregulationandratings_run-03_desc-brain_mask.nii.gz	<PROJECT_ROOT>/derivatives/fmriprep/sub-16/func/sub-16_task-heatpainwithregulationandratings_run-03_space-MNI152NLin2009cAsym_desc-preproc_bold.json	191	190	0.14573559251452392	0.12676087666006164	0.31258273629599603	0.4833980797938158	20.526315789473685	0.0	0.0	39	0	0	std_dvars	190	1.2290398684210528	1.2228050000000001	1.5600616999999999	1.852673	6	24	4	47	15	0	4	8	15	15	15	7.853403141361256	0	0	0	0.0	5	48	142	191	2.0	OK	OK	OK	KEEP	OK	True	False
<PROJECT_ROOT>/derivatives/fmriprep/sub-16/func/sub-16_task-heatpainwithregulationandratings_run-04_desc-confounds_timeseries.tsv	e6a9b31a203dd0a9f14e0b225d02b2fd5166fff129e6df194a668d570b47b53e	sub-16		heatpainwithregulationandratings	4	run-04			1	2	1	<PROJECT_ROOT>/derivatives/fmriprep/sub-16/func/sub-16_task-heatpainwithregulationandratings_run-04_space-MNI152NLin2009cAsym_desc-preproc_bold.nii.gz	<PROJECT_ROOT>/derivatives/fmriprep/sub-16/func/sub-16_task-heatpainwithregulationandratings_run-04_desc-brain_mask.nii.gz	<PROJECT_ROOT>/derivatives/fmriprep/sub-16/func/sub-16_task-heatpainwithregulationandratings_run-04_space-MNI152NLin2009cAsym_desc-preproc_bold.json	209	208	0.15244220644245868	0.1435794822415032	0.28873428812343116	0.4975314773039327	21.634615384615387	0.0	0.0	45	0	0	std_dvars	208	1.2874430384615385	1.2426575	1.7973695499999998	2.348231	6	24	5	48	31	0	4	8	31	31	31	14.832535885167463	0	0	0	0.0	5	65	143	209	2.0	OK	OK	OK	KEEP	OK	True	False
<PROJECT_ROOT>/derivatives/fmriprep/sub-16/func/sub-16_task-heatpainwithregulationandratings_run-05_desc-confounds_timeseries.tsv	0f6edd0eaf44b11b1d978bf1d2dfaa2d5ef8a98d6240beb81cc83587e4eddf42	sub-16		heatpainwithregulationandratings	5	run-05			1	2	1	<PROJECT_ROOT>/derivatives/fmriprep/sub-16/func/sub-16_task-heatpainwithregulationandratings_run-05_space-MNI152NLin2009cAsym_desc-preproc_bold.nii.gz	<PROJECT_ROOT>/derivatives/fmriprep/sub-16/func/sub-16_task-heatpainwithregulationandratings_run-05_desc-brain_mask.nii.gz	<PROJECT_ROOT>/derivatives/fmriprep/sub-16/func/sub-16_task-heatpainwithregulationandratings_run-05_space-MNI152NLin2009cAsym_desc-preproc_bold.json	209	208	0.1553197203676651	0.13554836514606688	0.31184700390580533	0.6313689522639213	22.596153846153847	0.9615384615384616	0.0	47	2	0	std_dvars	208	1.999328596153846	1.7485715000000002	4.00247965	5.685513	6	24	5	51	141	0	4	8	141	141	141	67.46411483253588	0	0	0	0.0	5	175	33	209	2.0	OK	HIGH_OUTLIER_BURDEN,SEVERE_LOW_ESTIMATED_DOF	OK	KEEP_FOR_MAIN_BUT_SENSITIVITY_EXCLUDE_CANDIDATE	OK,HIGH_OUTLIER_BURDEN,SEVERE_LOW_ESTIMATED_DOF,OK	True	True
<PROJECT_ROOT>/derivatives/fmriprep/sub-16/func/sub-16_task-heatpainwithregulationandratings_run-06_desc-confounds_timeseries.tsv	f267bd5580ae305382a39711e5cbc52db7998bf0549b26da647b6fa76c8e3679	sub-16		heatpainwithregulationandratings	6	run-06			1	2	1	<PROJECT_ROOT>/derivatives/fmriprep/sub-16/func/sub-16_task-heatpainwithregulationandratings_run-06_space-MNI152NLin2009cAsym_desc-preproc_bold.nii.gz	<PROJECT_ROOT>/derivatives/fmriprep/sub-16/func/sub-16_task-heatpainwithregulationandratings_run-06_desc-brain_mask.nii.gz	<PROJECT_ROOT>/derivatives/fmriprep/sub-16/func/sub-16_task-heatpainwithregulationandratings_run-06_space-MNI152NLin2009cAsym_desc-preproc_bold.json	209	208	0.15133685706627534	0.12921125165775074	0.3351182664619186	0.5648041077090968	20.673076923076923	0.9615384615384616	0.0	43	2	0	std_dvars	208	2.0566529278846155	1.863918	3.907002949999999	4.761432	6	24	5	49	126	4	4	8	126	126	126	60.28708133971292	4	4	4	1.9138755980861244	5	164	44	209	2.0	OK	HIGH_OUTLIER_BURDEN,SEVERE_LOW_ESTIMATED_DOF	OK	KEEP_FOR_MAIN_BUT_SENSITIVITY_EXCLUDE_CANDIDATE	OK,HIGH_OUTLIER_BURDEN,SEVERE_LOW_ESTIMATED_DOF,OK	True	True
<PROJECT_ROOT>/derivatives/fmriprep/sub-16/func/sub-16_task-heatpainwithregulationandratings_run-07_desc-confounds_timeseries.tsv	004a10766c78feeed249198c271579f96847f23ce9191b451215994587f42e05	sub-16		heatpainwithregulationandratings	7	run-07			1	2	1	<PROJECT_ROOT>/derivatives/fmriprep/sub-16/func/sub-16_task-heatpainwithregulationandratings_run-07_space-MNI152NLin2009cAsym_desc-preproc_bold.nii.gz	<PROJECT_ROOT>/derivatives/fmriprep/sub-16/func/sub-16_task-heatpainwithregulationandratings_run-07_desc-brain_mask.nii.gz	<PROJECT_ROOT>/derivatives/fmriprep/sub-16/func/sub-16_task-heatpainwithregulationandratings_run-07_space-MNI152NLin2009cAsym_desc-preproc_bold.json	191	190	0.13812184674856332	0.12112325288270781	0.30099696339045895	0.4824370304891249	16.315789473684212	0.0	0.0	31	0	0	std_dvars	190	1.2388992526315787	1.21944	1.6012027	1.86542	6	24	4	48	20	0	4	8	20	20	20	10.471204188481675	0	0	0	0.0	5	53	137	191	2.0	OK	OK	OK	KEEP	OK	True	False
<PROJECT_ROOT>/derivatives/fmriprep/sub-16/func/sub-16_task-heatpainwithregulationandratings_run-08_desc-confounds_timeseries.tsv	6cd9f1d7b496e9b0e3198a052fa0f4f774eb6a1e7574bb495c63ead1c6481f0b	sub-16		heatpainwithregulationandratings	8	run-08			1	2	1	<PROJECT_ROOT>/derivatives/fmriprep/sub-16/func/sub-16_task-heatpainwithregulationandratings_run-08_space-MNI152NLin2009cAsym_desc-preproc_bold.nii.gz	<PROJECT_ROOT>/derivatives/fmriprep/sub-16/func/sub-16_task-heatpainwithregulationandratings_run-08_desc-brain_mask.nii.gz	<PROJECT_ROOT>/derivatives/fmriprep/sub-16/func/sub-16_task-heatpainwithregulationandratings_run-08_space-MNI152NLin2009cAsym_desc-preproc_bold.json	209	208	0.10662915263573738	0.0956903348990708	0.20744922423985296	0.4150308139298276	5.769230769230769	0.0	0.0	12	0	0	std_dvars	208	1.748809932692308	1.485857	3.5207529499999994	4.423244	6	24	5	57	101	0	4	8	101	101	101	48.32535885167464	0	0	0	0.0	5	135	73	209	2.0	OK	HIGH_OUTLIER_BURDEN,WARN_LOW_ESTIMATED_DOF	OK	KEEP_FOR_MAIN_BUT_SENSITIVITY_EXCLUDE_CANDIDATE	OK,HIGH_OUTLIER_BURDEN,WARN_LOW_ESTIMATED_DOF,OK	True	True
<PROJECT_ROOT>/derivatives/fmriprep/sub-16/func/sub-16_task-heatpainwithregulationandratings_run-09_desc-confounds_timeseries.tsv	c28fcc262f21efafb4b86d0c6c3ac666a93c66af5f7ad79b557460c8093a032d	sub-16		heatpainwithregulationandratings	9	run-09			1	2	1	<PROJECT_ROOT>/derivatives/fmriprep/sub-16/func/sub-16_task-heatpainwithregulationandratings_run-09_space-MNI152NLin2009cAsym_desc-preproc_bold.nii.gz	<PROJECT_ROOT>/derivatives/fmriprep/sub-16/func/sub-16_task-heatpainwithregulationandratings_run-09_desc-brain_mask.nii.gz	<PROJECT_ROOT>/derivatives/fmriprep/sub-16/func/sub-16_task-heatpainwithregulationandratings_run-09_space-MNI152NLin2009cAsym_desc-preproc_bold.json	209	208	0.13049417333084723	0.11747958979244186	0.26980940216393123	0.3772977007094605	14.903846153846153	0.0	0.0	31	0	0	std_dvars	208	2.013101658653846	1.8263445	4.112315499999997	4.808989	6	24	5	57	133	0	4	8	133	133	133	63.63636363636363	0	0	0	0.0	5	167	41	209	2.0	OK	HIGH_OUTLIER_BURDEN,SEVERE_LOW_ESTIMATED_DOF	OK	KEEP_FOR_MAIN_BUT_SENSITIVITY_EXCLUDE_CANDIDATE	OK,HIGH_OUTLIER_BURDEN,SEVERE_LOW_ESTIMATED_DOF,OK	True	True
<PROJECT_ROOT>/derivatives/fmriprep/sub-17/func/sub-17_task-heatpainwithregulationandratings_run-01_desc-confounds_timeseries.tsv	6e3bb4c97aa155357e08acca1767de7460ce53bae171f49d27a1867129067b44	sub-17		heatpainwithregulationandratings	1	run-01			1	2	1	<PROJECT_ROOT>/derivatives/fmriprep/sub-17/func/sub-17_task-heatpainwithregulationandratings_run-01_space-MNI152NLin2009cAsym_desc-preproc_bold.nii.gz	<PROJECT_ROOT>/derivatives/fmriprep/sub-17/func/sub-17_task-heatpainwithregulationandratings_run-01_desc-brain_mask.nii.gz	<PROJECT_ROOT>/derivatives/fmriprep/sub-17/func/sub-17_task-heatpainwithregulationandratings_run-01_space-MNI152NLin2009cAsym_desc-preproc_bold.json	209	208	0.08066622229949677	0.07127595685699475	0.15994163609562242	0.253707913552287	1.4423076923076923	0.0	0.0	3	0	0	std_dvars	208	1.4185865817307692	1.3906065	1.7333778	2.430637	6	24	5	60	47	0	4	8	47	47	47	22.48803827751196	0	0	0	0.0	5	81	127	209	2.0	OK	WARN_OUTLIER_BURDEN	OK	KEEP_WITH_WARNING	OK,WARN_OUTLIER_BURDEN,OK	True	False
<PROJECT_ROOT>/derivatives/fmriprep/sub-17/func/sub-17_task-heatpainwithregulationandratings_run-02_desc-confounds_timeseries.tsv	310fc37c41ab38a0487a438ac88f5ad01a47b7a6ebd043d699f9bdb8945a6c56	sub-17		heatpainwithregulationandratings	2	run-02			1	2	1	<PROJECT_ROOT>/derivatives/fmriprep/sub-17/func/sub-17_task-heatpainwithregulationandratings_run-02_space-MNI152NLin2009cAsym_desc-preproc_bold.nii.gz	<PROJECT_ROOT>/derivatives/fmriprep/sub-17/func/sub-17_task-heatpainwithregulationandratings_run-02_desc-brain_mask.nii.gz	<PROJECT_ROOT>/derivatives/fmriprep/sub-17/func/sub-17_task-heatpainwithregulationandratings_run-02_space-MNI152NLin2009cAsym_desc-preproc_bold.json	209	208	0.08717128185443869	0.08051692528949456	0.16008332507761347	0.3464014078391939	1.9230769230769231	0.0	0.0	4	0	0	std_dvars	208	1.5131387692307696	1.323598	2.7712756999999995	3.58078	6	24	5	62	62	0	4	8	62	62	62	29.665071770334926	0	0	0	0.0	5	96	112	209	2.0	OK	WARN_OUTLIER_BURDEN	OK	KEEP_WITH_WARNING	OK,WARN_OUTLIER_BURDEN,OK	True	False
<PROJECT_ROOT>/derivatives/fmriprep/sub-17/func/sub-17_task-heatpainwithregulationandratings_run-03_desc-confounds_timeseries.tsv	45fe22d66182770eb128d2332294faa5a1b6858c6b09be9b1c17cdd5935fd8a8	sub-17		heatpainwithregulationandratings	3	run-03			1	2	1	<PROJECT_ROOT>/derivatives/fmriprep/sub-17/func/sub-17_task-heatpainwithregulationandratings_run-03_space-MNI152NLin2009cAsym_desc-preproc_bold.nii.gz	<PROJECT_ROOT>/derivatives/fmriprep/sub-17/func/sub-17_task-heatpainwithregulationandratings_run-03_desc-brain_mask.nii.gz	<PROJECT_ROOT>/derivatives/fmriprep/sub-17/func/sub-17_task-heatpainwithregulationandratings_run-03_space-MNI152NLin2009cAsym_desc-preproc_bold.json	191	190	0.10787553730001734	0.09174365724838834	0.23264415400603747	0.6253150990646994	8.947368421052632	1.0526315789473684	0.0	17	2	0	std_dvars	190	1.355857421052632	1.3302939999999999	1.7829776499999999	2.3188	6	24	4	54	33	0	4	8	33	33	33	17.277486910994764	0	0	0	0.0	5	66	124	191	2.0	OK	OK	OK	KEEP	OK	True	False
<PROJECT_ROOT>/derivatives/fmriprep/sub-17/func/sub-17_task-heatpainwithregulationandratings_run-04_desc-confounds_timeseries.tsv	53a172110feeea6159a091301075db9bc20d1b665e037770fd32e7d4311d59f1	sub-17		heatpainwithregulationandratings	4	run-04			1	2	1	<PROJECT_ROOT>/derivatives/fmriprep/sub-17/func/sub-17_task-heatpainwithregulationandratings_run-04_space-MNI152NLin2009cAsym_desc-preproc_bold.nii.gz	<PROJECT_ROOT>/derivatives/fmriprep/sub-17/func/sub-17_task-heatpainwithregulationandratings_run-04_desc-brain_mask.nii.gz	<PROJECT_ROOT>/derivatives/fmriprep/sub-17/func/sub-17_task-heatpainwithregulationandratings_run-04_space-MNI152NLin2009cAsym_desc-preproc_bold.json	209	208	0.11353459606438335	0.089005440698317	0.29954682042502756	0.5448138382638916	11.057692307692307	0.9615384615384616	0.0	23	2	0	std_dvars	208	1.3975832788461537	1.3631955	1.7767242999999993	2.271968	6	24	5	59	51	0	4	8	51	51	51	24.401913875598087	0	0	0	0.0	5	85	123	209	2.0	OK	WARN_OUTLIER_BURDEN	OK	KEEP_WITH_WARNING	OK,WARN_OUTLIER_BURDEN,OK	True	False
<PROJECT_ROOT>/derivatives/fmriprep/sub-17/func/sub-17_task-heatpainwithregulationandratings_run-05_desc-confounds_timeseries.tsv	b57e570702dc6d4167addd415f34d6e71cc347b2df2e550a31d519f7c95bcdd8	sub-17		heatpainwithregulationandratings	5	run-05			1	2	1	<PROJECT_ROOT>/derivatives/fmriprep/sub-17/func/sub-17_task-heatpainwithregulationandratings_run-05_space-MNI152NLin2009cAsym_desc-preproc_bold.nii.gz	<PROJECT_ROOT>/derivatives/fmriprep/sub-17/func/sub-17_task-heatpainwithregulationandratings_run-05_desc-brain_mask.nii.gz	<PROJECT_ROOT>/derivatives/fmriprep/sub-17/func/sub-17_task-heatpainwithregulationandratings_run-05_space-MNI152NLin2009cAsym_desc-preproc_bold.json	209	208	0.12255485228077262	0.1034361633283857	0.2552926250242684	0.4588264283850732	13.942307692307693	0.0	0.0	29	0	0	std_dvars	208	1.5569587211538463	1.3950205	2.9556270999999974	3.389491	6	24	5	54	77	0	4	8	77	77	77	36.84210526315789	0	0	0	0.0	5	111	97	209	2.0	OK	HIGH_OUTLIER_BURDEN,WARN_LOW_ESTIMATED_DOF	OK	KEEP_FOR_MAIN_BUT_SENSITIVITY_EXCLUDE_CANDIDATE	OK,HIGH_OUTLIER_BURDEN,WARN_LOW_ESTIMATED_DOF,OK	True	True
<PROJECT_ROOT>/derivatives/fmriprep/sub-17/func/sub-17_task-heatpainwithregulationandratings_run-06_desc-confounds_timeseries.tsv	8a5dc3468027dd408854af91222956d75d5c08390bd1f8ddf823d41e49eba443	sub-17		heatpainwithregulationandratings	6	run-06			1	2	1	<PROJECT_ROOT>/derivatives/fmriprep/sub-17/func/sub-17_task-heatpainwithregulationandratings_run-06_space-MNI152NLin2009cAsym_desc-preproc_bold.nii.gz	<PROJECT_ROOT>/derivatives/fmriprep/sub-17/func/sub-17_task-heatpainwithregulationandratings_run-06_desc-brain_mask.nii.gz	<PROJECT_ROOT>/derivatives/fmriprep/sub-17/func/sub-17_task-heatpainwithregulationandratings_run-06_space-MNI152NLin2009cAsym_desc-preproc_bold.json	209	208	0.09664688812955778	0.08276598686644475	0.20062136653996435	0.3362743377791948	5.288461538461538	0.0	0.0	11	0	0	std_dvars	208	1.324823740384615	1.2982395	1.7016450999999997	1.839426	6	24	5	64	29	0	4	8	29	29	29	13.875598086124402	0	0	0	0.0	5	63	145	209	2.0	OK	OK	OK	KEEP	OK	True	False
<PROJECT_ROOT>/derivatives/fmriprep/sub-17/func/sub-17_task-heatpainwithregulationandratings_run-07_desc-confounds_timeseries.tsv	421d727057fa9e6e16d9d08f3b36408f38e18fd0116b5d8110b7b6dd7156b52b	sub-17		heatpainwithregulationandratings	7	run-07			1	2	1	<PROJECT_ROOT>/derivatives/fmriprep/sub-17/func/sub-17_task-heatpainwithregulationandratings_run-07_space-MNI152NLin2009cAsym_desc-preproc_bold.nii.gz	<PROJECT_ROOT>/derivatives/fmriprep/sub-17/func/sub-17_task-heatpainwithregulationandratings_run-07_desc-brain_mask.nii.gz	<PROJECT_ROOT>/derivatives/fmriprep/sub-17/func/sub-17_task-heatpainwithregulationandratings_run-07_space-MNI152NLin2009cAsym_desc-preproc_bold.json	191	190	0.07417147071231679	0.0719567281769678	0.13303898835273928	0.1940970098162336	0.0	0.0	0.0	0	0	0	std_dvars	190	1.4425383105263156	1.388023	2.02210935	2.259411	6	24	4	59	58	0	4	8	58	58	58	30.36649214659686	0	0	0	0.0	5	91	99	191	2.0	OK	WARN_OUTLIER_BURDEN,WARN_LOW_ESTIMATED_DOF	OK	KEEP_FOR_MAIN_BUT_SENSITIVITY_EXCLUDE_CANDIDATE	OK,WARN_OUTLIER_BURDEN,WARN_LOW_ESTIMATED_DOF,OK	True	True
<PROJECT_ROOT>/derivatives/fmriprep/sub-17/func/sub-17_task-heatpainwithregulationandratings_run-08_desc-confounds_timeseries.tsv	a56962421e367efb03bc5a8088b855fc4d3386fd2ce0d3791ee5b85a4867603d	sub-17		heatpainwithregulationandratings	8	run-08			1	2	1	<PROJECT_ROOT>/derivatives/fmriprep/sub-17/func/sub-17_task-heatpainwithregulationandratings_run-08_space-MNI152NLin2009cAsym_desc-preproc_bold.nii.gz	<PROJECT_ROOT>/derivatives/fmriprep/sub-17/func/sub-17_task-heatpainwithregulationandratings_run-08_desc-brain_mask.nii.gz	<PROJECT_ROOT>/derivatives/fmriprep/sub-17/func/sub-17_task-heatpainwithregulationandratings_run-08_space-MNI152NLin2009cAsym_desc-preproc_bold.json	209	208	0.10065770572943088	0.08981256246440755	0.20244459985679816	0.5053796930873778	5.288461538461538	0.4807692307692308	0.0	11	1	0	std_dvars	208	1.7534301105769232	1.6632194999999999	2.5458498999999994	2.793548	6	24	5	62	131	0	4	8	131	131	131	62.67942583732058	0	0	0	0.0	5	165	43	209	2.0	OK	HIGH_OUTLIER_BURDEN,SEVERE_LOW_ESTIMATED_DOF	OK	KEEP_FOR_MAIN_BUT_SENSITIVITY_EXCLUDE_CANDIDATE	OK,HIGH_OUTLIER_BURDEN,SEVERE_LOW_ESTIMATED_DOF,OK	True	True
<PROJECT_ROOT>/derivatives/fmriprep/sub-17/func/sub-17_task-heatpainwithregulationandratings_run-09_desc-confounds_timeseries.tsv	c0c2ac484fe7fa04e06627ffe270918e4964e8a99a8af670d39ecce989bdceda	sub-17		heatpainwithregulationandratings	9	run-09			1	2	1	<PROJECT_ROOT>/derivatives/fmriprep/sub-17/func/sub-17_task-heatpainwithregulationandratings_run-09_space-MNI152NLin2009cAsym_desc-preproc_bold.nii.gz	<PROJECT_ROOT>/derivatives/fmriprep/sub-17/func/sub-17_task-heatpainwithregulationandratings_run-09_desc-brain_mask.nii.gz	<PROJECT_ROOT>/derivatives/fmriprep/sub-17/func/sub-17_task-heatpainwithregulationandratings_run-09_space-MNI152NLin2009cAsym_desc-preproc_bold.json	209	208	0.09082007164938234	0.0835694792424346	0.16230681241279274	0.4328199223734953	1.9230769230769231	0.0	0.0	4	0	0	std_dvars	208	1.8632924278846152	1.802995	2.6527540999999997	2.846228	6	24	5	62	164	0	4	8	164	164	164	78.4688995215311	0	0	0	0.0	5	198	10	209	2.0	OK	HIGH_OUTLIER_BURDEN,SEVERE_LOW_ESTIMATED_DOF	OK	KEEP_FOR_MAIN_BUT_SENSITIVITY_EXCLUDE_CANDIDATE	OK,HIGH_OUTLIER_BURDEN,SEVERE_LOW_ESTIMATED_DOF,OK	True	True
<PROJECT_ROOT>/derivatives/fmriprep/sub-18/func/sub-18_task-heatpainwithregulationandratings_run-01_desc-confounds_timeseries.tsv	54efe620a7059c72573e08576305260ed630da59cf08e52305a1db28ded57e36	sub-18		heatpainwithregulationandratings	1	run-01			1	2	1	<PROJECT_ROOT>/derivatives/fmriprep/sub-18/func/sub-18_task-heatpainwithregulationandratings_run-01_space-MNI152NLin2009cAsym_desc-preproc_bold.nii.gz	<PROJECT_ROOT>/derivatives/fmriprep/sub-18/func/sub-18_task-heatpainwithregulationandratings_run-01_desc-brain_mask.nii.gz	<PROJECT_ROOT>/derivatives/fmriprep/sub-18/func/sub-18_task-heatpainwithregulationandratings_run-01_space-MNI152NLin2009cAsym_desc-preproc_bold.json	209	208	0.09446482058331661	0.09008853289738886	0.14759667873659146	0.266404246526589	0.9615384615384616	0.0	0.0	2	0	0	std_dvars	208	1.828143966346154	1.3200445	3.530710999999999	4.913311	6	24	5	54	78	0	4	8	78	78	78	37.32057416267943	0	0	0	0.0	5	112	96	209	2.0	OK	HIGH_OUTLIER_BURDEN,WARN_LOW_ESTIMATED_DOF	OK	KEEP_FOR_MAIN_BUT_SENSITIVITY_EXCLUDE_CANDIDATE	OK,HIGH_OUTLIER_BURDEN,WARN_LOW_ESTIMATED_DOF,OK	True	True
<PROJECT_ROOT>/derivatives/fmriprep/sub-18/func/sub-18_task-heatpainwithregulationandratings_run-02_desc-confounds_timeseries.tsv	e389504a26d4ec3eee6f51b3239b8af625cd0c8a23db6e06b7182f373fd660c4	sub-18		heatpainwithregulationandratings	2	run-02			1	2	1	<PROJECT_ROOT>/derivatives/fmriprep/sub-18/func/sub-18_task-heatpainwithregulationandratings_run-02_space-MNI152NLin2009cAsym_desc-preproc_bold.nii.gz	<PROJECT_ROOT>/derivatives/fmriprep/sub-18/func/sub-18_task-heatpainwithregulationandratings_run-02_desc-brain_mask.nii.gz	<PROJECT_ROOT>/derivatives/fmriprep/sub-18/func/sub-18_task-heatpainwithregulationandratings_run-02_space-MNI152NLin2009cAsym_desc-preproc_bold.json	209	208	0.08848172809478878	0.0854370536533815	0.14413496004720053	0.3334309351952202	0.9615384615384616	0.0	0.0	2	0	0	std_dvars	208	1.9863737211538464	1.5888145	4.071775	4.678164	6	24	5	55	112	1	4	8	112	112	112	53.588516746411486	1	1	1	0.4784688995215311	5	147	61	209	2.0	OK	HIGH_OUTLIER_BURDEN,WARN_LOW_ESTIMATED_DOF	OK	KEEP_FOR_MAIN_BUT_SENSITIVITY_EXCLUDE_CANDIDATE	OK,HIGH_OUTLIER_BURDEN,WARN_LOW_ESTIMATED_DOF,OK	True	True
<PROJECT_ROOT>/derivatives/fmriprep/sub-18/func/sub-18_task-heatpainwithregulationandratings_run-03_desc-confounds_timeseries.tsv	b5844943ad8b8dcf96c77ea9977e9de16d3636d1ea358c6a7164e53d08affb9a	sub-18		heatpainwithregulationandratings	3	run-03			1	2	1	<PROJECT_ROOT>/derivatives/fmriprep/sub-18/func/sub-18_task-heatpainwithregulationandratings_run-03_space-MNI152NLin2009cAsym_desc-preproc_bold.nii.gz	<PROJECT_ROOT>/derivatives/fmriprep/sub-18/func/sub-18_task-heatpainwithregulationandratings_run-03_desc-brain_mask.nii.gz	<PROJECT_ROOT>/derivatives/fmriprep/sub-18/func/sub-18_task-heatpainwithregulationandratings_run-03_space-MNI152NLin2009cAsym_desc-preproc_bold.json	191	190	0.09802201156023421	0.0871056127659578	0.1571775217098588	1.20951647607081	1.5789473684210527	1.0526315789473684	0.5263157894736842	3	2	1	std_dvars	190	1.7561446578947366	1.2131634999999998	4.0539085499999965	4.61275	6	24	4	40	75	0	4	8	75	75	75	39.26701570680628	0	0	0	0.0	5	108	82	191	2.0	OK	HIGH_OUTLIER_BURDEN,WARN_LOW_ESTIMATED_DOF	OK	KEEP_FOR_MAIN_BUT_SENSITIVITY_EXCLUDE_CANDIDATE	OK,HIGH_OUTLIER_BURDEN,WARN_LOW_ESTIMATED_DOF,OK	True	True
<PROJECT_ROOT>/derivatives/fmriprep/sub-18/func/sub-18_task-heatpainwithregulationandratings_run-04_desc-confounds_timeseries.tsv	599e262c7c22f5c114d8996101a2757b8f797e92a88a1738dcee7c53541f9f73	sub-18		heatpainwithregulationandratings	4	run-04			1	2	1	<PROJECT_ROOT>/derivatives/fmriprep/sub-18/func/sub-18_task-heatpainwithregulationandratings_run-04_space-MNI152NLin2009cAsym_desc-preproc_bold.nii.gz	<PROJECT_ROOT>/derivatives/fmriprep/sub-18/func/sub-18_task-heatpainwithregulationandratings_run-04_desc-brain_mask.nii.gz	<PROJECT_ROOT>/derivatives/fmriprep/sub-18/func/sub-18_task-heatpainwithregulationandratings_run-04_space-MNI152NLin2009cAsym_desc-preproc_bold.json	209	208	0.09593578305244368	0.08728640121196479	0.1614783599803509	0.6689625793054036	2.403846153846154	0.4807692307692308	0.0	5	1	0	std_dvars	208	1.906995764423077	1.4453065	4.267015	5.41733	6	24	5	49	88	0	4	8	88	88	88	42.10526315789473	0	0	0	0.0	5	122	86	209	2.0	OK	HIGH_OUTLIER_BURDEN,WARN_LOW_ESTIMATED_DOF	OK	KEEP_FOR_MAIN_BUT_SENSITIVITY_EXCLUDE_CANDIDATE	OK,HIGH_OUTLIER_BURDEN,WARN_LOW_ESTIMATED_DOF,OK	True	True
<PROJECT_ROOT>/derivatives/fmriprep/sub-18/func/sub-18_task-heatpainwithregulationandratings_run-05_desc-confounds_timeseries.tsv	fdc22c8a2ac7dfc0add974fd81c67e4ff2b369c9149905bfc7720ad42a9151e9	sub-18		heatpainwithregulationandratings	5	run-05			1	2	1	<PROJECT_ROOT>/derivatives/fmriprep/sub-18/func/sub-18_task-heatpainwithregulationandratings_run-05_space-MNI152NLin2009cAsym_desc-preproc_bold.nii.gz	<PROJECT_ROOT>/derivatives/fmriprep/sub-18/func/sub-18_task-heatpainwithregulationandratings_run-05_desc-brain_mask.nii.gz	<PROJECT_ROOT>/derivatives/fmriprep/sub-18/func/sub-18_task-heatpainwithregulationandratings_run-05_space-MNI152NLin2009cAsym_desc-preproc_bold.json	209	208	0.12336116751458721	0.09530060434534295	0.33836041588253685	0.8461697126747569	10.576923076923077	1.9230769230769231	0.0	22	4	0	std_dvars	208	1.6000143413461538	1.2323105	3.6202726999999992	5.542003	6	24	5	37	67	0	4	8	67	67	67	32.057416267942585	0	0	0	0.0	5	101	107	209	2.0	OK	WARN_OUTLIER_BURDEN	OK	KEEP_WITH_WARNING	OK,WARN_OUTLIER_BURDEN,OK	True	False
<PROJECT_ROOT>/derivatives/fmriprep/sub-18/func/sub-18_task-heatpainwithregulationandratings_run-06_desc-confounds_timeseries.tsv	f2cc1354889243cbe9a8dd6e5303d64e584d467289cd35a567c4e86dd52e20d9	sub-18		heatpainwithregulationandratings	6	run-06			1	2	1	<PROJECT_ROOT>/derivatives/fmriprep/sub-18/func/sub-18_task-heatpainwithregulationandratings_run-06_space-MNI152NLin2009cAsym_desc-preproc_bold.nii.gz	<PROJECT_ROOT>/derivatives/fmriprep/sub-18/func/sub-18_task-heatpainwithregulationandratings_run-06_desc-brain_mask.nii.gz	<PROJECT_ROOT>/derivatives/fmriprep/sub-18/func/sub-18_task-heatpainwithregulationandratings_run-06_space-MNI152NLin2009cAsym_desc-preproc_bold.json	209	208	0.10529900809084579	0.08589531469050495	0.21798421284928712	0.837100256420251	6.25	0.4807692307692308	0.0	13	1	0	std_dvars	208	1.303117110576923	1.232259	1.9685741499999967	4.459774	6	24	5	44	35	0	4	8	35	35	35	16.74641148325359	0	0	0	0.0	5	69	139	209	2.0	OK	OK	OK	KEEP	OK	True	False
<PROJECT_ROOT>/derivatives/fmriprep/sub-18/func/sub-18_task-heatpainwithregulationandratings_run-07_desc-confounds_timeseries.tsv	772d2d280fd9ac9b719f1294eef3f0b17e867fdaaf6fa39bae4cef50198b1c4c	sub-18		heatpainwithregulationandratings	7	run-07			1	2	1	<PROJECT_ROOT>/derivatives/fmriprep/sub-18/func/sub-18_task-heatpainwithregulationandratings_run-07_space-MNI152NLin2009cAsym_desc-preproc_bold.nii.gz	<PROJECT_ROOT>/derivatives/fmriprep/sub-18/func/sub-18_task-heatpainwithregulationandratings_run-07_desc-brain_mask.nii.gz	<PROJECT_ROOT>/derivatives/fmriprep/sub-18/func/sub-18_task-heatpainwithregulationandratings_run-07_space-MNI152NLin2009cAsym_desc-preproc_bold.json	191	190	0.17930994809531836	0.13228007346177323	0.4060097160020011	1.8637617109746167	23.157894736842106	3.1578947368421053	1.0526315789473684	44	6	2	std_dvars	190	1.160173942105263	1.0409145	1.8825045499999997	4.944596	6	24	4	27	21	0	4	8	21	21	21	10.99476439790576	0	0	0	0.0	5	54	136	191	2.0	OK	OK	OK	KEEP	OK	True	False
<PROJECT_ROOT>/derivatives/fmriprep/sub-18/func/sub-18_task-heatpainwithregulationandratings_run-08_desc-confounds_timeseries.tsv	5dab531e0e23d7f9d3aaebc682526f9bd215b30275c56d1c454497f87353773a	sub-18		heatpainwithregulationandratings	8	run-08			1	2	1	<PROJECT_ROOT>/derivatives/fmriprep/sub-18/func/sub-18_task-heatpainwithregulationandratings_run-08_space-MNI152NLin2009cAsym_desc-preproc_bold.nii.gz	<PROJECT_ROOT>/derivatives/fmriprep/sub-18/func/sub-18_task-heatpainwithregulationandratings_run-08_desc-brain_mask.nii.gz	<PROJECT_ROOT>/derivatives/fmriprep/sub-18/func/sub-18_task-heatpainwithregulationandratings_run-08_space-MNI152NLin2009cAsym_desc-preproc_bold.json	209	208	0.12559655287043198	0.09140610746031536	0.2969574938120683	1.5766512094341605	10.096153846153847	1.9230769230769231	0.4807692307692308	21	4	1	std_dvars	208	1.6563646442307691	1.129245	4.509347199999999	4.919949	6	24	5	45	72	0	4	8	72	72	72	34.44976076555024	0	0	0	0.0	5	106	102	209	2.0	OK	WARN_OUTLIER_BURDEN	OK	KEEP_WITH_WARNING	OK,WARN_OUTLIER_BURDEN,OK	True	False
<PROJECT_ROOT>/derivatives/fmriprep/sub-18/func/sub-18_task-heatpainwithregulationandratings_run-09_desc-confounds_timeseries.tsv	54514478a66f1ec03e09c64c1ae4aa6f8aa692203b8e67b9a067334b0647055d	sub-18		heatpainwithregulationandratings	9	run-09			1	2	1	<PROJECT_ROOT>/derivatives/fmriprep/sub-18/func/sub-18_task-heatpainwithregulationandratings_run-09_space-MNI152NLin2009cAsym_desc-preproc_bold.nii.gz	<PROJECT_ROOT>/derivatives/fmriprep/sub-18/func/sub-18_task-heatpainwithregulationandratings_run-09_desc-brain_mask.nii.gz	<PROJECT_ROOT>/derivatives/fmriprep/sub-18/func/sub-18_task-heatpainwithregulationandratings_run-09_space-MNI152NLin2009cAsym_desc-preproc_bold.json	209	208	0.13288102328966117	0.10343383359561914	0.32055967483394915	1.2361963134947564	8.653846153846153	2.8846153846153846	0.4807692307692308	18	6	1	std_dvars	208	1.8258691875000002	1.5410545	4.259325349999997	5.285467	6	24	5	46	116	0	4	8	116	116	116	55.50239234449761	0	0	0	0.0	5	150	58	209	2.0	OK	HIGH_OUTLIER_BURDEN,WARN_LOW_ESTIMATED_DOF	OK	KEEP_FOR_MAIN_BUT_SENSITIVITY_EXCLUDE_CANDIDATE	OK,HIGH_OUTLIER_BURDEN,WARN_LOW_ESTIMATED_DOF,OK	True	True
<PROJECT_ROOT>/derivatives/fmriprep/sub-19/func/sub-19_task-heatpainwithregulationandratings_run-01_desc-confounds_timeseries.tsv	0628a944f841a52a5afb6196ddd7c8bb4b4f46e2cc2cacfd8e0ad34fac940ef3	sub-19		heatpainwithregulationandratings	1	run-01			1	2	1	<PROJECT_ROOT>/derivatives/fmriprep/sub-19/func/sub-19_task-heatpainwithregulationandratings_run-01_space-MNI152NLin2009cAsym_desc-preproc_bold.nii.gz	<PROJECT_ROOT>/derivatives/fmriprep/sub-19/func/sub-19_task-heatpainwithregulationandratings_run-01_desc-brain_mask.nii.gz	<PROJECT_ROOT>/derivatives/fmriprep/sub-19/func/sub-19_task-heatpainwithregulationandratings_run-01_space-MNI152NLin2009cAsym_desc-preproc_bold.json	209	208	0.1655220628627409	0.13105105911755074	0.37104752211825004	1.3385326715883474	22.115384615384613	3.3653846153846154	0.9615384615384616	46	7	2	std_dvars	208	1.1332756923076923	1.08608	1.4921840499999999	2.580801	6	24	5	41	14	0	4	8	14	14	14	6.698564593301436	0	0	0	0.0	5	48	160	209	2.0	OK	OK	OK	KEEP	OK	True	False
<PROJECT_ROOT>/derivatives/fmriprep/sub-19/func/sub-19_task-heatpainwithregulationandratings_run-02_desc-confounds_timeseries.tsv	fd32a8bc64defc05b401a981f51ab4e99081a952b2e217ee951714124d5f68e2	sub-19		heatpainwithregulationandratings	2	run-02			1	2	1	<PROJECT_ROOT>/derivatives/fmriprep/sub-19/func/sub-19_task-heatpainwithregulationandratings_run-02_space-MNI152NLin2009cAsym_desc-preproc_bold.nii.gz	<PROJECT_ROOT>/derivatives/fmriprep/sub-19/func/sub-19_task-heatpainwithregulationandratings_run-02_desc-brain_mask.nii.gz	<PROJECT_ROOT>/derivatives/fmriprep/sub-19/func/sub-19_task-heatpainwithregulationandratings_run-02_space-MNI152NLin2009cAsym_desc-preproc_bold.json	209	208	0.2011517076404187	0.14367104493762733	0.5761523268514338	1.22012207134276	28.846153846153843	5.769230769230769	1.4423076923076923	60	12	3	std_dvars	208	1.2302845048076922	1.1272090000000001	1.7565780999999996	3.317742	6	24	5	33	30	0	4	8	30	30	30	14.354066985645932	0	0	0	0.0	5	64	144	209	2.0	WARN_FD_MEAN,WARN_FD_GT_0.5	OK	OK	KEEP_WITH_WARNING	WARN_FD_MEAN,WARN_FD_GT_0.5,OK,OK	True	False
<PROJECT_ROOT>/derivatives/fmriprep/sub-19/func/sub-19_task-heatpainwithregulationandratings_run-03_desc-confounds_timeseries.tsv	2bb79f5b10065b0c5b9a2f027f9bca452a105240acae6015be37a5cf93b6323c	sub-19		heatpainwithregulationandratings	3	run-03			1	2	1	<PROJECT_ROOT>/derivatives/fmriprep/sub-19/func/sub-19_task-heatpainwithregulationandratings_run-03_space-MNI152NLin2009cAsym_desc-preproc_bold.nii.gz	<PROJECT_ROOT>/derivatives/fmriprep/sub-19/func/sub-19_task-heatpainwithregulationandratings_run-03_desc-brain_mask.nii.gz	<PROJECT_ROOT>/derivatives/fmriprep/sub-19/func/sub-19_task-heatpainwithregulationandratings_run-03_space-MNI152NLin2009cAsym_desc-preproc_bold.json	191	190	0.2899733374423591	0.18205276195003411	0.9553962113812171	2.873575217153667	43.684210526315795	11.578947368421053	4.2105263157894735	83	22	8	std_dvars	190	1.3441160894736843	1.0302275	3.3646899499999994	4.469575	6	24	4	23	55	0	4	8	55	55	55	28.79581151832461	0	0	0	0.0	5	88	102	191	2.0	WARN_FD_MEAN,BAD_FD_GT_0.5,WARN_FD_MAX	WARN_OUTLIER_BURDEN	OK	KEEP_FOR_MAIN_BUT_SENSITIVITY_EXCLUDE_CANDIDATE	WARN_FD_MEAN,BAD_FD_GT_0.5,WARN_FD_MAX,WARN_OUTLIER_BURDEN,OK	True	True
<PROJECT_ROOT>/derivatives/fmriprep/sub-19/func/sub-19_task-heatpainwithregulationandratings_run-04_desc-confounds_timeseries.tsv	6bd41b86aec80332ee8cc1fe6daa4c51c07422011d06f21d77b250b4d896153e	sub-19		heatpainwithregulationandratings	4	run-04			1	2	1	<PROJECT_ROOT>/derivatives/fmriprep/sub-19/func/sub-19_task-heatpainwithregulationandratings_run-04_space-MNI152NLin2009cAsym_desc-preproc_bold.nii.gz	<PROJECT_ROOT>/derivatives/fmriprep/sub-19/func/sub-19_task-heatpainwithregulationandratings_run-04_desc-brain_mask.nii.gz	<PROJECT_ROOT>/derivatives/fmriprep/sub-19/func/sub-19_task-heatpainwithregulationandratings_run-04_space-MNI152NLin2009cAsym_desc-preproc_bold.json	209	208	0.24812977065535996	0.17026106002387964	0.7993547539204	1.7191949867726983	38.94230769230769	8.653846153846153	3.3653846153846154	81	18	7	std_dvars	208	1.2985964471153848	1.1738815	2.1229235999999987	3.006564	6	24	5	31	38	0	4	8	38	38	38	18.181818181818183	0	0	0	0.0	5	72	136	209	2.0	WARN_FD_MEAN,WARN_FD_GT_0.5	OK	OK	KEEP_WITH_WARNING	WARN_FD_MEAN,WARN_FD_GT_0.5,OK,OK	True	False
<PROJECT_ROOT>/derivatives/fmriprep/sub-19/func/sub-19_task-heatpainwithregulationandratings_run-05_desc-confounds_timeseries.tsv	6d348eaa10eb07e84a67d1fe8d5f3d97fbda84941d3f78b22a345505d4cb97d0	sub-19		heatpainwithregulationandratings	5	run-05			1	2	1	<PROJECT_ROOT>/derivatives/fmriprep/sub-19/func/sub-19_task-heatpainwithregulationandratings_run-05_space-MNI152NLin2009cAsym_desc-preproc_bold.nii.gz	<PROJECT_ROOT>/derivatives/fmriprep/sub-19/func/sub-19_task-heatpainwithregulationandratings_run-05_desc-brain_mask.nii.gz	<PROJECT_ROOT>/derivatives/fmriprep/sub-19/func/sub-19_task-heatpainwithregulationandratings_run-05_space-MNI152NLin2009cAsym_desc-preproc_bold.json	209	208	0.23783132101475102	0.1528893346364073	0.8094993831266346	1.8847111127365384	36.53846153846153	11.057692307692307	3.3653846153846154	76	23	7	std_dvars	208	1.272215995192308	1.1398985	1.97220745	3.403033	6	24	5	32	41	0	4	8	41	41	41	19.617224880382775	0	0	0	0.0	5	75	133	209	2.0	WARN_FD_MEAN,BAD_FD_GT_0.5	OK	OK	KEEP_FOR_MAIN_BUT_SENSITIVITY_EXCLUDE_CANDIDATE	WARN_FD_MEAN,BAD_FD_GT_0.5,OK,OK	True	True
<PROJECT_ROOT>/derivatives/fmriprep/sub-19/func/sub-19_task-heatpainwithregulationandratings_run-06_desc-confounds_timeseries.tsv	fcb60056a1b39411447ee9e013b57013a8a467ce90351f03ca46677ced45d4d5	sub-19		heatpainwithregulationandratings	6	run-06			1	2	1	<PROJECT_ROOT>/derivatives/fmriprep/sub-19/func/sub-19_task-heatpainwithregulationandratings_run-06_space-MNI152NLin2009cAsym_desc-preproc_bold.nii.gz	<PROJECT_ROOT>/derivatives/fmriprep/sub-19/func/sub-19_task-heatpainwithregulationandratings_run-06_desc-brain_mask.nii.gz	<PROJECT_ROOT>/derivatives/fmriprep/sub-19/func/sub-19_task-heatpainwithregulationandratings_run-06_space-MNI152NLin2009cAsym_desc-preproc_bold.json	209	208	0.18617266071271654	0.1317105838632033	0.5456329622276668	1.367461288593386	23.557692307692307	5.288461538461538	1.4423076923076923	49	11	3	std_dvars	208	1.1877611201923075	1.097321	1.7795735499999998	3.017905	6	24	5	34	25	0	4	8	25	25	25	11.961722488038278	0	0	0	0.0	5	59	149	209	2.0	WARN_FD_GT_0.5	OK	OK	KEEP_WITH_WARNING	WARN_FD_GT_0.5,OK,OK	True	False
<PROJECT_ROOT>/derivatives/fmriprep/sub-19/func/sub-19_task-heatpainwithregulationandratings_run-07_desc-confounds_timeseries.tsv	418da56139bcc557302fe45e74cc5cf28ed4e04044130b91db6bb5ae65de07a3	sub-19		heatpainwithregulationandratings	7	run-07			1	2	1	<PROJECT_ROOT>/derivatives/fmriprep/sub-19/func/sub-19_task-heatpainwithregulationandratings_run-07_space-MNI152NLin2009cAsym_desc-preproc_bold.nii.gz	<PROJECT_ROOT>/derivatives/fmriprep/sub-19/func/sub-19_task-heatpainwithregulationandratings_run-07_desc-brain_mask.nii.gz	<PROJECT_ROOT>/derivatives/fmriprep/sub-19/func/sub-19_task-heatpainwithregulationandratings_run-07_space-MNI152NLin2009cAsym_desc-preproc_bold.json	191	190	0.21844410796834854	0.1573424232953261	0.6520182824767934	1.34158636132496	31.57894736842105	8.947368421052632	1.5789473684210527	60	17	3	std_dvars	190	1.4291889789473684	1.1062314999999998	2.94532295	4.711146	6	24	4	33	57	0	4	8	57	57	57	29.84293193717277	0	0	0	0.0	5	90	100	191	2.0	WARN_FD_MEAN,WARN_FD_GT_0.5	WARN_OUTLIER_BURDEN	OK	KEEP_WITH_WARNING	WARN_FD_MEAN,WARN_FD_GT_0.5,WARN_OUTLIER_BURDEN,OK	True	False
<PROJECT_ROOT>/derivatives/fmriprep/sub-19/func/sub-19_task-heatpainwithregulationandratings_run-08_desc-confounds_timeseries.tsv	67fa44ff9e6ce3357203efeceab51f08744d0910c34acc63ee120502b26f56c8	sub-19		heatpainwithregulationandratings	8	run-08			1	2	1	<PROJECT_ROOT>/derivatives/fmriprep/sub-19/func/sub-19_task-heatpainwithregulationandratings_run-08_space-MNI152NLin2009cAsym_desc-preproc_bold.nii.gz	<PROJECT_ROOT>/derivatives/fmriprep/sub-19/func/sub-19_task-heatpainwithregulationandratings_run-08_desc-brain_mask.nii.gz	<PROJECT_ROOT>/derivatives/fmriprep/sub-19/func/sub-19_task-heatpainwithregulationandratings_run-08_space-MNI152NLin2009cAsym_desc-preproc_bold.json	209	208	0.1797335001275819	0.12700490593003705	0.48288383377866245	3.105623697660482	19.230769230769234	4.807692307692308	1.4423076923076923	40	10	3	std_dvars	208	1.2835347596153848	1.2016939999999998	1.7710965499999993	3.566476	6	24	5	35	33	0	4	8	33	33	33	15.789473684210526	0	0	0	0.0	5	67	141	209	2.0	WARN_FD_MAX	OK	OK	KEEP_WITH_WARNING	WARN_FD_MAX,OK,OK	True	False
<PROJECT_ROOT>/derivatives/fmriprep/sub-19/func/sub-19_task-heatpainwithregulationandratings_run-09_desc-confounds_timeseries.tsv	89ebf3acd5ce796b5a58910517194a3551c7f159d9820f0291898959b130d6d1	sub-19		heatpainwithregulationandratings	9	run-09			1	2	1	<PROJECT_ROOT>/derivatives/fmriprep/sub-19/func/sub-19_task-heatpainwithregulationandratings_run-09_space-MNI152NLin2009cAsym_desc-preproc_bold.nii.gz	<PROJECT_ROOT>/derivatives/fmriprep/sub-19/func/sub-19_task-heatpainwithregulationandratings_run-09_desc-brain_mask.nii.gz	<PROJECT_ROOT>/derivatives/fmriprep/sub-19/func/sub-19_task-heatpainwithregulationandratings_run-09_space-MNI152NLin2009cAsym_desc-preproc_bold.json	209	208	0.20562760099240432	0.14925489598419076	0.4664954198072246	3.9591176416778366	26.442307692307693	4.326923076923077	0.9615384615384616	55	9	2	std_dvars	208	1.502307264423077	1.061378	4.243476649999994	5.708189	6	24	5	35	54	0	4	8	54	54	54	25.837320574162682	0	0	0	0.0	5	88	120	209	2.0	WARN_FD_MEAN,WARN_FD_MAX	WARN_OUTLIER_BURDEN	OK	KEEP_WITH_WARNING	WARN_FD_MEAN,WARN_FD_MAX,WARN_OUTLIER_BURDEN,OK	True	False
<PROJECT_ROOT>/derivatives/fmriprep/sub-20/func/sub-20_task-heatpainwithregulationandratings_run-01_desc-confounds_timeseries.tsv	221e58e8a1f7c2ccca73ab839613175400b090169a4f4d3470b6a141086e2aca	sub-20		heatpainwithregulationandratings	1	run-01			1	2	1	<PROJECT_ROOT>/derivatives/fmriprep/sub-20/func/sub-20_task-heatpainwithregulationandratings_run-01_space-MNI152NLin2009cAsym_desc-preproc_bold.nii.gz	<PROJECT_ROOT>/derivatives/fmriprep/sub-20/func/sub-20_task-heatpainwithregulationandratings_run-01_desc-brain_mask.nii.gz	<PROJECT_ROOT>/derivatives/fmriprep/sub-20/func/sub-20_task-heatpainwithregulationandratings_run-01_space-MNI152NLin2009cAsym_desc-preproc_bold.json	209	208	0.16594670142119694	0.1241713345920846	0.45623503094735474	1.236319916380244	23.076923076923077	4.326923076923077	0.4807692307692308	48	9	1	std_dvars	208	1.487313283653846	1.221322	3.2490804999999985	3.968418	6	24	5	37	52	0	4	8	52	52	52	24.880382775119617	0	0	0	0.0	5	86	122	209	2.0	OK	WARN_OUTLIER_BURDEN	OK	KEEP_WITH_WARNING	OK,WARN_OUTLIER_BURDEN,OK	True	False
<PROJECT_ROOT>/derivatives/fmriprep/sub-20/func/sub-20_task-heatpainwithregulationandratings_run-02_desc-confounds_timeseries.tsv	80958e708be432c51104b4682a8c0ef1a6fc006d62a5ed7fe5bfeee201299a03	sub-20		heatpainwithregulationandratings	2	run-02			1	2	1	<PROJECT_ROOT>/derivatives/fmriprep/sub-20/func/sub-20_task-heatpainwithregulationandratings_run-02_space-MNI152NLin2009cAsym_desc-preproc_bold.nii.gz	<PROJECT_ROOT>/derivatives/fmriprep/sub-20/func/sub-20_task-heatpainwithregulationandratings_run-02_desc-brain_mask.nii.gz	<PROJECT_ROOT>/derivatives/fmriprep/sub-20/func/sub-20_task-heatpainwithregulationandratings_run-02_space-MNI152NLin2009cAsym_desc-preproc_bold.json	209	208	0.15767956632431043	0.12489383996076996	0.40510828898438905	0.9477571662843836	18.75	2.8846153846153846	0.0	39	6	0	std_dvars	208	1.4963900721153847	1.380893	2.30858515	2.785343	6	24	5	42	69	0	4	8	69	69	69	33.014354066985646	0	0	0	0.0	5	103	105	209	2.0	OK	WARN_OUTLIER_BURDEN	OK	KEEP_WITH_WARNING	OK,WARN_OUTLIER_BURDEN,OK	True	False
<PROJECT_ROOT>/derivatives/fmriprep/sub-20/func/sub-20_task-heatpainwithregulationandratings_run-03_desc-confounds_timeseries.tsv	2da949fb98703e23046f8af920b3e8d8be5d87c217eeed518ee8444f95cc7a35	sub-20		heatpainwithregulationandratings	3	run-03			1	2	1	<PROJECT_ROOT>/derivatives/fmriprep/sub-20/func/sub-20_task-heatpainwithregulationandratings_run-03_space-MNI152NLin2009cAsym_desc-preproc_bold.nii.gz	<PROJECT_ROOT>/derivatives/fmriprep/sub-20/func/sub-20_task-heatpainwithregulationandratings_run-03_desc-brain_mask.nii.gz	<PROJECT_ROOT>/derivatives/fmriprep/sub-20/func/sub-20_task-heatpainwithregulationandratings_run-03_space-MNI152NLin2009cAsym_desc-preproc_bold.json	191	190	0.16048098859889734	0.13705321187301045	0.3022330635565184	0.8729095752492908	23.157894736842106	1.5789473684210527	0.0	44	3	0	std_dvars	190	1.624129436842105	1.44109	2.9969840999999993	4.630142	6	24	4	36	80	0	4	8	80	80	80	41.8848167539267	0	0	0	0.0	5	113	77	191	2.0	OK	HIGH_OUTLIER_BURDEN,WARN_LOW_ESTIMATED_DOF	OK	KEEP_FOR_MAIN_BUT_SENSITIVITY_EXCLUDE_CANDIDATE	OK,HIGH_OUTLIER_BURDEN,WARN_LOW_ESTIMATED_DOF,OK	True	True
<PROJECT_ROOT>/derivatives/fmriprep/sub-20/func/sub-20_task-heatpainwithregulationandratings_run-04_desc-confounds_timeseries.tsv	226e78041005e3ba8b8d20f4edb798061a0ee2fc714015203524f9ccb5ccb9c6	sub-20		heatpainwithregulationandratings	4	run-04			1	2	1	<PROJECT_ROOT>/derivatives/fmriprep/sub-20/func/sub-20_task-heatpainwithregulationandratings_run-04_space-MNI152NLin2009cAsym_desc-preproc_bold.nii.gz	<PROJECT_ROOT>/derivatives/fmriprep/sub-20/func/sub-20_task-heatpainwithregulationandratings_run-04_desc-brain_mask.nii.gz	<PROJECT_ROOT>/derivatives/fmriprep/sub-20/func/sub-20_task-heatpainwithregulationandratings_run-04_space-MNI152NLin2009cAsym_desc-preproc_bold.json	209	208	0.1288299076400385	0.11335331445575544	0.23280445907088423	0.946497659893094	10.576923076923077	1.4423076923076923	0.0	22	3	0	std_dvars	208	1.420736451923077	1.1774879999999999	3.4464981999999944	4.203179	6	24	5	43	38	0	4	8	38	38	38	18.181818181818183	0	0	0	0.0	5	72	136	209	2.0	OK	OK	OK	KEEP	OK	True	False
<PROJECT_ROOT>/derivatives/fmriprep/sub-20/func/sub-20_task-heatpainwithregulationandratings_run-05_desc-confounds_timeseries.tsv	9f74cee227e1c03fbea52a445355b4e08d30dddc1084a17abad4ebd890ce22b0	sub-20		heatpainwithregulationandratings	5	run-05			1	2	1	<PROJECT_ROOT>/derivatives/fmriprep/sub-20/func/sub-20_task-heatpainwithregulationandratings_run-05_space-MNI152NLin2009cAsym_desc-preproc_bold.nii.gz	<PROJECT_ROOT>/derivatives/fmriprep/sub-20/func/sub-20_task-heatpainwithregulationandratings_run-05_desc-brain_mask.nii.gz	<PROJECT_ROOT>/derivatives/fmriprep/sub-20/func/sub-20_task-heatpainwithregulationandratings_run-05_space-MNI152NLin2009cAsym_desc-preproc_bold.json	209	208	0.1255567600748579	0.1051705524047068	0.2527968645624152	0.975771636837691	9.615384615384617	1.4423076923076923	0.0	20	3	0	std_dvars	208	1.4509632211538461	1.402917	2.10275205	2.356321	6	24	5	45	74	0	4	8	74	74	74	35.406698564593306	0	0	0	0.0	5	108	100	209	2.0	OK	HIGH_OUTLIER_BURDEN	OK	KEEP_FOR_MAIN_BUT_SENSITIVITY_EXCLUDE_CANDIDATE	OK,HIGH_OUTLIER_BURDEN,OK	True	True
<PROJECT_ROOT>/derivatives/fmriprep/sub-20/func/sub-20_task-heatpainwithregulationandratings_run-06_desc-confounds_timeseries.tsv	3511e8fe843e90c2ae21ad1af8bdecb2cd77f550e372396b1c8e62bf0cbcf8c8	sub-20		heatpainwithregulationandratings	6	run-06			1	2	1	<PROJECT_ROOT>/derivatives/fmriprep/sub-20/func/sub-20_task-heatpainwithregulationandratings_run-06_space-MNI152NLin2009cAsym_desc-preproc_bold.nii.gz	<PROJECT_ROOT>/derivatives/fmriprep/sub-20/func/sub-20_task-heatpainwithregulationandratings_run-06_desc-brain_mask.nii.gz	<PROJECT_ROOT>/derivatives/fmriprep/sub-20/func/sub-20_task-heatpainwithregulationandratings_run-06_space-MNI152NLin2009cAsym_desc-preproc_bold.json	209	208	0.1595683935804904	0.12092370367722591	0.38590175334158766	1.1730963412086686	16.346153846153847	3.3653846153846154	0.9615384615384616	34	7	2	std_dvars	208	1.3078486249999999	1.2618805	1.9742501499999985	2.633399	6	24	5	40	31	0	4	8	31	31	31	14.832535885167463	0	0	0	0.0	5	65	143	209	2.0	OK	OK	OK	KEEP	OK	True	False
<PROJECT_ROOT>/derivatives/fmriprep/sub-20/func/sub-20_task-heatpainwithregulationandratings_run-07_desc-confounds_timeseries.tsv	027d3f8fb06feb1ac940ce5a9d1ac76ae406df07e9ca27bdefc26135bd0c6650	sub-20		heatpainwithregulationandratings	7	run-07			1	2	1	<PROJECT_ROOT>/derivatives/fmriprep/sub-20/func/sub-20_task-heatpainwithregulationandratings_run-07_space-MNI152NLin2009cAsym_desc-preproc_bold.nii.gz	<PROJECT_ROOT>/derivatives/fmriprep/sub-20/func/sub-20_task-heatpainwithregulationandratings_run-07_desc-brain_mask.nii.gz	<PROJECT_ROOT>/derivatives/fmriprep/sub-20/func/sub-20_task-heatpainwithregulationandratings_run-07_space-MNI152NLin2009cAsym_desc-preproc_bold.json	191	190	0.2005931896039104	0.14266713947874027	0.5101083856017709	1.1744409728592782	37.89473684210527	5.263157894736842	0.5263157894736842	72	10	1	std_dvars	190	1.4332817631578947	1.278249	2.551732799999999	3.767679	6	24	4	30	57	0	4	8	57	57	57	29.84293193717277	0	0	0	0.0	5	90	100	191	2.0	WARN_FD_MEAN,WARN_FD_GT_0.5	WARN_OUTLIER_BURDEN	OK	KEEP_WITH_WARNING	WARN_FD_MEAN,WARN_FD_GT_0.5,WARN_OUTLIER_BURDEN,OK	True	False
<PROJECT_ROOT>/derivatives/fmriprep/sub-20/func/sub-20_task-heatpainwithregulationandratings_run-08_desc-confounds_timeseries.tsv	7f3e2cd34469089d59a862c5e6f10c7aacb590f886d10725dffe775a4e53dd88	sub-20		heatpainwithregulationandratings	8	run-08			1	2	1	<PROJECT_ROOT>/derivatives/fmriprep/sub-20/func/sub-20_task-heatpainwithregulationandratings_run-08_space-MNI152NLin2009cAsym_desc-preproc_bold.nii.gz	<PROJECT_ROOT>/derivatives/fmriprep/sub-20/func/sub-20_task-heatpainwithregulationandratings_run-08_desc-brain_mask.nii.gz	<PROJECT_ROOT>/derivatives/fmriprep/sub-20/func/sub-20_task-heatpainwithregulationandratings_run-08_space-MNI152NLin2009cAsym_desc-preproc_bold.json	209	208	0.14526054391400411	0.1201264710727057	0.3214451284854616	0.9407197750765622	15.384615384615385	1.4423076923076923	0.0	32	3	0	std_dvars	208	1.4067043798076924	1.272829	2.2250705499999976	4.078387	6	24	5	44	47	0	4	8	47	47	47	22.48803827751196	0	0	0	0.0	5	81	127	209	2.0	OK	WARN_OUTLIER_BURDEN	OK	KEEP_WITH_WARNING	OK,WARN_OUTLIER_BURDEN,OK	True	False
<PROJECT_ROOT>/derivatives/fmriprep/sub-20/func/sub-20_task-heatpainwithregulationandratings_run-09_desc-confounds_timeseries.tsv	9e24ec72775bb143d4563b031b91242798001ce731bdaad9db632e6dc4f85639	sub-20		heatpainwithregulationandratings	9	run-09			1	2	1	<PROJECT_ROOT>/derivatives/fmriprep/sub-20/func/sub-20_task-heatpainwithregulationandratings_run-09_space-MNI152NLin2009cAsym_desc-preproc_bold.nii.gz	<PROJECT_ROOT>/derivatives/fmriprep/sub-20/func/sub-20_task-heatpainwithregulationandratings_run-09_desc-brain_mask.nii.gz	<PROJECT_ROOT>/derivatives/fmriprep/sub-20/func/sub-20_task-heatpainwithregulationandratings_run-09_space-MNI152NLin2009cAsym_desc-preproc_bold.json	209	208	0.15151516870210557	0.12226579319081105	0.36331309857872407	0.9368072284982624	17.78846153846154	1.9230769230769231	0.0	37	4	0	std_dvars	208	1.3626658125	1.255771	2.205197399999996	4.381758	6	24	5	37	25	0	4	8	25	25	25	11.961722488038278	0	0	0	0.0	5	59	149	209	2.0	OK	OK	OK	KEEP	OK	True	False
<PROJECT_ROOT>/derivatives/fmriprep/sub-21/func/sub-21_task-heatpainwithregulationandratings_run-01_desc-confounds_timeseries.tsv	29d43cd230ac048356da0afb38efc09847e7fdc2fcba48726c033a459b04aacb	sub-21		heatpainwithregulationandratings	1	run-01			1	2	1	<PROJECT_ROOT>/derivatives/fmriprep/sub-21/func/sub-21_task-heatpainwithregulationandratings_run-01_space-MNI152NLin2009cAsym_desc-preproc_bold.nii.gz	<PROJECT_ROOT>/derivatives/fmriprep/sub-21/func/sub-21_task-heatpainwithregulationandratings_run-01_desc-brain_mask.nii.gz	<PROJECT_ROOT>/derivatives/fmriprep/sub-21/func/sub-21_task-heatpainwithregulationandratings_run-01_space-MNI152NLin2009cAsym_desc-preproc_bold.json	209	208	0.09764440633481734	0.0912196158252393	0.18836584562007283	0.277927918315571	2.8846153846153846	0.0	0.0	6	0	0	std_dvars	208	1.7175959951923079	0.9933514999999999	4.816166049999999	6.514386	6	24	5	53	72	0	4	8	72	72	72	34.44976076555024	0	0	0	0.0	5	106	102	209	2.0	OK	WARN_OUTLIER_BURDEN	OK	KEEP_WITH_WARNING	OK,WARN_OUTLIER_BURDEN,OK	True	False
<PROJECT_ROOT>/derivatives/fmriprep/sub-21/func/sub-21_task-heatpainwithregulationandratings_run-02_desc-confounds_timeseries.tsv	4a1165b66f4a59bd6a000001bbfe9c97daf81d2009b2c5cc670a18dd66aead6a	sub-21		heatpainwithregulationandratings	2	run-02			1	2	1	<PROJECT_ROOT>/derivatives/fmriprep/sub-21/func/sub-21_task-heatpainwithregulationandratings_run-02_space-MNI152NLin2009cAsym_desc-preproc_bold.nii.gz	<PROJECT_ROOT>/derivatives/fmriprep/sub-21/func/sub-21_task-heatpainwithregulationandratings_run-02_desc-brain_mask.nii.gz	<PROJECT_ROOT>/derivatives/fmriprep/sub-21/func/sub-21_task-heatpainwithregulationandratings_run-02_space-MNI152NLin2009cAsym_desc-preproc_bold.json	209	208	0.08137443811013682	0.07698634395578194	0.15422937764478878	0.2026137257077885	0.4807692307692308	0.0	0.0	1	0	0	std_dvars	208	2.2367965673076924	1.849317	4.4417212	6.403651	6	24	5	58	115	0	4	8	115	115	115	55.02392344497608	0	0	0	0.0	5	149	59	209	2.0	OK	HIGH_OUTLIER_BURDEN,WARN_LOW_ESTIMATED_DOF	OK	KEEP_FOR_MAIN_BUT_SENSITIVITY_EXCLUDE_CANDIDATE	OK,HIGH_OUTLIER_BURDEN,WARN_LOW_ESTIMATED_DOF,OK	True	True
<PROJECT_ROOT>/derivatives/fmriprep/sub-21/func/sub-21_task-heatpainwithregulationandratings_run-03_desc-confounds_timeseries.tsv	d5967336bfc03f0b88ae4342653f9404ffe2c52f92a141325a026b5cc82a885e	sub-21		heatpainwithregulationandratings	3	run-03			1	2	1	<PROJECT_ROOT>/derivatives/fmriprep/sub-21/func/sub-21_task-heatpainwithregulationandratings_run-03_space-MNI152NLin2009cAsym_desc-preproc_bold.nii.gz	<PROJECT_ROOT>/derivatives/fmriprep/sub-21/func/sub-21_task-heatpainwithregulationandratings_run-03_desc-brain_mask.nii.gz	<PROJECT_ROOT>/derivatives/fmriprep/sub-21/func/sub-21_task-heatpainwithregulationandratings_run-03_space-MNI152NLin2009cAsym_desc-preproc_bold.json	191	190	0.07693987128001228	0.07449687743308064	0.12765163350355724	0.1814692789528501	0.0	0.0	0.0	0	0	0	std_dvars	190	2.154091321052632	1.9742790000000001	4.582457499999996	6.077212	6	24	4	55	131	0	4	8	131	131	131	68.58638743455498	0	0	0	0.0	5	164	26	191	2.0	OK	HIGH_OUTLIER_BURDEN,SEVERE_LOW_ESTIMATED_DOF	OK	KEEP_FOR_MAIN_BUT_SENSITIVITY_EXCLUDE_CANDIDATE	OK,HIGH_OUTLIER_BURDEN,SEVERE_LOW_ESTIMATED_DOF,OK	True	True
<PROJECT_ROOT>/derivatives/fmriprep/sub-21/func/sub-21_task-heatpainwithregulationandratings_run-04_desc-confounds_timeseries.tsv	ea90838cde3fa195071fb75337c4bac36547770454523ca8670a48bb496419ea	sub-21		heatpainwithregulationandratings	4	run-04			1	2	1	<PROJECT_ROOT>/derivatives/fmriprep/sub-21/func/sub-21_task-heatpainwithregulationandratings_run-04_space-MNI152NLin2009cAsym_desc-preproc_bold.nii.gz	<PROJECT_ROOT>/derivatives/fmriprep/sub-21/func/sub-21_task-heatpainwithregulationandratings_run-04_desc-brain_mask.nii.gz	<PROJECT_ROOT>/derivatives/fmriprep/sub-21/func/sub-21_task-heatpainwithregulationandratings_run-04_space-MNI152NLin2009cAsym_desc-preproc_bold.json	209	208	0.10000502880316474	0.0900993512670049	0.20670628670448402	0.4766581447324614	5.769230769230769	0.0	0.0	12	0	0	std_dvars	208	1.640195875	1.2010475	5.215185249999999	7.11109	6	24	5	52	38	0	4	8	38	38	38	18.181818181818183	0	0	0	0.0	5	72	136	209	2.0	OK	OK	OK	KEEP	OK	True	False
<PROJECT_ROOT>/derivatives/fmriprep/sub-21/func/sub-21_task-heatpainwithregulationandratings_run-05_desc-confounds_timeseries.tsv	b0edafc57973b814539bacfc089ccb1daeb009cc7f0f5712717455ef52d08466	sub-21		heatpainwithregulationandratings	5	run-05			1	2	1	<PROJECT_ROOT>/derivatives/fmriprep/sub-21/func/sub-21_task-heatpainwithregulationandratings_run-05_space-MNI152NLin2009cAsym_desc-preproc_bold.nii.gz	<PROJECT_ROOT>/derivatives/fmriprep/sub-21/func/sub-21_task-heatpainwithregulationandratings_run-05_desc-brain_mask.nii.gz	<PROJECT_ROOT>/derivatives/fmriprep/sub-21/func/sub-21_task-heatpainwithregulationandratings_run-05_space-MNI152NLin2009cAsym_desc-preproc_bold.json	209	208	0.08391579310665181	0.0786930624708666	0.1446967279256827	0.2261310541294683	0.9615384615384616	0.0	0.0	2	0	0	std_dvars	208	1.9626684519230766	1.3602379999999998	6.223008649999998	7.085726	6	24	5	58	65	0	4	8	65	65	65	31.100478468899524	0	0	0	0.0	5	99	109	209	2.0	OK	WARN_OUTLIER_BURDEN	OK	KEEP_WITH_WARNING	OK,WARN_OUTLIER_BURDEN,OK	True	False
<PROJECT_ROOT>/derivatives/fmriprep/sub-21/func/sub-21_task-heatpainwithregulationandratings_run-06_desc-confounds_timeseries.tsv	e73ee95732fd75c7cac7074a49fdbfd96e6d11339fe6d55c8f6b0d0e8b7de582	sub-21		heatpainwithregulationandratings	6	run-06			1	2	1	<PROJECT_ROOT>/derivatives/fmriprep/sub-21/func/sub-21_task-heatpainwithregulationandratings_run-06_space-MNI152NLin2009cAsym_desc-preproc_bold.nii.gz	<PROJECT_ROOT>/derivatives/fmriprep/sub-21/func/sub-21_task-heatpainwithregulationandratings_run-06_desc-brain_mask.nii.gz	<PROJECT_ROOT>/derivatives/fmriprep/sub-21/func/sub-21_task-heatpainwithregulationandratings_run-06_space-MNI152NLin2009cAsym_desc-preproc_bold.json	209	208	0.10959636229865774	0.1001349953354244	0.205348805779038	0.4804892642976371	6.25	0.0	0.0	13	0	0	std_dvars	208	1.6723130817307692	1.432871	3.5088852499999974	6.504197	6	24	5	53	86	0	4	8	86	86	86	41.14832535885167	0	0	0	0.0	5	120	88	209	2.0	OK	HIGH_OUTLIER_BURDEN,WARN_LOW_ESTIMATED_DOF	OK	KEEP_FOR_MAIN_BUT_SENSITIVITY_EXCLUDE_CANDIDATE	OK,HIGH_OUTLIER_BURDEN,WARN_LOW_ESTIMATED_DOF,OK	True	True
<PROJECT_ROOT>/derivatives/fmriprep/sub-21/func/sub-21_task-heatpainwithregulationandratings_run-07_desc-confounds_timeseries.tsv	70b37e71d498741f57188e27c33a38044a67215a330e2070d66ef9a20e23132b	sub-21		heatpainwithregulationandratings	7	run-07			1	2	1	<PROJECT_ROOT>/derivatives/fmriprep/sub-21/func/sub-21_task-heatpainwithregulationandratings_run-07_space-MNI152NLin2009cAsym_desc-preproc_bold.nii.gz	<PROJECT_ROOT>/derivatives/fmriprep/sub-21/func/sub-21_task-heatpainwithregulationandratings_run-07_desc-brain_mask.nii.gz	<PROJECT_ROOT>/derivatives/fmriprep/sub-21/func/sub-21_task-heatpainwithregulationandratings_run-07_space-MNI152NLin2009cAsym_desc-preproc_bold.json	191	190	0.08231600582531101	0.07545151461327965	0.14343216748683507	0.2450935846893648	1.0526315789473684	0.0	0.0	2	0	0	std_dvars	190	1.5337946	1.3388415	3.1231825999999954	6.8668	6	24	4	54	47	0	4	8	47	47	47	24.60732984293194	0	0	0	0.0	5	80	110	191	2.0	OK	WARN_OUTLIER_BURDEN	OK	KEEP_WITH_WARNING	OK,WARN_OUTLIER_BURDEN,OK	True	False
<PROJECT_ROOT>/derivatives/fmriprep/sub-21/func/sub-21_task-heatpainwithregulationandratings_run-08_desc-confounds_timeseries.tsv	2ccf250d25abed42ce82f91b563b24e7362a84640843f7b6fc45bfedba7f5389	sub-21		heatpainwithregulationandratings	8	run-08			1	2	1	<PROJECT_ROOT>/derivatives/fmriprep/sub-21/func/sub-21_task-heatpainwithregulationandratings_run-08_space-MNI152NLin2009cAsym_desc-preproc_bold.nii.gz	<PROJECT_ROOT>/derivatives/fmriprep/sub-21/func/sub-21_task-heatpainwithregulationandratings_run-08_desc-brain_mask.nii.gz	<PROJECT_ROOT>/derivatives/fmriprep/sub-21/func/sub-21_task-heatpainwithregulationandratings_run-08_space-MNI152NLin2009cAsym_desc-preproc_bold.json	209	208	0.09063718513521585	0.08490257877014945	0.16276799101696343	0.3792240272004392	2.403846153846154	0.0	0.0	5	0	0	std_dvars	208	1.6112021490384616	1.085968	3.6472496499999996	5.232665	6	24	5	52	75	0	4	8	75	75	75	35.88516746411483	0	0	0	0.0	5	109	99	209	2.0	OK	HIGH_OUTLIER_BURDEN,WARN_LOW_ESTIMATED_DOF	OK	KEEP_FOR_MAIN_BUT_SENSITIVITY_EXCLUDE_CANDIDATE	OK,HIGH_OUTLIER_BURDEN,WARN_LOW_ESTIMATED_DOF,OK	True	True
<PROJECT_ROOT>/derivatives/fmriprep/sub-21/func/sub-21_task-heatpainwithregulationandratings_run-09_desc-confounds_timeseries.tsv	e1ab4d6adc65c57fa0486fa08593a3f7f9b87319ceec1cf0a2d99ffcf355951a	sub-21		heatpainwithregulationandratings	9	run-09			1	2	1	<PROJECT_ROOT>/derivatives/fmriprep/sub-21/func/sub-21_task-heatpainwithregulationandratings_run-09_space-MNI152NLin2009cAsym_desc-preproc_bold.nii.gz	<PROJECT_ROOT>/derivatives/fmriprep/sub-21/func/sub-21_task-heatpainwithregulationandratings_run-09_desc-brain_mask.nii.gz	<PROJECT_ROOT>/derivatives/fmriprep/sub-21/func/sub-21_task-heatpainwithregulationandratings_run-09_space-MNI152NLin2009cAsym_desc-preproc_bold.json	209	208	0.1121359708022557	0.09866623968687979	0.21786223159747412	0.6166867763069108	6.730769230769231	0.4807692307692308	0.0	14	1	0	std_dvars	208	1.6820103701923077	1.3127939999999998	3.658586199999995	5.377778	6	24	5	54	89	0	4	8	89	89	89	42.58373205741627	0	0	0	0.0	5	123	85	209	2.0	OK	HIGH_OUTLIER_BURDEN,WARN_LOW_ESTIMATED_DOF	OK	KEEP_FOR_MAIN_BUT_SENSITIVITY_EXCLUDE_CANDIDATE	OK,HIGH_OUTLIER_BURDEN,WARN_LOW_ESTIMATED_DOF,OK	True	True
<PROJECT_ROOT>/derivatives/fmriprep/sub-22/func/sub-22_task-heatpainwithregulationandratings_run-01_desc-confounds_timeseries.tsv	585f99ca7103183572f3cacd75de48c659e49a38311278ce66e76d9347c393d7	sub-22		heatpainwithregulationandratings	1	run-01			1	2	1	<PROJECT_ROOT>/derivatives/fmriprep/sub-22/func/sub-22_task-heatpainwithregulationandratings_run-01_space-MNI152NLin2009cAsym_desc-preproc_bold.nii.gz	<PROJECT_ROOT>/derivatives/fmriprep/sub-22/func/sub-22_task-heatpainwithregulationandratings_run-01_desc-brain_mask.nii.gz	<PROJECT_ROOT>/derivatives/fmriprep/sub-22/func/sub-22_task-heatpainwithregulationandratings_run-01_space-MNI152NLin2009cAsym_desc-preproc_bold.json	209	208	0.13430797211110374	0.09535448428893764	0.3355098847849222	1.0410402763406774	13.942307692307693	2.8846153846153846	0.4807692307692308	29	6	1	std_dvars	208	1.276607466346154	1.1438730000000001	2.113749899999999	4.227282	6	24	5	43	35	0	4	8	35	35	35	16.74641148325359	0	0	0	0.0	5	69	139	209	2.0	OK	OK	OK	KEEP	OK	True	False
<PROJECT_ROOT>/derivatives/fmriprep/sub-22/func/sub-22_task-heatpainwithregulationandratings_run-02_desc-confounds_timeseries.tsv	76e422f941af82b509a5dadb208b08e9ac11e9fb1742438af7ac4d2cf2ab3956	sub-22		heatpainwithregulationandratings	2	run-02			1	2	1	<PROJECT_ROOT>/derivatives/fmriprep/sub-22/func/sub-22_task-heatpainwithregulationandratings_run-02_space-MNI152NLin2009cAsym_desc-preproc_bold.nii.gz	<PROJECT_ROOT>/derivatives/fmriprep/sub-22/func/sub-22_task-heatpainwithregulationandratings_run-02_desc-brain_mask.nii.gz	<PROJECT_ROOT>/derivatives/fmriprep/sub-22/func/sub-22_task-heatpainwithregulationandratings_run-02_space-MNI152NLin2009cAsym_desc-preproc_bold.json	209	208	0.09900208096683685	0.07926523433596891	0.22568850925147194	0.8745800030009271	6.25	0.9615384615384616	0.0	13	2	0	std_dvars	208	1.3976947884615383	1.196234	2.538831749999998	6.600621	6	24	5	53	36	0	4	8	36	36	36	17.22488038277512	0	0	0	0.0	5	70	138	209	2.0	OK	OK	OK	KEEP	OK	True	False
<PROJECT_ROOT>/derivatives/fmriprep/sub-22/func/sub-22_task-heatpainwithregulationandratings_run-03_desc-confounds_timeseries.tsv	dd7ec5df1f774f4fdd1f54d1ac2830d97344d399a82378ec91bab2b543e5d5de	sub-22		heatpainwithregulationandratings	3	run-03			1	2	1	<PROJECT_ROOT>/derivatives/fmriprep/sub-22/func/sub-22_task-heatpainwithregulationandratings_run-03_space-MNI152NLin2009cAsym_desc-preproc_bold.nii.gz	<PROJECT_ROOT>/derivatives/fmriprep/sub-22/func/sub-22_task-heatpainwithregulationandratings_run-03_desc-brain_mask.nii.gz	<PROJECT_ROOT>/derivatives/fmriprep/sub-22/func/sub-22_task-heatpainwithregulationandratings_run-03_space-MNI152NLin2009cAsym_desc-preproc_bold.json	191	190	0.10842988584078067	0.0936395311233473	0.17647418800911577	0.8202463418446334	3.1578947368421053	1.0526315789473684	0.0	6	2	0	std_dvars	190	1.2561463315789474	1.2252055	1.4875634999999996	2.94677	6	24	4	51	9	0	4	8	9	9	9	4.712041884816754	0	0	0	0.0	5	42	148	191	2.0	OK	OK	OK	KEEP	OK	True	False
<PROJECT_ROOT>/derivatives/fmriprep/sub-22/func/sub-22_task-heatpainwithregulationandratings_run-04_desc-confounds_timeseries.tsv	5e41b8bf4be883d5999a39fe5e94bb9d948a08e9f449a4d30c4503847d82df8e	sub-22		heatpainwithregulationandratings	4	run-04			1	2	1	<PROJECT_ROOT>/derivatives/fmriprep/sub-22/func/sub-22_task-heatpainwithregulationandratings_run-04_space-MNI152NLin2009cAsym_desc-preproc_bold.nii.gz	<PROJECT_ROOT>/derivatives/fmriprep/sub-22/func/sub-22_task-heatpainwithregulationandratings_run-04_desc-brain_mask.nii.gz	<PROJECT_ROOT>/derivatives/fmriprep/sub-22/func/sub-22_task-heatpainwithregulationandratings_run-04_space-MNI152NLin2009cAsym_desc-preproc_bold.json	209	208	0.1068413103696492	0.09248712654670224	0.19750202003462355	1.2240829290578774	5.288461538461538	0.4807692307692308	0.4807692307692308	11	1	1	std_dvars	208	1.4902299951923075	1.24852	2.809967999999999	4.563723	6	24	5	53	64	0	4	8	64	64	64	30.62200956937799	0	0	0	0.0	5	98	110	209	2.0	OK	WARN_OUTLIER_BURDEN	OK	KEEP_WITH_WARNING	OK,WARN_OUTLIER_BURDEN,OK	True	False
<PROJECT_ROOT>/derivatives/fmriprep/sub-22/func/sub-22_task-heatpainwithregulationandratings_run-05_desc-confounds_timeseries.tsv	d44ffa3496b6cb9613a959b4c231f7b06f775927cb688b8f10dff4dea235f7c2	sub-22		heatpainwithregulationandratings	5	run-05			1	2	1	<PROJECT_ROOT>/derivatives/fmriprep/sub-22/func/sub-22_task-heatpainwithregulationandratings_run-05_space-MNI152NLin2009cAsym_desc-preproc_bold.nii.gz	<PROJECT_ROOT>/derivatives/fmriprep/sub-22/func/sub-22_task-heatpainwithregulationandratings_run-05_desc-brain_mask.nii.gz	<PROJECT_ROOT>/derivatives/fmriprep/sub-22/func/sub-22_task-heatpainwithregulationandratings_run-05_space-MNI152NLin2009cAsym_desc-preproc_bold.json	209	208	0.1325277069656398	0.10687198992576186	0.2814240467325171	0.8596594285976031	12.980769230769232	1.9230769230769231	0.0	27	4	0	std_dvars	208	1.7431082836538463	1.362374	4.422381599999987	5.671952	6	24	5	44	65	0	4	8	65	65	65	31.100478468899524	0	0	0	0.0	5	99	109	209	2.0	OK	WARN_OUTLIER_BURDEN	OK	KEEP_WITH_WARNING	OK,WARN_OUTLIER_BURDEN,OK	True	False
<PROJECT_ROOT>/derivatives/fmriprep/sub-22/func/sub-22_task-heatpainwithregulationandratings_run-06_desc-confounds_timeseries.tsv	394f514aab0118c022a824b46901b32b9b40f1b9a5c758af136e0b95da7be4f1	sub-22		heatpainwithregulationandratings	6	run-06			1	2	1	<PROJECT_ROOT>/derivatives/fmriprep/sub-22/func/sub-22_task-heatpainwithregulationandratings_run-06_space-MNI152NLin2009cAsym_desc-preproc_bold.nii.gz	<PROJECT_ROOT>/derivatives/fmriprep/sub-22/func/sub-22_task-heatpainwithregulationandratings_run-06_desc-brain_mask.nii.gz	<PROJECT_ROOT>/derivatives/fmriprep/sub-22/func/sub-22_task-heatpainwithregulationandratings_run-06_space-MNI152NLin2009cAsym_desc-preproc_bold.json	209	208	0.12078961146862202	0.08756882980462236	0.2406988767958022	1.5056872980907332	8.653846153846153	2.403846153846154	0.4807692307692308	18	5	1	std_dvars	208	1.518982591346154	1.0907765	4.5354497	4.652185	6	24	5	49	52	0	4	8	52	52	52	24.880382775119617	0	0	0	0.0	5	86	122	209	2.0	OK	WARN_OUTLIER_BURDEN	OK	KEEP_WITH_WARNING	OK,WARN_OUTLIER_BURDEN,OK	True	False
<PROJECT_ROOT>/derivatives/fmriprep/sub-22/func/sub-22_task-heatpainwithregulationandratings_run-07_desc-confounds_timeseries.tsv	6f725c765505b23d61d86734479add21f5105104688866448cced0b9c4eeed77	sub-22		heatpainwithregulationandratings	7	run-07			1	2	1	<PROJECT_ROOT>/derivatives/fmriprep/sub-22/func/sub-22_task-heatpainwithregulationandratings_run-07_space-MNI152NLin2009cAsym_desc-preproc_bold.nii.gz	<PROJECT_ROOT>/derivatives/fmriprep/sub-22/func/sub-22_task-heatpainwithregulationandratings_run-07_desc-brain_mask.nii.gz	<PROJECT_ROOT>/derivatives/fmriprep/sub-22/func/sub-22_task-heatpainwithregulationandratings_run-07_space-MNI152NLin2009cAsym_desc-preproc_bold.json	191	190	0.12464375625801591	0.10481432699309215	0.27985151524393415	0.9427231108455456	8.947368421052632	0.5263157894736842	0.0	17	1	0	std_dvars	190	1.8396740842105266	1.3370484999999999	4.203737949999999	5.757855	6	24	4	44	80	0	4	8	80	80	80	41.8848167539267	0	0	0	0.0	5	113	77	191	2.0	OK	HIGH_OUTLIER_BURDEN,WARN_LOW_ESTIMATED_DOF	OK	KEEP_FOR_MAIN_BUT_SENSITIVITY_EXCLUDE_CANDIDATE	OK,HIGH_OUTLIER_BURDEN,WARN_LOW_ESTIMATED_DOF,OK	True	True
<PROJECT_ROOT>/derivatives/fmriprep/sub-22/func/sub-22_task-heatpainwithregulationandratings_run-08_desc-confounds_timeseries.tsv	cc01827b4edd88727e0954c072bf854b6ff22acc2048281488e963e9c90e8354	sub-22		heatpainwithregulationandratings	8	run-08			1	2	1	<PROJECT_ROOT>/derivatives/fmriprep/sub-22/func/sub-22_task-heatpainwithregulationandratings_run-08_space-MNI152NLin2009cAsym_desc-preproc_bold.nii.gz	<PROJECT_ROOT>/derivatives/fmriprep/sub-22/func/sub-22_task-heatpainwithregulationandratings_run-08_desc-brain_mask.nii.gz	<PROJECT_ROOT>/derivatives/fmriprep/sub-22/func/sub-22_task-heatpainwithregulationandratings_run-08_space-MNI152NLin2009cAsym_desc-preproc_bold.json	209	208	0.1482945877761159	0.12616628622342607	0.3183872181352854	1.1276778259015343	18.269230769230766	1.4423076923076923	0.4807692307692308	38	3	1	std_dvars	208	1.2752694519230767	1.216084	1.778760049999999	3.257211	6	24	5	43	29	0	4	8	29	29	29	13.875598086124402	0	0	0	0.0	5	63	145	209	2.0	OK	OK	OK	KEEP	OK	True	False
<PROJECT_ROOT>/derivatives/fmriprep/sub-22/func/sub-22_task-heatpainwithregulationandratings_run-09_desc-confounds_timeseries.tsv	0cbea4fcf698504328807d705ab21fdaaa61c259107a57f9bf8f83d6209f4aeb	sub-22		heatpainwithregulationandratings	9	run-09			1	2	1	<PROJECT_ROOT>/derivatives/fmriprep/sub-22/func/sub-22_task-heatpainwithregulationandratings_run-09_space-MNI152NLin2009cAsym_desc-preproc_bold.nii.gz	<PROJECT_ROOT>/derivatives/fmriprep/sub-22/func/sub-22_task-heatpainwithregulationandratings_run-09_desc-brain_mask.nii.gz	<PROJECT_ROOT>/derivatives/fmriprep/sub-22/func/sub-22_task-heatpainwithregulationandratings_run-09_space-MNI152NLin2009cAsym_desc-preproc_bold.json	209	208	0.2243134331283376	0.1785089620708764	0.5432017749712462	1.389212312223853	38.46153846153847	6.25	1.4423076923076923	80	13	3	std_dvars	208	1.2162466153846156	1.1075460000000001	2.029957699999999	3.367755	6	24	5	40	23	0	4	8	23	23	23	11.004784688995215	0	0	0	0.0	5	57	151	209	2.0	WARN_FD_MEAN,WARN_FD_GT_0.5	OK	OK	KEEP_WITH_WARNING	WARN_FD_MEAN,WARN_FD_GT_0.5,OK,OK	True	False
<PROJECT_ROOT>/derivatives/fmriprep/sub-23/func/sub-23_task-heatpainwithregulationandratings_run-01_desc-confounds_timeseries.tsv	e76720dc22ebab6b8982b5c4a33dba4567a5877d49f499d127d511e87a4035e1	sub-23		heatpainwithregulationandratings	1	run-01			1	2	1	<PROJECT_ROOT>/derivatives/fmriprep/sub-23/func/sub-23_task-heatpainwithregulationandratings_run-01_space-MNI152NLin2009cAsym_desc-preproc_bold.nii.gz	<PROJECT_ROOT>/derivatives/fmriprep/sub-23/func/sub-23_task-heatpainwithregulationandratings_run-01_desc-brain_mask.nii.gz	<PROJECT_ROOT>/derivatives/fmriprep/sub-23/func/sub-23_task-heatpainwithregulationandratings_run-01_space-MNI152NLin2009cAsym_desc-preproc_bold.json	209	208	0.234478829613893	0.16883194605653473	0.4225950632850069	3.953742238772052	36.05769230769231	4.326923076923077	1.9230769230769231	75	9	4	std_dvars	208	1.2969353221153848	1.1169075	1.9716869999999989	5.840796	6	24	5	36	32	0	4	8	32	32	32	15.311004784688995	0	0	0	0.0	5	66	142	209	2.0	WARN_FD_MEAN,WARN_FD_MAX	OK	OK	KEEP_WITH_WARNING	WARN_FD_MEAN,WARN_FD_MAX,OK,OK	True	False
<PROJECT_ROOT>/derivatives/fmriprep/sub-23/func/sub-23_task-heatpainwithregulationandratings_run-02_desc-confounds_timeseries.tsv	7c42c6357c27d2b6509e9222543e8a9bd8b80496a2620649c2d95a353b1ac0b5	sub-23		heatpainwithregulationandratings	2	run-02			1	2	1	<PROJECT_ROOT>/derivatives/fmriprep/sub-23/func/sub-23_task-heatpainwithregulationandratings_run-02_space-MNI152NLin2009cAsym_desc-preproc_bold.nii.gz	<PROJECT_ROOT>/derivatives/fmriprep/sub-23/func/sub-23_task-heatpainwithregulationandratings_run-02_desc-brain_mask.nii.gz	<PROJECT_ROOT>/derivatives/fmriprep/sub-23/func/sub-23_task-heatpainwithregulationandratings_run-02_space-MNI152NLin2009cAsym_desc-preproc_bold.json	209	208	0.18844536221172253	0.15999420164740014	0.38641646888548997	0.5452126838189757	37.5	1.4423076923076923	0.0	78	3	0	std_dvars	208	1.4097346586538462	1.1263495	3.468098199999998	4.403236	6	24	5	43	34	0	4	8	34	34	34	16.267942583732058	0	0	0	0.0	5	68	140	209	2.0	OK	OK	OK	KEEP	OK	True	False
<PROJECT_ROOT>/derivatives/fmriprep/sub-23/func/sub-23_task-heatpainwithregulationandratings_run-03_desc-confounds_timeseries.tsv	210d013a0fd2fcf0c95454c9e946780d1f7002f63a74400c7b99e1f983bd48d1	sub-23		heatpainwithregulationandratings	3	run-03			1	2	1	<PROJECT_ROOT>/derivatives/fmriprep/sub-23/func/sub-23_task-heatpainwithregulationandratings_run-03_space-MNI152NLin2009cAsym_desc-preproc_bold.nii.gz	<PROJECT_ROOT>/derivatives/fmriprep/sub-23/func/sub-23_task-heatpainwithregulationandratings_run-03_desc-brain_mask.nii.gz	<PROJECT_ROOT>/derivatives/fmriprep/sub-23/func/sub-23_task-heatpainwithregulationandratings_run-03_space-MNI152NLin2009cAsym_desc-preproc_bold.json	191	190	0.15656169955303925	0.13442515605178124	0.3315319485876804	0.6758204721093247	21.578947368421055	2.1052631578947367	0.0	41	4	0	std_dvars	190	1.5916929	1.359165	3.6123189499999957	4.883284	6	24	4	41	43	0	4	8	43	43	43	22.5130890052356	0	0	0	0.0	5	76	114	191	2.0	OK	WARN_OUTLIER_BURDEN	OK	KEEP_WITH_WARNING	OK,WARN_OUTLIER_BURDEN,OK	True	False
<PROJECT_ROOT>/derivatives/fmriprep/sub-23/func/sub-23_task-heatpainwithregulationandratings_run-04_desc-confounds_timeseries.tsv	7889d3eefc0aeef3c46b4fd279929f79773e80eef70d3c1f0353b2aefe9aad87	sub-23		heatpainwithregulationandratings	4	run-04			1	2	1	<PROJECT_ROOT>/derivatives/fmriprep/sub-23/func/sub-23_task-heatpainwithregulationandratings_run-04_space-MNI152NLin2009cAsym_desc-preproc_bold.nii.gz	<PROJECT_ROOT>/derivatives/fmriprep/sub-23/func/sub-23_task-heatpainwithregulationandratings_run-04_desc-brain_mask.nii.gz	<PROJECT_ROOT>/derivatives/fmriprep/sub-23/func/sub-23_task-heatpainwithregulationandratings_run-04_space-MNI152NLin2009cAsym_desc-preproc_bold.json	209	208	0.1739393021044962	0.15797423057530485	0.33546219323804877	0.6789898451497138	28.846153846153843	0.9615384615384616	0.0	60	2	0	std_dvars	208	1.4012613846153847	1.330788	1.8153187999999993	4.645419	6	24	5	46	36	0	4	8	36	36	36	17.22488038277512	0	0	0	0.0	5	70	138	209	2.0	OK	OK	OK	KEEP	OK	True	False
<PROJECT_ROOT>/derivatives/fmriprep/sub-23/func/sub-23_task-heatpainwithregulationandratings_run-05_desc-confounds_timeseries.tsv	8b050d7a301393bcd264431753aac82cabce51cbb1cffa39ee5a04404bf35ff0	sub-23		heatpainwithregulationandratings	5	run-05			1	2	1	<PROJECT_ROOT>/derivatives/fmriprep/sub-23/func/sub-23_task-heatpainwithregulationandratings_run-05_space-MNI152NLin2009cAsym_desc-preproc_bold.nii.gz	<PROJECT_ROOT>/derivatives/fmriprep/sub-23/func/sub-23_task-heatpainwithregulationandratings_run-05_desc-brain_mask.nii.gz	<PROJECT_ROOT>/derivatives/fmriprep/sub-23/func/sub-23_task-heatpainwithregulationandratings_run-05_space-MNI152NLin2009cAsym_desc-preproc_bold.json	209	208	0.18379863672721203	0.15417650902381885	0.3584075039374585	1.6210119075623242	28.846153846153843	3.3653846153846154	0.4807692307692308	60	7	1	std_dvars	208	1.4902520336538463	1.303754	2.8367093	4.184993	6	24	5	45	51	0	4	8	51	51	51	24.401913875598087	0	0	0	0.0	5	85	123	209	2.0	OK	WARN_OUTLIER_BURDEN	OK	KEEP_WITH_WARNING	OK,WARN_OUTLIER_BURDEN,OK	True	False
<PROJECT_ROOT>/derivatives/fmriprep/sub-23/func/sub-23_task-heatpainwithregulationandratings_run-06_desc-confounds_timeseries.tsv	5db30681f6c672e0fa433e5bf939fd13206c6e0b4ff893746d8b229155d89f26	sub-23		heatpainwithregulationandratings	6	run-06			1	2	1	<PROJECT_ROOT>/derivatives/fmriprep/sub-23/func/sub-23_task-heatpainwithregulationandratings_run-06_space-MNI152NLin2009cAsym_desc-preproc_bold.nii.gz	<PROJECT_ROOT>/derivatives/fmriprep/sub-23/func/sub-23_task-heatpainwithregulationandratings_run-06_desc-brain_mask.nii.gz	<PROJECT_ROOT>/derivatives/fmriprep/sub-23/func/sub-23_task-heatpainwithregulationandratings_run-06_space-MNI152NLin2009cAsym_desc-preproc_bold.json	209	208	0.1706303261600874	0.15985174133453015	0.39923347416645516	0.5978941237862103	30.288461538461537	0.9615384615384616	0.0	63	2	0	std_dvars	208	1.6539167884615382	1.381703	3.384800549999999	4.515895	6	24	5	47	69	0	4	8	69	69	69	33.014354066985646	0	0	0	0.0	5	103	105	209	2.0	OK	WARN_OUTLIER_BURDEN	OK	KEEP_WITH_WARNING	OK,WARN_OUTLIER_BURDEN,OK	True	False
<PROJECT_ROOT>/derivatives/fmriprep/sub-23/func/sub-23_task-heatpainwithregulationandratings_run-07_desc-confounds_timeseries.tsv	e350ab2457f2be562bce016542b538b7c98168b57110eee328237b9710b84d00	sub-23		heatpainwithregulationandratings	7	run-07			1	2	1	<PROJECT_ROOT>/derivatives/fmriprep/sub-23/func/sub-23_task-heatpainwithregulationandratings_run-07_space-MNI152NLin2009cAsym_desc-preproc_bold.nii.gz	<PROJECT_ROOT>/derivatives/fmriprep/sub-23/func/sub-23_task-heatpainwithregulationandratings_run-07_desc-brain_mask.nii.gz	<PROJECT_ROOT>/derivatives/fmriprep/sub-23/func/sub-23_task-heatpainwithregulationandratings_run-07_space-MNI152NLin2009cAsym_desc-preproc_bold.json	191	190	0.18999906750873058	0.1766806970213177	0.3799131364723909	0.4998291150524445	40.0	0.0	0.0	76	0	0	std_dvars	190	1.6046829631578945	1.40026	3.1554552999999994	4.260036	6	24	4	46	58	0	4	8	58	58	58	30.36649214659686	0	0	0	0.0	5	91	99	191	2.0	OK	WARN_OUTLIER_BURDEN,WARN_LOW_ESTIMATED_DOF	OK	KEEP_FOR_MAIN_BUT_SENSITIVITY_EXCLUDE_CANDIDATE	OK,WARN_OUTLIER_BURDEN,WARN_LOW_ESTIMATED_DOF,OK	True	True
<PROJECT_ROOT>/derivatives/fmriprep/sub-23/func/sub-23_task-heatpainwithregulationandratings_run-08_desc-confounds_timeseries.tsv	c4c88115eadf08399e3a264cf11cee50e201345d1e9983dcdfa625f081549343	sub-23		heatpainwithregulationandratings	8	run-08			1	2	1	<PROJECT_ROOT>/derivatives/fmriprep/sub-23/func/sub-23_task-heatpainwithregulationandratings_run-08_space-MNI152NLin2009cAsym_desc-preproc_bold.nii.gz	<PROJECT_ROOT>/derivatives/fmriprep/sub-23/func/sub-23_task-heatpainwithregulationandratings_run-08_desc-brain_mask.nii.gz	<PROJECT_ROOT>/derivatives/fmriprep/sub-23/func/sub-23_task-heatpainwithregulationandratings_run-08_space-MNI152NLin2009cAsym_desc-preproc_bold.json	209	208	0.17288796520241806	0.15212519719907774	0.3501389362953385	0.549183214475688	35.09615384615385	0.4807692307692308	0.0	73	1	0	std_dvars	208	1.6191899615384615	1.396974	3.1271117499999987	4.173394	6	24	5	50	64	0	4	8	64	64	64	30.62200956937799	0	0	0	0.0	5	98	110	209	2.0	OK	WARN_OUTLIER_BURDEN	OK	KEEP_WITH_WARNING	OK,WARN_OUTLIER_BURDEN,OK	True	False
<PROJECT_ROOT>/derivatives/fmriprep/sub-23/func/sub-23_task-heatpainwithregulationandratings_run-09_desc-confounds_timeseries.tsv	4f24d619ecdd4fd8374413859f3f45dcf83934a8ea4be0d4fcfff5dffd7efed2	sub-23		heatpainwithregulationandratings	9	run-09			1	2	1	<PROJECT_ROOT>/derivatives/fmriprep/sub-23/func/sub-23_task-heatpainwithregulationandratings_run-09_space-MNI152NLin2009cAsym_desc-preproc_bold.nii.gz	<PROJECT_ROOT>/derivatives/fmriprep/sub-23/func/sub-23_task-heatpainwithregulationandratings_run-09_desc-brain_mask.nii.gz	<PROJECT_ROOT>/derivatives/fmriprep/sub-23/func/sub-23_task-heatpainwithregulationandratings_run-09_space-MNI152NLin2009cAsym_desc-preproc_bold.json	209	208	0.1699851939284184	0.15334628763517025	0.31855180363442503	0.9003404974747011	31.25	0.9615384615384616	0.0	65	2	0	std_dvars	208	1.529373721153846	1.380401	2.850170799999998	3.620193	6	24	5	45	54	0	4	8	54	54	54	25.837320574162682	0	0	0	0.0	5	88	120	209	2.0	OK	WARN_OUTLIER_BURDEN	OK	KEEP_WITH_WARNING	OK,WARN_OUTLIER_BURDEN,OK	True	False
<PROJECT_ROOT>/derivatives/fmriprep/sub-24/func/sub-24_task-heatpainwithregulationandratings_run-01_desc-confounds_timeseries.tsv	a6b8a41d46935fa8e49e4890e5cba0e030dacebb98cbdcf479acef441608447a	sub-24		heatpainwithregulationandratings	1	run-01			1	2	1	<PROJECT_ROOT>/derivatives/fmriprep/sub-24/func/sub-24_task-heatpainwithregulationandratings_run-01_space-MNI152NLin2009cAsym_desc-preproc_bold.nii.gz	<PROJECT_ROOT>/derivatives/fmriprep/sub-24/func/sub-24_task-heatpainwithregulationandratings_run-01_desc-brain_mask.nii.gz	<PROJECT_ROOT>/derivatives/fmriprep/sub-24/func/sub-24_task-heatpainwithregulationandratings_run-01_space-MNI152NLin2009cAsym_desc-preproc_bold.json	209	208	0.11231265866669957	0.09915323879279994	0.22318354227578635	0.3009821207854729	8.653846153846153	0.0	0.0	18	0	0	std_dvars	208	1.3835633846153845	1.384962	1.7052941	1.973572	6	24	5	47	61	0	4	8	61	61	61	29.1866028708134	0	0	0	0.0	5	95	113	209	2.0	OK	WARN_OUTLIER_BURDEN	OK	KEEP_WITH_WARNING	OK,WARN_OUTLIER_BURDEN,OK	True	False
<PROJECT_ROOT>/derivatives/fmriprep/sub-24/func/sub-24_task-heatpainwithregulationandratings_run-02_desc-confounds_timeseries.tsv	bd18b80cc54d038ab6262c939541209d36c0abdc70cf971febac4bd33cd09f9d	sub-24		heatpainwithregulationandratings	2	run-02			1	2	1	<PROJECT_ROOT>/derivatives/fmriprep/sub-24/func/sub-24_task-heatpainwithregulationandratings_run-02_space-MNI152NLin2009cAsym_desc-preproc_bold.nii.gz	<PROJECT_ROOT>/derivatives/fmriprep/sub-24/func/sub-24_task-heatpainwithregulationandratings_run-02_desc-brain_mask.nii.gz	<PROJECT_ROOT>/derivatives/fmriprep/sub-24/func/sub-24_task-heatpainwithregulationandratings_run-02_space-MNI152NLin2009cAsym_desc-preproc_bold.json	209	208	0.11815232331023676	0.1021801322458574	0.23015264206852576	0.3238140188358404	10.576923076923077	0.0	0.0	22	0	0	std_dvars	208	1.601377706730769	1.3811434999999999	3.070594949999998	3.696244	6	24	5	45	75	0	4	8	75	75	75	35.88516746411483	0	0	0	0.0	5	109	99	209	2.0	OK	HIGH_OUTLIER_BURDEN,WARN_LOW_ESTIMATED_DOF	OK	KEEP_FOR_MAIN_BUT_SENSITIVITY_EXCLUDE_CANDIDATE	OK,HIGH_OUTLIER_BURDEN,WARN_LOW_ESTIMATED_DOF,OK	True	True
<PROJECT_ROOT>/derivatives/fmriprep/sub-24/func/sub-24_task-heatpainwithregulationandratings_run-03_desc-confounds_timeseries.tsv	7be8249521d5fe823d93da9165160c5c0293355cfe748a538aafa93a4a72a722	sub-24		heatpainwithregulationandratings	3	run-03			1	2	1	<PROJECT_ROOT>/derivatives/fmriprep/sub-24/func/sub-24_task-heatpainwithregulationandratings_run-03_space-MNI152NLin2009cAsym_desc-preproc_bold.nii.gz	<PROJECT_ROOT>/derivatives/fmriprep/sub-24/func/sub-24_task-heatpainwithregulationandratings_run-03_desc-brain_mask.nii.gz	<PROJECT_ROOT>/derivatives/fmriprep/sub-24/func/sub-24_task-heatpainwithregulationandratings_run-03_space-MNI152NLin2009cAsym_desc-preproc_bold.json	191	190	0.11923727482270399	0.1108722696301018	0.22736502519985557	0.3999449454386397	10.0	0.0	0.0	19	0	0	std_dvars	190	1.3583921631578948	1.352619	1.68833595	1.975483	6	24	4	38	48	0	4	8	48	48	48	25.13089005235602	0	0	0	0.0	5	81	109	191	2.0	OK	WARN_OUTLIER_BURDEN	OK	KEEP_WITH_WARNING	OK,WARN_OUTLIER_BURDEN,OK	True	False
<PROJECT_ROOT>/derivatives/fmriprep/sub-24/func/sub-24_task-heatpainwithregulationandratings_run-04_desc-confounds_timeseries.tsv	8280a6b7304c5bfe9f6fe432702eacee1815a155ca4e9269f1fe12705fbf2eab	sub-24		heatpainwithregulationandratings	4	run-04			1	2	1	<PROJECT_ROOT>/derivatives/fmriprep/sub-24/func/sub-24_task-heatpainwithregulationandratings_run-04_space-MNI152NLin2009cAsym_desc-preproc_bold.nii.gz	<PROJECT_ROOT>/derivatives/fmriprep/sub-24/func/sub-24_task-heatpainwithregulationandratings_run-04_desc-brain_mask.nii.gz	<PROJECT_ROOT>/derivatives/fmriprep/sub-24/func/sub-24_task-heatpainwithregulationandratings_run-04_space-MNI152NLin2009cAsym_desc-preproc_bold.json	209	208	0.11615102570879726	0.09449060854509506	0.27349243759139896	0.4209882279674755	10.096153846153847	0.0	0.0	21	0	0	std_dvars	208	1.4966536201923075	1.339163	2.6506524999999996	3.987109	6	24	5	41	68	0	4	8	68	68	68	32.535885167464116	0	0	0	0.0	5	102	106	209	2.0	OK	WARN_OUTLIER_BURDEN	OK	KEEP_WITH_WARNING	OK,WARN_OUTLIER_BURDEN,OK	True	False
<PROJECT_ROOT>/derivatives/fmriprep/sub-24/func/sub-24_task-heatpainwithregulationandratings_run-05_desc-confounds_timeseries.tsv	dfc9b3fc5f699da107e91cf67bbf5200b6e299753704295c65136535f8fbbcd6	sub-24		heatpainwithregulationandratings	5	run-05			1	2	1	<PROJECT_ROOT>/derivatives/fmriprep/sub-24/func/sub-24_task-heatpainwithregulationandratings_run-05_space-MNI152NLin2009cAsym_desc-preproc_bold.nii.gz	<PROJECT_ROOT>/derivatives/fmriprep/sub-24/func/sub-24_task-heatpainwithregulationandratings_run-05_desc-brain_mask.nii.gz	<PROJECT_ROOT>/derivatives/fmriprep/sub-24/func/sub-24_task-heatpainwithregulationandratings_run-05_space-MNI152NLin2009cAsym_desc-preproc_bold.json	209	208	0.12872856322989695	0.10534666197966991	0.2773668537458209	0.4924041786671414	18.269230769230766	0.0	0.0	38	0	0	std_dvars	208	1.395046466346154	1.3744065	1.8104928999999996	2.082102	6	24	5	40	65	0	4	8	65	65	65	31.100478468899524	0	0	0	0.0	5	99	109	209	2.0	OK	WARN_OUTLIER_BURDEN	OK	KEEP_WITH_WARNING	OK,WARN_OUTLIER_BURDEN,OK	True	False
<PROJECT_ROOT>/derivatives/fmriprep/sub-24/func/sub-24_task-heatpainwithregulationandratings_run-06_desc-confounds_timeseries.tsv	da2b3647a909ace8da1e4e6857281c4e9e693e31e6804023afabc4a1c196c1e4	sub-24		heatpainwithregulationandratings	6	run-06			1	2	1	<PROJECT_ROOT>/derivatives/fmriprep/sub-24/func/sub-24_task-heatpainwithregulationandratings_run-06_space-MNI152NLin2009cAsym_desc-preproc_bold.nii.gz	<PROJECT_ROOT>/derivatives/fmriprep/sub-24/func/sub-24_task-heatpainwithregulationandratings_run-06_desc-brain_mask.nii.gz	<PROJECT_ROOT>/derivatives/fmriprep/sub-24/func/sub-24_task-heatpainwithregulationandratings_run-06_space-MNI152NLin2009cAsym_desc-preproc_bold.json	209	208	0.12002560984790217	0.09400171245737975	0.3159604001852001	0.5068181553550201	13.461538461538462	0.4807692307692308	0.0	28	1	0	std_dvars	208	1.7736706201923078	1.528959	3.6500351499999995	5.275011	6	24	5	42	107	0	4	8	107	107	107	51.196172248803826	0	0	0	0.0	5	141	67	209	2.0	OK	HIGH_OUTLIER_BURDEN,WARN_LOW_ESTIMATED_DOF	OK	KEEP_FOR_MAIN_BUT_SENSITIVITY_EXCLUDE_CANDIDATE	OK,HIGH_OUTLIER_BURDEN,WARN_LOW_ESTIMATED_DOF,OK	True	True
<PROJECT_ROOT>/derivatives/fmriprep/sub-24/func/sub-24_task-heatpainwithregulationandratings_run-07_desc-confounds_timeseries.tsv	248643270128a394b3e39aa8be1eaadc5bf4f9df35f3a4e5d5dbe9f8a7e74762	sub-24		heatpainwithregulationandratings	7	run-07			1	2	1	<PROJECT_ROOT>/derivatives/fmriprep/sub-24/func/sub-24_task-heatpainwithregulationandratings_run-07_space-MNI152NLin2009cAsym_desc-preproc_bold.nii.gz	<PROJECT_ROOT>/derivatives/fmriprep/sub-24/func/sub-24_task-heatpainwithregulationandratings_run-07_desc-brain_mask.nii.gz	<PROJECT_ROOT>/derivatives/fmriprep/sub-24/func/sub-24_task-heatpainwithregulationandratings_run-07_space-MNI152NLin2009cAsym_desc-preproc_bold.json	191	190	0.14361360221679284	0.1214750926166244	0.35280860630876737	0.4271535868592171	20.0	0.0	0.0	38	0	0	std_dvars	190	1.343660752631579	1.3522690000000002	1.7910576999999999	1.981599	6	24	4	35	47	0	4	8	47	47	47	24.60732984293194	0	0	0	0.0	5	80	110	191	2.0	OK	WARN_OUTLIER_BURDEN	OK	KEEP_WITH_WARNING	OK,WARN_OUTLIER_BURDEN,OK	True	False
<PROJECT_ROOT>/derivatives/fmriprep/sub-24/func/sub-24_task-heatpainwithregulationandratings_run-08_desc-confounds_timeseries.tsv	b5c3a3be09c87f6b50a773842c690ab43e12bb76e634b655a20d13cfb089c67b	sub-24		heatpainwithregulationandratings	8	run-08			1	2	1	<PROJECT_ROOT>/derivatives/fmriprep/sub-24/func/sub-24_task-heatpainwithregulationandratings_run-08_space-MNI152NLin2009cAsym_desc-preproc_bold.nii.gz	<PROJECT_ROOT>/derivatives/fmriprep/sub-24/func/sub-24_task-heatpainwithregulationandratings_run-08_desc-brain_mask.nii.gz	<PROJECT_ROOT>/derivatives/fmriprep/sub-24/func/sub-24_task-heatpainwithregulationandratings_run-08_space-MNI152NLin2009cAsym_desc-preproc_bold.json	209	208	0.11301526363869334	0.09237899322606366	0.26973709745239605	0.5108974077588695	9.134615384615383	0.4807692307692308	0.0	19	1	0	std_dvars	208	1.4742468317307693	1.2989514999999998	2.684241149999995	4.941239	6	24	5	44	54	0	4	8	54	54	54	25.837320574162682	0	0	0	0.0	5	88	120	209	2.0	OK	WARN_OUTLIER_BURDEN	OK	KEEP_WITH_WARNING	OK,WARN_OUTLIER_BURDEN,OK	True	False
<PROJECT_ROOT>/derivatives/fmriprep/sub-24/func/sub-24_task-heatpainwithregulationandratings_run-09_desc-confounds_timeseries.tsv	cb5f237ae0262ad06360a028e10438d296b12abb329bb9f653cbd14955fd862f	sub-24		heatpainwithregulationandratings	9	run-09			1	2	1	<PROJECT_ROOT>/derivatives/fmriprep/sub-24/func/sub-24_task-heatpainwithregulationandratings_run-09_space-MNI152NLin2009cAsym_desc-preproc_bold.nii.gz	<PROJECT_ROOT>/derivatives/fmriprep/sub-24/func/sub-24_task-heatpainwithregulationandratings_run-09_desc-brain_mask.nii.gz	<PROJECT_ROOT>/derivatives/fmriprep/sub-24/func/sub-24_task-heatpainwithregulationandratings_run-09_space-MNI152NLin2009cAsym_desc-preproc_bold.json	209	208	0.11814776288225849	0.09727155642097854	0.27803208677849	0.5289271500049495	11.538461538461538	0.4807692307692308	0.0	24	1	0	std_dvars	208	1.7705531298076924	1.5373450000000002	3.2080734499999997	5.189792	6	24	5	37	115	0	4	8	115	115	115	55.02392344497608	0	0	0	0.0	5	149	59	209	2.0	OK	HIGH_OUTLIER_BURDEN,WARN_LOW_ESTIMATED_DOF	OK	KEEP_FOR_MAIN_BUT_SENSITIVITY_EXCLUDE_CANDIDATE	OK,HIGH_OUTLIER_BURDEN,WARN_LOW_ESTIMATED_DOF,OK	True	True
<PROJECT_ROOT>/derivatives/fmriprep/sub-25/func/sub-25_task-heatpainwithregulationandratings_run-01_desc-confounds_timeseries.tsv	63b2e546f619f5fc683efe91f722509ade9fb25dff908edd6a9f7d23284a3041	sub-25		heatpainwithregulationandratings	1	run-01			1	2	1	<PROJECT_ROOT>/derivatives/fmriprep/sub-25/func/sub-25_task-heatpainwithregulationandratings_run-01_space-MNI152NLin2009cAsym_desc-preproc_bold.nii.gz	<PROJECT_ROOT>/derivatives/fmriprep/sub-25/func/sub-25_task-heatpainwithregulationandratings_run-01_desc-brain_mask.nii.gz	<PROJECT_ROOT>/derivatives/fmriprep/sub-25/func/sub-25_task-heatpainwithregulationandratings_run-01_space-MNI152NLin2009cAsym_desc-preproc_bold.json	209	208	0.257661405516496	0.1602860136507433	0.5878957602388095	5.741866215327986	34.61538461538461	6.25	1.9230769230769231	72	13	4	std_dvars	208	1.3298965528846156	1.1581035	2.053208699999999	5.132302	6	24	5	35	31	0	4	8	31	31	31	14.832535885167463	0	0	0	0.0	5	65	143	209	2.0	WARN_FD_MEAN,WARN_FD_GT_0.5,SEVERE_FD_MAX	OK	OK	EXCLUDE	WARN_FD_MEAN,WARN_FD_GT_0.5,SEVERE_FD_MAX,OK,OK	False	True
<PROJECT_ROOT>/derivatives/fmriprep/sub-25/func/sub-25_task-heatpainwithregulationandratings_run-02_desc-confounds_timeseries.tsv	3aa8caae0fe0fc05e9d0908bcb1f2bb2e09111e171e3a31f4631a81fce015d52	sub-25		heatpainwithregulationandratings	2	run-02			1	2	1	<PROJECT_ROOT>/derivatives/fmriprep/sub-25/func/sub-25_task-heatpainwithregulationandratings_run-02_space-MNI152NLin2009cAsym_desc-preproc_bold.nii.gz	<PROJECT_ROOT>/derivatives/fmriprep/sub-25/func/sub-25_task-heatpainwithregulationandratings_run-02_desc-brain_mask.nii.gz	<PROJECT_ROOT>/derivatives/fmriprep/sub-25/func/sub-25_task-heatpainwithregulationandratings_run-02_space-MNI152NLin2009cAsym_desc-preproc_bold.json	209	208	0.08583708065267781	0.07902122541728951	0.16140930144991847	0.233346346366244	1.9230769230769231	0.0	0.0	4	0	0	std_dvars	208	1.910743004807692	1.8127010000000001	2.907640549999998	3.530733	6	24	5	64	161	0	4	8	161	161	161	77.03349282296651	0	0	0	0.0	5	195	13	209	2.0	OK	HIGH_OUTLIER_BURDEN,SEVERE_LOW_ESTIMATED_DOF	OK	KEEP_FOR_MAIN_BUT_SENSITIVITY_EXCLUDE_CANDIDATE	OK,HIGH_OUTLIER_BURDEN,SEVERE_LOW_ESTIMATED_DOF,OK	True	True
<PROJECT_ROOT>/derivatives/fmriprep/sub-25/func/sub-25_task-heatpainwithregulationandratings_run-03_desc-confounds_timeseries.tsv	ad5f5a2e58d5222cef9c40d4bd837ed04ddb740ea910aed1ed1ffc0c9f1d7b71	sub-25		heatpainwithregulationandratings	3	run-03			1	2	1	<PROJECT_ROOT>/derivatives/fmriprep/sub-25/func/sub-25_task-heatpainwithregulationandratings_run-03_space-MNI152NLin2009cAsym_desc-preproc_bold.nii.gz	<PROJECT_ROOT>/derivatives/fmriprep/sub-25/func/sub-25_task-heatpainwithregulationandratings_run-03_desc-brain_mask.nii.gz	<PROJECT_ROOT>/derivatives/fmriprep/sub-25/func/sub-25_task-heatpainwithregulationandratings_run-03_space-MNI152NLin2009cAsym_desc-preproc_bold.json	191	190	0.1229044852745677	0.08974734467956605	0.32519674323011566	0.5941023343286733	13.157894736842104	2.1052631578947367	0.0	25	4	0	std_dvars	190	1.5368272263157896	1.4193675	2.5284797999999995	3.774013	6	24	4	52	72	0	4	8	72	72	72	37.696335078534034	0	0	0	0.0	5	105	85	191	2.0	OK	HIGH_OUTLIER_BURDEN,WARN_LOW_ESTIMATED_DOF	OK	KEEP_FOR_MAIN_BUT_SENSITIVITY_EXCLUDE_CANDIDATE	OK,HIGH_OUTLIER_BURDEN,WARN_LOW_ESTIMATED_DOF,OK	True	True
<PROJECT_ROOT>/derivatives/fmriprep/sub-25/func/sub-25_task-heatpainwithregulationandratings_run-04_desc-confounds_timeseries.tsv	5d16c120117d6973fbe08a03229b62a7596bf87daf414c119eda683e2827f7d0	sub-25		heatpainwithregulationandratings	4	run-04			1	2	1	<PROJECT_ROOT>/derivatives/fmriprep/sub-25/func/sub-25_task-heatpainwithregulationandratings_run-04_space-MNI152NLin2009cAsym_desc-preproc_bold.nii.gz	<PROJECT_ROOT>/derivatives/fmriprep/sub-25/func/sub-25_task-heatpainwithregulationandratings_run-04_desc-brain_mask.nii.gz	<PROJECT_ROOT>/derivatives/fmriprep/sub-25/func/sub-25_task-heatpainwithregulationandratings_run-04_space-MNI152NLin2009cAsym_desc-preproc_bold.json	209	208	0.11801914499019374	0.0941503636636766	0.2807732759781024	0.6907085030761445	12.01923076923077	0.4807692307692308	0.0	25	1	0	std_dvars	208	1.6269914423076923	1.5066835	2.4586362	3.288899	6	24	5	56	109	1	4	8	109	109	109	52.15311004784689	1	1	1	0.4784688995215311	5	144	64	209	2.0	OK	HIGH_OUTLIER_BURDEN,WARN_LOW_ESTIMATED_DOF	OK	KEEP_FOR_MAIN_BUT_SENSITIVITY_EXCLUDE_CANDIDATE	OK,HIGH_OUTLIER_BURDEN,WARN_LOW_ESTIMATED_DOF,OK	True	True
<PROJECT_ROOT>/derivatives/fmriprep/sub-25/func/sub-25_task-heatpainwithregulationandratings_run-05_desc-confounds_timeseries.tsv	f5ff1b38340bf2040443eb790d2f0aea4487c549e320c76c1da0dde2cb2ae451	sub-25		heatpainwithregulationandratings	5	run-05			1	2	1	<PROJECT_ROOT>/derivatives/fmriprep/sub-25/func/sub-25_task-heatpainwithregulationandratings_run-05_space-MNI152NLin2009cAsym_desc-preproc_bold.nii.gz	<PROJECT_ROOT>/derivatives/fmriprep/sub-25/func/sub-25_task-heatpainwithregulationandratings_run-05_desc-brain_mask.nii.gz	<PROJECT_ROOT>/derivatives/fmriprep/sub-25/func/sub-25_task-heatpainwithregulationandratings_run-05_space-MNI152NLin2009cAsym_desc-preproc_bold.json	209	208	0.1515930619943046	0.10897124584121815	0.35178134835302866	1.7703688148964851	18.269230769230766	1.9230769230769231	0.9615384615384616	38	4	2	std_dvars	208	1.861959514423077	1.627608	3.1878626	4.398532	6	24	5	52	119	0	4	8	119	119	119	56.9377990430622	0	0	0	0.0	5	153	55	209	2.0	OK	HIGH_OUTLIER_BURDEN,WARN_LOW_ESTIMATED_DOF	OK	KEEP_FOR_MAIN_BUT_SENSITIVITY_EXCLUDE_CANDIDATE	OK,HIGH_OUTLIER_BURDEN,WARN_LOW_ESTIMATED_DOF,OK	True	True
<PROJECT_ROOT>/derivatives/fmriprep/sub-25/func/sub-25_task-heatpainwithregulationandratings_run-06_desc-confounds_timeseries.tsv	629a7c344da3e396a54ac1e8ca17ccd689bb541e690904d6fbfab190bb14de04	sub-25		heatpainwithregulationandratings	6	run-06			1	2	1	<PROJECT_ROOT>/derivatives/fmriprep/sub-25/func/sub-25_task-heatpainwithregulationandratings_run-06_space-MNI152NLin2009cAsym_desc-preproc_bold.nii.gz	<PROJECT_ROOT>/derivatives/fmriprep/sub-25/func/sub-25_task-heatpainwithregulationandratings_run-06_desc-brain_mask.nii.gz	<PROJECT_ROOT>/derivatives/fmriprep/sub-25/func/sub-25_task-heatpainwithregulationandratings_run-06_space-MNI152NLin2009cAsym_desc-preproc_bold.json	209	208	0.1388644154918421	0.1102469977367172	0.32672593206450373	0.7984532078629774	15.865384615384615	2.8846153846153846	0.0	33	6	0	std_dvars	208	1.739544807692308	1.5965085	2.988984949999997	4.105809	6	24	5	58	120	0	4	8	120	120	120	57.41626794258373	0	0	0	0.0	5	154	54	209	2.0	OK	HIGH_OUTLIER_BURDEN,WARN_LOW_ESTIMATED_DOF	OK	KEEP_FOR_MAIN_BUT_SENSITIVITY_EXCLUDE_CANDIDATE	OK,HIGH_OUTLIER_BURDEN,WARN_LOW_ESTIMATED_DOF,OK	True	True
<PROJECT_ROOT>/derivatives/fmriprep/sub-25/func/sub-25_task-heatpainwithregulationandratings_run-07_desc-confounds_timeseries.tsv	120803c55c7b07d6fd8e2f55e5bfb3c95b4f37ad48c267a4a41e6a8ae7501a72	sub-25		heatpainwithregulationandratings	7	run-07			1	2	1	<PROJECT_ROOT>/derivatives/fmriprep/sub-25/func/sub-25_task-heatpainwithregulationandratings_run-07_space-MNI152NLin2009cAsym_desc-preproc_bold.nii.gz	<PROJECT_ROOT>/derivatives/fmriprep/sub-25/func/sub-25_task-heatpainwithregulationandratings_run-07_desc-brain_mask.nii.gz	<PROJECT_ROOT>/derivatives/fmriprep/sub-25/func/sub-25_task-heatpainwithregulationandratings_run-07_space-MNI152NLin2009cAsym_desc-preproc_bold.json	191	190	0.26062340243169413	0.173590047884763	0.7566881823619425	1.605968136410505	43.684210526315795	12.631578947368421	1.5789473684210527	83	24	3	std_dvars	190	1.2864012368421052	1.1193870000000001	1.9637064499999992	6.053664	6	24	4	33	47	0	4	8	47	47	47	24.60732984293194	0	0	0	0.0	5	80	110	191	2.0	WARN_FD_MEAN,BAD_FD_GT_0.5	WARN_OUTLIER_BURDEN	OK	KEEP_FOR_MAIN_BUT_SENSITIVITY_EXCLUDE_CANDIDATE	WARN_FD_MEAN,BAD_FD_GT_0.5,WARN_OUTLIER_BURDEN,OK	True	True
<PROJECT_ROOT>/derivatives/fmriprep/sub-25/func/sub-25_task-heatpainwithregulationandratings_run-08_desc-confounds_timeseries.tsv	925a383626ddf2def536e1f25db216eb1e9b8ff5e863edf87c796f6f373119c2	sub-25		heatpainwithregulationandratings	8	run-08			1	2	1	<PROJECT_ROOT>/derivatives/fmriprep/sub-25/func/sub-25_task-heatpainwithregulationandratings_run-08_space-MNI152NLin2009cAsym_desc-preproc_bold.nii.gz	<PROJECT_ROOT>/derivatives/fmriprep/sub-25/func/sub-25_task-heatpainwithregulationandratings_run-08_desc-brain_mask.nii.gz	<PROJECT_ROOT>/derivatives/fmriprep/sub-25/func/sub-25_task-heatpainwithregulationandratings_run-08_space-MNI152NLin2009cAsym_desc-preproc_bold.json	209	208	0.13869950077957058	0.1129030052487423	0.3467754240272509	0.6588969356004292	19.230769230769234	0.9615384615384616	0.0	40	2	0	std_dvars	208	1.6173522980769233	1.4860055	2.6112166999999977	3.467939	6	24	5	55	101	0	4	8	101	101	101	48.32535885167464	0	0	0	0.0	5	135	73	209	2.0	OK	HIGH_OUTLIER_BURDEN,WARN_LOW_ESTIMATED_DOF	OK	KEEP_FOR_MAIN_BUT_SENSITIVITY_EXCLUDE_CANDIDATE	OK,HIGH_OUTLIER_BURDEN,WARN_LOW_ESTIMATED_DOF,OK	True	True
<PROJECT_ROOT>/derivatives/fmriprep/sub-25/func/sub-25_task-heatpainwithregulationandratings_run-09_desc-confounds_timeseries.tsv	d6786b689b4135e710e4d03f04331d8a38b03cdae574d16875a95efd0dea8f2f	sub-25		heatpainwithregulationandratings	9	run-09			1	2	1	<PROJECT_ROOT>/derivatives/fmriprep/sub-25/func/sub-25_task-heatpainwithregulationandratings_run-09_space-MNI152NLin2009cAsym_desc-preproc_bold.nii.gz	<PROJECT_ROOT>/derivatives/fmriprep/sub-25/func/sub-25_task-heatpainwithregulationandratings_run-09_desc-brain_mask.nii.gz	<PROJECT_ROOT>/derivatives/fmriprep/sub-25/func/sub-25_task-heatpainwithregulationandratings_run-09_space-MNI152NLin2009cAsym_desc-preproc_bold.json	209	208	0.18201553710067245	0.12671663327133054	0.5075961702014912	1.053414267384134	27.884615384615387	5.769230769230769	0.4807692307692308	58	12	1	std_dvars	208	1.3208745480769233	1.1690520000000002	2.2386543	3.923045	6	24	5	47	52	0	4	8	52	52	52	24.880382775119617	0	0	0	0.0	5	86	122	209	2.0	WARN_FD_GT_0.5	WARN_OUTLIER_BURDEN	OK	KEEP_WITH_WARNING	WARN_FD_GT_0.5,WARN_OUTLIER_BURDEN,OK	True	False
<PROJECT_ROOT>/derivatives/fmriprep/sub-26/func/sub-26_task-heatpainwithregulationandratings_run-01_desc-confounds_timeseries.tsv	e1afa108dfefae40e97cf61172ecf57c8ccf570e979ffa5b43e8b76219e3ff57	sub-26		heatpainwithregulationandratings	1	run-01			1	2	1	<PROJECT_ROOT>/derivatives/fmriprep/sub-26/func/sub-26_task-heatpainwithregulationandratings_run-01_space-MNI152NLin2009cAsym_desc-preproc_bold.nii.gz	<PROJECT_ROOT>/derivatives/fmriprep/sub-26/func/sub-26_task-heatpainwithregulationandratings_run-01_desc-brain_mask.nii.gz	<PROJECT_ROOT>/derivatives/fmriprep/sub-26/func/sub-26_task-heatpainwithregulationandratings_run-01_space-MNI152NLin2009cAsym_desc-preproc_bold.json	209	208	0.09439723698804472	0.09051215020188455	0.16674376905205782	0.2245929036651731	2.8846153846153846	0.0	0.0	6	0	0	std_dvars	208	1.2633995865384617	1.2547000000000001	1.5106107	1.691353	6	24	5	51	13	0	4	8	13	13	13	6.220095693779904	0	0	0	0.0	5	47	161	209	2.0	OK	OK	OK	KEEP	OK	True	False
<PROJECT_ROOT>/derivatives/fmriprep/sub-26/func/sub-26_task-heatpainwithregulationandratings_run-02_desc-confounds_timeseries.tsv	17741d37face7ffc17983f7a353081948283461b981f600f0566a44e4dd85e03	sub-26		heatpainwithregulationandratings	2	run-02			1	2	1	<PROJECT_ROOT>/derivatives/fmriprep/sub-26/func/sub-26_task-heatpainwithregulationandratings_run-02_space-MNI152NLin2009cAsym_desc-preproc_bold.nii.gz	<PROJECT_ROOT>/derivatives/fmriprep/sub-26/func/sub-26_task-heatpainwithregulationandratings_run-02_desc-brain_mask.nii.gz	<PROJECT_ROOT>/derivatives/fmriprep/sub-26/func/sub-26_task-heatpainwithregulationandratings_run-02_space-MNI152NLin2009cAsym_desc-preproc_bold.json	209	208	0.13864960796417342	0.1193278134396148	0.2835668881078667	0.7090930993070009	16.346153846153847	1.4423076923076923	0.0	34	3	0	std_dvars	208	1.4857337019230767	1.331707	2.3103026499999997	3.317677	6	24	5	37	73	0	4	8	73	73	73	34.92822966507177	0	0	0	0.0	5	107	101	209	2.0	OK	WARN_OUTLIER_BURDEN	OK	KEEP_WITH_WARNING	OK,WARN_OUTLIER_BURDEN,OK	True	False
<PROJECT_ROOT>/derivatives/fmriprep/sub-26/func/sub-26_task-heatpainwithregulationandratings_run-03_desc-confounds_timeseries.tsv	502a029eb35f08509712f3e98928e68bc634b4ff5dd6a9d5f2aa1bfec716860f	sub-26		heatpainwithregulationandratings	3	run-03			1	2	1	<PROJECT_ROOT>/derivatives/fmriprep/sub-26/func/sub-26_task-heatpainwithregulationandratings_run-03_space-MNI152NLin2009cAsym_desc-preproc_bold.nii.gz	<PROJECT_ROOT>/derivatives/fmriprep/sub-26/func/sub-26_task-heatpainwithregulationandratings_run-03_desc-brain_mask.nii.gz	<PROJECT_ROOT>/derivatives/fmriprep/sub-26/func/sub-26_task-heatpainwithregulationandratings_run-03_space-MNI152NLin2009cAsym_desc-preproc_bold.json	191	190	0.11376520451242787	0.10019279500175546	0.23989440137802814	0.4755762669233804	8.421052631578947	0.0	0.0	16	0	0	std_dvars	190	1.3106973631578946	1.2617120000000002	1.8106228999999987	2.234273	6	24	4	42	28	0	4	8	28	28	28	14.659685863874344	0	0	0	0.0	5	61	129	191	2.0	OK	OK	OK	KEEP	OK	True	False
<PROJECT_ROOT>/derivatives/fmriprep/sub-26/func/sub-26_task-heatpainwithregulationandratings_run-04_desc-confounds_timeseries.tsv	d2ac9988ee7177ee1b1a93de269ad2c5a5395c39e7cc02191e5f6dd3a92e3217	sub-26		heatpainwithregulationandratings	4	run-04			1	2	1	<PROJECT_ROOT>/derivatives/fmriprep/sub-26/func/sub-26_task-heatpainwithregulationandratings_run-04_space-MNI152NLin2009cAsym_desc-preproc_bold.nii.gz	<PROJECT_ROOT>/derivatives/fmriprep/sub-26/func/sub-26_task-heatpainwithregulationandratings_run-04_desc-brain_mask.nii.gz	<PROJECT_ROOT>/derivatives/fmriprep/sub-26/func/sub-26_task-heatpainwithregulationandratings_run-04_space-MNI152NLin2009cAsym_desc-preproc_bold.json	209	208	0.1824402916410093	0.1460882572829446	0.4585989907602363	0.95086319932804	25.48076923076923	3.8461538461538463	0.0	53	8	0	std_dvars	208	1.5217198125000002	1.296875	2.653834499999999	4.345592	6	24	5	32	70	0	4	8	70	70	70	33.49282296650718	0	0	0	0.0	5	104	104	209	2.0	OK	WARN_OUTLIER_BURDEN	OK	KEEP_WITH_WARNING	OK,WARN_OUTLIER_BURDEN,OK	True	False
<PROJECT_ROOT>/derivatives/fmriprep/sub-26/func/sub-26_task-heatpainwithregulationandratings_run-05_desc-confounds_timeseries.tsv	3284fe3008ec80442cada1239c844c7907fa78043d562be2af147ee3531b1b01	sub-26		heatpainwithregulationandratings	5	run-05			1	2	1	<PROJECT_ROOT>/derivatives/fmriprep/sub-26/func/sub-26_task-heatpainwithregulationandratings_run-05_space-MNI152NLin2009cAsym_desc-preproc_bold.nii.gz	<PROJECT_ROOT>/derivatives/fmriprep/sub-26/func/sub-26_task-heatpainwithregulationandratings_run-05_desc-brain_mask.nii.gz	<PROJECT_ROOT>/derivatives/fmriprep/sub-26/func/sub-26_task-heatpainwithregulationandratings_run-05_space-MNI152NLin2009cAsym_desc-preproc_bold.json	209	208	0.17119040866660581	0.129039203696137	0.432567954790718	1.121840106754228	25.961538461538463	2.8846153846153846	0.4807692307692308	54	6	1	std_dvars	208	1.4702639471153844	1.2405965	2.93986915	3.919832	6	24	5	34	64	0	4	8	64	64	64	30.62200956937799	0	0	0	0.0	5	98	110	209	2.0	OK	WARN_OUTLIER_BURDEN	OK	KEEP_WITH_WARNING	OK,WARN_OUTLIER_BURDEN,OK	True	False
<PROJECT_ROOT>/derivatives/fmriprep/sub-26/func/sub-26_task-heatpainwithregulationandratings_run-06_desc-confounds_timeseries.tsv	6d07d0139951fe8bdaed303ced5dd4d570fd350a3159c1ed29b915a017b23d16	sub-26		heatpainwithregulationandratings	6	run-06			1	2	1	<PROJECT_ROOT>/derivatives/fmriprep/sub-26/func/sub-26_task-heatpainwithregulationandratings_run-06_space-MNI152NLin2009cAsym_desc-preproc_bold.nii.gz	<PROJECT_ROOT>/derivatives/fmriprep/sub-26/func/sub-26_task-heatpainwithregulationandratings_run-06_desc-brain_mask.nii.gz	<PROJECT_ROOT>/derivatives/fmriprep/sub-26/func/sub-26_task-heatpainwithregulationandratings_run-06_space-MNI152NLin2009cAsym_desc-preproc_bold.json	209	208	0.11002888964270183	0.09534111706446599	0.25407760123847556	0.3758572819176779	9.134615384615383	0.0	0.0	19	0	0	std_dvars	208	1.5354258173076922	1.3352255	2.739136549999998	3.61789	6	24	5	47	78	0	4	8	78	78	78	37.32057416267943	0	0	0	0.0	5	112	96	209	2.0	OK	HIGH_OUTLIER_BURDEN,WARN_LOW_ESTIMATED_DOF	OK	KEEP_FOR_MAIN_BUT_SENSITIVITY_EXCLUDE_CANDIDATE	OK,HIGH_OUTLIER_BURDEN,WARN_LOW_ESTIMATED_DOF,OK	True	True
<PROJECT_ROOT>/derivatives/fmriprep/sub-26/func/sub-26_task-heatpainwithregulationandratings_run-07_desc-confounds_timeseries.tsv	7ed354d3e0b9e41bb98f5b8498c4d3550c038d2f186e40315db6dc43223adce4	sub-26		heatpainwithregulationandratings	7	run-07			1	2	1	<PROJECT_ROOT>/derivatives/fmriprep/sub-26/func/sub-26_task-heatpainwithregulationandratings_run-07_space-MNI152NLin2009cAsym_desc-preproc_bold.nii.gz	<PROJECT_ROOT>/derivatives/fmriprep/sub-26/func/sub-26_task-heatpainwithregulationandratings_run-07_desc-brain_mask.nii.gz	<PROJECT_ROOT>/derivatives/fmriprep/sub-26/func/sub-26_task-heatpainwithregulationandratings_run-07_space-MNI152NLin2009cAsym_desc-preproc_bold.json	191	190	0.11972733865443776	0.10472385745601245	0.24842210550467744	0.4129907602947838	10.0	0.0	0.0	19	0	0	std_dvars	190	1.6883518736842105	1.4936574999999999	3.1302384499999993	4.070831	6	24	4	44	94	0	4	8	94	94	94	49.21465968586388	0	0	0	0.0	5	127	63	191	2.0	OK	HIGH_OUTLIER_BURDEN,WARN_LOW_ESTIMATED_DOF	OK	KEEP_FOR_MAIN_BUT_SENSITIVITY_EXCLUDE_CANDIDATE	OK,HIGH_OUTLIER_BURDEN,WARN_LOW_ESTIMATED_DOF,OK	True	True
<PROJECT_ROOT>/derivatives/fmriprep/sub-26/func/sub-26_task-heatpainwithregulationandratings_run-08_desc-confounds_timeseries.tsv	97ace9fc3ab3e7fafca59bb87a7635a7f1842eb404bce5c0b634c423f68e1e5c	sub-26		heatpainwithregulationandratings	8	run-08			1	2	1	<PROJECT_ROOT>/derivatives/fmriprep/sub-26/func/sub-26_task-heatpainwithregulationandratings_run-08_space-MNI152NLin2009cAsym_desc-preproc_bold.nii.gz	<PROJECT_ROOT>/derivatives/fmriprep/sub-26/func/sub-26_task-heatpainwithregulationandratings_run-08_desc-brain_mask.nii.gz	<PROJECT_ROOT>/derivatives/fmriprep/sub-26/func/sub-26_task-heatpainwithregulationandratings_run-08_space-MNI152NLin2009cAsym_desc-preproc_bold.json	209	208	0.10542513667252902	0.09181398086222335	0.2079465804502306	0.4648995558608947	6.730769230769231	0.0	0.0	14	0	0	std_dvars	208	1.6918943605769232	1.4807175	3.1636720999999963	3.671438	6	24	5	44	100	0	4	8	100	100	100	47.84688995215311	0	0	0	0.0	5	134	74	209	2.0	OK	HIGH_OUTLIER_BURDEN,WARN_LOW_ESTIMATED_DOF	OK	KEEP_FOR_MAIN_BUT_SENSITIVITY_EXCLUDE_CANDIDATE	OK,HIGH_OUTLIER_BURDEN,WARN_LOW_ESTIMATED_DOF,OK	True	True
<PROJECT_ROOT>/derivatives/fmriprep/sub-26/func/sub-26_task-heatpainwithregulationandratings_run-09_desc-confounds_timeseries.tsv	7f65589995ec01832182c786d4e8c543bbaabeba16d5114ce07062b1c096566d	sub-26		heatpainwithregulationandratings	9	run-09			1	2	1	<PROJECT_ROOT>/derivatives/fmriprep/sub-26/func/sub-26_task-heatpainwithregulationandratings_run-09_space-MNI152NLin2009cAsym_desc-preproc_bold.nii.gz	<PROJECT_ROOT>/derivatives/fmriprep/sub-26/func/sub-26_task-heatpainwithregulationandratings_run-09_desc-brain_mask.nii.gz	<PROJECT_ROOT>/derivatives/fmriprep/sub-26/func/sub-26_task-heatpainwithregulationandratings_run-09_space-MNI152NLin2009cAsym_desc-preproc_bold.json	209	208	0.10695745923290433	0.0962195898551009	0.2064484837126626	0.3627482533696894	6.25	0.0	0.0	13	0	0	std_dvars	208	1.399670528846154	1.225769	2.41295605	3.104043	6	24	5	45	57	0	4	8	57	57	57	27.27272727272727	0	0	0	0.0	5	91	117	209	2.0	OK	WARN_OUTLIER_BURDEN	OK	KEEP_WITH_WARNING	OK,WARN_OUTLIER_BURDEN,OK	True	False
<PROJECT_ROOT>/derivatives/fmriprep/sub-27/func/sub-27_task-heatpainwithregulationandratings_run-01_desc-confounds_timeseries.tsv	68284a1bdf456ffef758b3963ff83b1df0d284f5d5cc83606a2bfc18712e7338	sub-27		heatpainwithregulationandratings	1	run-01			1	2	1	<PROJECT_ROOT>/derivatives/fmriprep/sub-27/func/sub-27_task-heatpainwithregulationandratings_run-01_space-MNI152NLin2009cAsym_desc-preproc_bold.nii.gz	<PROJECT_ROOT>/derivatives/fmriprep/sub-27/func/sub-27_task-heatpainwithregulationandratings_run-01_desc-brain_mask.nii.gz	<PROJECT_ROOT>/derivatives/fmriprep/sub-27/func/sub-27_task-heatpainwithregulationandratings_run-01_space-MNI152NLin2009cAsym_desc-preproc_bold.json	209	208	0.13746795167233364	0.11250412057442885	0.27060090297332434	1.1327675346158717	13.942307692307693	0.9615384615384616	0.4807692307692308	29	2	1	std_dvars	208	2.0206835625	1.8138714999999999	4.069675	5.465817	6	24	5	52	131	0	4	8	131	131	131	62.67942583732058	0	0	0	0.0	5	165	43	209	2.0	OK	HIGH_OUTLIER_BURDEN,SEVERE_LOW_ESTIMATED_DOF	OK	KEEP_FOR_MAIN_BUT_SENSITIVITY_EXCLUDE_CANDIDATE	OK,HIGH_OUTLIER_BURDEN,SEVERE_LOW_ESTIMATED_DOF,OK	True	True
<PROJECT_ROOT>/derivatives/fmriprep/sub-27/func/sub-27_task-heatpainwithregulationandratings_run-02_desc-confounds_timeseries.tsv	9346190caaf5ca6fe9d4d64b74efb6dfe70092fe9a28419fdf4c82a4983a2d83	sub-27		heatpainwithregulationandratings	2	run-02			1	2	1	<PROJECT_ROOT>/derivatives/fmriprep/sub-27/func/sub-27_task-heatpainwithregulationandratings_run-02_space-MNI152NLin2009cAsym_desc-preproc_bold.nii.gz	<PROJECT_ROOT>/derivatives/fmriprep/sub-27/func/sub-27_task-heatpainwithregulationandratings_run-02_desc-brain_mask.nii.gz	<PROJECT_ROOT>/derivatives/fmriprep/sub-27/func/sub-27_task-heatpainwithregulationandratings_run-02_space-MNI152NLin2009cAsym_desc-preproc_bold.json	209	208	0.17467561432515527	0.14400870532526183	0.37579242825408066	1.5296233393138885	20.192307692307693	3.8461538461538463	0.9615384615384616	42	8	2	std_dvars	208	1.4907040048076925	1.2656524999999998	3.144329249999999	4.087924	6	24	5	42	78	0	4	8	78	78	78	37.32057416267943	0	0	0	0.0	5	112	96	209	2.0	OK	HIGH_OUTLIER_BURDEN,WARN_LOW_ESTIMATED_DOF	OK	KEEP_FOR_MAIN_BUT_SENSITIVITY_EXCLUDE_CANDIDATE	OK,HIGH_OUTLIER_BURDEN,WARN_LOW_ESTIMATED_DOF,OK	True	True
<PROJECT_ROOT>/derivatives/fmriprep/sub-27/func/sub-27_task-heatpainwithregulationandratings_run-03_desc-confounds_timeseries.tsv	96d9237ee6ebae629f84b7e2805792b401cfaf6716f7df5f268b47620f3db1f0	sub-27		heatpainwithregulationandratings	3	run-03			1	2	1	<PROJECT_ROOT>/derivatives/fmriprep/sub-27/func/sub-27_task-heatpainwithregulationandratings_run-03_space-MNI152NLin2009cAsym_desc-preproc_bold.nii.gz	<PROJECT_ROOT>/derivatives/fmriprep/sub-27/func/sub-27_task-heatpainwithregulationandratings_run-03_desc-brain_mask.nii.gz	<PROJECT_ROOT>/derivatives/fmriprep/sub-27/func/sub-27_task-heatpainwithregulationandratings_run-03_space-MNI152NLin2009cAsym_desc-preproc_bold.json	191	190	0.1541138506005515	0.12420298013332165	0.3266480321283058	1.078944222295748	17.36842105263158	2.1052631578947367	0.5263157894736842	33	4	1	std_dvars	190	1.663870605263158	1.58827	2.6348997	6.213345	6	24	4	40	111	0	4	8	111	111	111	58.1151832460733	0	0	0	0.0	5	144	46	191	2.0	OK	HIGH_OUTLIER_BURDEN,SEVERE_LOW_ESTIMATED_DOF	OK	KEEP_FOR_MAIN_BUT_SENSITIVITY_EXCLUDE_CANDIDATE	OK,HIGH_OUTLIER_BURDEN,SEVERE_LOW_ESTIMATED_DOF,OK	True	True
<PROJECT_ROOT>/derivatives/fmriprep/sub-27/func/sub-27_task-heatpainwithregulationandratings_run-04_desc-confounds_timeseries.tsv	bae33e42afd78cb9a76140190bbfe88a9ee4e872a11672fae4ec288973cfdc73	sub-27		heatpainwithregulationandratings	4	run-04			1	2	1	<PROJECT_ROOT>/derivatives/fmriprep/sub-27/func/sub-27_task-heatpainwithregulationandratings_run-04_space-MNI152NLin2009cAsym_desc-preproc_bold.nii.gz	<PROJECT_ROOT>/derivatives/fmriprep/sub-27/func/sub-27_task-heatpainwithregulationandratings_run-04_desc-brain_mask.nii.gz	<PROJECT_ROOT>/derivatives/fmriprep/sub-27/func/sub-27_task-heatpainwithregulationandratings_run-04_space-MNI152NLin2009cAsym_desc-preproc_bold.json	209	208	0.18056438332603839	0.14406226396058308	0.4248562866873065	1.1932943167857195	27.403846153846157	3.8461538461538463	0.9615384615384616	57	8	2	std_dvars	208	1.4379888846153845	1.2841145	2.6497838999999983	3.931895	6	24	5	45	70	0	4	8	70	70	70	33.49282296650718	0	0	0	0.0	5	104	104	209	2.0	OK	WARN_OUTLIER_BURDEN	OK	KEEP_WITH_WARNING	OK,WARN_OUTLIER_BURDEN,OK	True	False
<PROJECT_ROOT>/derivatives/fmriprep/sub-27/func/sub-27_task-heatpainwithregulationandratings_run-05_desc-confounds_timeseries.tsv	fa717681223e3ceaa47eb9ac716aa50c1f12de1be9c6dc6b262ea000756fef51	sub-27		heatpainwithregulationandratings	5	run-05			1	2	1	<PROJECT_ROOT>/derivatives/fmriprep/sub-27/func/sub-27_task-heatpainwithregulationandratings_run-05_space-MNI152NLin2009cAsym_desc-preproc_bold.nii.gz	<PROJECT_ROOT>/derivatives/fmriprep/sub-27/func/sub-27_task-heatpainwithregulationandratings_run-05_desc-brain_mask.nii.gz	<PROJECT_ROOT>/derivatives/fmriprep/sub-27/func/sub-27_task-heatpainwithregulationandratings_run-05_space-MNI152NLin2009cAsym_desc-preproc_bold.json	209	208	0.24203650024557724	0.17670734939718247	0.6805095272218341	1.9599130791382136	42.30769230769231	8.653846153846153	1.4423076923076923	88	18	3	std_dvars	208	1.2723825336538463	1.076306	2.6249022999999987	5.526124	6	24	5	33	48	0	4	8	48	48	48	22.966507177033492	0	0	0	0.0	5	82	126	209	2.0	WARN_FD_MEAN,WARN_FD_GT_0.5	WARN_OUTLIER_BURDEN	OK	KEEP_WITH_WARNING	WARN_FD_MEAN,WARN_FD_GT_0.5,WARN_OUTLIER_BURDEN,OK	True	False
<PROJECT_ROOT>/derivatives/fmriprep/sub-27/func/sub-27_task-heatpainwithregulationandratings_run-06_desc-confounds_timeseries.tsv	04afe31eb411e87d57e3bc87adf0c81ea794bbac8c71cd47b8b968decf5d043b	sub-27		heatpainwithregulationandratings	6	run-06			1	2	1	<PROJECT_ROOT>/derivatives/fmriprep/sub-27/func/sub-27_task-heatpainwithregulationandratings_run-06_space-MNI152NLin2009cAsym_desc-preproc_bold.nii.gz	<PROJECT_ROOT>/derivatives/fmriprep/sub-27/func/sub-27_task-heatpainwithregulationandratings_run-06_desc-brain_mask.nii.gz	<PROJECT_ROOT>/derivatives/fmriprep/sub-27/func/sub-27_task-heatpainwithregulationandratings_run-06_space-MNI152NLin2009cAsym_desc-preproc_bold.json	209	208	0.1833854586951587	0.1449197435031076	0.37810948675336625	2.56174080949192	25.48076923076923	2.8846153846153846	0.9615384615384616	53	6	2	std_dvars	208	1.2601846105769234	0.9112775	3.255722449999998	4.778147	6	24	5	41	43	0	4	8	43	43	43	20.574162679425836	0	0	0	0.0	5	77	131	209	2.0	WARN_FD_MAX	WARN_OUTLIER_BURDEN	OK	KEEP_WITH_WARNING	WARN_FD_MAX,WARN_OUTLIER_BURDEN,OK	True	False
<PROJECT_ROOT>/derivatives/fmriprep/sub-27/func/sub-27_task-heatpainwithregulationandratings_run-07_desc-confounds_timeseries.tsv	1d88f50043fbd70ae900034fd33560c3a0ed7ddc32d9d51a75d1ae3f6e7c50a4	sub-27		heatpainwithregulationandratings	7	run-07			1	2	1	<PROJECT_ROOT>/derivatives/fmriprep/sub-27/func/sub-27_task-heatpainwithregulationandratings_run-07_space-MNI152NLin2009cAsym_desc-preproc_bold.nii.gz	<PROJECT_ROOT>/derivatives/fmriprep/sub-27/func/sub-27_task-heatpainwithregulationandratings_run-07_desc-brain_mask.nii.gz	<PROJECT_ROOT>/derivatives/fmriprep/sub-27/func/sub-27_task-heatpainwithregulationandratings_run-07_space-MNI152NLin2009cAsym_desc-preproc_bold.json	191	190	0.2152135725300343	0.18322556096338138	0.5649363924335589	1.0165053795028096	43.684210526315795	7.368421052631578	0.5263157894736842	83	14	1	std_dvars	190	1.247122357894737	0.9975255000000001	2.7097979499999965	5.162047	6	24	4	33	36	0	4	8	36	36	36	18.848167539267017	0	0	0	0.0	5	69	121	191	2.0	WARN_FD_MEAN,WARN_FD_GT_0.5	OK	OK	KEEP_WITH_WARNING	WARN_FD_MEAN,WARN_FD_GT_0.5,OK,OK	True	False
<PROJECT_ROOT>/derivatives/fmriprep/sub-27/func/sub-27_task-heatpainwithregulationandratings_run-08_desc-confounds_timeseries.tsv	7d71795bfc83fab31922e7b0c8e05c1c4ee5e45f6a1b8fd5cb60636014960f18	sub-27		heatpainwithregulationandratings	8	run-08			1	2	1	<PROJECT_ROOT>/derivatives/fmriprep/sub-27/func/sub-27_task-heatpainwithregulationandratings_run-08_space-MNI152NLin2009cAsym_desc-preproc_bold.nii.gz	<PROJECT_ROOT>/derivatives/fmriprep/sub-27/func/sub-27_task-heatpainwithregulationandratings_run-08_desc-brain_mask.nii.gz	<PROJECT_ROOT>/derivatives/fmriprep/sub-27/func/sub-27_task-heatpainwithregulationandratings_run-08_space-MNI152NLin2009cAsym_desc-preproc_bold.json	209	208	0.1588818278469431	0.13250897663541134	0.33058905220956686	1.147319882008805	22.596153846153847	0.9615384615384616	0.4807692307692308	47	2	1	std_dvars	208	1.640748658653846	1.4949025	2.7797840499999964	5.114994	6	24	5	43	104	0	4	8	104	104	104	49.760765550239235	0	0	0	0.0	5	138	70	209	2.0	OK	HIGH_OUTLIER_BURDEN,WARN_LOW_ESTIMATED_DOF	OK	KEEP_FOR_MAIN_BUT_SENSITIVITY_EXCLUDE_CANDIDATE	OK,HIGH_OUTLIER_BURDEN,WARN_LOW_ESTIMATED_DOF,OK	True	True
<PROJECT_ROOT>/derivatives/fmriprep/sub-27/func/sub-27_task-heatpainwithregulationandratings_run-09_desc-confounds_timeseries.tsv	e81e411a185eee510b86651c42fb37328c17341fe9ae733d044fc4d5b267f791	sub-27		heatpainwithregulationandratings	9	run-09			1	2	1	<PROJECT_ROOT>/derivatives/fmriprep/sub-27/func/sub-27_task-heatpainwithregulationandratings_run-09_space-MNI152NLin2009cAsym_desc-preproc_bold.nii.gz	<PROJECT_ROOT>/derivatives/fmriprep/sub-27/func/sub-27_task-heatpainwithregulationandratings_run-09_desc-brain_mask.nii.gz	<PROJECT_ROOT>/derivatives/fmriprep/sub-27/func/sub-27_task-heatpainwithregulationandratings_run-09_space-MNI152NLin2009cAsym_desc-preproc_bold.json	209	208	0.16610411497202163	0.13232186579259803	0.43266887685451305	0.8939571203853082	24.519230769230766	3.8461538461538463	0.0	51	8	0	std_dvars	208	1.6530176923076922	1.393985	3.3362903999999998	4.992205	6	24	5	45	84	0	4	8	84	84	84	40.19138755980861	0	0	0	0.0	5	118	90	209	2.0	OK	HIGH_OUTLIER_BURDEN,WARN_LOW_ESTIMATED_DOF	OK	KEEP_FOR_MAIN_BUT_SENSITIVITY_EXCLUDE_CANDIDATE	OK,HIGH_OUTLIER_BURDEN,WARN_LOW_ESTIMATED_DOF,OK	True	True
<PROJECT_ROOT>/derivatives/fmriprep/sub-28/func/sub-28_task-heatpainwithregulationandratings_run-01_desc-confounds_timeseries.tsv	5fadd13990ca38540eb8d9a587a86e9b1560b8b6b8ca54ce7d0b8af42378b7d9	sub-28		heatpainwithregulationandratings	1	run-01			1	2	1	<PROJECT_ROOT>/derivatives/fmriprep/sub-28/func/sub-28_task-heatpainwithregulationandratings_run-01_space-MNI152NLin2009cAsym_desc-preproc_bold.nii.gz	<PROJECT_ROOT>/derivatives/fmriprep/sub-28/func/sub-28_task-heatpainwithregulationandratings_run-01_desc-brain_mask.nii.gz	<PROJECT_ROOT>/derivatives/fmriprep/sub-28/func/sub-28_task-heatpainwithregulationandratings_run-01_space-MNI152NLin2009cAsym_desc-preproc_bold.json	209	208	0.17958003410898649	0.16402984472181315	0.32364848060572177	0.6608342181913389	30.76923076923077	1.4423076923076923	0.0	64	3	0	std_dvars	208	1.7805717548076923	1.7443555	2.637508449999998	3.379358	6	24	5	47	145	0	4	8	145	145	145	69.377990430622	0	0	0	0.0	5	179	29	209	2.0	OK	HIGH_OUTLIER_BURDEN,SEVERE_LOW_ESTIMATED_DOF	OK	KEEP_FOR_MAIN_BUT_SENSITIVITY_EXCLUDE_CANDIDATE	OK,HIGH_OUTLIER_BURDEN,SEVERE_LOW_ESTIMATED_DOF,OK	True	True
<PROJECT_ROOT>/derivatives/fmriprep/sub-28/func/sub-28_task-heatpainwithregulationandratings_run-02_desc-confounds_timeseries.tsv	88d353078c3a333fe72ce8f29045d1ba5fdfc62179b1f8dbe1606f956ea9de00	sub-28		heatpainwithregulationandratings	2	run-02			1	2	1	<PROJECT_ROOT>/derivatives/fmriprep/sub-28/func/sub-28_task-heatpainwithregulationandratings_run-02_space-MNI152NLin2009cAsym_desc-preproc_bold.nii.gz	<PROJECT_ROOT>/derivatives/fmriprep/sub-28/func/sub-28_task-heatpainwithregulationandratings_run-02_desc-brain_mask.nii.gz	<PROJECT_ROOT>/derivatives/fmriprep/sub-28/func/sub-28_task-heatpainwithregulationandratings_run-02_space-MNI152NLin2009cAsym_desc-preproc_bold.json	209	208	0.1732861162310666	0.1674072676146277	0.3015694080222552	0.4842495605305814	35.57692307692308	0.0	0.0	74	0	0	std_dvars	208	1.6194595432692307	1.4717159999999998	2.5693398999999997	2.750735	6	24	5	51	103	0	4	8	103	103	103	49.282296650717704	0	0	0	0.0	5	137	71	209	2.0	OK	HIGH_OUTLIER_BURDEN,WARN_LOW_ESTIMATED_DOF	OK	KEEP_FOR_MAIN_BUT_SENSITIVITY_EXCLUDE_CANDIDATE	OK,HIGH_OUTLIER_BURDEN,WARN_LOW_ESTIMATED_DOF,OK	True	True
<PROJECT_ROOT>/derivatives/fmriprep/sub-28/func/sub-28_task-heatpainwithregulationandratings_run-03_desc-confounds_timeseries.tsv	cb32c3434292ac2422b9916f3edb0c4cbb83bcea6fc3af91e6f406ad06e4a6e9	sub-28		heatpainwithregulationandratings	3	run-03			1	2	1	<PROJECT_ROOT>/derivatives/fmriprep/sub-28/func/sub-28_task-heatpainwithregulationandratings_run-03_space-MNI152NLin2009cAsym_desc-preproc_bold.nii.gz	<PROJECT_ROOT>/derivatives/fmriprep/sub-28/func/sub-28_task-heatpainwithregulationandratings_run-03_desc-brain_mask.nii.gz	<PROJECT_ROOT>/derivatives/fmriprep/sub-28/func/sub-28_task-heatpainwithregulationandratings_run-03_space-MNI152NLin2009cAsym_desc-preproc_bold.json	191	190	0.17999719137387415	0.170178223920437	0.31487780576812424	0.5121826348860802	36.31578947368421	0.5263157894736842	0.0	69	1	0	std_dvars	190	1.2847200210526317	1.2678530000000001	1.5994596999999997	1.799574	6	24	4	46	22	0	4	8	22	22	22	11.518324607329843	0	0	0	0.0	5	55	135	191	2.0	OK	OK	OK	KEEP	OK	True	False
<PROJECT_ROOT>/derivatives/fmriprep/sub-28/func/sub-28_task-heatpainwithregulationandratings_run-04_desc-confounds_timeseries.tsv	ea628016f867538913fe01546ab0713a79efec0f80e3b2ea813512c8af0fc682	sub-28		heatpainwithregulationandratings	4	run-04			1	2	1	<PROJECT_ROOT>/derivatives/fmriprep/sub-28/func/sub-28_task-heatpainwithregulationandratings_run-04_space-MNI152NLin2009cAsym_desc-preproc_bold.nii.gz	<PROJECT_ROOT>/derivatives/fmriprep/sub-28/func/sub-28_task-heatpainwithregulationandratings_run-04_desc-brain_mask.nii.gz	<PROJECT_ROOT>/derivatives/fmriprep/sub-28/func/sub-28_task-heatpainwithregulationandratings_run-04_space-MNI152NLin2009cAsym_desc-preproc_bold.json	209	208	0.213427130051576	0.1706647131317835	0.5073510572286729	1.7189751833208864	35.09615384615385	5.288461538461538	0.9615384615384616	73	11	2	std_dvars	208	1.9707409375000002	1.883537	2.957419249999997	3.681022	6	24	5	44	162	0	4	8	162	162	162	77.51196172248804	0	0	0	0.0	5	196	12	209	2.0	WARN_FD_MEAN,WARN_FD_GT_0.5	HIGH_OUTLIER_BURDEN,SEVERE_LOW_ESTIMATED_DOF	OK	KEEP_FOR_MAIN_BUT_SENSITIVITY_EXCLUDE_CANDIDATE	WARN_FD_MEAN,WARN_FD_GT_0.5,HIGH_OUTLIER_BURDEN,SEVERE_LOW_ESTIMATED_DOF,OK	True	True
<PROJECT_ROOT>/derivatives/fmriprep/sub-28/func/sub-28_task-heatpainwithregulationandratings_run-05_desc-confounds_timeseries.tsv	77525ca7a20ac37bd4ab14ff656f01f699ef4768b84c7304a6a7c026d14b7200	sub-28		heatpainwithregulationandratings	5	run-05			1	2	1	<PROJECT_ROOT>/derivatives/fmriprep/sub-28/func/sub-28_task-heatpainwithregulationandratings_run-05_space-MNI152NLin2009cAsym_desc-preproc_bold.nii.gz	<PROJECT_ROOT>/derivatives/fmriprep/sub-28/func/sub-28_task-heatpainwithregulationandratings_run-05_desc-brain_mask.nii.gz	<PROJECT_ROOT>/derivatives/fmriprep/sub-28/func/sub-28_task-heatpainwithregulationandratings_run-05_space-MNI152NLin2009cAsym_desc-preproc_bold.json	209	208	0.20321213805488725	0.1822838784725559	0.41379938006316264	0.9170209171881414	40.38461538461539	3.3653846153846154	0.0	84	7	0	std_dvars	208	1.3619806009615385	1.3342615000000002	1.7882336499999998	2.169858	6	24	5	43	50	0	4	8	50	50	50	23.923444976076556	0	0	0	0.0	5	84	124	209	2.0	WARN_FD_MEAN	WARN_OUTLIER_BURDEN	OK	KEEP_WITH_WARNING	WARN_FD_MEAN,WARN_OUTLIER_BURDEN,OK	True	False
<PROJECT_ROOT>/derivatives/fmriprep/sub-28/func/sub-28_task-heatpainwithregulationandratings_run-06_desc-confounds_timeseries.tsv	831a47e1cab173ae9fbdc6a6c6afd5b6e4c0af931bf50b719d6c5a170c8f5495	sub-28		heatpainwithregulationandratings	6	run-06			1	2	1	<PROJECT_ROOT>/derivatives/fmriprep/sub-28/func/sub-28_task-heatpainwithregulationandratings_run-06_space-MNI152NLin2009cAsym_desc-preproc_bold.nii.gz	<PROJECT_ROOT>/derivatives/fmriprep/sub-28/func/sub-28_task-heatpainwithregulationandratings_run-06_desc-brain_mask.nii.gz	<PROJECT_ROOT>/derivatives/fmriprep/sub-28/func/sub-28_task-heatpainwithregulationandratings_run-06_space-MNI152NLin2009cAsym_desc-preproc_bold.json	209	208	0.25432395408127123	0.22196253300400604	0.5767426029032917	1.0531657910435566	58.17307692307693	7.6923076923076925	0.4807692307692308	121	16	1	std_dvars	208	1.3577523605769233	1.285453	2.0387402499999996	2.760675	6	24	5	41	58	0	4	8	58	58	58	27.751196172248804	0	0	0	0.0	5	92	116	209	2.0	WARN_FD_MEAN,WARN_FD_GT_0.5	WARN_OUTLIER_BURDEN	OK	KEEP_WITH_WARNING	WARN_FD_MEAN,WARN_FD_GT_0.5,WARN_OUTLIER_BURDEN,OK	True	False
<PROJECT_ROOT>/derivatives/fmriprep/sub-28/func/sub-28_task-heatpainwithregulationandratings_run-07_desc-confounds_timeseries.tsv	942eebf0fef895fe8bc075238b063db6207f18265b42bd6cacf7e2498fb1a6cb	sub-28		heatpainwithregulationandratings	7	run-07			1	2	1	<PROJECT_ROOT>/derivatives/fmriprep/sub-28/func/sub-28_task-heatpainwithregulationandratings_run-07_space-MNI152NLin2009cAsym_desc-preproc_bold.nii.gz	<PROJECT_ROOT>/derivatives/fmriprep/sub-28/func/sub-28_task-heatpainwithregulationandratings_run-07_desc-brain_mask.nii.gz	<PROJECT_ROOT>/derivatives/fmriprep/sub-28/func/sub-28_task-heatpainwithregulationandratings_run-07_space-MNI152NLin2009cAsym_desc-preproc_bold.json	191	190	0.21964586886367818	0.1894348990445853	0.4489077887118424	0.9908827491977032	46.31578947368421	4.2105263157894735	0.0	88	8	0	std_dvars	190	1.3506195631578946	1.2914530000000002	2.115379799999999	2.521385	6	24	4	41	47	0	4	8	47	47	47	24.60732984293194	0	0	0	0.0	5	80	110	191	2.0	WARN_FD_MEAN	WARN_OUTLIER_BURDEN	OK	KEEP_WITH_WARNING	WARN_FD_MEAN,WARN_OUTLIER_BURDEN,OK	True	False
<PROJECT_ROOT>/derivatives/fmriprep/sub-28/func/sub-28_task-heatpainwithregulationandratings_run-08_desc-confounds_timeseries.tsv	9d489490028dc0f689ae55b7d8d09e4facf8daf943e39520ab1157ec4c17ec1b	sub-28		heatpainwithregulationandratings	8	run-08			1	2	1	<PROJECT_ROOT>/derivatives/fmriprep/sub-28/func/sub-28_task-heatpainwithregulationandratings_run-08_space-MNI152NLin2009cAsym_desc-preproc_bold.nii.gz	<PROJECT_ROOT>/derivatives/fmriprep/sub-28/func/sub-28_task-heatpainwithregulationandratings_run-08_desc-brain_mask.nii.gz	<PROJECT_ROOT>/derivatives/fmriprep/sub-28/func/sub-28_task-heatpainwithregulationandratings_run-08_space-MNI152NLin2009cAsym_desc-preproc_bold.json	209	208	0.19136811322067812	0.18070198526629933	0.3627598399970983	0.6912371804651598	39.90384615384615	1.4423076923076923	0.0	83	3	0	std_dvars	208	1.4928729278846153	1.4673595000000001	2.1573501999999998	2.614521	6	24	5	47	96	0	4	8	96	96	96	45.933014354066984	0	0	0	0.0	5	130	78	209	2.0	OK	HIGH_OUTLIER_BURDEN,WARN_LOW_ESTIMATED_DOF	OK	KEEP_FOR_MAIN_BUT_SENSITIVITY_EXCLUDE_CANDIDATE	OK,HIGH_OUTLIER_BURDEN,WARN_LOW_ESTIMATED_DOF,OK	True	True
<PROJECT_ROOT>/derivatives/fmriprep/sub-28/func/sub-28_task-heatpainwithregulationandratings_run-09_desc-confounds_timeseries.tsv	2a60fb830339d7e777cd161eda40c803a81270a44cd03422509105eb211a53c2	sub-28		heatpainwithregulationandratings	9	run-09			1	2	1	<PROJECT_ROOT>/derivatives/fmriprep/sub-28/func/sub-28_task-heatpainwithregulationandratings_run-09_space-MNI152NLin2009cAsym_desc-preproc_bold.nii.gz	<PROJECT_ROOT>/derivatives/fmriprep/sub-28/func/sub-28_task-heatpainwithregulationandratings_run-09_desc-brain_mask.nii.gz	<PROJECT_ROOT>/derivatives/fmriprep/sub-28/func/sub-28_task-heatpainwithregulationandratings_run-09_space-MNI152NLin2009cAsym_desc-preproc_bold.json	209	208	0.21744443593151427	0.18749485414502184	0.47455214914288624	0.7566782237225748	44.230769230769226	4.326923076923077	0.0	92	9	0	std_dvars	208	1.557049235576923	1.399902	2.655992149999999	3.915112	6	24	5	44	86	0	4	8	86	86	86	41.14832535885167	0	0	0	0.0	5	120	88	209	2.0	WARN_FD_MEAN	HIGH_OUTLIER_BURDEN,WARN_LOW_ESTIMATED_DOF	OK	KEEP_FOR_MAIN_BUT_SENSITIVITY_EXCLUDE_CANDIDATE	WARN_FD_MEAN,HIGH_OUTLIER_BURDEN,WARN_LOW_ESTIMATED_DOF,OK	True	True
<PROJECT_ROOT>/derivatives/fmriprep/sub-29/func/sub-29_task-heatpainwithregulationandratings_run-01_desc-confounds_timeseries.tsv	98387d67461d0e67a39e37138412238e1c09288ed08757e8631d3f2538de6ef1	sub-29		heatpainwithregulationandratings	1	run-01			1	2	1	<PROJECT_ROOT>/derivatives/fmriprep/sub-29/func/sub-29_task-heatpainwithregulationandratings_run-01_space-MNI152NLin2009cAsym_desc-preproc_bold.nii.gz	<PROJECT_ROOT>/derivatives/fmriprep/sub-29/func/sub-29_task-heatpainwithregulationandratings_run-01_desc-brain_mask.nii.gz	<PROJECT_ROOT>/derivatives/fmriprep/sub-29/func/sub-29_task-heatpainwithregulationandratings_run-01_space-MNI152NLin2009cAsym_desc-preproc_bold.json	209	208	0.25062923708878626	0.2151259348135941	0.4860975227433607	0.9124041251711636	57.21153846153846	4.807692307692308	0.0	119	10	0	std_dvars	208	1.2263489519230768	1.1453035	1.7015397499999998	3.242498	6	24	5	45	34	0	4	8	34	34	34	16.267942583732058	0	0	0	0.0	5	68	140	209	2.0	WARN_FD_MEAN	OK	OK	KEEP_WITH_WARNING	WARN_FD_MEAN,OK,OK	True	False
<PROJECT_ROOT>/derivatives/fmriprep/sub-29/func/sub-29_task-heatpainwithregulationandratings_run-02_desc-confounds_timeseries.tsv	04d6ff81b4ca9fa9c0e4b2e5981730093832bb009a6d736f84a7469d8bcef6aa	sub-29		heatpainwithregulationandratings	2	run-02			1	2	1	<PROJECT_ROOT>/derivatives/fmriprep/sub-29/func/sub-29_task-heatpainwithregulationandratings_run-02_space-MNI152NLin2009cAsym_desc-preproc_bold.nii.gz	<PROJECT_ROOT>/derivatives/fmriprep/sub-29/func/sub-29_task-heatpainwithregulationandratings_run-02_desc-brain_mask.nii.gz	<PROJECT_ROOT>/derivatives/fmriprep/sub-29/func/sub-29_task-heatpainwithregulationandratings_run-02_space-MNI152NLin2009cAsym_desc-preproc_bold.json	209	208	0.3462799091273356	0.27088137616896957	0.7104275181527694	2.8529802692835644	76.4423076923077	14.903846153846153	1.9230769230769231	159	31	4	std_dvars	208	1.3697575192307692	1.1837495	2.8834626499999985	3.8318	6	24	5	30	55	0	4	8	55	55	55	26.31578947368421	0	0	0	0.0	5	89	119	209	2.0	BAD_FD_MEAN,BAD_FD_GT_0.5,WARN_FD_MAX	WARN_OUTLIER_BURDEN	OK	KEEP_FOR_MAIN_BUT_SENSITIVITY_EXCLUDE_CANDIDATE	BAD_FD_MEAN,BAD_FD_GT_0.5,WARN_FD_MAX,WARN_OUTLIER_BURDEN,OK	True	True
<PROJECT_ROOT>/derivatives/fmriprep/sub-29/func/sub-29_task-heatpainwithregulationandratings_run-03_desc-confounds_timeseries.tsv	9930e9b27e3a4b7228e66de8cbf05061b882567f2e9de91db86ee04c576b4cd6	sub-29		heatpainwithregulationandratings	3	run-03			1	2	1	<PROJECT_ROOT>/derivatives/fmriprep/sub-29/func/sub-29_task-heatpainwithregulationandratings_run-03_space-MNI152NLin2009cAsym_desc-preproc_bold.nii.gz	<PROJECT_ROOT>/derivatives/fmriprep/sub-29/func/sub-29_task-heatpainwithregulationandratings_run-03_desc-brain_mask.nii.gz	<PROJECT_ROOT>/derivatives/fmriprep/sub-29/func/sub-29_task-heatpainwithregulationandratings_run-03_space-MNI152NLin2009cAsym_desc-preproc_bold.json	191	190	0.299184017868133	0.2398709607865004	0.7028472374722573	1.6479293229046774	61.578947368421055	13.157894736842104	1.0526315789473684	117	25	2	std_dvars	190	1.3348921263157894	1.144296	2.448885599999999	3.685826	6	24	4	38	62	0	4	8	62	62	62	32.460732984293195	0	0	0	0.0	5	95	95	191	2.0	WARN_FD_MEAN,BAD_FD_GT_0.5	WARN_OUTLIER_BURDEN,WARN_LOW_ESTIMATED_DOF	OK	KEEP_FOR_MAIN_BUT_SENSITIVITY_EXCLUDE_CANDIDATE	WARN_FD_MEAN,BAD_FD_GT_0.5,WARN_OUTLIER_BURDEN,WARN_LOW_ESTIMATED_DOF,OK	True	True
<PROJECT_ROOT>/derivatives/fmriprep/sub-29/func/sub-29_task-heatpainwithregulationandratings_run-04_desc-confounds_timeseries.tsv	35bb06406a311bdd5170fc4684af0dc2612352091e93028a84e9bb8ded4470d4	sub-29		heatpainwithregulationandratings	4	run-04			1	2	1	<PROJECT_ROOT>/derivatives/fmriprep/sub-29/func/sub-29_task-heatpainwithregulationandratings_run-04_space-MNI152NLin2009cAsym_desc-preproc_bold.nii.gz	<PROJECT_ROOT>/derivatives/fmriprep/sub-29/func/sub-29_task-heatpainwithregulationandratings_run-04_desc-brain_mask.nii.gz	<PROJECT_ROOT>/derivatives/fmriprep/sub-29/func/sub-29_task-heatpainwithregulationandratings_run-04_space-MNI152NLin2009cAsym_desc-preproc_bold.json	209	208	0.3513412128718396	0.257397041390917	1.0109891468611794	3.584848449324993	70.67307692307693	12.01923076923077	5.769230769230769	147	25	12	std_dvars	208	1.5622081346153844	1.366703	2.8578030499999985	5.450426	6	24	5	35	68	0	4	8	68	68	68	32.535885167464116	0	0	0	0.0	5	102	106	209	2.0	BAD_FD_MEAN,BAD_FD_GT_0.5,WARN_FD_MAX	WARN_OUTLIER_BURDEN	OK	KEEP_FOR_MAIN_BUT_SENSITIVITY_EXCLUDE_CANDIDATE	BAD_FD_MEAN,BAD_FD_GT_0.5,WARN_FD_MAX,WARN_OUTLIER_BURDEN,OK	True	True
<PROJECT_ROOT>/derivatives/fmriprep/sub-29/func/sub-29_task-heatpainwithregulationandratings_run-05_desc-confounds_timeseries.tsv	e0f5d2cdb565ca15655384ae682002f19bd41ac3d63f899b91b1094a19835b69	sub-29		heatpainwithregulationandratings	5	run-05			1	2	1	<PROJECT_ROOT>/derivatives/fmriprep/sub-29/func/sub-29_task-heatpainwithregulationandratings_run-05_space-MNI152NLin2009cAsym_desc-preproc_bold.nii.gz	<PROJECT_ROOT>/derivatives/fmriprep/sub-29/func/sub-29_task-heatpainwithregulationandratings_run-05_desc-brain_mask.nii.gz	<PROJECT_ROOT>/derivatives/fmriprep/sub-29/func/sub-29_task-heatpainwithregulationandratings_run-05_space-MNI152NLin2009cAsym_desc-preproc_bold.json	209	208	0.24118210981545535	0.2220914511012836	0.4754044085134137	0.9853416695450418	59.13461538461539	4.807692307692308	0.0	123	10	0	std_dvars	208	1.4836137740384616	1.339124	2.5309178999999937	4.426793	6	24	5	40	62	0	4	8	62	62	62	29.665071770334926	0	0	0	0.0	5	96	112	209	2.0	WARN_FD_MEAN	WARN_OUTLIER_BURDEN	OK	KEEP_WITH_WARNING	WARN_FD_MEAN,WARN_OUTLIER_BURDEN,OK	True	False
<PROJECT_ROOT>/derivatives/fmriprep/sub-29/func/sub-29_task-heatpainwithregulationandratings_run-06_desc-confounds_timeseries.tsv	587b06380c7ee565e523bf380be41e37bdd476e246bdb2487bd631ca53d608b7	sub-29		heatpainwithregulationandratings	6	run-06			1	2	1	<PROJECT_ROOT>/derivatives/fmriprep/sub-29/func/sub-29_task-heatpainwithregulationandratings_run-06_space-MNI152NLin2009cAsym_desc-preproc_bold.nii.gz	<PROJECT_ROOT>/derivatives/fmriprep/sub-29/func/sub-29_task-heatpainwithregulationandratings_run-06_desc-brain_mask.nii.gz	<PROJECT_ROOT>/derivatives/fmriprep/sub-29/func/sub-29_task-heatpainwithregulationandratings_run-06_space-MNI152NLin2009cAsym_desc-preproc_bold.json	209	208	0.2709859518907031	0.23264769145686692	0.633934039813759	0.8701240273618707	62.019230769230774	7.6923076923076925	0.0	129	16	0	std_dvars	208	1.4354317259615383	1.3064045	2.2683140499999976	3.871443	6	24	5	36	63	0	4	8	63	63	63	30.14354066985646	0	0	0	0.0	5	97	111	209	2.0	WARN_FD_MEAN,WARN_FD_GT_0.5	WARN_OUTLIER_BURDEN	OK	KEEP_WITH_WARNING	WARN_FD_MEAN,WARN_FD_GT_0.5,WARN_OUTLIER_BURDEN,OK	True	False
<PROJECT_ROOT>/derivatives/fmriprep/sub-29/func/sub-29_task-heatpainwithregulationandratings_run-07_desc-confounds_timeseries.tsv	d946d72eb2d6dc6b3dc2f16b52a4dd2164b6efc36de46039effed5dc05cbf52b	sub-29		heatpainwithregulationandratings	7	run-07			1	2	1	<PROJECT_ROOT>/derivatives/fmriprep/sub-29/func/sub-29_task-heatpainwithregulationandratings_run-07_space-MNI152NLin2009cAsym_desc-preproc_bold.nii.gz	<PROJECT_ROOT>/derivatives/fmriprep/sub-29/func/sub-29_task-heatpainwithregulationandratings_run-07_desc-brain_mask.nii.gz	<PROJECT_ROOT>/derivatives/fmriprep/sub-29/func/sub-29_task-heatpainwithregulationandratings_run-07_space-MNI152NLin2009cAsym_desc-preproc_bold.json	191	190	0.2163296095914286	0.2047889420787556	0.3671054723074053	0.6196999455018067	52.63157894736842	0.5263157894736842	0.0	100	1	0	std_dvars	190	1.4432763631578946	1.3492115	2.128286149999999	3.72291	6	24	4	44	66	0	4	8	66	66	66	34.55497382198953	0	0	0	0.0	5	99	91	191	2.0	WARN_FD_MEAN	WARN_OUTLIER_BURDEN,WARN_LOW_ESTIMATED_DOF	OK	KEEP_FOR_MAIN_BUT_SENSITIVITY_EXCLUDE_CANDIDATE	WARN_FD_MEAN,WARN_OUTLIER_BURDEN,WARN_LOW_ESTIMATED_DOF,OK	True	True
<PROJECT_ROOT>/derivatives/fmriprep/sub-29/func/sub-29_task-heatpainwithregulationandratings_run-08_desc-confounds_timeseries.tsv	68292dabb8dc61bd90228804818c1a1a4a94e5528055dfd8448ffb387a2adab2	sub-29		heatpainwithregulationandratings	8	run-08			1	2	1	<PROJECT_ROOT>/derivatives/fmriprep/sub-29/func/sub-29_task-heatpainwithregulationandratings_run-08_space-MNI152NLin2009cAsym_desc-preproc_bold.nii.gz	<PROJECT_ROOT>/derivatives/fmriprep/sub-29/func/sub-29_task-heatpainwithregulationandratings_run-08_desc-brain_mask.nii.gz	<PROJECT_ROOT>/derivatives/fmriprep/sub-29/func/sub-29_task-heatpainwithregulationandratings_run-08_space-MNI152NLin2009cAsym_desc-preproc_bold.json	209	208	0.22130816304915144	0.21033759795855156	0.3987911220517819	0.896692996848444	55.769230769230774	2.403846153846154	0.0	116	5	0	std_dvars	208	1.4943264471153848	1.404323	2.3310125999999998	3.894157	6	24	5	46	71	0	4	8	71	71	71	33.97129186602871	0	0	0	0.0	5	105	103	209	2.0	WARN_FD_MEAN	WARN_OUTLIER_BURDEN	OK	KEEP_WITH_WARNING	WARN_FD_MEAN,WARN_OUTLIER_BURDEN,OK	True	False
<PROJECT_ROOT>/derivatives/fmriprep/sub-29/func/sub-29_task-heatpainwithregulationandratings_run-09_desc-confounds_timeseries.tsv	bd2bb36683e1bdfdd8cc56e239429551462e554fc13a3b3de218efdb72ce541d	sub-29		heatpainwithregulationandratings	9	run-09			1	2	1	<PROJECT_ROOT>/derivatives/fmriprep/sub-29/func/sub-29_task-heatpainwithregulationandratings_run-09_space-MNI152NLin2009cAsym_desc-preproc_bold.nii.gz	<PROJECT_ROOT>/derivatives/fmriprep/sub-29/func/sub-29_task-heatpainwithregulationandratings_run-09_desc-brain_mask.nii.gz	<PROJECT_ROOT>/derivatives/fmriprep/sub-29/func/sub-29_task-heatpainwithregulationandratings_run-09_space-MNI152NLin2009cAsym_desc-preproc_bold.json	209	208	0.2041655198977687	0.19670273841303193	0.3288647294744133	0.4204853178686484	49.519230769230774	0.0	0.0	103	0	0	std_dvars	208	1.480974769230769	1.4230450000000001	1.9816357999999998	3.940132	6	24	5	51	77	0	4	8	77	77	77	36.84210526315789	0	0	0	0.0	5	111	97	209	2.0	WARN_FD_MEAN	HIGH_OUTLIER_BURDEN,WARN_LOW_ESTIMATED_DOF	OK	KEEP_FOR_MAIN_BUT_SENSITIVITY_EXCLUDE_CANDIDATE	WARN_FD_MEAN,HIGH_OUTLIER_BURDEN,WARN_LOW_ESTIMATED_DOF,OK	True	True
<PROJECT_ROOT>/derivatives/fmriprep/sub-30/func/sub-30_task-heatpainwithregulationandratings_run-01_desc-confounds_timeseries.tsv	323b5dd2a6c2d91694e554ab6b4e536c867c5dfcbb9169658a0087c609c569a0	sub-30		heatpainwithregulationandratings	1	run-01			1	2	1	<PROJECT_ROOT>/derivatives/fmriprep/sub-30/func/sub-30_task-heatpainwithregulationandratings_run-01_space-MNI152NLin2009cAsym_desc-preproc_bold.nii.gz	<PROJECT_ROOT>/derivatives/fmriprep/sub-30/func/sub-30_task-heatpainwithregulationandratings_run-01_desc-brain_mask.nii.gz	<PROJECT_ROOT>/derivatives/fmriprep/sub-30/func/sub-30_task-heatpainwithregulationandratings_run-01_space-MNI152NLin2009cAsym_desc-preproc_bold.json	209	208	0.0855706699486566	0.07669669788882755	0.15190090221548438	0.2913491385627648	0.9615384615384616	0.0	0.0	2	0	0	std_dvars	208	2.223831519230769	2.0246525	4.144263749999998	6.144487	6	24	5	54	175	0	4	8	175	175	175	83.73205741626795	0	0	0	0.0	5	209	-1	209	2.0	OK	HIGH_OUTLIER_BURDEN,SEVERE_LOW_ESTIMATED_DOF	OK	KEEP_FOR_MAIN_BUT_SENSITIVITY_EXCLUDE_CANDIDATE	OK,HIGH_OUTLIER_BURDEN,SEVERE_LOW_ESTIMATED_DOF,OK	True	True
<PROJECT_ROOT>/derivatives/fmriprep/sub-30/func/sub-30_task-heatpainwithregulationandratings_run-02_desc-confounds_timeseries.tsv	564017d9ec6c783f7c87d15dde61c3c982e4fcceb090c5c41b2216cd6885d989	sub-30		heatpainwithregulationandratings	2	run-02			1	2	1	<PROJECT_ROOT>/derivatives/fmriprep/sub-30/func/sub-30_task-heatpainwithregulationandratings_run-02_space-MNI152NLin2009cAsym_desc-preproc_bold.nii.gz	<PROJECT_ROOT>/derivatives/fmriprep/sub-30/func/sub-30_task-heatpainwithregulationandratings_run-02_desc-brain_mask.nii.gz	<PROJECT_ROOT>/derivatives/fmriprep/sub-30/func/sub-30_task-heatpainwithregulationandratings_run-02_space-MNI152NLin2009cAsym_desc-preproc_bold.json	209	208	0.09556820787277763	0.08625518666796105	0.17408663515562833	0.4071412468792609	2.8846153846153846	0.0	0.0	6	0	0	std_dvars	208	1.543265716346154	1.468712	2.008998749999999	4.229208	6	24	5	54	92	0	4	8	92	92	92	44.01913875598086	0	0	0	0.0	5	126	82	209	2.0	OK	HIGH_OUTLIER_BURDEN,WARN_LOW_ESTIMATED_DOF	OK	KEEP_FOR_MAIN_BUT_SENSITIVITY_EXCLUDE_CANDIDATE	OK,HIGH_OUTLIER_BURDEN,WARN_LOW_ESTIMATED_DOF,OK	True	True
<PROJECT_ROOT>/derivatives/fmriprep/sub-30/func/sub-30_task-heatpainwithregulationandratings_run-03_desc-confounds_timeseries.tsv	d1b571c954c4d3827ac78682645e91105e3af5ac3e5e10d52f2bf4b3fbe8183d	sub-30		heatpainwithregulationandratings	3	run-03			1	2	1	<PROJECT_ROOT>/derivatives/fmriprep/sub-30/func/sub-30_task-heatpainwithregulationandratings_run-03_space-MNI152NLin2009cAsym_desc-preproc_bold.nii.gz	<PROJECT_ROOT>/derivatives/fmriprep/sub-30/func/sub-30_task-heatpainwithregulationandratings_run-03_desc-brain_mask.nii.gz	<PROJECT_ROOT>/derivatives/fmriprep/sub-30/func/sub-30_task-heatpainwithregulationandratings_run-03_space-MNI152NLin2009cAsym_desc-preproc_bold.json	191	190	0.10759675819708721	0.10051626460985835	0.19479281767307882	0.3114890642090009	4.2105263157894735	0.0	0.0	8	0	0	std_dvars	190	2.0921517736842103	1.9063724999999998	3.7491749	5.410314	6	24	4	51	152	0	4	8	152	152	152	79.58115183246073	0	0	0	0.0	5	185	5	191	2.0	OK	HIGH_OUTLIER_BURDEN,SEVERE_LOW_ESTIMATED_DOF	OK	KEEP_FOR_MAIN_BUT_SENSITIVITY_EXCLUDE_CANDIDATE	OK,HIGH_OUTLIER_BURDEN,SEVERE_LOW_ESTIMATED_DOF,OK	True	True
<PROJECT_ROOT>/derivatives/fmriprep/sub-30/func/sub-30_task-heatpainwithregulationandratings_run-04_desc-confounds_timeseries.tsv	264970521ff46b6c381161776d66e5f72b8189bc832e1404437ab358f534c7b0	sub-30		heatpainwithregulationandratings	4	run-04			1	2	1	<PROJECT_ROOT>/derivatives/fmriprep/sub-30/func/sub-30_task-heatpainwithregulationandratings_run-04_space-MNI152NLin2009cAsym_desc-preproc_bold.nii.gz	<PROJECT_ROOT>/derivatives/fmriprep/sub-30/func/sub-30_task-heatpainwithregulationandratings_run-04_desc-brain_mask.nii.gz	<PROJECT_ROOT>/derivatives/fmriprep/sub-30/func/sub-30_task-heatpainwithregulationandratings_run-04_space-MNI152NLin2009cAsym_desc-preproc_bold.json	209	208	0.11097571682216108	0.0946156556978254	0.2381285095233007	0.5861794462116625	7.6923076923076925	0.4807692307692308	0.0	16	1	0	std_dvars	208	1.519186860576923	1.4923385	1.9771684999999999	2.270828	6	24	5	50	100	0	4	8	100	100	100	47.84688995215311	0	0	0	0.0	5	134	74	209	2.0	OK	HIGH_OUTLIER_BURDEN,WARN_LOW_ESTIMATED_DOF	OK	KEEP_FOR_MAIN_BUT_SENSITIVITY_EXCLUDE_CANDIDATE	OK,HIGH_OUTLIER_BURDEN,WARN_LOW_ESTIMATED_DOF,OK	True	True
<PROJECT_ROOT>/derivatives/fmriprep/sub-30/func/sub-30_task-heatpainwithregulationandratings_run-05_desc-confounds_timeseries.tsv	ee258230e853603c8a83f90105b7fecc115218fb49bb845455bf0dbff90f63df	sub-30		heatpainwithregulationandratings	5	run-05			1	2	1	<PROJECT_ROOT>/derivatives/fmriprep/sub-30/func/sub-30_task-heatpainwithregulationandratings_run-05_space-MNI152NLin2009cAsym_desc-preproc_bold.nii.gz	<PROJECT_ROOT>/derivatives/fmriprep/sub-30/func/sub-30_task-heatpainwithregulationandratings_run-05_desc-brain_mask.nii.gz	<PROJECT_ROOT>/derivatives/fmriprep/sub-30/func/sub-30_task-heatpainwithregulationandratings_run-05_space-MNI152NLin2009cAsym_desc-preproc_bold.json	209	208	0.12929898981230184	0.09682521207850095	0.32221868172412516	0.9983264831267086	10.096153846153847	2.403846153846154	0.0	21	5	0	std_dvars	208	1.5504048221153846	1.282267	3.196346599999996	5.117171	6	24	5	46	54	0	4	8	54	54	54	25.837320574162682	0	0	0	0.0	5	88	120	209	2.0	OK	WARN_OUTLIER_BURDEN	OK	KEEP_WITH_WARNING	OK,WARN_OUTLIER_BURDEN,OK	True	False
<PROJECT_ROOT>/derivatives/fmriprep/sub-30/func/sub-30_task-heatpainwithregulationandratings_run-06_desc-confounds_timeseries.tsv	292104b1271cf75660502fddcc15b06028172e333aad70b6d86cd823cfeaf131	sub-30		heatpainwithregulationandratings	6	run-06			1	2	1	<PROJECT_ROOT>/derivatives/fmriprep/sub-30/func/sub-30_task-heatpainwithregulationandratings_run-06_space-MNI152NLin2009cAsym_desc-preproc_bold.nii.gz	<PROJECT_ROOT>/derivatives/fmriprep/sub-30/func/sub-30_task-heatpainwithregulationandratings_run-06_desc-brain_mask.nii.gz	<PROJECT_ROOT>/derivatives/fmriprep/sub-30/func/sub-30_task-heatpainwithregulationandratings_run-06_space-MNI152NLin2009cAsym_desc-preproc_bold.json	209	208	0.17099226046143098	0.1143390599521563	0.366151663280664	2.83034991876023	19.71153846153846	3.3653846153846154	1.4423076923076923	41	7	3	std_dvars	208	1.532168783653846	1.245665	3.2986620499999995	5.3543	6	24	5	35	61	0	4	8	61	61	61	29.1866028708134	0	0	0	0.0	5	95	113	209	2.0	WARN_FD_MAX	WARN_OUTLIER_BURDEN	OK	KEEP_WITH_WARNING	WARN_FD_MAX,WARN_OUTLIER_BURDEN,OK	True	False
<PROJECT_ROOT>/derivatives/fmriprep/sub-30/func/sub-30_task-heatpainwithregulationandratings_run-07_desc-confounds_timeseries.tsv	7e0c6977a9a51d45cee4f1fd3c192570b386fefd6eb2c35ca7f4baee1733e6dd	sub-30		heatpainwithregulationandratings	7	run-07			1	2	1	<PROJECT_ROOT>/derivatives/fmriprep/sub-30/func/sub-30_task-heatpainwithregulationandratings_run-07_space-MNI152NLin2009cAsym_desc-preproc_bold.nii.gz	<PROJECT_ROOT>/derivatives/fmriprep/sub-30/func/sub-30_task-heatpainwithregulationandratings_run-07_desc-brain_mask.nii.gz	<PROJECT_ROOT>/derivatives/fmriprep/sub-30/func/sub-30_task-heatpainwithregulationandratings_run-07_space-MNI152NLin2009cAsym_desc-preproc_bold.json	191	190	0.1282320670259683	0.0971513647030762	0.3077718142305743	0.8021778169744987	13.157894736842104	2.631578947368421	0.0	25	5	0	std_dvars	190	1.6621046947368419	1.462629	3.0054838	5.312208	6	24	4	43	86	0	4	8	86	86	86	45.0261780104712	0	0	0	0.0	5	119	71	191	2.0	OK	HIGH_OUTLIER_BURDEN,WARN_LOW_ESTIMATED_DOF	OK	KEEP_FOR_MAIN_BUT_SENSITIVITY_EXCLUDE_CANDIDATE	OK,HIGH_OUTLIER_BURDEN,WARN_LOW_ESTIMATED_DOF,OK	True	True
<PROJECT_ROOT>/derivatives/fmriprep/sub-30/func/sub-30_task-heatpainwithregulationandratings_run-08_desc-confounds_timeseries.tsv	494b7fdb7755dfd4ae61b2116ebf0ba8f9173816c666631ff20edc5819ba0a67	sub-30		heatpainwithregulationandratings	8	run-08			1	2	1	<PROJECT_ROOT>/derivatives/fmriprep/sub-30/func/sub-30_task-heatpainwithregulationandratings_run-08_space-MNI152NLin2009cAsym_desc-preproc_bold.nii.gz	<PROJECT_ROOT>/derivatives/fmriprep/sub-30/func/sub-30_task-heatpainwithregulationandratings_run-08_desc-brain_mask.nii.gz	<PROJECT_ROOT>/derivatives/fmriprep/sub-30/func/sub-30_task-heatpainwithregulationandratings_run-08_space-MNI152NLin2009cAsym_desc-preproc_bold.json	209	208	0.0960065403734623	0.0857853865906229	0.1772441215522011	0.6330455934058563	4.326923076923077	0.4807692307692308	0.0	9	1	0	std_dvars	208	1.5269560096153847	1.4784475000000001	2.0012631	3.505946	6	24	5	52	101	0	4	8	101	101	101	48.32535885167464	0	0	0	0.0	5	135	73	209	2.0	OK	HIGH_OUTLIER_BURDEN,WARN_LOW_ESTIMATED_DOF	OK	KEEP_FOR_MAIN_BUT_SENSITIVITY_EXCLUDE_CANDIDATE	OK,HIGH_OUTLIER_BURDEN,WARN_LOW_ESTIMATED_DOF,OK	True	True
<PROJECT_ROOT>/derivatives/fmriprep/sub-30/func/sub-30_task-heatpainwithregulationandratings_run-09_desc-confounds_timeseries.tsv	8096805ce5a71c6d5d2a51e01316a10b9301536746e16c89a2ecc8a5a3a6c9c2	sub-30		heatpainwithregulationandratings	9	run-09			1	2	1	<PROJECT_ROOT>/derivatives/fmriprep/sub-30/func/sub-30_task-heatpainwithregulationandratings_run-09_space-MNI152NLin2009cAsym_desc-preproc_bold.nii.gz	<PROJECT_ROOT>/derivatives/fmriprep/sub-30/func/sub-30_task-heatpainwithregulationandratings_run-09_desc-brain_mask.nii.gz	<PROJECT_ROOT>/derivatives/fmriprep/sub-30/func/sub-30_task-heatpainwithregulationandratings_run-09_space-MNI152NLin2009cAsym_desc-preproc_bold.json	209	208	0.16729151004693868	0.1098187868564082	0.38125263543213833	2.8757249485726053	16.346153846153847	3.3653846153846154	1.9230769230769231	34	7	4	std_dvars	208	1.4309351298076922	1.2398045	2.3203810499999995	4.60497	6	24	5	40	66	0	4	8	66	66	66	31.57894736842105	0	0	0	0.0	5	100	108	209	2.0	WARN_FD_MAX	WARN_OUTLIER_BURDEN	OK	KEEP_WITH_WARNING	WARN_FD_MAX,WARN_OUTLIER_BURDEN,OK	True	False
<PROJECT_ROOT>/derivatives/fmriprep/sub-31/func/sub-31_task-heatpainwithregulationandratings_run-01_desc-confounds_timeseries.tsv	853e9f18bcce5919925251c61bdc2b435561bbf8c5c9896e217a492647982e3c	sub-31		heatpainwithregulationandratings	1	run-01			1	2	1	<PROJECT_ROOT>/derivatives/fmriprep/sub-31/func/sub-31_task-heatpainwithregulationandratings_run-01_space-MNI152NLin2009cAsym_desc-preproc_bold.nii.gz	<PROJECT_ROOT>/derivatives/fmriprep/sub-31/func/sub-31_task-heatpainwithregulationandratings_run-01_desc-brain_mask.nii.gz	<PROJECT_ROOT>/derivatives/fmriprep/sub-31/func/sub-31_task-heatpainwithregulationandratings_run-01_space-MNI152NLin2009cAsym_desc-preproc_bold.json	209	208	0.145011856214792	0.13438584294858155	0.27094555351157235	0.6709233341917631	18.269230769230766	0.4807692307692308	0.0	38	1	0	std_dvars	208	1.4155023028846154	1.2367285	2.3681060999999977	4.91531	6	24	5	53	43	0	4	8	43	43	43	20.574162679425836	0	0	0	0.0	5	77	131	209	2.0	OK	WARN_OUTLIER_BURDEN	OK	KEEP_WITH_WARNING	OK,WARN_OUTLIER_BURDEN,OK	True	False
<PROJECT_ROOT>/derivatives/fmriprep/sub-31/func/sub-31_task-heatpainwithregulationandratings_run-02_desc-confounds_timeseries.tsv	85f4236c40aa574744d89648d501a7aac688c535f8c48a15c3c07590647d153f	sub-31		heatpainwithregulationandratings	2	run-02			1	2	1	<PROJECT_ROOT>/derivatives/fmriprep/sub-31/func/sub-31_task-heatpainwithregulationandratings_run-02_space-MNI152NLin2009cAsym_desc-preproc_bold.nii.gz	<PROJECT_ROOT>/derivatives/fmriprep/sub-31/func/sub-31_task-heatpainwithregulationandratings_run-02_desc-brain_mask.nii.gz	<PROJECT_ROOT>/derivatives/fmriprep/sub-31/func/sub-31_task-heatpainwithregulationandratings_run-02_space-MNI152NLin2009cAsym_desc-preproc_bold.json	209	208	0.14757698601782449	0.13622359671626236	0.266799651851325	0.6510713861402415	16.826923076923077	0.9615384615384616	0.0	35	2	0	std_dvars	208	1.7342466346153846	1.5650945	2.427353199999998	5.11297	6	24	5	56	123	0	4	8	123	123	123	58.85167464114832	0	0	0	0.0	5	157	51	209	2.0	OK	HIGH_OUTLIER_BURDEN,WARN_LOW_ESTIMATED_DOF	OK	KEEP_FOR_MAIN_BUT_SENSITIVITY_EXCLUDE_CANDIDATE	OK,HIGH_OUTLIER_BURDEN,WARN_LOW_ESTIMATED_DOF,OK	True	True
<PROJECT_ROOT>/derivatives/fmriprep/sub-31/func/sub-31_task-heatpainwithregulationandratings_run-03_desc-confounds_timeseries.tsv	eb7f3245b365a4cec1420cc52b423e898676315c734de3cda018ad56968430d5	sub-31		heatpainwithregulationandratings	3	run-03			1	2	1	<PROJECT_ROOT>/derivatives/fmriprep/sub-31/func/sub-31_task-heatpainwithregulationandratings_run-03_space-MNI152NLin2009cAsym_desc-preproc_bold.nii.gz	<PROJECT_ROOT>/derivatives/fmriprep/sub-31/func/sub-31_task-heatpainwithregulationandratings_run-03_desc-brain_mask.nii.gz	<PROJECT_ROOT>/derivatives/fmriprep/sub-31/func/sub-31_task-heatpainwithregulationandratings_run-03_space-MNI152NLin2009cAsym_desc-preproc_bold.json	191	190	0.11570484771781085	0.1070688949932853	0.20985355143548717	0.3440475573863594	5.7894736842105265	0.0	0.0	11	0	0	std_dvars	190	1.3994608947368419	1.229437	3.183766699999999	4.399339	6	24	4	52	19	0	4	8	19	19	19	9.947643979057592	0	0	0	0.0	5	52	138	191	2.0	OK	OK	OK	KEEP	OK	True	False
<PROJECT_ROOT>/derivatives/fmriprep/sub-31/func/sub-31_task-heatpainwithregulationandratings_run-04_desc-confounds_timeseries.tsv	421ab106953bcc3fa0c43a7d4fb29f66cbbbf7541ff72103c98fd665c3b3703a	sub-31		heatpainwithregulationandratings	4	run-04			1	2	1	<PROJECT_ROOT>/derivatives/fmriprep/sub-31/func/sub-31_task-heatpainwithregulationandratings_run-04_space-MNI152NLin2009cAsym_desc-preproc_bold.nii.gz	<PROJECT_ROOT>/derivatives/fmriprep/sub-31/func/sub-31_task-heatpainwithregulationandratings_run-04_desc-brain_mask.nii.gz	<PROJECT_ROOT>/derivatives/fmriprep/sub-31/func/sub-31_task-heatpainwithregulationandratings_run-04_space-MNI152NLin2009cAsym_desc-preproc_bold.json	209	208	0.12332798690873255	0.1166390310014197	0.22594475886263166	0.3261703035844411	9.615384615384617	0.0	0.0	20	0	0	std_dvars	208	1.7564581971153845	1.565962	2.6643604499999993	5.024235	6	24	5	57	115	0	4	8	115	115	115	55.02392344497608	0	0	0	0.0	5	149	59	209	2.0	OK	HIGH_OUTLIER_BURDEN,WARN_LOW_ESTIMATED_DOF	OK	KEEP_FOR_MAIN_BUT_SENSITIVITY_EXCLUDE_CANDIDATE	OK,HIGH_OUTLIER_BURDEN,WARN_LOW_ESTIMATED_DOF,OK	True	True
<PROJECT_ROOT>/derivatives/fmriprep/sub-31/func/sub-31_task-heatpainwithregulationandratings_run-05_desc-confounds_timeseries.tsv	a8c1499df521d409ae874ebe1b25a8b3f1eed8c4fc4106f05233c9f109fe3a05	sub-31		heatpainwithregulationandratings	5	run-05			1	2	1	<PROJECT_ROOT>/derivatives/fmriprep/sub-31/func/sub-31_task-heatpainwithregulationandratings_run-05_space-MNI152NLin2009cAsym_desc-preproc_bold.nii.gz	<PROJECT_ROOT>/derivatives/fmriprep/sub-31/func/sub-31_task-heatpainwithregulationandratings_run-05_desc-brain_mask.nii.gz	<PROJECT_ROOT>/derivatives/fmriprep/sub-31/func/sub-31_task-heatpainwithregulationandratings_run-05_space-MNI152NLin2009cAsym_desc-preproc_bold.json	209	208	0.1156645861208754	0.10669244658578014	0.2094911796024659	0.4442106200573343	7.211538461538461	0.0	0.0	15	0	0	std_dvars	208	1.8489496298076924	1.735499	3.057543649999999	4.827292	6	24	5	58	127	0	4	8	127	127	127	60.76555023923444	0	0	0	0.0	5	161	47	209	2.0	OK	HIGH_OUTLIER_BURDEN,SEVERE_LOW_ESTIMATED_DOF	OK	KEEP_FOR_MAIN_BUT_SENSITIVITY_EXCLUDE_CANDIDATE	OK,HIGH_OUTLIER_BURDEN,SEVERE_LOW_ESTIMATED_DOF,OK	True	True
<PROJECT_ROOT>/derivatives/fmriprep/sub-31/func/sub-31_task-heatpainwithregulationandratings_run-06_desc-confounds_timeseries.tsv	8936395eeb4e50132b12948859c3460c45fee4afb1997af3d51140edca2dd726	sub-31		heatpainwithregulationandratings	6	run-06			1	2	1	<PROJECT_ROOT>/derivatives/fmriprep/sub-31/func/sub-31_task-heatpainwithregulationandratings_run-06_space-MNI152NLin2009cAsym_desc-preproc_bold.nii.gz	<PROJECT_ROOT>/derivatives/fmriprep/sub-31/func/sub-31_task-heatpainwithregulationandratings_run-06_desc-brain_mask.nii.gz	<PROJECT_ROOT>/derivatives/fmriprep/sub-31/func/sub-31_task-heatpainwithregulationandratings_run-06_space-MNI152NLin2009cAsym_desc-preproc_bold.json	209	208	0.11564848092733228	0.1066685539100143	0.23483184461260811	0.4488360979101058	7.211538461538461	0.0	0.0	15	0	0	std_dvars	208	1.5479590865384614	1.402272	2.7045435499999995	4.165172	6	24	5	55	52	0	4	8	52	52	52	24.880382775119617	0	0	0	0.0	5	86	122	209	2.0	OK	WARN_OUTLIER_BURDEN	OK	KEEP_WITH_WARNING	OK,WARN_OUTLIER_BURDEN,OK	True	False
<PROJECT_ROOT>/derivatives/fmriprep/sub-31/func/sub-31_task-heatpainwithregulationandratings_run-07_desc-confounds_timeseries.tsv	3581b0d3a1591d3ca49be9d780e98411b2ffc7fe39d52e86808ec8cf18258a2c	sub-31		heatpainwithregulationandratings	7	run-07			1	2	1	<PROJECT_ROOT>/derivatives/fmriprep/sub-31/func/sub-31_task-heatpainwithregulationandratings_run-07_space-MNI152NLin2009cAsym_desc-preproc_bold.nii.gz	<PROJECT_ROOT>/derivatives/fmriprep/sub-31/func/sub-31_task-heatpainwithregulationandratings_run-07_desc-brain_mask.nii.gz	<PROJECT_ROOT>/derivatives/fmriprep/sub-31/func/sub-31_task-heatpainwithregulationandratings_run-07_space-MNI152NLin2009cAsym_desc-preproc_bold.json	191	190	0.11236071739777806	0.10397135381880805	0.19199797714149483	0.4017167477472805	4.2105263157894735	0.0	0.0	8	0	0	std_dvars	190	1.3319272263157895	1.3202845	1.5101899499999996	4.322047	6	24	4	51	10	2	4	8	10	10	10	5.2356020942408374	2	2	2	1.0471204188481675	5	45	145	191	2.0	OK	OK	OK	KEEP	OK	True	False
<PROJECT_ROOT>/derivatives/fmriprep/sub-31/func/sub-31_task-heatpainwithregulationandratings_run-08_desc-confounds_timeseries.tsv	f43a260d7c3d5cedf4802d22ce92ad524c0121ef4b606493a29a307fc74068d0	sub-31		heatpainwithregulationandratings	8	run-08			1	2	1	<PROJECT_ROOT>/derivatives/fmriprep/sub-31/func/sub-31_task-heatpainwithregulationandratings_run-08_space-MNI152NLin2009cAsym_desc-preproc_bold.nii.gz	<PROJECT_ROOT>/derivatives/fmriprep/sub-31/func/sub-31_task-heatpainwithregulationandratings_run-08_desc-brain_mask.nii.gz	<PROJECT_ROOT>/derivatives/fmriprep/sub-31/func/sub-31_task-heatpainwithregulationandratings_run-08_space-MNI152NLin2009cAsym_desc-preproc_bold.json	209	208	0.11235626217200159	0.105506685494408	0.19837025117868587	0.2631970933944052	5.288461538461538	0.0	0.0	11	0	0	std_dvars	208	1.7586266826923078	1.5678125	3.3621925999999998	4.961525	6	24	5	58	117	0	4	8	117	117	117	55.980861244019145	0	0	0	0.0	5	151	57	209	2.0	OK	HIGH_OUTLIER_BURDEN,WARN_LOW_ESTIMATED_DOF	OK	KEEP_FOR_MAIN_BUT_SENSITIVITY_EXCLUDE_CANDIDATE	OK,HIGH_OUTLIER_BURDEN,WARN_LOW_ESTIMATED_DOF,OK	True	True
<PROJECT_ROOT>/derivatives/fmriprep/sub-31/func/sub-31_task-heatpainwithregulationandratings_run-09_desc-confounds_timeseries.tsv	9965ff3f8d8619867d29e7a9b657f26cf667243c90e36416083cb4d6fdeba0a3	sub-31		heatpainwithregulationandratings	9	run-09			1	2	1	<PROJECT_ROOT>/derivatives/fmriprep/sub-31/func/sub-31_task-heatpainwithregulationandratings_run-09_space-MNI152NLin2009cAsym_desc-preproc_bold.nii.gz	<PROJECT_ROOT>/derivatives/fmriprep/sub-31/func/sub-31_task-heatpainwithregulationandratings_run-09_desc-brain_mask.nii.gz	<PROJECT_ROOT>/derivatives/fmriprep/sub-31/func/sub-31_task-heatpainwithregulationandratings_run-09_space-MNI152NLin2009cAsym_desc-preproc_bold.json	209	208	0.12104653986377946	0.1161615863830883	0.20442363248968454	0.2952119617267577	6.25	0.0	0.0	13	0	0	std_dvars	208	1.5631720240384614	1.2955264999999998	3.65717435	4.087773	6	24	5	57	30	0	4	8	30	30	30	14.354066985645932	0	0	0	0.0	5	64	144	209	2.0	OK	OK	OK	KEEP	OK	True	False
<PROJECT_ROOT>/derivatives/fmriprep/sub-32/func/sub-32_task-heatpainwithregulationandratings_run-01_desc-confounds_timeseries.tsv	8d98676457d17844e81cdf400cb1d104c9c0152df32eff80487218ac52847e9f	sub-32		heatpainwithregulationandratings	1	run-01			1	2	1	<PROJECT_ROOT>/derivatives/fmriprep/sub-32/func/sub-32_task-heatpainwithregulationandratings_run-01_space-MNI152NLin2009cAsym_desc-preproc_bold.nii.gz	<PROJECT_ROOT>/derivatives/fmriprep/sub-32/func/sub-32_task-heatpainwithregulationandratings_run-01_desc-brain_mask.nii.gz	<PROJECT_ROOT>/derivatives/fmriprep/sub-32/func/sub-32_task-heatpainwithregulationandratings_run-01_space-MNI152NLin2009cAsym_desc-preproc_bold.json	209	208	0.13807826618622554	0.12937451846436854	0.25770442852281106	0.4293625383007476	16.826923076923077	0.0	0.0	35	0	0	std_dvars	208	2.2670189134615386	2.0263765	4.527997199999998	5.509553	6	24	5	52	156	0	4	8	156	156	156	74.64114832535886	0	0	0	0.0	5	190	18	209	2.0	OK	HIGH_OUTLIER_BURDEN,SEVERE_LOW_ESTIMATED_DOF	OK	KEEP_FOR_MAIN_BUT_SENSITIVITY_EXCLUDE_CANDIDATE	OK,HIGH_OUTLIER_BURDEN,SEVERE_LOW_ESTIMATED_DOF,OK	True	True
<PROJECT_ROOT>/derivatives/fmriprep/sub-32/func/sub-32_task-heatpainwithregulationandratings_run-02_desc-confounds_timeseries.tsv	55a5e37c18835cca6251a55ee9bc37b7b2f47566883dbd8d5e462e43b15a76aa	sub-32		heatpainwithregulationandratings	2	run-02			1	2	1	<PROJECT_ROOT>/derivatives/fmriprep/sub-32/func/sub-32_task-heatpainwithregulationandratings_run-02_space-MNI152NLin2009cAsym_desc-preproc_bold.nii.gz	<PROJECT_ROOT>/derivatives/fmriprep/sub-32/func/sub-32_task-heatpainwithregulationandratings_run-02_desc-brain_mask.nii.gz	<PROJECT_ROOT>/derivatives/fmriprep/sub-32/func/sub-32_task-heatpainwithregulationandratings_run-02_space-MNI152NLin2009cAsym_desc-preproc_bold.json	209	208	0.11636336684550713	0.11063528214659385	0.22073827923435158	0.3691920102647633	7.6923076923076925	0.0	0.0	16	0	0	std_dvars	208	2.267606769230769	2.056	4.294800849999995	5.592412	6	24	5	56	147	0	4	8	147	147	147	70.33492822966507	0	0	0	0.0	5	181	27	209	2.0	OK	HIGH_OUTLIER_BURDEN,SEVERE_LOW_ESTIMATED_DOF	OK	KEEP_FOR_MAIN_BUT_SENSITIVITY_EXCLUDE_CANDIDATE	OK,HIGH_OUTLIER_BURDEN,SEVERE_LOW_ESTIMATED_DOF,OK	True	True
<PROJECT_ROOT>/derivatives/fmriprep/sub-32/func/sub-32_task-heatpainwithregulationandratings_run-03_desc-confounds_timeseries.tsv	ec5b8b71827a0dc0e2b2bd3c6e880c086e2589141511ac06baf5b1c3ec7fe444	sub-32		heatpainwithregulationandratings	3	run-03			1	2	1	<PROJECT_ROOT>/derivatives/fmriprep/sub-32/func/sub-32_task-heatpainwithregulationandratings_run-03_space-MNI152NLin2009cAsym_desc-preproc_bold.nii.gz	<PROJECT_ROOT>/derivatives/fmriprep/sub-32/func/sub-32_task-heatpainwithregulationandratings_run-03_desc-brain_mask.nii.gz	<PROJECT_ROOT>/derivatives/fmriprep/sub-32/func/sub-32_task-heatpainwithregulationandratings_run-03_space-MNI152NLin2009cAsym_desc-preproc_bold.json	191	190	0.11034027005852674	0.11036691031290505	0.19485919582212746	0.235239502803972	4.736842105263158	0.0	0.0	9	0	0	std_dvars	190	1.4188183157894736	1.3394915	2.0133437499999984	3.191987	6	24	4	55	46	0	4	8	46	46	46	24.083769633507853	0	0	0	0.0	5	79	111	191	2.0	OK	WARN_OUTLIER_BURDEN	OK	KEEP_WITH_WARNING	OK,WARN_OUTLIER_BURDEN,OK	True	False
<PROJECT_ROOT>/derivatives/fmriprep/sub-32/func/sub-32_task-heatpainwithregulationandratings_run-04_desc-confounds_timeseries.tsv	41d1f94c5ef503c296a5c9bd11e4606820e80a15c4aa0c1aad5c6ce1e9ed2381	sub-32		heatpainwithregulationandratings	4	run-04			1	2	1	<PROJECT_ROOT>/derivatives/fmriprep/sub-32/func/sub-32_task-heatpainwithregulationandratings_run-04_space-MNI152NLin2009cAsym_desc-preproc_bold.nii.gz	<PROJECT_ROOT>/derivatives/fmriprep/sub-32/func/sub-32_task-heatpainwithregulationandratings_run-04_desc-brain_mask.nii.gz	<PROJECT_ROOT>/derivatives/fmriprep/sub-32/func/sub-32_task-heatpainwithregulationandratings_run-04_space-MNI152NLin2009cAsym_desc-preproc_bold.json	209	208	0.10915918274180207	0.10341437886612415	0.20828997880264022	0.2687597958057683	5.769230769230769	0.0	0.0	12	0	0	std_dvars	208	2.1231637067307694	1.5196935	5.053933999999999	6.75073	6	24	5	59	109	0	4	8	109	109	109	52.15311004784689	0	0	0	0.0	5	143	65	209	2.0	OK	HIGH_OUTLIER_BURDEN,WARN_LOW_ESTIMATED_DOF	OK	KEEP_FOR_MAIN_BUT_SENSITIVITY_EXCLUDE_CANDIDATE	OK,HIGH_OUTLIER_BURDEN,WARN_LOW_ESTIMATED_DOF,OK	True	True
<PROJECT_ROOT>/derivatives/fmriprep/sub-32/func/sub-32_task-heatpainwithregulationandratings_run-05_desc-confounds_timeseries.tsv	5cbf36472782f7fe35a9cf5ab943f5aec4537c170313631831e9f46f0561add1	sub-32		heatpainwithregulationandratings	5	run-05			1	2	1	<PROJECT_ROOT>/derivatives/fmriprep/sub-32/func/sub-32_task-heatpainwithregulationandratings_run-05_space-MNI152NLin2009cAsym_desc-preproc_bold.nii.gz	<PROJECT_ROOT>/derivatives/fmriprep/sub-32/func/sub-32_task-heatpainwithregulationandratings_run-05_desc-brain_mask.nii.gz	<PROJECT_ROOT>/derivatives/fmriprep/sub-32/func/sub-32_task-heatpainwithregulationandratings_run-05_space-MNI152NLin2009cAsym_desc-preproc_bold.json	209	208	0.11240385077868958	0.0995188029447925	0.23279235437088028	0.31947819028444	8.173076923076923	0.0	0.0	17	0	0	std_dvars	208	1.8813053221153844	1.732299	3.420292299999999	4.761684	6	24	5	56	127	0	4	8	127	127	127	60.76555023923444	0	0	0	0.0	5	161	47	209	2.0	OK	HIGH_OUTLIER_BURDEN,SEVERE_LOW_ESTIMATED_DOF	OK	KEEP_FOR_MAIN_BUT_SENSITIVITY_EXCLUDE_CANDIDATE	OK,HIGH_OUTLIER_BURDEN,SEVERE_LOW_ESTIMATED_DOF,OK	True	True
<PROJECT_ROOT>/derivatives/fmriprep/sub-32/func/sub-32_task-heatpainwithregulationandratings_run-06_desc-confounds_timeseries.tsv	00a4fbf0e6ea098050837f498df2ebdac00791e6302c22feed0d01fa66264dca	sub-32		heatpainwithregulationandratings	6	run-06			1	2	1	<PROJECT_ROOT>/derivatives/fmriprep/sub-32/func/sub-32_task-heatpainwithregulationandratings_run-06_space-MNI152NLin2009cAsym_desc-preproc_bold.nii.gz	<PROJECT_ROOT>/derivatives/fmriprep/sub-32/func/sub-32_task-heatpainwithregulationandratings_run-06_desc-brain_mask.nii.gz	<PROJECT_ROOT>/derivatives/fmriprep/sub-32/func/sub-32_task-heatpainwithregulationandratings_run-06_space-MNI152NLin2009cAsym_desc-preproc_bold.json	209	208	0.11064293204575518	0.0959587305282851	0.21651565228150577	0.4215600627952233	6.730769230769231	0.0	0.0	14	0	0	std_dvars	208	1.8901195865384617	1.7038665000000002	3.168047949999998	4.071895	6	24	5	55	131	0	4	8	131	131	131	62.67942583732058	0	0	0	0.0	5	165	43	209	2.0	OK	HIGH_OUTLIER_BURDEN,SEVERE_LOW_ESTIMATED_DOF	OK	KEEP_FOR_MAIN_BUT_SENSITIVITY_EXCLUDE_CANDIDATE	OK,HIGH_OUTLIER_BURDEN,SEVERE_LOW_ESTIMATED_DOF,OK	True	True
<PROJECT_ROOT>/derivatives/fmriprep/sub-32/func/sub-32_task-heatpainwithregulationandratings_run-07_desc-confounds_timeseries.tsv	8f2d16f5cdc0558be2ed25ad377991ee0a9ddc13a2e3cf7f971baae4f05bed26	sub-32		heatpainwithregulationandratings	7	run-07			1	2	1	<PROJECT_ROOT>/derivatives/fmriprep/sub-32/func/sub-32_task-heatpainwithregulationandratings_run-07_space-MNI152NLin2009cAsym_desc-preproc_bold.nii.gz	<PROJECT_ROOT>/derivatives/fmriprep/sub-32/func/sub-32_task-heatpainwithregulationandratings_run-07_desc-brain_mask.nii.gz	<PROJECT_ROOT>/derivatives/fmriprep/sub-32/func/sub-32_task-heatpainwithregulationandratings_run-07_space-MNI152NLin2009cAsym_desc-preproc_bold.json	191	190	0.09689543217280012	0.0877382547299923	0.1884900983264349	0.2266904878441488	3.1578947368421053	0.0	0.0	6	0	0	std_dvars	190	2.0870618684210522	2.0066319999999997	3.39737105	4.170132	6	24	4	54	137	0	4	8	137	137	137	71.72774869109948	0	0	0	0.0	5	170	20	191	2.0	OK	HIGH_OUTLIER_BURDEN,SEVERE_LOW_ESTIMATED_DOF	OK	KEEP_FOR_MAIN_BUT_SENSITIVITY_EXCLUDE_CANDIDATE	OK,HIGH_OUTLIER_BURDEN,SEVERE_LOW_ESTIMATED_DOF,OK	True	True
<PROJECT_ROOT>/derivatives/fmriprep/sub-32/func/sub-32_task-heatpainwithregulationandratings_run-08_desc-confounds_timeseries.tsv	85873a9a01bca275222e3e356e58808c60f3a361677f3a0e38345f9df7fa5304	sub-32		heatpainwithregulationandratings	8	run-08			1	2	1	<PROJECT_ROOT>/derivatives/fmriprep/sub-32/func/sub-32_task-heatpainwithregulationandratings_run-08_space-MNI152NLin2009cAsym_desc-preproc_bold.nii.gz	<PROJECT_ROOT>/derivatives/fmriprep/sub-32/func/sub-32_task-heatpainwithregulationandratings_run-08_desc-brain_mask.nii.gz	<PROJECT_ROOT>/derivatives/fmriprep/sub-32/func/sub-32_task-heatpainwithregulationandratings_run-08_space-MNI152NLin2009cAsym_desc-preproc_bold.json	209	208	0.10545978433271813	0.09289564458129901	0.20137139770146983	0.3713853277504102	5.288461538461538	0.0	0.0	11	0	0	std_dvars	208	1.3874387115384617	1.3290674999999998	1.8994726499999999	2.81774	6	24	5	58	43	0	4	8	43	43	43	20.574162679425836	0	0	0	0.0	5	77	131	209	2.0	OK	WARN_OUTLIER_BURDEN	OK	KEEP_WITH_WARNING	OK,WARN_OUTLIER_BURDEN,OK	True	False
<PROJECT_ROOT>/derivatives/fmriprep/sub-32/func/sub-32_task-heatpainwithregulationandratings_run-09_desc-confounds_timeseries.tsv	810a32544167e30211dce4d9848ae28fadb51724fa9424e63c557c08541238be	sub-32		heatpainwithregulationandratings	9	run-09			1	2	1	<PROJECT_ROOT>/derivatives/fmriprep/sub-32/func/sub-32_task-heatpainwithregulationandratings_run-09_space-MNI152NLin2009cAsym_desc-preproc_bold.nii.gz	<PROJECT_ROOT>/derivatives/fmriprep/sub-32/func/sub-32_task-heatpainwithregulationandratings_run-09_desc-brain_mask.nii.gz	<PROJECT_ROOT>/derivatives/fmriprep/sub-32/func/sub-32_task-heatpainwithregulationandratings_run-09_space-MNI152NLin2009cAsym_desc-preproc_bold.json	209	208	0.0940694611011242	0.0804403772398827	0.19061245997384144	0.3327884230105962	4.326923076923077	0.0	0.0	9	0	0	std_dvars	208	1.686007201923077	1.4856715	2.8844742	3.103471	6	24	5	60	103	0	4	8	103	103	103	49.282296650717704	0	0	0	0.0	5	137	71	209	2.0	OK	HIGH_OUTLIER_BURDEN,WARN_LOW_ESTIMATED_DOF	OK	KEEP_FOR_MAIN_BUT_SENSITIVITY_EXCLUDE_CANDIDATE	OK,HIGH_OUTLIER_BURDEN,WARN_LOW_ESTIMATED_DOF,OK	True	True
<PROJECT_ROOT>/derivatives/fmriprep/sub-33/func/sub-33_task-heatpainwithregulationandratings_run-01_desc-confounds_timeseries.tsv	6d6a9705c55cccffa776924254bc44e8b4c71ccd9dbd4dc3035d349017a5c2ac	sub-33		heatpainwithregulationandratings	1	run-01			1	2	1	<PROJECT_ROOT>/derivatives/fmriprep/sub-33/func/sub-33_task-heatpainwithregulationandratings_run-01_space-MNI152NLin2009cAsym_desc-preproc_bold.nii.gz	<PROJECT_ROOT>/derivatives/fmriprep/sub-33/func/sub-33_task-heatpainwithregulationandratings_run-01_desc-brain_mask.nii.gz	<PROJECT_ROOT>/derivatives/fmriprep/sub-33/func/sub-33_task-heatpainwithregulationandratings_run-01_space-MNI152NLin2009cAsym_desc-preproc_bold.json	209	208	0.1198680103692302	0.11687142286161151	0.21665892794138933	0.2853323619722427	8.173076923076923	0.0	0.0	17	0	0	std_dvars	208	2.1382741346153846	1.8357335	4.0303657500000005	4.851075	6	24	5	53	145	0	4	8	145	145	145	69.377990430622	0	0	0	0.0	5	179	29	209	2.0	OK	HIGH_OUTLIER_BURDEN,SEVERE_LOW_ESTIMATED_DOF	OK	KEEP_FOR_MAIN_BUT_SENSITIVITY_EXCLUDE_CANDIDATE	OK,HIGH_OUTLIER_BURDEN,SEVERE_LOW_ESTIMATED_DOF,OK	True	True
<PROJECT_ROOT>/derivatives/fmriprep/sub-33/func/sub-33_task-heatpainwithregulationandratings_run-02_desc-confounds_timeseries.tsv	0ba56c2d93a3f0f7d1a8d8d1c55ae0ffa08a5ef34ea18e4be1b8e28ce79b0ba2	sub-33		heatpainwithregulationandratings	2	run-02			1	2	1	<PROJECT_ROOT>/derivatives/fmriprep/sub-33/func/sub-33_task-heatpainwithregulationandratings_run-02_space-MNI152NLin2009cAsym_desc-preproc_bold.nii.gz	<PROJECT_ROOT>/derivatives/fmriprep/sub-33/func/sub-33_task-heatpainwithregulationandratings_run-02_desc-brain_mask.nii.gz	<PROJECT_ROOT>/derivatives/fmriprep/sub-33/func/sub-33_task-heatpainwithregulationandratings_run-02_space-MNI152NLin2009cAsym_desc-preproc_bold.json	209	208	0.1296302346553633	0.11843477046848455	0.22374885956571225	0.3575527804093666	9.615384615384617	0.0	0.0	20	0	0	std_dvars	208	1.5569092644230769	1.3732579999999999	2.9156963999999914	6.295202	6	24	5	52	72	0	4	8	72	72	72	34.44976076555024	0	0	0	0.0	5	106	102	209	2.0	OK	WARN_OUTLIER_BURDEN	OK	KEEP_WITH_WARNING	OK,WARN_OUTLIER_BURDEN,OK	True	False
<PROJECT_ROOT>/derivatives/fmriprep/sub-33/func/sub-33_task-heatpainwithregulationandratings_run-03_desc-confounds_timeseries.tsv	224f03aa4f8bf1e7e99210960f2512903ece005b895bc6515af03713902192e9	sub-33		heatpainwithregulationandratings	3	run-03			1	2	1	<PROJECT_ROOT>/derivatives/fmriprep/sub-33/func/sub-33_task-heatpainwithregulationandratings_run-03_space-MNI152NLin2009cAsym_desc-preproc_bold.nii.gz	<PROJECT_ROOT>/derivatives/fmriprep/sub-33/func/sub-33_task-heatpainwithregulationandratings_run-03_desc-brain_mask.nii.gz	<PROJECT_ROOT>/derivatives/fmriprep/sub-33/func/sub-33_task-heatpainwithregulationandratings_run-03_space-MNI152NLin2009cAsym_desc-preproc_bold.json	191	190	0.11138564595864395	0.10707862038050744	0.2002744821453622	0.2768749593864035	5.263157894736842	0.0	0.0	10	0	0	std_dvars	190	1.9077546315789475	1.5596679999999998	3.7309940999999998	4.131485	6	24	4	49	104	0	4	8	104	104	104	54.45026178010471	0	0	0	0.0	5	137	53	191	2.0	OK	HIGH_OUTLIER_BURDEN,WARN_LOW_ESTIMATED_DOF	OK	KEEP_FOR_MAIN_BUT_SENSITIVITY_EXCLUDE_CANDIDATE	OK,HIGH_OUTLIER_BURDEN,WARN_LOW_ESTIMATED_DOF,OK	True	True
<PROJECT_ROOT>/derivatives/fmriprep/sub-33/func/sub-33_task-heatpainwithregulationandratings_run-04_desc-confounds_timeseries.tsv	df4287c9fdfd4c848cbca36f0deec9ca7713197c1aaa775038bdd20fd97d37aa	sub-33		heatpainwithregulationandratings	4	run-04			1	2	1	<PROJECT_ROOT>/derivatives/fmriprep/sub-33/func/sub-33_task-heatpainwithregulationandratings_run-04_space-MNI152NLin2009cAsym_desc-preproc_bold.nii.gz	<PROJECT_ROOT>/derivatives/fmriprep/sub-33/func/sub-33_task-heatpainwithregulationandratings_run-04_desc-brain_mask.nii.gz	<PROJECT_ROOT>/derivatives/fmriprep/sub-33/func/sub-33_task-heatpainwithregulationandratings_run-04_space-MNI152NLin2009cAsym_desc-preproc_bold.json	209	208	0.11443529312775651	0.10349529178452825	0.22441227762743818	0.5276085344283372	12.01923076923077	0.4807692307692308	0.0	25	1	0	std_dvars	208	1.9120722067307692	1.7330765000000001	3.2612468	5.637269	6	24	5	53	153	0	4	8	153	153	153	73.20574162679426	0	0	0	0.0	5	187	21	209	2.0	OK	HIGH_OUTLIER_BURDEN,SEVERE_LOW_ESTIMATED_DOF	OK	KEEP_FOR_MAIN_BUT_SENSITIVITY_EXCLUDE_CANDIDATE	OK,HIGH_OUTLIER_BURDEN,SEVERE_LOW_ESTIMATED_DOF,OK	True	True
<PROJECT_ROOT>/derivatives/fmriprep/sub-33/func/sub-33_task-heatpainwithregulationandratings_run-05_desc-confounds_timeseries.tsv	72a80eef6d996efd92e459172e04100924b9324ae01e6c9439e6599190b5797e	sub-33		heatpainwithregulationandratings	5	run-05			1	2	1	<PROJECT_ROOT>/derivatives/fmriprep/sub-33/func/sub-33_task-heatpainwithregulationandratings_run-05_space-MNI152NLin2009cAsym_desc-preproc_bold.nii.gz	<PROJECT_ROOT>/derivatives/fmriprep/sub-33/func/sub-33_task-heatpainwithregulationandratings_run-05_desc-brain_mask.nii.gz	<PROJECT_ROOT>/derivatives/fmriprep/sub-33/func/sub-33_task-heatpainwithregulationandratings_run-05_space-MNI152NLin2009cAsym_desc-preproc_bold.json	209	208	0.16231781347413723	0.1283645845830651	0.386892120509772	0.8863494752686198	24.519230769230766	2.8846153846153846	0.0	51	6	0	std_dvars	208	1.8745112259615384	1.5721865	4.152382099999999	4.677342	6	24	5	44	115	0	4	8	115	115	115	55.02392344497608	0	0	0	0.0	5	149	59	209	2.0	OK	HIGH_OUTLIER_BURDEN,WARN_LOW_ESTIMATED_DOF	OK	KEEP_FOR_MAIN_BUT_SENSITIVITY_EXCLUDE_CANDIDATE	OK,HIGH_OUTLIER_BURDEN,WARN_LOW_ESTIMATED_DOF,OK	True	True
<PROJECT_ROOT>/derivatives/fmriprep/sub-33/func/sub-33_task-heatpainwithregulationandratings_run-06_desc-confounds_timeseries.tsv	44fa9fc1c956742b17969f54b9e02008f845675789608ba764d9d041db0ba85e	sub-33		heatpainwithregulationandratings	6	run-06			1	2	1	<PROJECT_ROOT>/derivatives/fmriprep/sub-33/func/sub-33_task-heatpainwithregulationandratings_run-06_space-MNI152NLin2009cAsym_desc-preproc_bold.nii.gz	<PROJECT_ROOT>/derivatives/fmriprep/sub-33/func/sub-33_task-heatpainwithregulationandratings_run-06_desc-brain_mask.nii.gz	<PROJECT_ROOT>/derivatives/fmriprep/sub-33/func/sub-33_task-heatpainwithregulationandratings_run-06_space-MNI152NLin2009cAsym_desc-preproc_bold.json	209	208	0.11876638114603859	0.10314307596694315	0.23357698834442273	0.6229703471421137	9.134615384615383	0.4807692307692308	0.0	19	1	0	std_dvars	208	1.7851499903846153	1.5167925	3.182113499999999	4.916553	6	24	5	53	109	0	4	8	109	109	109	52.15311004784689	0	0	0	0.0	5	143	65	209	2.0	OK	HIGH_OUTLIER_BURDEN,WARN_LOW_ESTIMATED_DOF	OK	KEEP_FOR_MAIN_BUT_SENSITIVITY_EXCLUDE_CANDIDATE	OK,HIGH_OUTLIER_BURDEN,WARN_LOW_ESTIMATED_DOF,OK	True	True
<PROJECT_ROOT>/derivatives/fmriprep/sub-33/func/sub-33_task-heatpainwithregulationandratings_run-07_desc-confounds_timeseries.tsv	0dd39ed385d931e43ee3ba4a2c031abd9510e08ad7f37c54879d632cdd888bb2	sub-33		heatpainwithregulationandratings	7	run-07			1	2	1	<PROJECT_ROOT>/derivatives/fmriprep/sub-33/func/sub-33_task-heatpainwithregulationandratings_run-07_space-MNI152NLin2009cAsym_desc-preproc_bold.nii.gz	<PROJECT_ROOT>/derivatives/fmriprep/sub-33/func/sub-33_task-heatpainwithregulationandratings_run-07_desc-brain_mask.nii.gz	<PROJECT_ROOT>/derivatives/fmriprep/sub-33/func/sub-33_task-heatpainwithregulationandratings_run-07_space-MNI152NLin2009cAsym_desc-preproc_bold.json	191	190	0.12383873883801481	0.11336728467079064	0.21099435058664276	0.663747577699153	7.894736842105263	1.0526315789473684	0.0	15	2	0	std_dvars	190	1.6405733157894735	1.5067995	2.8075213499999983	4.199177	6	24	4	48	95	0	4	8	95	95	95	49.73821989528796	0	0	0	0.0	5	128	62	191	2.0	OK	HIGH_OUTLIER_BURDEN,WARN_LOW_ESTIMATED_DOF	OK	KEEP_FOR_MAIN_BUT_SENSITIVITY_EXCLUDE_CANDIDATE	OK,HIGH_OUTLIER_BURDEN,WARN_LOW_ESTIMATED_DOF,OK	True	True
<PROJECT_ROOT>/derivatives/fmriprep/sub-33/func/sub-33_task-heatpainwithregulationandratings_run-08_desc-confounds_timeseries.tsv	a20a229df607a0d6a1c60e6bd8c8f1a668b206b4c67390f8cf11837798eb9c90	sub-33		heatpainwithregulationandratings	8	run-08			1	2	1	<PROJECT_ROOT>/derivatives/fmriprep/sub-33/func/sub-33_task-heatpainwithregulationandratings_run-08_space-MNI152NLin2009cAsym_desc-preproc_bold.nii.gz	<PROJECT_ROOT>/derivatives/fmriprep/sub-33/func/sub-33_task-heatpainwithregulationandratings_run-08_desc-brain_mask.nii.gz	<PROJECT_ROOT>/derivatives/fmriprep/sub-33/func/sub-33_task-heatpainwithregulationandratings_run-08_space-MNI152NLin2009cAsym_desc-preproc_bold.json	209	208	0.09985040857409988	0.0898684053233938	0.1847722197173978	0.6419817093490184	3.3653846153846154	0.4807692307692308	0.0	7	1	0	std_dvars	208	2.068119754807692	1.8199135	3.7307084499999976	4.760568	6	24	5	54	145	0	4	8	145	145	145	69.377990430622	0	0	0	0.0	5	179	29	209	2.0	OK	HIGH_OUTLIER_BURDEN,SEVERE_LOW_ESTIMATED_DOF	OK	KEEP_FOR_MAIN_BUT_SENSITIVITY_EXCLUDE_CANDIDATE	OK,HIGH_OUTLIER_BURDEN,SEVERE_LOW_ESTIMATED_DOF,OK	True	True
<PROJECT_ROOT>/derivatives/fmriprep/sub-33/func/sub-33_task-heatpainwithregulationandratings_run-09_desc-confounds_timeseries.tsv	064bb7b043b77d9a9cfe3facc0caa28ff5abf2907e942e5969066b3ef6b059fa	sub-33		heatpainwithregulationandratings	9	run-09			1	2	1	<PROJECT_ROOT>/derivatives/fmriprep/sub-33/func/sub-33_task-heatpainwithregulationandratings_run-09_space-MNI152NLin2009cAsym_desc-preproc_bold.nii.gz	<PROJECT_ROOT>/derivatives/fmriprep/sub-33/func/sub-33_task-heatpainwithregulationandratings_run-09_desc-brain_mask.nii.gz	<PROJECT_ROOT>/derivatives/fmriprep/sub-33/func/sub-33_task-heatpainwithregulationandratings_run-09_space-MNI152NLin2009cAsym_desc-preproc_bold.json	209	208	0.12681553347669453	0.10600754097976595	0.2977699783300064	0.5805497675528373	13.461538461538462	0.9615384615384616	0.0	28	2	0	std_dvars	208	1.6420238317307692	1.3793695000000001	3.24750315	5.053339	6	24	5	51	82	0	4	8	82	82	82	39.23444976076555	0	0	0	0.0	5	116	92	209	2.0	OK	HIGH_OUTLIER_BURDEN,WARN_LOW_ESTIMATED_DOF	OK	KEEP_FOR_MAIN_BUT_SENSITIVITY_EXCLUDE_CANDIDATE	OK,HIGH_OUTLIER_BURDEN,WARN_LOW_ESTIMATED_DOF,OK	True	True
