subject	modality	target	family	quantity	score
sub-01	ROI_activity	control_SMA_preSMA	control	beta_passive	-83.22366975080769
sub-01	ROI_activity	control_dlPFC_IFJ_L	control	beta_passive	-42.00231300677388
sub-01	ROI_activity	control_dlPFC_IFJ_R	control	beta_passive	297.43436072793435
sub-01	ROI_activity	descending_PAG	descending	beta_passive	-87.91951552864326
sub-01	ROI_activity	descending_pgACC_rACC	descending	beta_passive	6.286332338168287
sub-01	ROI_activity	salience_aINS	salience	beta_passive	664.9198764201818
sub-01	ROI_activity	salience_dACC_MCC	salience	beta_passive	-169.22307421257867
sub-01	ROI_activity	sensory_S1_S2_thalamus	sensory	beta_passive	-4.4133349304808736
sub-01	ROI_activity	value_NAc	value	beta_passive	136.2107260561922
sub-01	ROI_activity	value_vmPFC_mOFC	value	beta_passive	13.312906988081785
sub-02	ROI_activity	control_SMA_preSMA	control	beta_passive	-138.4654901443148
sub-02	ROI_activity	control_dlPFC_IFJ_L	control	beta_passive	-168.26858504289393
sub-02	ROI_activity	control_dlPFC_IFJ_R	control	beta_passive	18.179240645439428
sub-02	ROI_activity	descending_PAG	descending	beta_passive	39.77234291519639
sub-02	ROI_activity	descending_pgACC_rACC	descending	beta_passive	-153.86003169798923
sub-02	ROI_activity	salience_aINS	salience	beta_passive	1056.3741323754698
sub-02	ROI_activity	salience_dACC_MCC	salience	beta_passive	-267.53580051946915
sub-02	ROI_activity	sensory_S1_S2_thalamus	sensory	beta_passive	-269.8840602839821
sub-02	ROI_activity	value_NAc	value	beta_passive	469.10208449155596
sub-02	ROI_activity	value_vmPFC_mOFC	value	beta_passive	-140.24364820544272
sub-03	ROI_activity	control_SMA_preSMA	control	beta_passive	-337.02930162874026
sub-03	ROI_activity	control_dlPFC_IFJ_L	control	beta_passive	-322.5142282744225
sub-03	ROI_activity	control_dlPFC_IFJ_R	control	beta_passive	-595.3616647836764
sub-03	ROI_activity	descending_PAG	descending	beta_passive	194.804072224662
sub-03	ROI_activity	descending_pgACC_rACC	descending	beta_passive	306.47455857314947
sub-03	ROI_activity	salience_aINS	salience	beta_passive	551.3696644196143
sub-03	ROI_activity	salience_dACC_MCC	salience	beta_passive	-26.749008290152982
sub-03	ROI_activity	sensory_S1_S2_thalamus	sensory	beta_passive	-99.24403119633745
sub-03	ROI_activity	value_NAc	value	beta_passive	474.12785762516376
sub-03	ROI_activity	value_vmPFC_mOFC	value	beta_passive	90.96525509562103
sub-04	ROI_activity	control_SMA_preSMA	control	beta_passive	-259.8424262959645
sub-04	ROI_activity	control_dlPFC_IFJ_L	control	beta_passive	-406.68695834935954
sub-04	ROI_activity	control_dlPFC_IFJ_R	control	beta_passive	-1003.0802594303864
sub-04	ROI_activity	descending_PAG	descending	beta_passive	-1037.6315960249435
sub-04	ROI_activity	descending_pgACC_rACC	descending	beta_passive	259.2626782789943
sub-04	ROI_activity	salience_aINS	salience	beta_passive	452.28568910667695
sub-04	ROI_activity	salience_dACC_MCC	salience	beta_passive	-59.823535731080725
sub-04	ROI_activity	sensory_S1_S2_thalamus	sensory	beta_passive	161.66449212649937
sub-04	ROI_activity	value_NAc	value	beta_passive	4.965042129760007
sub-04	ROI_activity	value_vmPFC_mOFC	value	beta_passive	-107.21340714357534
sub-05	ROI_activity	control_SMA_preSMA	control	beta_passive	-81.87517520053525
sub-05	ROI_activity	control_dlPFC_IFJ_L	control	beta_passive	-364.695195038896
sub-05	ROI_activity	control_dlPFC_IFJ_R	control	beta_passive	80.15900882741786
sub-05	ROI_activity	descending_PAG	descending	beta_passive	-900.2550380981453
sub-05	ROI_activity	descending_pgACC_rACC	descending	beta_passive	-39.93498726444376
sub-05	ROI_activity	salience_aINS	salience	beta_passive	594.6022080940843
sub-05	ROI_activity	salience_dACC_MCC	salience	beta_passive	-93.48743303925924
sub-05	ROI_activity	sensory_S1_S2_thalamus	sensory	beta_passive	2.8788621605126474
sub-05	ROI_activity	value_NAc	value	beta_passive	126.79834226887324
sub-05	ROI_activity	value_vmPFC_mOFC	value	beta_passive	-97.06448919669089
sub-06	ROI_activity	control_SMA_preSMA	control	beta_passive	-445.46471898602914
sub-06	ROI_activity	control_dlPFC_IFJ_L	control	beta_passive	-231.99059121840145
sub-06	ROI_activity	control_dlPFC_IFJ_R	control	beta_passive	-578.9308528433156
sub-06	ROI_activity	descending_PAG	descending	beta_passive	532.24634183112
sub-06	ROI_activity	descending_pgACC_rACC	descending	beta_passive	-76.09785306367847
sub-06	ROI_activity	salience_aINS	salience	beta_passive	594.1405889140003
sub-06	ROI_activity	salience_dACC_MCC	salience	beta_passive	-121.07472275483612
sub-06	ROI_activity	sensory_S1_S2_thalamus	sensory	beta_passive	-135.81805009742433
sub-06	ROI_activity	value_NAc	value	beta_passive	-73.62121916110911
sub-06	ROI_activity	value_vmPFC_mOFC	value	beta_passive	203.1927459735572
sub-07	ROI_activity	control_SMA_preSMA	control	beta_passive	-408.9884251218057
sub-07	ROI_activity	control_dlPFC_IFJ_L	control	beta_passive	287.4791996426157
sub-07	ROI_activity	control_dlPFC_IFJ_R	control	beta_passive	82.85480659298429
sub-07	ROI_activity	descending_PAG	descending	beta_passive	1750.9222858281355
sub-07	ROI_activity	descending_pgACC_rACC	descending	beta_passive	244.9360096535096
sub-07	ROI_activity	salience_aINS	salience	beta_passive	1333.0969356236778
sub-07	ROI_activity	salience_dACC_MCC	salience	beta_passive	-141.0700359732419
sub-07	ROI_activity	sensory_S1_S2_thalamus	sensory	beta_passive	25.197017994712944
sub-07	ROI_activity	value_NAc	value	beta_passive	208.1706758720747
sub-07	ROI_activity	value_vmPFC_mOFC	value	beta_passive	236.72802213315276
sub-08	ROI_activity	control_SMA_preSMA	control	beta_passive	-188.57569583630533
sub-08	ROI_activity	control_dlPFC_IFJ_L	control	beta_passive	-50.995337114926805
sub-08	ROI_activity	control_dlPFC_IFJ_R	control	beta_passive	28.655415492592144
sub-08	ROI_activity	descending_PAG	descending	beta_passive	807.9808912479835
sub-08	ROI_activity	descending_pgACC_rACC	descending	beta_passive	-100.50643225737592
sub-08	ROI_activity	salience_aINS	salience	beta_passive	585.4926551081469
sub-08	ROI_activity	salience_dACC_MCC	salience	beta_passive	-68.82084259425561
sub-08	ROI_activity	sensory_S1_S2_thalamus	sensory	beta_passive	-277.3360792120812
sub-08	ROI_activity	value_NAc	value	beta_passive	56.66293156195044
sub-08	ROI_activity	value_vmPFC_mOFC	value	beta_passive	-12.626846922719196
sub-09	ROI_activity	control_SMA_preSMA	control	beta_passive	-275.5823058367588
sub-09	ROI_activity	control_dlPFC_IFJ_L	control	beta_passive	-396.6530711988341
sub-09	ROI_activity	control_dlPFC_IFJ_R	control	beta_passive	-273.46130037286486
sub-09	ROI_activity	descending_PAG	descending	beta_passive	-19.150358738204627
sub-09	ROI_activity	descending_pgACC_rACC	descending	beta_passive	180.07135140016567
sub-09	ROI_activity	salience_aINS	salience	beta_passive	667.7794233490798
sub-09	ROI_activity	salience_dACC_MCC	salience	beta_passive	141.4814052767585
sub-09	ROI_activity	sensory_S1_S2_thalamus	sensory	beta_passive	52.176306952984085
sub-09	ROI_activity	value_NAc	value	beta_passive	637.3949048217436
sub-09	ROI_activity	value_vmPFC_mOFC	value	beta_passive	297.05508354568207
sub-10	ROI_activity	control_SMA_preSMA	control	beta_passive	92.48306205061208
sub-10	ROI_activity	control_dlPFC_IFJ_L	control	beta_passive	-19.92666635146021
sub-10	ROI_activity	control_dlPFC_IFJ_R	control	beta_passive	-238.9072095476868
sub-10	ROI_activity	descending_PAG	descending	beta_passive	1536.2223751523138
sub-10	ROI_activity	descending_pgACC_rACC	descending	beta_passive	310.9724669685413
sub-10	ROI_activity	salience_aINS	salience	beta_passive	516.241879152089
sub-10	ROI_activity	salience_dACC_MCC	salience	beta_passive	366.5632849117817
sub-10	ROI_activity	sensory_S1_S2_thalamus	sensory	beta_passive	252.97167780381048
sub-10	ROI_activity	value_NAc	value	beta_passive	200.48474332892238
sub-10	ROI_activity	value_vmPFC_mOFC	value	beta_passive	45.05396194850544
sub-11	ROI_activity	control_SMA_preSMA	control	beta_passive	492.6437675167769
sub-11	ROI_activity	control_dlPFC_IFJ_L	control	beta_passive	591.8858012322445
sub-11	ROI_activity	control_dlPFC_IFJ_R	control	beta_passive	476.9510206765141
sub-11	ROI_activity	descending_PAG	descending	beta_passive	-465.3866810777863
sub-11	ROI_activity	descending_pgACC_rACC	descending	beta_passive	138.04794531514452
sub-11	ROI_activity	salience_aINS	salience	beta_passive	518.9669155979158
sub-11	ROI_activity	salience_dACC_MCC	salience	beta_passive	500.3145282407983
sub-11	ROI_activity	sensory_S1_S2_thalamus	sensory	beta_passive	154.39900557996265
sub-11	ROI_activity	value_NAc	value	beta_passive	-152.27633831800148
sub-11	ROI_activity	value_vmPFC_mOFC	value	beta_passive	217.5140031681516
sub-12	ROI_activity	control_SMA_preSMA	control	beta_passive	-458.7731154476771
sub-12	ROI_activity	control_dlPFC_IFJ_L	control	beta_passive	-367.97735096893246
sub-12	ROI_activity	control_dlPFC_IFJ_R	control	beta_passive	-307.28316324024775
sub-12	ROI_activity	descending_PAG	descending	beta_passive	715.0463726708316
sub-12	ROI_activity	descending_pgACC_rACC	descending	beta_passive	252.9284624397008
sub-12	ROI_activity	salience_aINS	salience	beta_passive	246.2017974170405
sub-12	ROI_activity	salience_dACC_MCC	salience	beta_passive	-168.84014805273245
sub-12	ROI_activity	sensory_S1_S2_thalamus	sensory	beta_passive	18.862672510506446
sub-12	ROI_activity	value_NAc	value	beta_passive	23.35950816415633
sub-12	ROI_activity	value_vmPFC_mOFC	value	beta_passive	100.12126776288642
sub-13	ROI_activity	control_SMA_preSMA	control	beta_passive	-237.0004896845365
sub-13	ROI_activity	control_dlPFC_IFJ_L	control	beta_passive	-45.63300174960849
sub-13	ROI_activity	control_dlPFC_IFJ_R	control	beta_passive	-124.73600724953285
sub-13	ROI_activity	descending_PAG	descending	beta_passive	940.512344205485
sub-13	ROI_activity	descending_pgACC_rACC	descending	beta_passive	296.46079995691184
sub-13	ROI_activity	salience_aINS	salience	beta_passive	302.3780038275845
sub-13	ROI_activity	salience_dACC_MCC	salience	beta_passive	146.2846242565891
sub-13	ROI_activity	sensory_S1_S2_thalamus	sensory	beta_passive	118.60669406037594
sub-13	ROI_activity	value_NAc	value	beta_passive	181.48725151865358
sub-13	ROI_activity	value_vmPFC_mOFC	value	beta_passive	363.5077680681202
sub-14	ROI_activity	control_SMA_preSMA	control	beta_passive	-129.75703626844282
sub-14	ROI_activity	control_dlPFC_IFJ_L	control	beta_passive	228.1593893930132
sub-14	ROI_activity	control_dlPFC_IFJ_R	control	beta_passive	103.27497164188884
sub-14	ROI_activity	descending_PAG	descending	beta_passive	1429.0585912900435
sub-14	ROI_activity	descending_pgACC_rACC	descending	beta_passive	104.99002503550383
sub-14	ROI_activity	salience_aINS	salience	beta_passive	241.4467254895056
sub-14	ROI_activity	salience_dACC_MCC	salience	beta_passive	176.6171508307271
sub-14	ROI_activity	sensory_S1_S2_thalamus	sensory	beta_passive	-86.74994382104828
sub-14	ROI_activity	value_NAc	value	beta_passive	206.87093404840678
sub-14	ROI_activity	value_vmPFC_mOFC	value	beta_passive	-61.114279259256335
sub-15	ROI_activity	control_SMA_preSMA	control	beta_passive	51.164887478174535
sub-15	ROI_activity	control_dlPFC_IFJ_L	control	beta_passive	409.4034753131885
sub-15	ROI_activity	control_dlPFC_IFJ_R	control	beta_passive	319.1425972806759
sub-15	ROI_activity	descending_PAG	descending	beta_passive	551.8374576550353
sub-15	ROI_activity	descending_pgACC_rACC	descending	beta_passive	309.08898346903635
sub-15	ROI_activity	salience_aINS	salience	beta_passive	711.750867682349
sub-15	ROI_activity	salience_dACC_MCC	salience	beta_passive	415.47406033479183
sub-15	ROI_activity	sensory_S1_S2_thalamus	sensory	beta_passive	520.9813439338985
sub-15	ROI_activity	value_NAc	value	beta_passive	76.80443259357867
sub-15	ROI_activity	value_vmPFC_mOFC	value	beta_passive	212.41833132979164
sub-16	ROI_activity	control_SMA_preSMA	control	beta_passive	23.245336727508768
sub-16	ROI_activity	control_dlPFC_IFJ_L	control	beta_passive	-39.97150446676745
sub-16	ROI_activity	control_dlPFC_IFJ_R	control	beta_passive	-151.27651648995564
sub-16	ROI_activity	descending_PAG	descending	beta_passive	240.83526112659484
sub-16	ROI_activity	descending_pgACC_rACC	descending	beta_passive	-174.32487711516214
sub-16	ROI_activity	salience_aINS	salience	beta_passive	1115.1758068067093
sub-16	ROI_activity	salience_dACC_MCC	salience	beta_passive	-150.32930810334554
sub-16	ROI_activity	sensory_S1_S2_thalamus	sensory	beta_passive	-161.05078108451448
sub-16	ROI_activity	value_NAc	value	beta_passive	-106.41375210228722
sub-16	ROI_activity	value_vmPFC_mOFC	value	beta_passive	-420.098079823677
sub-17	ROI_activity	control_SMA_preSMA	control	beta_passive	134.0870695502545
sub-17	ROI_activity	control_dlPFC_IFJ_L	control	beta_passive	49.744943549728895
sub-17	ROI_activity	control_dlPFC_IFJ_R	control	beta_passive	-21.58228587027769
sub-17	ROI_activity	descending_PAG	descending	beta_passive	-421.09605487030433
sub-17	ROI_activity	descending_pgACC_rACC	descending	beta_passive	228.72930475863333
sub-17	ROI_activity	salience_aINS	salience	beta_passive	1050.9755768186121
sub-17	ROI_activity	salience_dACC_MCC	salience	beta_passive	318.4730532663972
sub-17	ROI_activity	sensory_S1_S2_thalamus	sensory	beta_passive	76.4288566127603
sub-17	ROI_activity	value_NAc	value	beta_passive	185.92515970528444
sub-17	ROI_activity	value_vmPFC_mOFC	value	beta_passive	33.39536571006511
sub-18	ROI_activity	control_SMA_preSMA	control	beta_passive	257.4065641142766
sub-18	ROI_activity	control_dlPFC_IFJ_L	control	beta_passive	212.0575834020247
sub-18	ROI_activity	control_dlPFC_IFJ_R	control	beta_passive	207.71062092034907
sub-18	ROI_activity	descending_PAG	descending	beta_passive	-58.97896199205317
sub-18	ROI_activity	descending_pgACC_rACC	descending	beta_passive	255.8982633063864
sub-18	ROI_activity	salience_aINS	salience	beta_passive	325.63490084087556
sub-18	ROI_activity	salience_dACC_MCC	salience	beta_passive	89.02460944271532
sub-18	ROI_activity	sensory_S1_S2_thalamus	sensory	beta_passive	205.0222565920203
sub-18	ROI_activity	value_NAc	value	beta_passive	69.1953161720892
sub-18	ROI_activity	value_vmPFC_mOFC	value	beta_passive	27.548151403745766
sub-19	ROI_activity	control_SMA_preSMA	control	beta_passive	53.55240104638501
sub-19	ROI_activity	control_dlPFC_IFJ_L	control	beta_passive	-726.6327649041122
sub-19	ROI_activity	control_dlPFC_IFJ_R	control	beta_passive	-153.95484790015618
sub-19	ROI_activity	descending_PAG	descending	beta_passive	-334.1841723842512
sub-19	ROI_activity	descending_pgACC_rACC	descending	beta_passive	233.56112327175435
sub-19	ROI_activity	salience_aINS	salience	beta_passive	1438.9006428405605
sub-19	ROI_activity	salience_dACC_MCC	salience	beta_passive	24.75821045528496
sub-19	ROI_activity	sensory_S1_S2_thalamus	sensory	beta_passive	349.11950058373566
sub-19	ROI_activity	value_NAc	value	beta_passive	319.2385261457385
sub-19	ROI_activity	value_vmPFC_mOFC	value	beta_passive	65.17824742205399
sub-20	ROI_activity	control_SMA_preSMA	control	beta_passive	-795.3699219212604
sub-20	ROI_activity	control_dlPFC_IFJ_L	control	beta_passive	-431.0711291327627
sub-20	ROI_activity	control_dlPFC_IFJ_R	control	beta_passive	-667.1465159940124
sub-20	ROI_activity	descending_PAG	descending	beta_passive	-500.8244797805356
sub-20	ROI_activity	descending_pgACC_rACC	descending	beta_passive	24.70130358091674
sub-20	ROI_activity	salience_aINS	salience	beta_passive	338.58137752058735
sub-20	ROI_activity	salience_dACC_MCC	salience	beta_passive	-407.4313453434988
sub-20	ROI_activity	sensory_S1_S2_thalamus	sensory	beta_passive	-285.46452969114216
sub-20	ROI_activity	value_NAc	value	beta_passive	-187.47495856725195
sub-20	ROI_activity	value_vmPFC_mOFC	value	beta_passive	40.43812136354749
sub-21	ROI_activity	control_SMA_preSMA	control	beta_passive	-5.195266816279349
sub-21	ROI_activity	control_dlPFC_IFJ_L	control	beta_passive	146.74141622674844
sub-21	ROI_activity	control_dlPFC_IFJ_R	control	beta_passive	8.199115104468115
sub-21	ROI_activity	descending_PAG	descending	beta_passive	481.512057920801
sub-21	ROI_activity	descending_pgACC_rACC	descending	beta_passive	301.6203284305197
sub-21	ROI_activity	salience_aINS	salience	beta_passive	555.4673531752817
sub-21	ROI_activity	salience_dACC_MCC	salience	beta_passive	173.67435267403425
sub-21	ROI_activity	sensory_S1_S2_thalamus	sensory	beta_passive	62.92198569385989
sub-21	ROI_activity	value_NAc	value	beta_passive	-165.74111647005418
sub-21	ROI_activity	value_vmPFC_mOFC	value	beta_passive	125.62039151861455
sub-22	ROI_activity	control_SMA_preSMA	control	beta_passive	-469.1350057542648
sub-22	ROI_activity	control_dlPFC_IFJ_L	control	beta_passive	-352.61959888476304
sub-22	ROI_activity	control_dlPFC_IFJ_R	control	beta_passive	21.138384723395024
sub-22	ROI_activity	descending_PAG	descending	beta_passive	-1405.080777738487
sub-22	ROI_activity	descending_pgACC_rACC	descending	beta_passive	-191.5643949629588
sub-22	ROI_activity	salience_aINS	salience	beta_passive	828.3607830736418
sub-22	ROI_activity	salience_dACC_MCC	salience	beta_passive	-318.1834671877552
sub-22	ROI_activity	sensory_S1_S2_thalamus	sensory	beta_passive	-569.0211629379257
sub-22	ROI_activity	value_NAc	value	beta_passive	-69.23214487502413
sub-22	ROI_activity	value_vmPFC_mOFC	value	beta_passive	-253.41399261076705
sub-23	ROI_activity	control_SMA_preSMA	control	beta_passive	-26.220428475376234
sub-23	ROI_activity	control_dlPFC_IFJ_L	control	beta_passive	-98.02372530669332
sub-23	ROI_activity	control_dlPFC_IFJ_R	control	beta_passive	-426.6268935018739
sub-23	ROI_activity	descending_PAG	descending	beta_passive	139.11610962332446
sub-23	ROI_activity	descending_pgACC_rACC	descending	beta_passive	251.3970227790702
sub-23	ROI_activity	salience_aINS	salience	beta_passive	375.2507349008004
sub-23	ROI_activity	salience_dACC_MCC	salience	beta_passive	-30.28305063562241
sub-23	ROI_activity	sensory_S1_S2_thalamus	sensory	beta_passive	168.99796740707205
sub-23	ROI_activity	value_NAc	value	beta_passive	352.4898533062299
sub-23	ROI_activity	value_vmPFC_mOFC	value	beta_passive	356.59947669042526
sub-24	ROI_activity	control_SMA_preSMA	control	beta_passive	-140.91125498968134
sub-24	ROI_activity	control_dlPFC_IFJ_L	control	beta_passive	-414.0245044869946
sub-24	ROI_activity	control_dlPFC_IFJ_R	control	beta_passive	-240.8582606855821
sub-24	ROI_activity	descending_PAG	descending	beta_passive	-547.6599702368309
sub-24	ROI_activity	descending_pgACC_rACC	descending	beta_passive	-19.173582533774667
sub-24	ROI_activity	salience_aINS	salience	beta_passive	761.3475263512047
sub-24	ROI_activity	salience_dACC_MCC	salience	beta_passive	-118.31160887867291
sub-24	ROI_activity	sensory_S1_S2_thalamus	sensory	beta_passive	-65.20705202200654
sub-24	ROI_activity	value_NAc	value	beta_passive	235.95659659864788
sub-24	ROI_activity	value_vmPFC_mOFC	value	beta_passive	-126.69542067869297
sub-25	ROI_activity	control_SMA_preSMA	control	beta_passive	-157.13533609398954
sub-25	ROI_activity	control_dlPFC_IFJ_L	control	beta_passive	-4.800373561642624
sub-25	ROI_activity	control_dlPFC_IFJ_R	control	beta_passive	18.13949552349306
sub-25	ROI_activity	descending_PAG	descending	beta_passive	-196.51872782973967
sub-25	ROI_activity	descending_pgACC_rACC	descending	beta_passive	303.93521485018607
sub-25	ROI_activity	salience_aINS	salience	beta_passive	882.6179109404183
sub-25	ROI_activity	salience_dACC_MCC	salience	beta_passive	10.522695390089618
sub-25	ROI_activity	sensory_S1_S2_thalamus	sensory	beta_passive	436.5752248978215
sub-25	ROI_activity	value_NAc	value	beta_passive	51.11933743539802
sub-25	ROI_activity	value_vmPFC_mOFC	value	beta_passive	441.8067461389853
sub-26	ROI_activity	control_SMA_preSMA	control	beta_passive	-54.7005208552541
sub-26	ROI_activity	control_dlPFC_IFJ_L	control	beta_passive	-229.74583937793088
sub-26	ROI_activity	control_dlPFC_IFJ_R	control	beta_passive	-204.8056176822369
sub-26	ROI_activity	descending_PAG	descending	beta_passive	-118.97867137730503
sub-26	ROI_activity	descending_pgACC_rACC	descending	beta_passive	30.091698867265876
sub-26	ROI_activity	salience_aINS	salience	beta_passive	-123.90329662386301
sub-26	ROI_activity	salience_dACC_MCC	salience	beta_passive	-154.1847309194263
sub-26	ROI_activity	sensory_S1_S2_thalamus	sensory	beta_passive	128.55583749752586
sub-26	ROI_activity	value_NAc	value	beta_passive	13.75184249600228
sub-26	ROI_activity	value_vmPFC_mOFC	value	beta_passive	169.37776216032725
sub-27	ROI_activity	control_SMA_preSMA	control	beta_passive	-105.85519766919056
sub-27	ROI_activity	control_dlPFC_IFJ_L	control	beta_passive	-89.89819539247868
sub-27	ROI_activity	control_dlPFC_IFJ_R	control	beta_passive	-26.05492995171174
sub-27	ROI_activity	descending_PAG	descending	beta_passive	619.5492974860754
sub-27	ROI_activity	descending_pgACC_rACC	descending	beta_passive	70.31920159946769
sub-27	ROI_activity	salience_aINS	salience	beta_passive	547.4448959187597
sub-27	ROI_activity	salience_dACC_MCC	salience	beta_passive	-41.9535798794072
sub-27	ROI_activity	sensory_S1_S2_thalamus	sensory	beta_passive	-34.47161415347681
sub-27	ROI_activity	value_NAc	value	beta_passive	-7.528563253639298
sub-27	ROI_activity	value_vmPFC_mOFC	value	beta_passive	161.78360844875695
sub-28	ROI_activity	control_SMA_preSMA	control	beta_passive	-36.59238331384386
sub-28	ROI_activity	control_dlPFC_IFJ_L	control	beta_passive	5.638813151779468
sub-28	ROI_activity	control_dlPFC_IFJ_R	control	beta_passive	14.869383204239726
sub-28	ROI_activity	descending_PAG	descending	beta_passive	768.101421274402
sub-28	ROI_activity	descending_pgACC_rACC	descending	beta_passive	182.0527073304568
sub-28	ROI_activity	salience_aINS	salience	beta_passive	384.2012709508168
sub-28	ROI_activity	salience_dACC_MCC	salience	beta_passive	131.33601264525234
sub-28	ROI_activity	sensory_S1_S2_thalamus	sensory	beta_passive	200.44540185796126
sub-28	ROI_activity	value_NAc	value	beta_passive	118.71582454082092
sub-28	ROI_activity	value_vmPFC_mOFC	value	beta_passive	74.62495282294617
sub-29	ROI_activity	control_SMA_preSMA	control	beta_passive	-593.9178354795051
sub-29	ROI_activity	control_dlPFC_IFJ_L	control	beta_passive	-141.2970642830498
sub-29	ROI_activity	control_dlPFC_IFJ_R	control	beta_passive	-278.3079879879558
sub-29	ROI_activity	descending_PAG	descending	beta_passive	-90.7789303128808
sub-29	ROI_activity	descending_pgACC_rACC	descending	beta_passive	288.5327608172776
sub-29	ROI_activity	salience_aINS	salience	beta_passive	-191.09861261347578
sub-29	ROI_activity	salience_dACC_MCC	salience	beta_passive	-40.91105758659964
sub-29	ROI_activity	sensory_S1_S2_thalamus	sensory	beta_passive	-8.066625373984213
sub-29	ROI_activity	value_NAc	value	beta_passive	-71.32311404862996
sub-29	ROI_activity	value_vmPFC_mOFC	value	beta_passive	682.8064915426011
sub-30	ROI_activity	control_SMA_preSMA	control	beta_passive	131.96829612078793
sub-30	ROI_activity	control_dlPFC_IFJ_L	control	beta_passive	-40.81193861277636
sub-30	ROI_activity	control_dlPFC_IFJ_R	control	beta_passive	250.2310875576549
sub-30	ROI_activity	descending_PAG	descending	beta_passive	601.8693421236046
sub-30	ROI_activity	descending_pgACC_rACC	descending	beta_passive	3.8304749137741783
sub-30	ROI_activity	salience_aINS	salience	beta_passive	1322.0432222726135
sub-30	ROI_activity	salience_dACC_MCC	salience	beta_passive	122.68535126521056
sub-30	ROI_activity	sensory_S1_S2_thalamus	sensory	beta_passive	180.75383093410258
sub-30	ROI_activity	value_NAc	value	beta_passive	70.12699077853125
sub-30	ROI_activity	value_vmPFC_mOFC	value	beta_passive	179.2379441246194
sub-31	ROI_activity	control_SMA_preSMA	control	beta_passive	381.7608332422803
sub-31	ROI_activity	control_dlPFC_IFJ_L	control	beta_passive	-383.7919207052684
sub-31	ROI_activity	control_dlPFC_IFJ_R	control	beta_passive	-544.8226903444396
sub-31	ROI_activity	descending_PAG	descending	beta_passive	435.26838375706814
sub-31	ROI_activity	descending_pgACC_rACC	descending	beta_passive	122.1911007128561
sub-31	ROI_activity	salience_aINS	salience	beta_passive	929.3691780139463
sub-31	ROI_activity	salience_dACC_MCC	salience	beta_passive	384.57122940706114
sub-31	ROI_activity	sensory_S1_S2_thalamus	sensory	beta_passive	279.20501494639905
sub-31	ROI_activity	value_NAc	value	beta_passive	396.76599697940526
sub-31	ROI_activity	value_vmPFC_mOFC	value	beta_passive	-58.748320886261546
sub-32	ROI_activity	control_SMA_preSMA	control	beta_passive	-246.85980401629732
sub-32	ROI_activity	control_dlPFC_IFJ_L	control	beta_passive	280.9261211990392
sub-32	ROI_activity	control_dlPFC_IFJ_R	control	beta_passive	-327.3191138832898
sub-32	ROI_activity	descending_PAG	descending	beta_passive	476.6143466366896
sub-32	ROI_activity	descending_pgACC_rACC	descending	beta_passive	130.65885106402143
sub-32	ROI_activity	salience_aINS	salience	beta_passive	299.3517726287939
sub-32	ROI_activity	salience_dACC_MCC	salience	beta_passive	-157.212294062012
sub-32	ROI_activity	sensory_S1_S2_thalamus	sensory	beta_passive	-21.522529912003375
sub-32	ROI_activity	value_NAc	value	beta_passive	111.41709916115833
sub-32	ROI_activity	value_vmPFC_mOFC	value	beta_passive	358.0772394670269
sub-33	ROI_activity	control_SMA_preSMA	control	beta_passive	-72.14014731320958
sub-33	ROI_activity	control_dlPFC_IFJ_L	control	beta_passive	-78.3641892821752
sub-33	ROI_activity	control_dlPFC_IFJ_R	control	beta_passive	37.493022272862326
sub-33	ROI_activity	descending_PAG	descending	beta_passive	-617.8044270340437
sub-33	ROI_activity	descending_pgACC_rACC	descending	beta_passive	60.1135385777675
sub-33	ROI_activity	salience_aINS	salience	beta_passive	591.9180007481971
sub-33	ROI_activity	salience_dACC_MCC	salience	beta_passive	-172.325326639475
sub-33	ROI_activity	sensory_S1_S2_thalamus	sensory	beta_passive	-259.3944493230283
sub-33	ROI_activity	value_NAc	value	beta_passive	136.7845053293963
sub-33	ROI_activity	value_vmPFC_mOFC	value	beta_passive	13.05208688243217
sub-01	ROI_activity	control_SMA_preSMA	control	beta_up	405.7067573833761
sub-01	ROI_activity	control_dlPFC_IFJ_L	control	beta_up	1376.5342784763004
sub-01	ROI_activity	control_dlPFC_IFJ_R	control	beta_up	134.7219657853843
sub-01	ROI_activity	descending_PAG	descending	beta_up	21.69802548144971
sub-01	ROI_activity	descending_pgACC_rACC	descending	beta_up	-84.2159688752652
sub-01	ROI_activity	salience_aINS	salience	beta_up	745.647887845963
sub-01	ROI_activity	salience_dACC_MCC	salience	beta_up	723.2277549800544
sub-01	ROI_activity	sensory_S1_S2_thalamus	sensory	beta_up	456.00831381525717
sub-01	ROI_activity	value_NAc	value	beta_up	-378.6024246008351
sub-01	ROI_activity	value_vmPFC_mOFC	value	beta_up	-310.4374730869177
sub-02	ROI_activity	control_SMA_preSMA	control	beta_up	1498.8147728556676
sub-02	ROI_activity	control_dlPFC_IFJ_L	control	beta_up	2796.9969282249926
sub-02	ROI_activity	control_dlPFC_IFJ_R	control	beta_up	1896.317836871812
sub-02	ROI_activity	descending_PAG	descending	beta_up	-948.4009419237452
sub-02	ROI_activity	descending_pgACC_rACC	descending	beta_up	482.238158932986
sub-02	ROI_activity	salience_aINS	salience	beta_up	1317.41824127094
sub-02	ROI_activity	salience_dACC_MCC	salience	beta_up	1390.8433218684856
sub-02	ROI_activity	sensory_S1_S2_thalamus	sensory	beta_up	589.5776015717285
sub-02	ROI_activity	value_NAc	value	beta_up	-141.9962082261835
sub-02	ROI_activity	value_vmPFC_mOFC	value	beta_up	-14.241109258530471
sub-03	ROI_activity	control_SMA_preSMA	control	beta_up	-163.29647642421452
sub-03	ROI_activity	control_dlPFC_IFJ_L	control	beta_up	606.6931892778299
sub-03	ROI_activity	control_dlPFC_IFJ_R	control	beta_up	-314.03089399246875
sub-03	ROI_activity	descending_PAG	descending	beta_up	-482.50328571996704
sub-03	ROI_activity	descending_pgACC_rACC	descending	beta_up	-586.9054609658998
sub-03	ROI_activity	salience_aINS	salience	beta_up	804.0438372768181
sub-03	ROI_activity	salience_dACC_MCC	salience	beta_up	4.621335754084408
sub-03	ROI_activity	sensory_S1_S2_thalamus	sensory	beta_up	-205.83590654901244
sub-03	ROI_activity	value_NAc	value	beta_up	-1037.7519523996855
sub-03	ROI_activity	value_vmPFC_mOFC	value	beta_up	329.85451340514675
sub-04	ROI_activity	control_SMA_preSMA	control	beta_up	112.36363994827552
sub-04	ROI_activity	control_dlPFC_IFJ_L	control	beta_up	-929.4934981400728
sub-04	ROI_activity	control_dlPFC_IFJ_R	control	beta_up	-1504.341208688139
sub-04	ROI_activity	descending_PAG	descending	beta_up	-1236.332565343779
sub-04	ROI_activity	descending_pgACC_rACC	descending	beta_up	612.2967975828192
sub-04	ROI_activity	salience_aINS	salience	beta_up	-555.4262648534766
sub-04	ROI_activity	salience_dACC_MCC	salience	beta_up	-306.86914389657125
sub-04	ROI_activity	sensory_S1_S2_thalamus	sensory	beta_up	-193.79911898793495
sub-04	ROI_activity	value_NAc	value	beta_up	-289.85935884725995
sub-04	ROI_activity	value_vmPFC_mOFC	value	beta_up	1679.3566679887278
sub-05	ROI_activity	control_SMA_preSMA	control	beta_up	730.7523211860722
sub-05	ROI_activity	control_dlPFC_IFJ_L	control	beta_up	230.446207800482
sub-05	ROI_activity	control_dlPFC_IFJ_R	control	beta_up	323.0710481357082
sub-05	ROI_activity	descending_PAG	descending	beta_up	-35.79428769374217
sub-05	ROI_activity	descending_pgACC_rACC	descending	beta_up	293.30337709274164
sub-05	ROI_activity	salience_aINS	salience	beta_up	1154.9942271488662
sub-05	ROI_activity	salience_dACC_MCC	salience	beta_up	371.97839393501874
sub-05	ROI_activity	sensory_S1_S2_thalamus	sensory	beta_up	511.22968243217053
sub-05	ROI_activity	value_NAc	value	beta_up	1167.059202527319
sub-05	ROI_activity	value_vmPFC_mOFC	value	beta_up	-103.4295890400566
sub-06	ROI_activity	control_SMA_preSMA	control	beta_up	-419.5212734916608
sub-06	ROI_activity	control_dlPFC_IFJ_L	control	beta_up	-87.64793708711227
sub-06	ROI_activity	control_dlPFC_IFJ_R	control	beta_up	-1208.2180405431009
sub-06	ROI_activity	descending_PAG	descending	beta_up	2954.240069159
sub-06	ROI_activity	descending_pgACC_rACC	descending	beta_up	328.70189507721307
sub-06	ROI_activity	salience_aINS	salience	beta_up	218.6341796490513
sub-06	ROI_activity	salience_dACC_MCC	salience	beta_up	274.13420453288205
sub-06	ROI_activity	sensory_S1_S2_thalamus	sensory	beta_up	-498.4310596350575
sub-06	ROI_activity	value_NAc	value	beta_up	234.21769059704621
sub-06	ROI_activity	value_vmPFC_mOFC	value	beta_up	193.1071778720636
sub-07	ROI_activity	control_SMA_preSMA	control	beta_up	-667.8282297274388
sub-07	ROI_activity	control_dlPFC_IFJ_L	control	beta_up	-189.8102225633592
sub-07	ROI_activity	control_dlPFC_IFJ_R	control	beta_up	-529.4120854961466
sub-07	ROI_activity	descending_PAG	descending	beta_up	-2610.150121585138
sub-07	ROI_activity	descending_pgACC_rACC	descending	beta_up	-54.991625632520936
sub-07	ROI_activity	salience_aINS	salience	beta_up	591.401762705516
sub-07	ROI_activity	salience_dACC_MCC	salience	beta_up	-214.1741341260501
sub-07	ROI_activity	sensory_S1_S2_thalamus	sensory	beta_up	283.8930165378887
sub-07	ROI_activity	value_NAc	value	beta_up	864.6966547917323
sub-07	ROI_activity	value_vmPFC_mOFC	value	beta_up	-66.37614912280092
sub-08	ROI_activity	control_SMA_preSMA	control	beta_up	117.09381021644435
sub-08	ROI_activity	control_dlPFC_IFJ_L	control	beta_up	95.55277649929904
sub-08	ROI_activity	control_dlPFC_IFJ_R	control	beta_up	-706.2559774506442
sub-08	ROI_activity	descending_PAG	descending	beta_up	-116.72571505791294
sub-08	ROI_activity	descending_pgACC_rACC	descending	beta_up	-182.5323964909757
sub-08	ROI_activity	salience_aINS	salience	beta_up	810.2001683389614
sub-08	ROI_activity	salience_dACC_MCC	salience	beta_up	-221.8004094674424
sub-08	ROI_activity	sensory_S1_S2_thalamus	sensory	beta_up	-68.98757452514535
sub-08	ROI_activity	value_NAc	value	beta_up	-104.69537271924803
sub-08	ROI_activity	value_vmPFC_mOFC	value	beta_up	44.08109572630923
sub-09	ROI_activity	control_SMA_preSMA	control	beta_up	123.52827524337256
sub-09	ROI_activity	control_dlPFC_IFJ_L	control	beta_up	675.9509895944406
sub-09	ROI_activity	control_dlPFC_IFJ_R	control	beta_up	84.59287159516543
sub-09	ROI_activity	descending_PAG	descending	beta_up	-745.2364875874678
sub-09	ROI_activity	descending_pgACC_rACC	descending	beta_up	242.26854874461503
sub-09	ROI_activity	salience_aINS	salience	beta_up	340.26676448160936
sub-09	ROI_activity	salience_dACC_MCC	salience	beta_up	261.68070051561045
sub-09	ROI_activity	sensory_S1_S2_thalamus	sensory	beta_up	12.686971746868997
sub-09	ROI_activity	value_NAc	value	beta_up	-493.5211222372527
sub-09	ROI_activity	value_vmPFC_mOFC	value	beta_up	431.2296044810311
sub-10	ROI_activity	control_SMA_preSMA	control	beta_up	-182.1769195322109
sub-10	ROI_activity	control_dlPFC_IFJ_L	control	beta_up	-558.1379875126984
sub-10	ROI_activity	control_dlPFC_IFJ_R	control	beta_up	-523.5414107300264
sub-10	ROI_activity	descending_PAG	descending	beta_up	-3581.846458066905
sub-10	ROI_activity	descending_pgACC_rACC	descending	beta_up	276.6458153503387
sub-10	ROI_activity	salience_aINS	salience	beta_up	-48.44117314823963
sub-10	ROI_activity	salience_dACC_MCC	salience	beta_up	-254.9375861042608
sub-10	ROI_activity	sensory_S1_S2_thalamus	sensory	beta_up	-22.081152894528184
sub-10	ROI_activity	value_NAc	value	beta_up	623.9012287145109
sub-10	ROI_activity	value_vmPFC_mOFC	value	beta_up	1097.416086190862
sub-11	ROI_activity	control_SMA_preSMA	control	beta_up	1002.9183233548008
sub-11	ROI_activity	control_dlPFC_IFJ_L	control	beta_up	1157.3527890998653
sub-11	ROI_activity	control_dlPFC_IFJ_R	control	beta_up	593.1294103077812
sub-11	ROI_activity	descending_PAG	descending	beta_up	-18.68199078673556
sub-11	ROI_activity	descending_pgACC_rACC	descending	beta_up	685.4842600538203
sub-11	ROI_activity	salience_aINS	salience	beta_up	802.3058500205082
sub-11	ROI_activity	salience_dACC_MCC	salience	beta_up	893.0201075500205
sub-11	ROI_activity	sensory_S1_S2_thalamus	sensory	beta_up	63.75207014794648
sub-11	ROI_activity	value_NAc	value	beta_up	472.5588656012217
sub-11	ROI_activity	value_vmPFC_mOFC	value	beta_up	810.2270580412633
sub-12	ROI_activity	control_SMA_preSMA	control	beta_up	16.8754091727711
sub-12	ROI_activity	control_dlPFC_IFJ_L	control	beta_up	230.7863358512975
sub-12	ROI_activity	control_dlPFC_IFJ_R	control	beta_up	251.31461194313877
sub-12	ROI_activity	descending_PAG	descending	beta_up	660.3233422107936
sub-12	ROI_activity	descending_pgACC_rACC	descending	beta_up	585.1017453061693
sub-12	ROI_activity	salience_aINS	salience	beta_up	1665.3990302884013
sub-12	ROI_activity	salience_dACC_MCC	salience	beta_up	191.52656642402025
sub-12	ROI_activity	sensory_S1_S2_thalamus	sensory	beta_up	-370.4348421487842
sub-12	ROI_activity	value_NAc	value	beta_up	-24.663084240684498
sub-12	ROI_activity	value_vmPFC_mOFC	value	beta_up	220.12737289037378
sub-13	ROI_activity	control_SMA_preSMA	control	beta_up	168.34678566146934
sub-13	ROI_activity	control_dlPFC_IFJ_L	control	beta_up	291.0508965881671
sub-13	ROI_activity	control_dlPFC_IFJ_R	control	beta_up	144.70665482441905
sub-13	ROI_activity	descending_PAG	descending	beta_up	536.4383573054703
sub-13	ROI_activity	descending_pgACC_rACC	descending	beta_up	119.90547784550908
sub-13	ROI_activity	salience_aINS	salience	beta_up	186.70782685650607
sub-13	ROI_activity	salience_dACC_MCC	salience	beta_up	231.9534362566452
sub-13	ROI_activity	sensory_S1_S2_thalamus	sensory	beta_up	318.17830455967504
sub-13	ROI_activity	value_NAc	value	beta_up	-617.3089173149872
sub-13	ROI_activity	value_vmPFC_mOFC	value	beta_up	244.74219889085452
sub-14	ROI_activity	control_SMA_preSMA	control	beta_up	194.01197542824255
sub-14	ROI_activity	control_dlPFC_IFJ_L	control	beta_up	334.03797389185263
sub-14	ROI_activity	control_dlPFC_IFJ_R	control	beta_up	-177.40689083303582
sub-14	ROI_activity	descending_PAG	descending	beta_up	848.0848215551675
sub-14	ROI_activity	descending_pgACC_rACC	descending	beta_up	5.751354881785528
sub-14	ROI_activity	salience_aINS	salience	beta_up	478.8953913754382
sub-14	ROI_activity	salience_dACC_MCC	salience	beta_up	528.3909653147488
sub-14	ROI_activity	sensory_S1_S2_thalamus	sensory	beta_up	430.09989101877375
sub-14	ROI_activity	value_NAc	value	beta_up	-793.6474523892872
sub-14	ROI_activity	value_vmPFC_mOFC	value	beta_up	-161.63800227908357
sub-15	ROI_activity	control_SMA_preSMA	control	beta_up	-4.1312320303244405
sub-15	ROI_activity	control_dlPFC_IFJ_L	control	beta_up	406.9740971040452
sub-15	ROI_activity	control_dlPFC_IFJ_R	control	beta_up	-117.00329926751802
sub-15	ROI_activity	descending_PAG	descending	beta_up	569.7610723780043
sub-15	ROI_activity	descending_pgACC_rACC	descending	beta_up	-290.6687348069723
sub-15	ROI_activity	salience_aINS	salience	beta_up	502.712621824305
sub-15	ROI_activity	salience_dACC_MCC	salience	beta_up	313.7586682010043
sub-15	ROI_activity	sensory_S1_S2_thalamus	sensory	beta_up	498.44987896553215
sub-15	ROI_activity	value_NAc	value	beta_up	175.48292976452456
sub-15	ROI_activity	value_vmPFC_mOFC	value	beta_up	59.69575834101786
sub-16	ROI_activity	control_SMA_preSMA	control	beta_up	-252.901261612121
sub-16	ROI_activity	control_dlPFC_IFJ_L	control	beta_up	817.341489370418
sub-16	ROI_activity	control_dlPFC_IFJ_R	control	beta_up	-632.3957200862194
sub-16	ROI_activity	descending_PAG	descending	beta_up	11.12056527311688
sub-16	ROI_activity	descending_pgACC_rACC	descending	beta_up	433.1236412641796
sub-16	ROI_activity	salience_aINS	salience	beta_up	1203.488583872172
sub-16	ROI_activity	salience_dACC_MCC	salience	beta_up	173.04260955250953
sub-16	ROI_activity	sensory_S1_S2_thalamus	sensory	beta_up	-564.6761445573877
sub-16	ROI_activity	value_NAc	value	beta_up	-98.07073043099825
sub-16	ROI_activity	value_vmPFC_mOFC	value	beta_up	-93.45614814551364
sub-17	ROI_activity	control_SMA_preSMA	control	beta_up	-525.8597000290903
sub-17	ROI_activity	control_dlPFC_IFJ_L	control	beta_up	-53.46281408039977
sub-17	ROI_activity	control_dlPFC_IFJ_R	control	beta_up	-658.7374630678545
sub-17	ROI_activity	descending_PAG	descending	beta_up	888.9530947088002
sub-17	ROI_activity	descending_pgACC_rACC	descending	beta_up	780.5481830357843
sub-17	ROI_activity	salience_aINS	salience	beta_up	835.7253566222918
sub-17	ROI_activity	salience_dACC_MCC	salience	beta_up	546.9311096261182
sub-17	ROI_activity	sensory_S1_S2_thalamus	sensory	beta_up	90.67147936589554
sub-17	ROI_activity	value_NAc	value	beta_up	679.5759722012431
sub-17	ROI_activity	value_vmPFC_mOFC	value	beta_up	753.4664958777884
sub-18	ROI_activity	control_SMA_preSMA	control	beta_up	3.079011418421601
sub-18	ROI_activity	control_dlPFC_IFJ_L	control	beta_up	-342.0600239522108
sub-18	ROI_activity	control_dlPFC_IFJ_R	control	beta_up	-210.10488691235065
sub-18	ROI_activity	descending_PAG	descending	beta_up	-1152.6123119282845
sub-18	ROI_activity	descending_pgACC_rACC	descending	beta_up	393.7299681113085
sub-18	ROI_activity	salience_aINS	salience	beta_up	462.68023118932103
sub-18	ROI_activity	salience_dACC_MCC	salience	beta_up	-154.34347669090337
sub-18	ROI_activity	sensory_S1_S2_thalamus	sensory	beta_up	-109.26008454106162
sub-18	ROI_activity	value_NAc	value	beta_up	271.7648600488279
sub-18	ROI_activity	value_vmPFC_mOFC	value	beta_up	169.00915787703113
sub-19	ROI_activity	control_SMA_preSMA	control	beta_up	-211.1526411035771
sub-19	ROI_activity	control_dlPFC_IFJ_L	control	beta_up	-242.23082731769065
sub-19	ROI_activity	control_dlPFC_IFJ_R	control	beta_up	170.2473978118645
sub-19	ROI_activity	descending_PAG	descending	beta_up	-1494.7579398665605
sub-19	ROI_activity	descending_pgACC_rACC	descending	beta_up	-90.50189629518434
sub-19	ROI_activity	salience_aINS	salience	beta_up	929.0389724832521
sub-19	ROI_activity	salience_dACC_MCC	salience	beta_up	151.39405436725718
sub-19	ROI_activity	sensory_S1_S2_thalamus	sensory	beta_up	350.42764140692753
sub-19	ROI_activity	value_NAc	value	beta_up	-29.9703184394903
sub-19	ROI_activity	value_vmPFC_mOFC	value	beta_up	-642.7883355236949
sub-20	ROI_activity	control_SMA_preSMA	control	beta_up	-875.068039034194
sub-20	ROI_activity	control_dlPFC_IFJ_L	control	beta_up	-303.6377840271315
sub-20	ROI_activity	control_dlPFC_IFJ_R	control	beta_up	-590.2204251638221
sub-20	ROI_activity	descending_PAG	descending	beta_up	-896.8627646116213
sub-20	ROI_activity	descending_pgACC_rACC	descending	beta_up	72.18937677006315
sub-20	ROI_activity	salience_aINS	salience	beta_up	650.7637243461666
sub-20	ROI_activity	salience_dACC_MCC	salience	beta_up	-403.5101509367248
sub-20	ROI_activity	sensory_S1_S2_thalamus	sensory	beta_up	-467.0065467864232
sub-20	ROI_activity	value_NAc	value	beta_up	433.5754502246592
sub-20	ROI_activity	value_vmPFC_mOFC	value	beta_up	51.91447540370795
sub-21	ROI_activity	control_SMA_preSMA	control	beta_up	-110.47259206817614
sub-21	ROI_activity	control_dlPFC_IFJ_L	control	beta_up	259.8006879438244
sub-21	ROI_activity	control_dlPFC_IFJ_R	control	beta_up	-661.4103012359758
sub-21	ROI_activity	descending_PAG	descending	beta_up	-486.9210451999973
sub-21	ROI_activity	descending_pgACC_rACC	descending	beta_up	595.1796700662986
sub-21	ROI_activity	salience_aINS	salience	beta_up	1003.671112240342
sub-21	ROI_activity	salience_dACC_MCC	salience	beta_up	216.41743636582905
sub-21	ROI_activity	sensory_S1_S2_thalamus	sensory	beta_up	177.13351973615315
sub-21	ROI_activity	value_NAc	value	beta_up	-316.5090543242594
sub-21	ROI_activity	value_vmPFC_mOFC	value	beta_up	136.24627482241945
sub-22	ROI_activity	control_SMA_preSMA	control	beta_up	291.83154232022
sub-22	ROI_activity	control_dlPFC_IFJ_L	control	beta_up	-374.6179287767442
sub-22	ROI_activity	control_dlPFC_IFJ_R	control	beta_up	-749.5252799266258
sub-22	ROI_activity	descending_PAG	descending	beta_up	-1115.9408737770796
sub-22	ROI_activity	descending_pgACC_rACC	descending	beta_up	-13.250045848631045
sub-22	ROI_activity	salience_aINS	salience	beta_up	1069.9286154791487
sub-22	ROI_activity	salience_dACC_MCC	salience	beta_up	-371.83269235415287
sub-22	ROI_activity	sensory_S1_S2_thalamus	sensory	beta_up	-264.3710464633496
sub-22	ROI_activity	value_NAc	value	beta_up	-949.8121471490465
sub-22	ROI_activity	value_vmPFC_mOFC	value	beta_up	-304.7999553767027
sub-23	ROI_activity	control_SMA_preSMA	control	beta_up	806.3280753740328
sub-23	ROI_activity	control_dlPFC_IFJ_L	control	beta_up	89.13617322216814
sub-23	ROI_activity	control_dlPFC_IFJ_R	control	beta_up	-610.3713042573684
sub-23	ROI_activity	descending_PAG	descending	beta_up	123.27265669997104
sub-23	ROI_activity	descending_pgACC_rACC	descending	beta_up	862.9291149582426
sub-23	ROI_activity	salience_aINS	salience	beta_up	957.4369312601457
sub-23	ROI_activity	salience_dACC_MCC	salience	beta_up	537.8949458683153
sub-23	ROI_activity	sensory_S1_S2_thalamus	sensory	beta_up	613.081971633602
sub-23	ROI_activity	value_NAc	value	beta_up	825.6499639073513
sub-23	ROI_activity	value_vmPFC_mOFC	value	beta_up	485.2530310291325
sub-24	ROI_activity	control_SMA_preSMA	control	beta_up	22.55617438427864
sub-24	ROI_activity	control_dlPFC_IFJ_L	control	beta_up	-17.317596280790234
sub-24	ROI_activity	control_dlPFC_IFJ_R	control	beta_up	-418.2756445885523
sub-24	ROI_activity	descending_PAG	descending	beta_up	2852.567109078696
sub-24	ROI_activity	descending_pgACC_rACC	descending	beta_up	-159.5455338556181
sub-24	ROI_activity	salience_aINS	salience	beta_up	436.85606551197793
sub-24	ROI_activity	salience_dACC_MCC	salience	beta_up	-418.1873163317594
sub-24	ROI_activity	sensory_S1_S2_thalamus	sensory	beta_up	-419.6465019870282
sub-24	ROI_activity	value_NAc	value	beta_up	606.3261439574652
sub-24	ROI_activity	value_vmPFC_mOFC	value	beta_up	-186.00806224688995
sub-25	ROI_activity	control_SMA_preSMA	control	beta_up	235.7595450744037
sub-25	ROI_activity	control_dlPFC_IFJ_L	control	beta_up	790.9909697392402
sub-25	ROI_activity	control_dlPFC_IFJ_R	control	beta_up	612.4520045956913
sub-25	ROI_activity	descending_PAG	descending	beta_up	-293.3171176633932
sub-25	ROI_activity	descending_pgACC_rACC	descending	beta_up	-125.4614285491266
sub-25	ROI_activity	salience_aINS	salience	beta_up	1165.124340869841
sub-25	ROI_activity	salience_dACC_MCC	salience	beta_up	-39.262244099114056
sub-25	ROI_activity	sensory_S1_S2_thalamus	sensory	beta_up	-201.30208741255163
sub-25	ROI_activity	value_NAc	value	beta_up	-334.58527556496506
sub-25	ROI_activity	value_vmPFC_mOFC	value	beta_up	-166.01294058096053
sub-26	ROI_activity	control_SMA_preSMA	control	beta_up	350.8506029594138
sub-26	ROI_activity	control_dlPFC_IFJ_L	control	beta_up	241.3733766958566
sub-26	ROI_activity	control_dlPFC_IFJ_R	control	beta_up	56.03327631035086
sub-26	ROI_activity	descending_PAG	descending	beta_up	769.0680187929263
sub-26	ROI_activity	descending_pgACC_rACC	descending	beta_up	-44.47474068776991
sub-26	ROI_activity	salience_aINS	salience	beta_up	184.3227472847255
sub-26	ROI_activity	salience_dACC_MCC	salience	beta_up	313.7949422146047
sub-26	ROI_activity	sensory_S1_S2_thalamus	sensory	beta_up	487.62271233698266
sub-26	ROI_activity	value_NAc	value	beta_up	-19.260194750076003
sub-26	ROI_activity	value_vmPFC_mOFC	value	beta_up	-127.7428256148042
sub-27	ROI_activity	control_SMA_preSMA	control	beta_up	213.23995201148347
sub-27	ROI_activity	control_dlPFC_IFJ_L	control	beta_up	-345.6371990458767
sub-27	ROI_activity	control_dlPFC_IFJ_R	control	beta_up	-569.6195966915077
sub-27	ROI_activity	descending_PAG	descending	beta_up	910.3569429193358
sub-27	ROI_activity	descending_pgACC_rACC	descending	beta_up	148.02724246349567
sub-27	ROI_activity	salience_aINS	salience	beta_up	563.6554968724766
sub-27	ROI_activity	salience_dACC_MCC	salience	beta_up	140.88490340708202
sub-27	ROI_activity	sensory_S1_S2_thalamus	sensory	beta_up	-3.655344375337555
sub-27	ROI_activity	value_NAc	value	beta_up	-436.61351626964904
sub-27	ROI_activity	value_vmPFC_mOFC	value	beta_up	190.18359711558222
sub-28	ROI_activity	control_SMA_preSMA	control	beta_up	49.46689252958413
sub-28	ROI_activity	control_dlPFC_IFJ_L	control	beta_up	358.7946530623967
sub-28	ROI_activity	control_dlPFC_IFJ_R	control	beta_up	-143.5147816834199
sub-28	ROI_activity	descending_PAG	descending	beta_up	862.3716373666908
sub-28	ROI_activity	descending_pgACC_rACC	descending	beta_up	-133.5439409476012
sub-28	ROI_activity	salience_aINS	salience	beta_up	-154.91045292785913
sub-28	ROI_activity	salience_dACC_MCC	salience	beta_up	-30.634404290062776
sub-28	ROI_activity	sensory_S1_S2_thalamus	sensory	beta_up	-161.74326595518033
sub-28	ROI_activity	value_NAc	value	beta_up	-352.29188760580416
sub-28	ROI_activity	value_vmPFC_mOFC	value	beta_up	298.5132243696873
sub-29	ROI_activity	control_SMA_preSMA	control	beta_up	66.07084292389122
sub-29	ROI_activity	control_dlPFC_IFJ_L	control	beta_up	-359.5225238804785
sub-29	ROI_activity	control_dlPFC_IFJ_R	control	beta_up	-31.419191754075825
sub-29	ROI_activity	descending_PAG	descending	beta_up	3367.731162706564
sub-29	ROI_activity	descending_pgACC_rACC	descending	beta_up	-105.5347247833851
sub-29	ROI_activity	salience_aINS	salience	beta_up	-76.43220884576054
sub-29	ROI_activity	salience_dACC_MCC	salience	beta_up	143.25762677130808
sub-29	ROI_activity	sensory_S1_S2_thalamus	sensory	beta_up	486.17176601035624
sub-29	ROI_activity	value_NAc	value	beta_up	-1217.8644848686984
sub-29	ROI_activity	value_vmPFC_mOFC	value	beta_up	180.27438936073938
sub-30	ROI_activity	control_SMA_preSMA	control	beta_up	463.22630219093287
sub-30	ROI_activity	control_dlPFC_IFJ_L	control	beta_up	548.1774007059121
sub-30	ROI_activity	control_dlPFC_IFJ_R	control	beta_up	632.2353809824801
sub-30	ROI_activity	descending_PAG	descending	beta_up	-680.9874568447867
sub-30	ROI_activity	descending_pgACC_rACC	descending	beta_up	95.8408842434367
sub-30	ROI_activity	salience_aINS	salience	beta_up	1528.1687972177897
sub-30	ROI_activity	salience_dACC_MCC	salience	beta_up	354.11169147398715
sub-30	ROI_activity	sensory_S1_S2_thalamus	sensory	beta_up	129.02792896019014
sub-30	ROI_activity	value_NAc	value	beta_up	-126.03404427754407
sub-30	ROI_activity	value_vmPFC_mOFC	value	beta_up	52.39703850439369
sub-31	ROI_activity	control_SMA_preSMA	control	beta_up	190.35661334187907
sub-31	ROI_activity	control_dlPFC_IFJ_L	control	beta_up	294.8038505432696
sub-31	ROI_activity	control_dlPFC_IFJ_R	control	beta_up	45.249132352131255
sub-31	ROI_activity	descending_PAG	descending	beta_up	-1097.8657776049022
sub-31	ROI_activity	descending_pgACC_rACC	descending	beta_up	183.3056451466401
sub-31	ROI_activity	salience_aINS	salience	beta_up	1018.5644084941083
sub-31	ROI_activity	salience_dACC_MCC	salience	beta_up	388.8304113506332
sub-31	ROI_activity	sensory_S1_S2_thalamus	sensory	beta_up	193.78048328741608
sub-31	ROI_activity	value_NAc	value	beta_up	489.55913464683897
sub-31	ROI_activity	value_vmPFC_mOFC	value	beta_up	-123.16522872344764
sub-32	ROI_activity	control_SMA_preSMA	control	beta_up	259.5751803364425
sub-32	ROI_activity	control_dlPFC_IFJ_L	control	beta_up	1442.611118387064
sub-32	ROI_activity	control_dlPFC_IFJ_R	control	beta_up	59.26993414482728
sub-32	ROI_activity	descending_PAG	descending	beta_up	90.23267859903244
sub-32	ROI_activity	descending_pgACC_rACC	descending	beta_up	189.50380615328004
sub-32	ROI_activity	salience_aINS	salience	beta_up	151.90615120651202
sub-32	ROI_activity	salience_dACC_MCC	salience	beta_up	157.79215727229706
sub-32	ROI_activity	sensory_S1_S2_thalamus	sensory	beta_up	125.08221097715465
sub-32	ROI_activity	value_NAc	value	beta_up	-80.99040580900369
sub-32	ROI_activity	value_vmPFC_mOFC	value	beta_up	504.69356233504953
sub-33	ROI_activity	control_SMA_preSMA	control	beta_up	-593.2504938384172
sub-33	ROI_activity	control_dlPFC_IFJ_L	control	beta_up	-451.3393274172786
sub-33	ROI_activity	control_dlPFC_IFJ_R	control	beta_up	-1169.5958165487075
sub-33	ROI_activity	descending_PAG	descending	beta_up	-860.9903961942728
sub-33	ROI_activity	descending_pgACC_rACC	descending	beta_up	-621.292544512341
sub-33	ROI_activity	salience_aINS	salience	beta_up	-534.5880621739445
sub-33	ROI_activity	salience_dACC_MCC	salience	beta_up	-571.2900046253396
sub-33	ROI_activity	sensory_S1_S2_thalamus	sensory	beta_up	-668.7002903883948
sub-33	ROI_activity	value_NAc	value	beta_up	-739.197368315432
sub-33	ROI_activity	value_vmPFC_mOFC	value	beta_up	-683.6835087769501
sub-01	ROI_activity	control_SMA_preSMA	control	beta_down	214.2953605467998
sub-01	ROI_activity	control_dlPFC_IFJ_L	control	beta_down	349.4945106323965
sub-01	ROI_activity	control_dlPFC_IFJ_R	control	beta_down	213.5069714804246
sub-01	ROI_activity	descending_PAG	descending	beta_down	-409.361414064026
sub-01	ROI_activity	descending_pgACC_rACC	descending	beta_down	1008.828792231438
sub-01	ROI_activity	salience_aINS	salience	beta_down	293.7159492839825
sub-01	ROI_activity	salience_dACC_MCC	salience	beta_down	517.3598176209607
sub-01	ROI_activity	sensory_S1_S2_thalamus	sensory	beta_down	348.6985136328712
sub-01	ROI_activity	value_NAc	value	beta_down	46.064922239586394
sub-01	ROI_activity	value_vmPFC_mOFC	value	beta_down	959.1780099972598
sub-02	ROI_activity	control_SMA_preSMA	control	beta_down	217.2505208167883
sub-02	ROI_activity	control_dlPFC_IFJ_L	control	beta_down	-241.0060858474075
sub-02	ROI_activity	control_dlPFC_IFJ_R	control	beta_down	-459.41016805603874
sub-02	ROI_activity	descending_PAG	descending	beta_down	1212.0471099222796
sub-02	ROI_activity	descending_pgACC_rACC	descending	beta_down	214.1046915816245
sub-02	ROI_activity	salience_aINS	salience	beta_down	884.2576597332676
sub-02	ROI_activity	salience_dACC_MCC	salience	beta_down	267.52404388726
sub-02	ROI_activity	sensory_S1_S2_thalamus	sensory	beta_down	-119.8080714967809
sub-02	ROI_activity	value_NAc	value	beta_down	339.1548021832267
sub-02	ROI_activity	value_vmPFC_mOFC	value	beta_down	200.02474013033614
sub-03	ROI_activity	control_SMA_preSMA	control	beta_down	749.972526162349
sub-03	ROI_activity	control_dlPFC_IFJ_L	control	beta_down	-72.41073872235667
sub-03	ROI_activity	control_dlPFC_IFJ_R	control	beta_down	-771.5847748066737
sub-03	ROI_activity	descending_PAG	descending	beta_down	2672.2646499615967
sub-03	ROI_activity	descending_pgACC_rACC	descending	beta_down	755.7702559344809
sub-03	ROI_activity	salience_aINS	salience	beta_down	1119.7961346503398
sub-03	ROI_activity	salience_dACC_MCC	salience	beta_down	657.6877925688198
sub-03	ROI_activity	sensory_S1_S2_thalamus	sensory	beta_down	396.3686357952588
sub-03	ROI_activity	value_NAc	value	beta_down	605.2071519247643
sub-03	ROI_activity	value_vmPFC_mOFC	value	beta_down	-317.941013216983
sub-04	ROI_activity	control_SMA_preSMA	control	beta_down	274.1597062184348
sub-04	ROI_activity	control_dlPFC_IFJ_L	control	beta_down	-40.60468296169504
sub-04	ROI_activity	control_dlPFC_IFJ_R	control	beta_down	-639.7022959339331
sub-04	ROI_activity	descending_PAG	descending	beta_down	1218.433099194735
sub-04	ROI_activity	descending_pgACC_rACC	descending	beta_down	32.821448583823575
sub-04	ROI_activity	salience_aINS	salience	beta_down	-392.23652290139245
sub-04	ROI_activity	salience_dACC_MCC	salience	beta_down	64.34914593644703
sub-04	ROI_activity	sensory_S1_S2_thalamus	sensory	beta_down	54.357478694201085
sub-04	ROI_activity	value_NAc	value	beta_down	19.626807216841627
sub-04	ROI_activity	value_vmPFC_mOFC	value	beta_down	342.8265732029249
sub-05	ROI_activity	control_SMA_preSMA	control	beta_down	270.62708258117294
sub-05	ROI_activity	control_dlPFC_IFJ_L	control	beta_down	-313.7589122950024
sub-05	ROI_activity	control_dlPFC_IFJ_R	control	beta_down	-468.9352425024861
sub-05	ROI_activity	descending_PAG	descending	beta_down	1531.818446213208
sub-05	ROI_activity	descending_pgACC_rACC	descending	beta_down	-52.09220684759156
sub-05	ROI_activity	salience_aINS	salience	beta_down	25.165163505754204
sub-05	ROI_activity	salience_dACC_MCC	salience	beta_down	-390.905064197445
sub-05	ROI_activity	sensory_S1_S2_thalamus	sensory	beta_down	-187.17369776980635
sub-05	ROI_activity	value_NAc	value	beta_down	-47.57203973637666
sub-05	ROI_activity	value_vmPFC_mOFC	value	beta_down	-408.616474581369
sub-06	ROI_activity	control_SMA_preSMA	control	beta_down	-709.9875933080609
sub-06	ROI_activity	control_dlPFC_IFJ_L	control	beta_down	131.42580734059874
sub-06	ROI_activity	control_dlPFC_IFJ_R	control	beta_down	-538.388595114215
sub-06	ROI_activity	descending_PAG	descending	beta_down	3821.8844270345353
sub-06	ROI_activity	descending_pgACC_rACC	descending	beta_down	590.907398244515
sub-06	ROI_activity	salience_aINS	salience	beta_down	975.9623000605046
sub-06	ROI_activity	salience_dACC_MCC	salience	beta_down	44.39167653178513
sub-06	ROI_activity	sensory_S1_S2_thalamus	sensory	beta_down	-177.82256781682193
sub-06	ROI_activity	value_NAc	value	beta_down	873.8607738459211
sub-06	ROI_activity	value_vmPFC_mOFC	value	beta_down	1199.0830466065497
sub-07	ROI_activity	control_SMA_preSMA	control	beta_down	-284.95595215987686
sub-07	ROI_activity	control_dlPFC_IFJ_L	control	beta_down	1033.1708482823642
sub-07	ROI_activity	control_dlPFC_IFJ_R	control	beta_down	626.3150658430216
sub-07	ROI_activity	descending_PAG	descending	beta_down	-1561.0319383102058
sub-07	ROI_activity	descending_pgACC_rACC	descending	beta_down	357.8513848510186
sub-07	ROI_activity	salience_aINS	salience	beta_down	1743.1040135160547
sub-07	ROI_activity	salience_dACC_MCC	salience	beta_down	38.47307767575812
sub-07	ROI_activity	sensory_S1_S2_thalamus	sensory	beta_down	-23.75815658828077
sub-07	ROI_activity	value_NAc	value	beta_down	340.5671318904457
sub-07	ROI_activity	value_vmPFC_mOFC	value	beta_down	-20.156303078284612
sub-08	ROI_activity	control_SMA_preSMA	control	beta_down	-361.4713040915516
sub-08	ROI_activity	control_dlPFC_IFJ_L	control	beta_down	-571.9658909521786
sub-08	ROI_activity	control_dlPFC_IFJ_R	control	beta_down	-923.687371650146
sub-08	ROI_activity	descending_PAG	descending	beta_down	-2642.492552789655
sub-08	ROI_activity	descending_pgACC_rACC	descending	beta_down	276.4184652857949
sub-08	ROI_activity	salience_aINS	salience	beta_down	2092.8882190015647
sub-08	ROI_activity	salience_dACC_MCC	salience	beta_down	-147.26862792175993
sub-08	ROI_activity	sensory_S1_S2_thalamus	sensory	beta_down	-123.2077147396147
sub-08	ROI_activity	value_NAc	value	beta_down	804.2717953190742
sub-08	ROI_activity	value_vmPFC_mOFC	value	beta_down	813.0762406192788
sub-09	ROI_activity	control_SMA_preSMA	control	beta_down	-742.6889634770391
sub-09	ROI_activity	control_dlPFC_IFJ_L	control	beta_down	-212.641340214679
sub-09	ROI_activity	control_dlPFC_IFJ_R	control	beta_down	-673.3674873005011
sub-09	ROI_activity	descending_PAG	descending	beta_down	-1192.1737249099783
sub-09	ROI_activity	descending_pgACC_rACC	descending	beta_down	-337.5709159365814
sub-09	ROI_activity	salience_aINS	salience	beta_down	-30.703718203838918
sub-09	ROI_activity	salience_dACC_MCC	salience	beta_down	-854.1343149476164
sub-09	ROI_activity	sensory_S1_S2_thalamus	sensory	beta_down	-427.26830613808227
sub-09	ROI_activity	value_NAc	value	beta_down	-218.57694775483677
sub-09	ROI_activity	value_vmPFC_mOFC	value	beta_down	1.204145941895513
sub-10	ROI_activity	control_SMA_preSMA	control	beta_down	44.51239755443997
sub-10	ROI_activity	control_dlPFC_IFJ_L	control	beta_down	-19.08353498688689
sub-10	ROI_activity	control_dlPFC_IFJ_R	control	beta_down	1411.0940295704995
sub-10	ROI_activity	descending_PAG	descending	beta_down	-678.9802010323241
sub-10	ROI_activity	descending_pgACC_rACC	descending	beta_down	-52.13414559210018
sub-10	ROI_activity	salience_aINS	salience	beta_down	205.475848469347
sub-10	ROI_activity	salience_dACC_MCC	salience	beta_down	-128.58545515608685
sub-10	ROI_activity	sensory_S1_S2_thalamus	sensory	beta_down	-153.54762418426733
sub-10	ROI_activity	value_NAc	value	beta_down	-4.575753137179994
sub-10	ROI_activity	value_vmPFC_mOFC	value	beta_down	164.36376831186317
sub-11	ROI_activity	control_SMA_preSMA	control	beta_down	300.34391655538457
sub-11	ROI_activity	control_dlPFC_IFJ_L	control	beta_down	50.510397195371205
sub-11	ROI_activity	control_dlPFC_IFJ_R	control	beta_down	-147.36144203313043
sub-11	ROI_activity	descending_PAG	descending	beta_down	1545.047796057086
sub-11	ROI_activity	descending_pgACC_rACC	descending	beta_down	385.2102872848651
sub-11	ROI_activity	salience_aINS	salience	beta_down	1169.4725982346197
sub-11	ROI_activity	salience_dACC_MCC	salience	beta_down	409.3109000027115
sub-11	ROI_activity	sensory_S1_S2_thalamus	sensory	beta_down	46.77682667706175
sub-11	ROI_activity	value_NAc	value	beta_down	672.9906857014394
sub-11	ROI_activity	value_vmPFC_mOFC	value	beta_down	434.6489690247783
sub-12	ROI_activity	control_SMA_preSMA	control	beta_down	-357.26956232699087
sub-12	ROI_activity	control_dlPFC_IFJ_L	control	beta_down	156.02708010547084
sub-12	ROI_activity	control_dlPFC_IFJ_R	control	beta_down	-877.928856007164
sub-12	ROI_activity	descending_PAG	descending	beta_down	-2452.714847656939
sub-12	ROI_activity	descending_pgACC_rACC	descending	beta_down	450.6636349270863
sub-12	ROI_activity	salience_aINS	salience	beta_down	522.1960127757902
sub-12	ROI_activity	salience_dACC_MCC	salience	beta_down	7.876751164218905
sub-12	ROI_activity	sensory_S1_S2_thalamus	sensory	beta_down	-9.525996141229687
sub-12	ROI_activity	value_NAc	value	beta_down	541.6950637128448
sub-12	ROI_activity	value_vmPFC_mOFC	value	beta_down	325.64940126581195
sub-13	ROI_activity	control_SMA_preSMA	control	beta_down	-162.8041648358937
sub-13	ROI_activity	control_dlPFC_IFJ_L	control	beta_down	-430.8449698373132
sub-13	ROI_activity	control_dlPFC_IFJ_R	control	beta_down	-161.17639485844177
sub-13	ROI_activity	descending_PAG	descending	beta_down	2179.2905264895744
sub-13	ROI_activity	descending_pgACC_rACC	descending	beta_down	-6.983831355779285
sub-13	ROI_activity	salience_aINS	salience	beta_down	576.4652172323537
sub-13	ROI_activity	salience_dACC_MCC	salience	beta_down	-80.15740888280455
sub-13	ROI_activity	sensory_S1_S2_thalamus	sensory	beta_down	68.205934231331
sub-13	ROI_activity	value_NAc	value	beta_down	-193.51411328314947
sub-13	ROI_activity	value_vmPFC_mOFC	value	beta_down	192.75838551655383
sub-14	ROI_activity	control_SMA_preSMA	control	beta_down	95.52574296167596
sub-14	ROI_activity	control_dlPFC_IFJ_L	control	beta_down	175.59423795495587
sub-14	ROI_activity	control_dlPFC_IFJ_R	control	beta_down	-232.28328580370817
sub-14	ROI_activity	descending_PAG	descending	beta_down	-102.4516798527694
sub-14	ROI_activity	descending_pgACC_rACC	descending	beta_down	193.17849691826424
sub-14	ROI_activity	salience_aINS	salience	beta_down	226.42694089325477
sub-14	ROI_activity	salience_dACC_MCC	salience	beta_down	-148.66733576811197
sub-14	ROI_activity	sensory_S1_S2_thalamus	sensory	beta_down	-226.02238941153857
sub-14	ROI_activity	value_NAc	value	beta_down	219.0682838294687
sub-14	ROI_activity	value_vmPFC_mOFC	value	beta_down	92.3796348209438
sub-15	ROI_activity	control_SMA_preSMA	control	beta_down	50.14868423779344
sub-15	ROI_activity	control_dlPFC_IFJ_L	control	beta_down	166.03698410312182
sub-15	ROI_activity	control_dlPFC_IFJ_R	control	beta_down	-280.0676474862004
sub-15	ROI_activity	descending_PAG	descending	beta_down	2956.7898769396843
sub-15	ROI_activity	descending_pgACC_rACC	descending	beta_down	-276.17500084968185
sub-15	ROI_activity	salience_aINS	salience	beta_down	277.908741222607
sub-15	ROI_activity	salience_dACC_MCC	salience	beta_down	-228.69490537228705
sub-15	ROI_activity	sensory_S1_S2_thalamus	sensory	beta_down	177.45700575567486
sub-15	ROI_activity	value_NAc	value	beta_down	535.4076658887207
sub-15	ROI_activity	value_vmPFC_mOFC	value	beta_down	-180.33772639368854
sub-16	ROI_activity	control_SMA_preSMA	control	beta_down	135.9893378000436
sub-16	ROI_activity	control_dlPFC_IFJ_L	control	beta_down	240.75500375343597
sub-16	ROI_activity	control_dlPFC_IFJ_R	control	beta_down	0.4674739597714051
sub-16	ROI_activity	descending_PAG	descending	beta_down	874.0544329314786
sub-16	ROI_activity	descending_pgACC_rACC	descending	beta_down	385.98064403328186
sub-16	ROI_activity	salience_aINS	salience	beta_down	267.86238121818195
sub-16	ROI_activity	salience_dACC_MCC	salience	beta_down	235.42949291474383
sub-16	ROI_activity	sensory_S1_S2_thalamus	sensory	beta_down	-541.305374235503
sub-16	ROI_activity	value_NAc	value	beta_down	-307.12110622259945
sub-16	ROI_activity	value_vmPFC_mOFC	value	beta_down	-57.57080759232841
sub-17	ROI_activity	control_SMA_preSMA	control	beta_down	37.63163994531679
sub-17	ROI_activity	control_dlPFC_IFJ_L	control	beta_down	218.9921091277819
sub-17	ROI_activity	control_dlPFC_IFJ_R	control	beta_down	459.6746770361124
sub-17	ROI_activity	descending_PAG	descending	beta_down	184.75365176123032
sub-17	ROI_activity	descending_pgACC_rACC	descending	beta_down	-83.02979487245729
sub-17	ROI_activity	salience_aINS	salience	beta_down	639.5572725332212
sub-17	ROI_activity	salience_dACC_MCC	salience	beta_down	-42.89796817981265
sub-17	ROI_activity	sensory_S1_S2_thalamus	sensory	beta_down	-0.13526927981833126
sub-17	ROI_activity	value_NAc	value	beta_down	295.3937317953473
sub-17	ROI_activity	value_vmPFC_mOFC	value	beta_down	-182.60179430022006
sub-18	ROI_activity	control_SMA_preSMA	control	beta_down	345.7280487112463
sub-18	ROI_activity	control_dlPFC_IFJ_L	control	beta_down	-39.525901247520416
sub-18	ROI_activity	control_dlPFC_IFJ_R	control	beta_down	12.632415506716688
sub-18	ROI_activity	descending_PAG	descending	beta_down	1081.6339413894025
sub-18	ROI_activity	descending_pgACC_rACC	descending	beta_down	179.80442687860742
sub-18	ROI_activity	salience_aINS	salience	beta_down	1265.487971600875
sub-18	ROI_activity	salience_dACC_MCC	salience	beta_down	201.3011967837998
sub-18	ROI_activity	sensory_S1_S2_thalamus	sensory	beta_down	-20.552181412946844
sub-18	ROI_activity	value_NAc	value	beta_down	612.3556798480058
sub-18	ROI_activity	value_vmPFC_mOFC	value	beta_down	-153.79384386669676
sub-19	ROI_activity	control_SMA_preSMA	control	beta_down	1041.635630566836
sub-19	ROI_activity	control_dlPFC_IFJ_L	control	beta_down	375.8592320373203
sub-19	ROI_activity	control_dlPFC_IFJ_R	control	beta_down	-891.2973317606964
sub-19	ROI_activity	descending_PAG	descending	beta_down	-113.58332507280012
sub-19	ROI_activity	descending_pgACC_rACC	descending	beta_down	1260.80866556945
sub-19	ROI_activity	salience_aINS	salience	beta_down	-1885.1795664264212
sub-19	ROI_activity	salience_dACC_MCC	salience	beta_down	1039.2709021656854
sub-19	ROI_activity	sensory_S1_S2_thalamus	sensory	beta_down	522.8916231564087
sub-19	ROI_activity	value_NAc	value	beta_down	1091.9615129558026
sub-19	ROI_activity	value_vmPFC_mOFC	value	beta_down	560.8894556605451
sub-20	ROI_activity	control_SMA_preSMA	control	beta_down	-1206.549515779075
sub-20	ROI_activity	control_dlPFC_IFJ_L	control	beta_down	-1253.442435940055
sub-20	ROI_activity	control_dlPFC_IFJ_R	control	beta_down	-1365.2718334656588
sub-20	ROI_activity	descending_PAG	descending	beta_down	-586.4526519971205
sub-20	ROI_activity	descending_pgACC_rACC	descending	beta_down	193.17825435004647
sub-20	ROI_activity	salience_aINS	salience	beta_down	-539.2252531584643
sub-20	ROI_activity	salience_dACC_MCC	salience	beta_down	-451.6929183724209
sub-20	ROI_activity	sensory_S1_S2_thalamus	sensory	beta_down	-880.3779592769351
sub-20	ROI_activity	value_NAc	value	beta_down	-1373.7154548759454
sub-20	ROI_activity	value_vmPFC_mOFC	value	beta_down	-39.85553810658693
sub-21	ROI_activity	control_SMA_preSMA	control	beta_down	-202.2065418342062
sub-21	ROI_activity	control_dlPFC_IFJ_L	control	beta_down	-195.52622906907027
sub-21	ROI_activity	control_dlPFC_IFJ_R	control	beta_down	-37.935248828584
sub-21	ROI_activity	descending_PAG	descending	beta_down	-1382.3828810542875
sub-21	ROI_activity	descending_pgACC_rACC	descending	beta_down	204.90783977166055
sub-21	ROI_activity	salience_aINS	salience	beta_down	1237.975393021261
sub-21	ROI_activity	salience_dACC_MCC	salience	beta_down	-117.63656345890332
sub-21	ROI_activity	sensory_S1_S2_thalamus	sensory	beta_down	-86.47298402241165
sub-21	ROI_activity	value_NAc	value	beta_down	195.75975172241402
sub-21	ROI_activity	value_vmPFC_mOFC	value	beta_down	239.20225716041332
sub-22	ROI_activity	control_SMA_preSMA	control	beta_down	18.45723654299884
sub-22	ROI_activity	control_dlPFC_IFJ_L	control	beta_down	-652.3802858526276
sub-22	ROI_activity	control_dlPFC_IFJ_R	control	beta_down	-1824.0658208986576
sub-22	ROI_activity	descending_PAG	descending	beta_down	1736.0833867416573
sub-22	ROI_activity	descending_pgACC_rACC	descending	beta_down	-17.68920099785392
sub-22	ROI_activity	salience_aINS	salience	beta_down	63.00149422754866
sub-22	ROI_activity	salience_dACC_MCC	salience	beta_down	-246.5701299153164
sub-22	ROI_activity	sensory_S1_S2_thalamus	sensory	beta_down	-282.22335908988447
sub-22	ROI_activity	value_NAc	value	beta_down	-3.663561359528706
sub-22	ROI_activity	value_vmPFC_mOFC	value	beta_down	-257.7682136285221
sub-23	ROI_activity	control_SMA_preSMA	control	beta_down	364.8270598188758
sub-23	ROI_activity	control_dlPFC_IFJ_L	control	beta_down	109.2476427285254
sub-23	ROI_activity	control_dlPFC_IFJ_R	control	beta_down	-287.3523142524656
sub-23	ROI_activity	descending_PAG	descending	beta_down	1757.5283250860753
sub-23	ROI_activity	descending_pgACC_rACC	descending	beta_down	-63.286927862436734
sub-23	ROI_activity	salience_aINS	salience	beta_down	259.2943490062525
sub-23	ROI_activity	salience_dACC_MCC	salience	beta_down	188.01781406809897
sub-23	ROI_activity	sensory_S1_S2_thalamus	sensory	beta_down	267.8904088801286
sub-23	ROI_activity	value_NAc	value	beta_down	330.14306653142563
sub-23	ROI_activity	value_vmPFC_mOFC	value	beta_down	-134.89003880534767
sub-24	ROI_activity	control_SMA_preSMA	control	beta_down	-64.76617896681037
sub-24	ROI_activity	control_dlPFC_IFJ_L	control	beta_down	-464.5419777010481
sub-24	ROI_activity	control_dlPFC_IFJ_R	control	beta_down	-620.0289041003581
sub-24	ROI_activity	descending_PAG	descending	beta_down	-5091.2671869695605
sub-24	ROI_activity	descending_pgACC_rACC	descending	beta_down	-3.492043047099856
sub-24	ROI_activity	salience_aINS	salience	beta_down	1159.928659936336
sub-24	ROI_activity	salience_dACC_MCC	salience	beta_down	-571.1512642741791
sub-24	ROI_activity	sensory_S1_S2_thalamus	sensory	beta_down	-766.3499509775494
sub-24	ROI_activity	value_NAc	value	beta_down	346.2706149085077
sub-24	ROI_activity	value_vmPFC_mOFC	value	beta_down	-445.57638530954614
sub-25	ROI_activity	control_SMA_preSMA	control	beta_down	-74.46521453487091
sub-25	ROI_activity	control_dlPFC_IFJ_L	control	beta_down	270.83709240785686
sub-25	ROI_activity	control_dlPFC_IFJ_R	control	beta_down	330.63160091368434
sub-25	ROI_activity	descending_PAG	descending	beta_down	5487.950630537848
sub-25	ROI_activity	descending_pgACC_rACC	descending	beta_down	309.66342164938976
sub-25	ROI_activity	salience_aINS	salience	beta_down	1365.9157670855975
sub-25	ROI_activity	salience_dACC_MCC	salience	beta_down	710.6312929394651
sub-25	ROI_activity	sensory_S1_S2_thalamus	sensory	beta_down	526.2270627661266
sub-25	ROI_activity	value_NAc	value	beta_down	403.89606843983375
sub-25	ROI_activity	value_vmPFC_mOFC	value	beta_down	629.8429154254158
sub-26	ROI_activity	control_SMA_preSMA	control	beta_down	217.93859679203487
sub-26	ROI_activity	control_dlPFC_IFJ_L	control	beta_down	39.10678584224397
sub-26	ROI_activity	control_dlPFC_IFJ_R	control	beta_down	46.69547477048697
sub-26	ROI_activity	descending_PAG	descending	beta_down	509.0822723822289
sub-26	ROI_activity	descending_pgACC_rACC	descending	beta_down	46.35668240261912
sub-26	ROI_activity	salience_aINS	salience	beta_down	-68.55546526144053
sub-26	ROI_activity	salience_dACC_MCC	salience	beta_down	-87.70562239388187
sub-26	ROI_activity	sensory_S1_S2_thalamus	sensory	beta_down	-148.04139677911408
sub-26	ROI_activity	value_NAc	value	beta_down	274.3528293622295
sub-26	ROI_activity	value_vmPFC_mOFC	value	beta_down	105.41624572695645
sub-27	ROI_activity	control_SMA_preSMA	control	beta_down	-71.77803783122131
sub-27	ROI_activity	control_dlPFC_IFJ_L	control	beta_down	-246.14664706616105
sub-27	ROI_activity	control_dlPFC_IFJ_R	control	beta_down	-763.598656903938
sub-27	ROI_activity	descending_PAG	descending	beta_down	-320.7009656789332
sub-27	ROI_activity	descending_pgACC_rACC	descending	beta_down	50.281607654290745
sub-27	ROI_activity	salience_aINS	salience	beta_down	717.7814271772125
sub-27	ROI_activity	salience_dACC_MCC	salience	beta_down	-118.29902842912838
sub-27	ROI_activity	sensory_S1_S2_thalamus	sensory	beta_down	-201.03686560431802
sub-27	ROI_activity	value_NAc	value	beta_down	520.9476656578236
sub-27	ROI_activity	value_vmPFC_mOFC	value	beta_down	467.08011138497204
sub-28	ROI_activity	control_SMA_preSMA	control	beta_down	581.0781362108219
sub-28	ROI_activity	control_dlPFC_IFJ_L	control	beta_down	587.590118501302
sub-28	ROI_activity	control_dlPFC_IFJ_R	control	beta_down	593.4548296255246
sub-28	ROI_activity	descending_PAG	descending	beta_down	1725.4388060581657
sub-28	ROI_activity	descending_pgACC_rACC	descending	beta_down	91.3735045961025
sub-28	ROI_activity	salience_aINS	salience	beta_down	639.6521883048314
sub-28	ROI_activity	salience_dACC_MCC	salience	beta_down	316.8431547126225
sub-28	ROI_activity	sensory_S1_S2_thalamus	sensory	beta_down	121.70369393297328
sub-28	ROI_activity	value_NAc	value	beta_down	63.378338084443385
sub-28	ROI_activity	value_vmPFC_mOFC	value	beta_down	3.6735731665499394
sub-29	ROI_activity	control_SMA_preSMA	control	beta_down	58.2084794496749
sub-29	ROI_activity	control_dlPFC_IFJ_L	control	beta_down	48.936903394235166
sub-29	ROI_activity	control_dlPFC_IFJ_R	control	beta_down	22.342361612083327
sub-29	ROI_activity	descending_PAG	descending	beta_down	-483.4060511233218
sub-29	ROI_activity	descending_pgACC_rACC	descending	beta_down	247.3658602521262
sub-29	ROI_activity	salience_aINS	salience	beta_down	613.1942051309181
sub-29	ROI_activity	salience_dACC_MCC	salience	beta_down	195.4042913606173
sub-29	ROI_activity	sensory_S1_S2_thalamus	sensory	beta_down	-68.2418209406198
sub-29	ROI_activity	value_NAc	value	beta_down	91.73694467404893
sub-29	ROI_activity	value_vmPFC_mOFC	value	beta_down	7.008294865813711
sub-30	ROI_activity	control_SMA_preSMA	control	beta_down	155.12201602194358
sub-30	ROI_activity	control_dlPFC_IFJ_L	control	beta_down	75.41925698848263
sub-30	ROI_activity	control_dlPFC_IFJ_R	control	beta_down	884.1442776302831
sub-30	ROI_activity	descending_PAG	descending	beta_down	1009.6275993167964
sub-30	ROI_activity	descending_pgACC_rACC	descending	beta_down	146.71514781132666
sub-30	ROI_activity	salience_aINS	salience	beta_down	1466.1131079576694
sub-30	ROI_activity	salience_dACC_MCC	salience	beta_down	294.89053888892266
sub-30	ROI_activity	sensory_S1_S2_thalamus	sensory	beta_down	-100.6037501818483
sub-30	ROI_activity	value_NAc	value	beta_down	562.5948557965685
sub-30	ROI_activity	value_vmPFC_mOFC	value	beta_down	-136.01713815412432
sub-31	ROI_activity	control_SMA_preSMA	control	beta_down	176.14666816754595
sub-31	ROI_activity	control_dlPFC_IFJ_L	control	beta_down	-112.76740729106112
sub-31	ROI_activity	control_dlPFC_IFJ_R	control	beta_down	18.01317049079671
sub-31	ROI_activity	descending_PAG	descending	beta_down	831.9825300247855
sub-31	ROI_activity	descending_pgACC_rACC	descending	beta_down	1.946119354992749
sub-31	ROI_activity	salience_aINS	salience	beta_down	167.1706381084785
sub-31	ROI_activity	salience_dACC_MCC	salience	beta_down	362.2659925540198
sub-31	ROI_activity	sensory_S1_S2_thalamus	sensory	beta_down	128.5354423746687
sub-31	ROI_activity	value_NAc	value	beta_down	-181.3859758541551
sub-31	ROI_activity	value_vmPFC_mOFC	value	beta_down	-43.309884048751854
sub-32	ROI_activity	control_SMA_preSMA	control	beta_down	215.41192915791257
sub-32	ROI_activity	control_dlPFC_IFJ_L	control	beta_down	895.4548248834587
sub-32	ROI_activity	control_dlPFC_IFJ_R	control	beta_down	-270.4185521887704
sub-32	ROI_activity	descending_PAG	descending	beta_down	1143.8452711713169
sub-32	ROI_activity	descending_pgACC_rACC	descending	beta_down	72.46983817698538
sub-32	ROI_activity	salience_aINS	salience	beta_down	2.477048892082095
sub-32	ROI_activity	salience_dACC_MCC	salience	beta_down	-80.73856085884263
sub-32	ROI_activity	sensory_S1_S2_thalamus	sensory	beta_down	-37.65844169381976
sub-32	ROI_activity	value_NAc	value	beta_down	524.8026162015271
sub-32	ROI_activity	value_vmPFC_mOFC	value	beta_down	507.88146869653525
sub-33	ROI_activity	control_SMA_preSMA	control	beta_down	131.93899822883196
sub-33	ROI_activity	control_dlPFC_IFJ_L	control	beta_down	336.378289841233
sub-33	ROI_activity	control_dlPFC_IFJ_R	control	beta_down	539.3966619899401
sub-33	ROI_activity	descending_PAG	descending	beta_down	-4047.6923840728136
sub-33	ROI_activity	descending_pgACC_rACC	descending	beta_down	183.66746686065835
sub-33	ROI_activity	salience_aINS	salience	beta_down	1612.5979666847197
sub-33	ROI_activity	salience_dACC_MCC	salience	beta_down	97.35800870749571
sub-33	ROI_activity	sensory_S1_S2_thalamus	sensory	beta_down	-22.31136170038283
sub-33	ROI_activity	value_NAc	value	beta_down	604.8022938467461
sub-33	ROI_activity	value_vmPFC_mOFC	value	beta_down	-220.5621085423319
sub-01	ROI_activity	control_SMA_preSMA	control	up_minus_down	191.4113968365763
sub-01	ROI_activity	control_dlPFC_IFJ_L	control	up_minus_down	1027.039767843904
sub-01	ROI_activity	control_dlPFC_IFJ_R	control	up_minus_down	-78.7850056950403
sub-01	ROI_activity	descending_PAG	descending	up_minus_down	431.0594395454757
sub-01	ROI_activity	descending_pgACC_rACC	descending	up_minus_down	-1093.0447611067032
sub-01	ROI_activity	salience_aINS	salience	up_minus_down	451.9319385619806
sub-01	ROI_activity	salience_dACC_MCC	salience	up_minus_down	205.86793735909373
sub-01	ROI_activity	sensory_S1_S2_thalamus	sensory	up_minus_down	107.30980018238607
sub-01	ROI_activity	value_NAc	value	up_minus_down	-424.6673468404215
sub-01	ROI_activity	value_vmPFC_mOFC	value	up_minus_down	-1269.6154830841774
sub-02	ROI_activity	control_SMA_preSMA	control	up_minus_down	1281.5642520388792
sub-02	ROI_activity	control_dlPFC_IFJ_L	control	up_minus_down	3038.0030140724
sub-02	ROI_activity	control_dlPFC_IFJ_R	control	up_minus_down	2355.72800492785
sub-02	ROI_activity	descending_PAG	descending	up_minus_down	-2160.448051846025
sub-02	ROI_activity	descending_pgACC_rACC	descending	up_minus_down	268.13346735136145
sub-02	ROI_activity	salience_aINS	salience	up_minus_down	433.16058153767233
sub-02	ROI_activity	salience_dACC_MCC	salience	up_minus_down	1123.3192779812257
sub-02	ROI_activity	sensory_S1_S2_thalamus	sensory	up_minus_down	709.3856730685094
sub-02	ROI_activity	value_NAc	value	up_minus_down	-481.1510104094102
sub-02	ROI_activity	value_vmPFC_mOFC	value	up_minus_down	-214.2658493888666
sub-03	ROI_activity	control_SMA_preSMA	control	up_minus_down	-913.2690025865636
sub-03	ROI_activity	control_dlPFC_IFJ_L	control	up_minus_down	679.1039280001866
sub-03	ROI_activity	control_dlPFC_IFJ_R	control	up_minus_down	457.553880814205
sub-03	ROI_activity	descending_PAG	descending	up_minus_down	-3154.767935681564
sub-03	ROI_activity	descending_pgACC_rACC	descending	up_minus_down	-1342.6757169003808
sub-03	ROI_activity	salience_aINS	salience	up_minus_down	-315.7522973735218
sub-03	ROI_activity	salience_dACC_MCC	salience	up_minus_down	-653.0664568147354
sub-03	ROI_activity	sensory_S1_S2_thalamus	sensory	up_minus_down	-602.2045423442712
sub-03	ROI_activity	value_NAc	value	up_minus_down	-1642.9591043244495
sub-03	ROI_activity	value_vmPFC_mOFC	value	up_minus_down	647.7955266221297
sub-04	ROI_activity	control_SMA_preSMA	control	up_minus_down	-161.79606627015926
sub-04	ROI_activity	control_dlPFC_IFJ_L	control	up_minus_down	-888.8888151783779
sub-04	ROI_activity	control_dlPFC_IFJ_R	control	up_minus_down	-864.6389127542059
sub-04	ROI_activity	descending_PAG	descending	up_minus_down	-2454.765664538514
sub-04	ROI_activity	descending_pgACC_rACC	descending	up_minus_down	579.4753489989956
sub-04	ROI_activity	salience_aINS	salience	up_minus_down	-163.1897419520841
sub-04	ROI_activity	salience_dACC_MCC	salience	up_minus_down	-371.2182898330183
sub-04	ROI_activity	sensory_S1_S2_thalamus	sensory	up_minus_down	-248.156597682136
sub-04	ROI_activity	value_NAc	value	up_minus_down	-309.4861660641016
sub-04	ROI_activity	value_vmPFC_mOFC	value	up_minus_down	1336.5300947858032
sub-05	ROI_activity	control_SMA_preSMA	control	up_minus_down	460.12523860489927
sub-05	ROI_activity	control_dlPFC_IFJ_L	control	up_minus_down	544.2051200954844
sub-05	ROI_activity	control_dlPFC_IFJ_R	control	up_minus_down	792.0062906381943
sub-05	ROI_activity	descending_PAG	descending	up_minus_down	-1567.6127339069503
sub-05	ROI_activity	descending_pgACC_rACC	descending	up_minus_down	345.3955839403332
sub-05	ROI_activity	salience_aINS	salience	up_minus_down	1129.829063643112
sub-05	ROI_activity	salience_dACC_MCC	salience	up_minus_down	762.8834581324638
sub-05	ROI_activity	sensory_S1_S2_thalamus	sensory	up_minus_down	698.4033802019768
sub-05	ROI_activity	value_NAc	value	up_minus_down	1214.6312422636956
sub-05	ROI_activity	value_vmPFC_mOFC	value	up_minus_down	305.1868855413124
sub-06	ROI_activity	control_SMA_preSMA	control	up_minus_down	290.4663198164002
sub-06	ROI_activity	control_dlPFC_IFJ_L	control	up_minus_down	-219.073744427711
sub-06	ROI_activity	control_dlPFC_IFJ_R	control	up_minus_down	-669.8294454288858
sub-06	ROI_activity	descending_PAG	descending	up_minus_down	-867.6443578755357
sub-06	ROI_activity	descending_pgACC_rACC	descending	up_minus_down	-262.2055031673019
sub-06	ROI_activity	salience_aINS	salience	up_minus_down	-757.3281204114533
sub-06	ROI_activity	salience_dACC_MCC	salience	up_minus_down	229.74252800109693
sub-06	ROI_activity	sensory_S1_S2_thalamus	sensory	up_minus_down	-320.60849181823556
sub-06	ROI_activity	value_NAc	value	up_minus_down	-639.643083248875
sub-06	ROI_activity	value_vmPFC_mOFC	value	up_minus_down	-1005.9758687344861
sub-07	ROI_activity	control_SMA_preSMA	control	up_minus_down	-382.872277567562
sub-07	ROI_activity	control_dlPFC_IFJ_L	control	up_minus_down	-1222.9810708457237
sub-07	ROI_activity	control_dlPFC_IFJ_R	control	up_minus_down	-1155.727151339168
sub-07	ROI_activity	descending_PAG	descending	up_minus_down	-1049.1181832749323
sub-07	ROI_activity	descending_pgACC_rACC	descending	up_minus_down	-412.8430104835396
sub-07	ROI_activity	salience_aINS	salience	up_minus_down	-1151.7022508105388
sub-07	ROI_activity	salience_dACC_MCC	salience	up_minus_down	-252.64721180180817
sub-07	ROI_activity	sensory_S1_S2_thalamus	sensory	up_minus_down	307.65117312616945
sub-07	ROI_activity	value_NAc	value	up_minus_down	524.1295229012867
sub-07	ROI_activity	value_vmPFC_mOFC	value	up_minus_down	-46.21984604451632
sub-08	ROI_activity	control_SMA_preSMA	control	up_minus_down	478.565114307996
sub-08	ROI_activity	control_dlPFC_IFJ_L	control	up_minus_down	667.5186674514777
sub-08	ROI_activity	control_dlPFC_IFJ_R	control	up_minus_down	217.43139419950197
sub-08	ROI_activity	descending_PAG	descending	up_minus_down	2525.766837731742
sub-08	ROI_activity	descending_pgACC_rACC	descending	up_minus_down	-458.9508617767707
sub-08	ROI_activity	salience_aINS	salience	up_minus_down	-1282.688050662603
sub-08	ROI_activity	salience_dACC_MCC	salience	up_minus_down	-74.53178154568249
sub-08	ROI_activity	sensory_S1_S2_thalamus	sensory	up_minus_down	54.22014021446931
sub-08	ROI_activity	value_NAc	value	up_minus_down	-908.9671680383221
sub-08	ROI_activity	value_vmPFC_mOFC	value	up_minus_down	-768.9951448929696
sub-09	ROI_activity	control_SMA_preSMA	control	up_minus_down	866.2172387204117
sub-09	ROI_activity	control_dlPFC_IFJ_L	control	up_minus_down	888.5923298091195
sub-09	ROI_activity	control_dlPFC_IFJ_R	control	up_minus_down	757.9603588956666
sub-09	ROI_activity	descending_PAG	descending	up_minus_down	446.93723732251055
sub-09	ROI_activity	descending_pgACC_rACC	descending	up_minus_down	579.8394646811964
sub-09	ROI_activity	salience_aINS	salience	up_minus_down	370.97048268544825
sub-09	ROI_activity	salience_dACC_MCC	salience	up_minus_down	1115.815015463227
sub-09	ROI_activity	sensory_S1_S2_thalamus	sensory	up_minus_down	439.9552778849513
sub-09	ROI_activity	value_NAc	value	up_minus_down	-274.944174482416
sub-09	ROI_activity	value_vmPFC_mOFC	value	up_minus_down	430.02545853913557
sub-10	ROI_activity	control_SMA_preSMA	control	up_minus_down	-226.68931708665087
sub-10	ROI_activity	control_dlPFC_IFJ_L	control	up_minus_down	-539.0544525258115
sub-10	ROI_activity	control_dlPFC_IFJ_R	control	up_minus_down	-1934.635440300526
sub-10	ROI_activity	descending_PAG	descending	up_minus_down	-2902.866257034581
sub-10	ROI_activity	descending_pgACC_rACC	descending	up_minus_down	328.7799609424389
sub-10	ROI_activity	salience_aINS	salience	up_minus_down	-253.91702161758667
sub-10	ROI_activity	salience_dACC_MCC	salience	up_minus_down	-126.35213094817392
sub-10	ROI_activity	sensory_S1_S2_thalamus	sensory	up_minus_down	131.4664712897392
sub-10	ROI_activity	value_NAc	value	up_minus_down	628.4769818516909
sub-10	ROI_activity	value_vmPFC_mOFC	value	up_minus_down	933.0523178789989
sub-11	ROI_activity	control_SMA_preSMA	control	up_minus_down	702.5744067994161
sub-11	ROI_activity	control_dlPFC_IFJ_L	control	up_minus_down	1106.842391904494
sub-11	ROI_activity	control_dlPFC_IFJ_R	control	up_minus_down	740.4908523409116
sub-11	ROI_activity	descending_PAG	descending	up_minus_down	-1563.7297868438216
sub-11	ROI_activity	descending_pgACC_rACC	descending	up_minus_down	300.2739727689552
sub-11	ROI_activity	salience_aINS	salience	up_minus_down	-367.16674821411164
sub-11	ROI_activity	salience_dACC_MCC	salience	up_minus_down	483.709207547309
sub-11	ROI_activity	sensory_S1_S2_thalamus	sensory	up_minus_down	16.97524347088469
sub-11	ROI_activity	value_NAc	value	up_minus_down	-200.43182010021766
sub-11	ROI_activity	value_vmPFC_mOFC	value	up_minus_down	375.57808901648497
sub-12	ROI_activity	control_SMA_preSMA	control	up_minus_down	374.14497149976194
sub-12	ROI_activity	control_dlPFC_IFJ_L	control	up_minus_down	74.75925574582666
sub-12	ROI_activity	control_dlPFC_IFJ_R	control	up_minus_down	1129.2434679503026
sub-12	ROI_activity	descending_PAG	descending	up_minus_down	3113.038189867733
sub-12	ROI_activity	descending_pgACC_rACC	descending	up_minus_down	134.43811037908296
sub-12	ROI_activity	salience_aINS	salience	up_minus_down	1143.203017512611
sub-12	ROI_activity	salience_dACC_MCC	salience	up_minus_down	183.6498152598013
sub-12	ROI_activity	sensory_S1_S2_thalamus	sensory	up_minus_down	-360.90884600755453
sub-12	ROI_activity	value_NAc	value	up_minus_down	-566.3581479535293
sub-12	ROI_activity	value_vmPFC_mOFC	value	up_minus_down	-105.5220283754381
sub-13	ROI_activity	control_SMA_preSMA	control	up_minus_down	331.15095049736306
sub-13	ROI_activity	control_dlPFC_IFJ_L	control	up_minus_down	721.8958664254803
sub-13	ROI_activity	control_dlPFC_IFJ_R	control	up_minus_down	305.8830496828608
sub-13	ROI_activity	descending_PAG	descending	up_minus_down	-1642.8521691841042
sub-13	ROI_activity	descending_pgACC_rACC	descending	up_minus_down	126.88930920128836
sub-13	ROI_activity	salience_aINS	salience	up_minus_down	-389.75739037584765
sub-13	ROI_activity	salience_dACC_MCC	salience	up_minus_down	312.11084513944974
sub-13	ROI_activity	sensory_S1_S2_thalamus	sensory	up_minus_down	249.972370328344
sub-13	ROI_activity	value_NAc	value	up_minus_down	-423.79480403183777
sub-13	ROI_activity	value_vmPFC_mOFC	value	up_minus_down	51.983813374300716
sub-14	ROI_activity	control_SMA_preSMA	control	up_minus_down	98.48623246656662
sub-14	ROI_activity	control_dlPFC_IFJ_L	control	up_minus_down	158.44373593689676
sub-14	ROI_activity	control_dlPFC_IFJ_R	control	up_minus_down	54.87639497067235
sub-14	ROI_activity	descending_PAG	descending	up_minus_down	950.536501407937
sub-14	ROI_activity	descending_pgACC_rACC	descending	up_minus_down	-187.4271420364787
sub-14	ROI_activity	salience_aINS	salience	up_minus_down	252.46845048218344
sub-14	ROI_activity	salience_dACC_MCC	salience	up_minus_down	677.0583010828607
sub-14	ROI_activity	sensory_S1_S2_thalamus	sensory	up_minus_down	656.1222804303123
sub-14	ROI_activity	value_NAc	value	up_minus_down	-1012.7157362187559
sub-14	ROI_activity	value_vmPFC_mOFC	value	up_minus_down	-254.01763710002732
sub-15	ROI_activity	control_SMA_preSMA	control	up_minus_down	-54.27991626811788
sub-15	ROI_activity	control_dlPFC_IFJ_L	control	up_minus_down	240.93711300092335
sub-15	ROI_activity	control_dlPFC_IFJ_R	control	up_minus_down	163.06434821868243
sub-15	ROI_activity	descending_PAG	descending	up_minus_down	-2387.02880456168
sub-15	ROI_activity	descending_pgACC_rACC	descending	up_minus_down	-14.49373395729043
sub-15	ROI_activity	salience_aINS	salience	up_minus_down	224.803880601698
sub-15	ROI_activity	salience_dACC_MCC	salience	up_minus_down	542.4535735732914
sub-15	ROI_activity	sensory_S1_S2_thalamus	sensory	up_minus_down	320.99287320985735
sub-15	ROI_activity	value_NAc	value	up_minus_down	-359.9247361241961
sub-15	ROI_activity	value_vmPFC_mOFC	value	up_minus_down	240.03348473470638
sub-16	ROI_activity	control_SMA_preSMA	control	up_minus_down	-388.8905994121647
sub-16	ROI_activity	control_dlPFC_IFJ_L	control	up_minus_down	576.586485616982
sub-16	ROI_activity	control_dlPFC_IFJ_R	control	up_minus_down	-632.8631940459908
sub-16	ROI_activity	descending_PAG	descending	up_minus_down	-862.9338676583617
sub-16	ROI_activity	descending_pgACC_rACC	descending	up_minus_down	47.14299723089772
sub-16	ROI_activity	salience_aINS	salience	up_minus_down	935.62620265399
sub-16	ROI_activity	salience_dACC_MCC	salience	up_minus_down	-62.3868833622343
sub-16	ROI_activity	sensory_S1_S2_thalamus	sensory	up_minus_down	-23.370770321884784
sub-16	ROI_activity	value_NAc	value	up_minus_down	209.05037579160125
sub-16	ROI_activity	value_vmPFC_mOFC	value	up_minus_down	-35.88534055318523
sub-17	ROI_activity	control_SMA_preSMA	control	up_minus_down	-563.4913399744071
sub-17	ROI_activity	control_dlPFC_IFJ_L	control	up_minus_down	-272.45492320818164
sub-17	ROI_activity	control_dlPFC_IFJ_R	control	up_minus_down	-1118.412140103967
sub-17	ROI_activity	descending_PAG	descending	up_minus_down	704.1994429475699
sub-17	ROI_activity	descending_pgACC_rACC	descending	up_minus_down	863.5779779082416
sub-17	ROI_activity	salience_aINS	salience	up_minus_down	196.1680840890706
sub-17	ROI_activity	salience_dACC_MCC	salience	up_minus_down	589.8290778059309
sub-17	ROI_activity	sensory_S1_S2_thalamus	sensory	up_minus_down	90.80674864571384
sub-17	ROI_activity	value_NAc	value	up_minus_down	384.1822404058958
sub-17	ROI_activity	value_vmPFC_mOFC	value	up_minus_down	936.0682901780083
sub-18	ROI_activity	control_SMA_preSMA	control	up_minus_down	-342.6490372928247
sub-18	ROI_activity	control_dlPFC_IFJ_L	control	up_minus_down	-302.5341227046904
sub-18	ROI_activity	control_dlPFC_IFJ_R	control	up_minus_down	-222.73730241906733
sub-18	ROI_activity	descending_PAG	descending	up_minus_down	-2234.2462533176868
sub-18	ROI_activity	descending_pgACC_rACC	descending	up_minus_down	213.92554123270108
sub-18	ROI_activity	salience_aINS	salience	up_minus_down	-802.8077404115538
sub-18	ROI_activity	salience_dACC_MCC	salience	up_minus_down	-355.64467347470315
sub-18	ROI_activity	sensory_S1_S2_thalamus	sensory	up_minus_down	-88.7079031281148
sub-18	ROI_activity	value_NAc	value	up_minus_down	-340.59081979917795
sub-18	ROI_activity	value_vmPFC_mOFC	value	up_minus_down	322.80300174372786
sub-19	ROI_activity	control_SMA_preSMA	control	up_minus_down	-1252.788271670413
sub-19	ROI_activity	control_dlPFC_IFJ_L	control	up_minus_down	-618.0900593550109
sub-19	ROI_activity	control_dlPFC_IFJ_R	control	up_minus_down	1061.5447295725608
sub-19	ROI_activity	descending_PAG	descending	up_minus_down	-1381.1746147937602
sub-19	ROI_activity	descending_pgACC_rACC	descending	up_minus_down	-1351.3105618646346
sub-19	ROI_activity	salience_aINS	salience	up_minus_down	2814.218538909673
sub-19	ROI_activity	salience_dACC_MCC	salience	up_minus_down	-887.8768477984281
sub-19	ROI_activity	sensory_S1_S2_thalamus	sensory	up_minus_down	-172.4639817494812
sub-19	ROI_activity	value_NAc	value	up_minus_down	-1121.9318313952929
sub-19	ROI_activity	value_vmPFC_mOFC	value	up_minus_down	-1203.67779118424
sub-20	ROI_activity	control_SMA_preSMA	control	up_minus_down	331.48147674488064
sub-20	ROI_activity	control_dlPFC_IFJ_L	control	up_minus_down	949.8046519129236
sub-20	ROI_activity	control_dlPFC_IFJ_R	control	up_minus_down	775.0514083018367
sub-20	ROI_activity	descending_PAG	descending	up_minus_down	-310.4101126145008
sub-20	ROI_activity	descending_pgACC_rACC	descending	up_minus_down	-120.98887757998332
sub-20	ROI_activity	salience_aINS	salience	up_minus_down	1189.9889775046308
sub-20	ROI_activity	salience_dACC_MCC	salience	up_minus_down	48.18276743569612
sub-20	ROI_activity	sensory_S1_S2_thalamus	sensory	up_minus_down	413.371412490512
sub-20	ROI_activity	value_NAc	value	up_minus_down	1807.2909051006045
sub-20	ROI_activity	value_vmPFC_mOFC	value	up_minus_down	91.77001351029487
sub-21	ROI_activity	control_SMA_preSMA	control	up_minus_down	91.73394976603008
sub-21	ROI_activity	control_dlPFC_IFJ_L	control	up_minus_down	455.3269170128947
sub-21	ROI_activity	control_dlPFC_IFJ_R	control	up_minus_down	-623.4750524073918
sub-21	ROI_activity	descending_PAG	descending	up_minus_down	895.4618358542903
sub-21	ROI_activity	descending_pgACC_rACC	descending	up_minus_down	390.2718302946381
sub-21	ROI_activity	salience_aINS	salience	up_minus_down	-234.30428078091876
sub-21	ROI_activity	salience_dACC_MCC	salience	up_minus_down	334.0539998247324
sub-21	ROI_activity	sensory_S1_S2_thalamus	sensory	up_minus_down	263.60650375856477
sub-21	ROI_activity	value_NAc	value	up_minus_down	-512.2688060466735
sub-21	ROI_activity	value_vmPFC_mOFC	value	up_minus_down	-102.95598233799386
sub-22	ROI_activity	control_SMA_preSMA	control	up_minus_down	273.3743057772212
sub-22	ROI_activity	control_dlPFC_IFJ_L	control	up_minus_down	277.76235707588336
sub-22	ROI_activity	control_dlPFC_IFJ_R	control	up_minus_down	1074.540540972032
sub-22	ROI_activity	descending_PAG	descending	up_minus_down	-2852.024260518737
sub-22	ROI_activity	descending_pgACC_rACC	descending	up_minus_down	4.439155149222877
sub-22	ROI_activity	salience_aINS	salience	up_minus_down	1006.9271212516
sub-22	ROI_activity	salience_dACC_MCC	salience	up_minus_down	-125.26256243883648
sub-22	ROI_activity	sensory_S1_S2_thalamus	sensory	up_minus_down	17.852312626534847
sub-22	ROI_activity	value_NAc	value	up_minus_down	-946.1485857895177
sub-22	ROI_activity	value_vmPFC_mOFC	value	up_minus_down	-47.03174174818054
sub-23	ROI_activity	control_SMA_preSMA	control	up_minus_down	441.501015555157
sub-23	ROI_activity	control_dlPFC_IFJ_L	control	up_minus_down	-20.111469506357253
sub-23	ROI_activity	control_dlPFC_IFJ_R	control	up_minus_down	-323.0189900049028
sub-23	ROI_activity	descending_PAG	descending	up_minus_down	-1634.2556683861042
sub-23	ROI_activity	descending_pgACC_rACC	descending	up_minus_down	926.2160428206794
sub-23	ROI_activity	salience_aINS	salience	up_minus_down	698.1425822538931
sub-23	ROI_activity	salience_dACC_MCC	salience	up_minus_down	349.8771318002163
sub-23	ROI_activity	sensory_S1_S2_thalamus	sensory	up_minus_down	345.19156275347353
sub-23	ROI_activity	value_NAc	value	up_minus_down	495.50689737592575
sub-23	ROI_activity	value_vmPFC_mOFC	value	up_minus_down	620.1430698344802
sub-24	ROI_activity	control_SMA_preSMA	control	up_minus_down	87.32235335108902
sub-24	ROI_activity	control_dlPFC_IFJ_L	control	up_minus_down	447.2243814202579
sub-24	ROI_activity	control_dlPFC_IFJ_R	control	up_minus_down	201.75325951180577
sub-24	ROI_activity	descending_PAG	descending	up_minus_down	7943.834296048257
sub-24	ROI_activity	descending_pgACC_rACC	descending	up_minus_down	-156.05349080851823
sub-24	ROI_activity	salience_aINS	salience	up_minus_down	-723.0725944243582
sub-24	ROI_activity	salience_dACC_MCC	salience	up_minus_down	152.96394794241968
sub-24	ROI_activity	sensory_S1_S2_thalamus	sensory	up_minus_down	346.7034489905213
sub-24	ROI_activity	value_NAc	value	up_minus_down	260.05552904895757
sub-24	ROI_activity	value_vmPFC_mOFC	value	up_minus_down	259.56832306265625
sub-25	ROI_activity	control_SMA_preSMA	control	up_minus_down	310.22475960927454
sub-25	ROI_activity	control_dlPFC_IFJ_L	control	up_minus_down	520.1538773313833
sub-25	ROI_activity	control_dlPFC_IFJ_R	control	up_minus_down	281.82040368200694
sub-25	ROI_activity	descending_PAG	descending	up_minus_down	-5781.267748201241
sub-25	ROI_activity	descending_pgACC_rACC	descending	up_minus_down	-435.1248501985164
sub-25	ROI_activity	salience_aINS	salience	up_minus_down	-200.79142621575647
sub-25	ROI_activity	salience_dACC_MCC	salience	up_minus_down	-749.8935370385791
sub-25	ROI_activity	sensory_S1_S2_thalamus	sensory	up_minus_down	-727.5291501786784
sub-25	ROI_activity	value_NAc	value	up_minus_down	-738.4813440047988
sub-25	ROI_activity	value_vmPFC_mOFC	value	up_minus_down	-795.8558560063763
sub-26	ROI_activity	control_SMA_preSMA	control	up_minus_down	132.9120061673789
sub-26	ROI_activity	control_dlPFC_IFJ_L	control	up_minus_down	202.26659085361263
sub-26	ROI_activity	control_dlPFC_IFJ_R	control	up_minus_down	9.33780153986389
sub-26	ROI_activity	descending_PAG	descending	up_minus_down	259.9857464106974
sub-26	ROI_activity	descending_pgACC_rACC	descending	up_minus_down	-90.83142309038902
sub-26	ROI_activity	salience_aINS	salience	up_minus_down	252.87821254616603
sub-26	ROI_activity	salience_dACC_MCC	salience	up_minus_down	401.50056460848657
sub-26	ROI_activity	sensory_S1_S2_thalamus	sensory	up_minus_down	635.6641091160967
sub-26	ROI_activity	value_NAc	value	up_minus_down	-293.6130241123055
sub-26	ROI_activity	value_vmPFC_mOFC	value	up_minus_down	-233.15907134176067
sub-27	ROI_activity	control_SMA_preSMA	control	up_minus_down	285.0179898427048
sub-27	ROI_activity	control_dlPFC_IFJ_L	control	up_minus_down	-99.49055197971563
sub-27	ROI_activity	control_dlPFC_IFJ_R	control	up_minus_down	193.97906021243037
sub-27	ROI_activity	descending_PAG	descending	up_minus_down	1231.057908598269
sub-27	ROI_activity	descending_pgACC_rACC	descending	up_minus_down	97.74563480920492
sub-27	ROI_activity	salience_aINS	salience	up_minus_down	-154.1259303047359
sub-27	ROI_activity	salience_dACC_MCC	salience	up_minus_down	259.1839318362104
sub-27	ROI_activity	sensory_S1_S2_thalamus	sensory	up_minus_down	197.3815212289805
sub-27	ROI_activity	value_NAc	value	up_minus_down	-957.5611819274725
sub-27	ROI_activity	value_vmPFC_mOFC	value	up_minus_down	-276.8965142693898
sub-28	ROI_activity	control_SMA_preSMA	control	up_minus_down	-531.6112436812377
sub-28	ROI_activity	control_dlPFC_IFJ_L	control	up_minus_down	-228.79546543890524
sub-28	ROI_activity	control_dlPFC_IFJ_R	control	up_minus_down	-736.9696113089444
sub-28	ROI_activity	descending_PAG	descending	up_minus_down	-863.0671686914746
sub-28	ROI_activity	descending_pgACC_rACC	descending	up_minus_down	-224.9174455437037
sub-28	ROI_activity	salience_aINS	salience	up_minus_down	-794.5626412326906
sub-28	ROI_activity	salience_dACC_MCC	salience	up_minus_down	-347.4775590026853
sub-28	ROI_activity	sensory_S1_S2_thalamus	sensory	up_minus_down	-283.44695988815363
sub-28	ROI_activity	value_NAc	value	up_minus_down	-415.67022569024755
sub-28	ROI_activity	value_vmPFC_mOFC	value	up_minus_down	294.8396512031373
sub-29	ROI_activity	control_SMA_preSMA	control	up_minus_down	7.862363474216316
sub-29	ROI_activity	control_dlPFC_IFJ_L	control	up_minus_down	-408.4594272747137
sub-29	ROI_activity	control_dlPFC_IFJ_R	control	up_minus_down	-53.76155336615915
sub-29	ROI_activity	descending_PAG	descending	up_minus_down	3851.1372138298857
sub-29	ROI_activity	descending_pgACC_rACC	descending	up_minus_down	-352.9005850355113
sub-29	ROI_activity	salience_aINS	salience	up_minus_down	-689.6264139766787
sub-29	ROI_activity	salience_dACC_MCC	salience	up_minus_down	-52.14666458930924
sub-29	ROI_activity	sensory_S1_S2_thalamus	sensory	up_minus_down	554.4135869509761
sub-29	ROI_activity	value_NAc	value	up_minus_down	-1309.6014295427474
sub-29	ROI_activity	value_vmPFC_mOFC	value	up_minus_down	173.26609449492562
sub-30	ROI_activity	control_SMA_preSMA	control	up_minus_down	308.1042861689893
sub-30	ROI_activity	control_dlPFC_IFJ_L	control	up_minus_down	472.7581437174295
sub-30	ROI_activity	control_dlPFC_IFJ_R	control	up_minus_down	-251.90889664780295
sub-30	ROI_activity	descending_PAG	descending	up_minus_down	-1690.6150561615832
sub-30	ROI_activity	descending_pgACC_rACC	descending	up_minus_down	-50.87426356788996
sub-30	ROI_activity	salience_aINS	salience	up_minus_down	62.05568926012029
sub-30	ROI_activity	salience_dACC_MCC	salience	up_minus_down	59.22115258506449
sub-30	ROI_activity	sensory_S1_S2_thalamus	sensory	up_minus_down	229.63167914203845
sub-30	ROI_activity	value_NAc	value	up_minus_down	-688.6289000741124
sub-30	ROI_activity	value_vmPFC_mOFC	value	up_minus_down	188.41417665851802
sub-31	ROI_activity	control_SMA_preSMA	control	up_minus_down	14.209945174333114
sub-31	ROI_activity	control_dlPFC_IFJ_L	control	up_minus_down	407.5712578343307
sub-31	ROI_activity	control_dlPFC_IFJ_R	control	up_minus_down	27.235961861334545
sub-31	ROI_activity	descending_PAG	descending	up_minus_down	-1929.848307629688
sub-31	ROI_activity	descending_pgACC_rACC	descending	up_minus_down	181.35952579164731
sub-31	ROI_activity	salience_aINS	salience	up_minus_down	851.3937703856299
sub-31	ROI_activity	salience_dACC_MCC	salience	up_minus_down	26.56441879661338
sub-31	ROI_activity	sensory_S1_S2_thalamus	sensory	up_minus_down	65.24504091274734
sub-31	ROI_activity	value_NAc	value	up_minus_down	670.9451105009941
sub-31	ROI_activity	value_vmPFC_mOFC	value	up_minus_down	-79.8553446746958
sub-32	ROI_activity	control_SMA_preSMA	control	up_minus_down	44.16325117852992
sub-32	ROI_activity	control_dlPFC_IFJ_L	control	up_minus_down	547.1562935036052
sub-32	ROI_activity	control_dlPFC_IFJ_R	control	up_minus_down	329.68848633359767
sub-32	ROI_activity	descending_PAG	descending	up_minus_down	-1053.6125925722845
sub-32	ROI_activity	descending_pgACC_rACC	descending	up_minus_down	117.03396797629466
sub-32	ROI_activity	salience_aINS	salience	up_minus_down	149.42910231442994
sub-32	ROI_activity	salience_dACC_MCC	salience	up_minus_down	238.53071813113968
sub-32	ROI_activity	sensory_S1_S2_thalamus	sensory	up_minus_down	162.7406526709744
sub-32	ROI_activity	value_NAc	value	up_minus_down	-605.7930220105309
sub-32	ROI_activity	value_vmPFC_mOFC	value	up_minus_down	-3.187906361485734
sub-33	ROI_activity	control_SMA_preSMA	control	up_minus_down	-725.1894920672491
sub-33	ROI_activity	control_dlPFC_IFJ_L	control	up_minus_down	-787.7176172585116
sub-33	ROI_activity	control_dlPFC_IFJ_R	control	up_minus_down	-1708.992478538648
sub-33	ROI_activity	descending_PAG	descending	up_minus_down	3186.701987878541
sub-33	ROI_activity	descending_pgACC_rACC	descending	up_minus_down	-804.9600113729994
sub-33	ROI_activity	salience_aINS	salience	up_minus_down	-2147.1860288586645
sub-33	ROI_activity	salience_dACC_MCC	salience	up_minus_down	-668.6480133328354
sub-33	ROI_activity	sensory_S1_S2_thalamus	sensory	up_minus_down	-646.388928688012
sub-33	ROI_activity	value_NAc	value	up_minus_down	-1343.999662162178
sub-33	ROI_activity	value_vmPFC_mOFC	value	up_minus_down	-463.12140023461825
sub-01	ROI_activity	control_SMA_preSMA	control	up_minus_passive	488.9304271341838
sub-01	ROI_activity	control_dlPFC_IFJ_L	control	up_minus_passive	1418.5365914830743
sub-01	ROI_activity	control_dlPFC_IFJ_R	control	up_minus_passive	-162.71239494255005
sub-01	ROI_activity	descending_PAG	descending	up_minus_passive	109.61754101009296
sub-01	ROI_activity	descending_pgACC_rACC	descending	up_minus_passive	-90.5023012134335
sub-01	ROI_activity	salience_aINS	salience	up_minus_passive	80.72801142578132
sub-01	ROI_activity	salience_dACC_MCC	salience	up_minus_passive	892.4508291926331
sub-01	ROI_activity	sensory_S1_S2_thalamus	sensory	up_minus_passive	460.4216487457381
sub-01	ROI_activity	value_NAc	value	up_minus_passive	-514.8131506570272
sub-01	ROI_activity	value_vmPFC_mOFC	value	up_minus_passive	-323.75038007499944
sub-02	ROI_activity	control_SMA_preSMA	control	up_minus_passive	1637.2802629999824
sub-02	ROI_activity	control_dlPFC_IFJ_L	control	up_minus_passive	2965.2655132678865
sub-02	ROI_activity	control_dlPFC_IFJ_R	control	up_minus_passive	1878.138596226372
sub-02	ROI_activity	descending_PAG	descending	up_minus_passive	-988.1732848389416
sub-02	ROI_activity	descending_pgACC_rACC	descending	up_minus_passive	636.0981906309752
sub-02	ROI_activity	salience_aINS	salience	up_minus_passive	261.04410889547
sub-02	ROI_activity	salience_dACC_MCC	salience	up_minus_passive	1658.3791223879548
sub-02	ROI_activity	sensory_S1_S2_thalamus	sensory	up_minus_passive	859.4616618557108
sub-02	ROI_activity	value_NAc	value	up_minus_passive	-611.0982927177395
sub-02	ROI_activity	value_vmPFC_mOFC	value	up_minus_passive	126.00253894691228
sub-03	ROI_activity	control_SMA_preSMA	control	up_minus_passive	173.73282520452574
sub-03	ROI_activity	control_dlPFC_IFJ_L	control	up_minus_passive	929.2074175522524
sub-03	ROI_activity	control_dlPFC_IFJ_R	control	up_minus_passive	281.3307707912076
sub-03	ROI_activity	descending_PAG	descending	up_minus_passive	-677.3073579446291
sub-03	ROI_activity	descending_pgACC_rACC	descending	up_minus_passive	-893.3800195390493
sub-03	ROI_activity	salience_aINS	salience	up_minus_passive	252.67417285720376
sub-03	ROI_activity	salience_dACC_MCC	salience	up_minus_passive	31.37034404423739
sub-03	ROI_activity	sensory_S1_S2_thalamus	sensory	up_minus_passive	-106.59187535267499
sub-03	ROI_activity	value_NAc	value	up_minus_passive	-1511.8798100248491
sub-03	ROI_activity	value_vmPFC_mOFC	value	up_minus_passive	238.88925830952576
sub-04	ROI_activity	control_SMA_preSMA	control	up_minus_passive	372.2060662442401
sub-04	ROI_activity	control_dlPFC_IFJ_L	control	up_minus_passive	-522.8065397907134
sub-04	ROI_activity	control_dlPFC_IFJ_R	control	up_minus_passive	-501.2609492577525
sub-04	ROI_activity	descending_PAG	descending	up_minus_passive	-198.7009693188354
sub-04	ROI_activity	descending_pgACC_rACC	descending	up_minus_passive	353.03411930382487
sub-04	ROI_activity	salience_aINS	salience	up_minus_passive	-1007.7119539601534
sub-04	ROI_activity	salience_dACC_MCC	salience	up_minus_passive	-247.0456081654905
sub-04	ROI_activity	sensory_S1_S2_thalamus	sensory	up_minus_passive	-355.4636111144343
sub-04	ROI_activity	value_NAc	value	up_minus_passive	-294.82440097701993
sub-04	ROI_activity	value_vmPFC_mOFC	value	up_minus_passive	1786.5700751323031
sub-05	ROI_activity	control_SMA_preSMA	control	up_minus_passive	812.6274963866075
sub-05	ROI_activity	control_dlPFC_IFJ_L	control	up_minus_passive	595.141402839378
sub-05	ROI_activity	control_dlPFC_IFJ_R	control	up_minus_passive	242.9120393082904
sub-05	ROI_activity	descending_PAG	descending	up_minus_passive	864.4607504044031
sub-05	ROI_activity	descending_pgACC_rACC	descending	up_minus_passive	333.2383643571854
sub-05	ROI_activity	salience_aINS	salience	up_minus_passive	560.3920190547819
sub-05	ROI_activity	salience_dACC_MCC	salience	up_minus_passive	465.465826974278
sub-05	ROI_activity	sensory_S1_S2_thalamus	sensory	up_minus_passive	508.35082027165794
sub-05	ROI_activity	value_NAc	value	up_minus_passive	1040.2608602584457
sub-05	ROI_activity	value_vmPFC_mOFC	value	up_minus_passive	-6.365099843365688
sub-06	ROI_activity	control_SMA_preSMA	control	up_minus_passive	25.943445494368405
sub-06	ROI_activity	control_dlPFC_IFJ_L	control	up_minus_passive	144.34265413128915
sub-06	ROI_activity	control_dlPFC_IFJ_R	control	up_minus_passive	-629.2871876997852
sub-06	ROI_activity	descending_PAG	descending	up_minus_passive	2421.99372732788
sub-06	ROI_activity	descending_pgACC_rACC	descending	up_minus_passive	404.7997481408916
sub-06	ROI_activity	salience_aINS	salience	up_minus_passive	-375.50640926494896
sub-06	ROI_activity	salience_dACC_MCC	salience	up_minus_passive	395.20892728771815
sub-06	ROI_activity	sensory_S1_S2_thalamus	sensory	up_minus_passive	-362.6130095376332
sub-06	ROI_activity	value_NAc	value	up_minus_passive	307.8389097581553
sub-06	ROI_activity	value_vmPFC_mOFC	value	up_minus_passive	-10.085568101493607
sub-07	ROI_activity	control_SMA_preSMA	control	up_minus_passive	-258.8398046056332
sub-07	ROI_activity	control_dlPFC_IFJ_L	control	up_minus_passive	-477.2894222059749
sub-07	ROI_activity	control_dlPFC_IFJ_R	control	up_minus_passive	-612.2668920891308
sub-07	ROI_activity	descending_PAG	descending	up_minus_passive	-4361.072407413274
sub-07	ROI_activity	descending_pgACC_rACC	descending	up_minus_passive	-299.9276352860305
sub-07	ROI_activity	salience_aINS	salience	up_minus_passive	-741.6951729181619
sub-07	ROI_activity	salience_dACC_MCC	salience	up_minus_passive	-73.10409815280818
sub-07	ROI_activity	sensory_S1_S2_thalamus	sensory	up_minus_passive	258.69599854317573
sub-07	ROI_activity	value_NAc	value	up_minus_passive	656.5259789196577
sub-07	ROI_activity	value_vmPFC_mOFC	value	up_minus_passive	-303.10417125595364
sub-08	ROI_activity	control_SMA_preSMA	control	up_minus_passive	305.6695060527497
sub-08	ROI_activity	control_dlPFC_IFJ_L	control	up_minus_passive	146.54811361422583
sub-08	ROI_activity	control_dlPFC_IFJ_R	control	up_minus_passive	-734.9113929432364
sub-08	ROI_activity	descending_PAG	descending	up_minus_passive	-924.7066063058963
sub-08	ROI_activity	descending_pgACC_rACC	descending	up_minus_passive	-82.02596423359981
sub-08	ROI_activity	salience_aINS	salience	up_minus_passive	224.70751323081453
sub-08	ROI_activity	salience_dACC_MCC	salience	up_minus_passive	-152.9795668731868
sub-08	ROI_activity	sensory_S1_S2_thalamus	sensory	up_minus_passive	208.34850468693577
sub-08	ROI_activity	value_NAc	value	up_minus_passive	-161.35830428119849
sub-08	ROI_activity	value_vmPFC_mOFC	value	up_minus_passive	56.70794264902842
sub-09	ROI_activity	control_SMA_preSMA	control	up_minus_passive	399.11058108013134
sub-09	ROI_activity	control_dlPFC_IFJ_L	control	up_minus_passive	1072.6040607932746
sub-09	ROI_activity	control_dlPFC_IFJ_R	control	up_minus_passive	358.0541719680303
sub-09	ROI_activity	descending_PAG	descending	up_minus_passive	-726.0861288492631
sub-09	ROI_activity	descending_pgACC_rACC	descending	up_minus_passive	62.19719734444939
sub-09	ROI_activity	salience_aINS	salience	up_minus_passive	-327.51265886747046
sub-09	ROI_activity	salience_dACC_MCC	salience	up_minus_passive	120.19929523885196
sub-09	ROI_activity	sensory_S1_S2_thalamus	sensory	up_minus_passive	-39.48933520611509
sub-09	ROI_activity	value_NAc	value	up_minus_passive	-1130.9160270589964
sub-09	ROI_activity	value_vmPFC_mOFC	value	up_minus_passive	134.174520935349
sub-10	ROI_activity	control_SMA_preSMA	control	up_minus_passive	-274.659981582823
sub-10	ROI_activity	control_dlPFC_IFJ_L	control	up_minus_passive	-538.2113211612382
sub-10	ROI_activity	control_dlPFC_IFJ_R	control	up_minus_passive	-284.63420118233967
sub-10	ROI_activity	descending_PAG	descending	up_minus_passive	-5118.0688332192185
sub-10	ROI_activity	descending_pgACC_rACC	descending	up_minus_passive	-34.32665161820262
sub-10	ROI_activity	salience_aINS	salience	up_minus_passive	-564.6830523003287
sub-10	ROI_activity	salience_dACC_MCC	salience	up_minus_passive	-621.5008710160424
sub-10	ROI_activity	sensory_S1_S2_thalamus	sensory	up_minus_passive	-275.05283069833865
sub-10	ROI_activity	value_NAc	value	up_minus_passive	423.41648538558854
sub-10	ROI_activity	value_vmPFC_mOFC	value	up_minus_passive	1052.3621242423567
sub-11	ROI_activity	control_SMA_preSMA	control	up_minus_passive	510.27455583802384
sub-11	ROI_activity	control_dlPFC_IFJ_L	control	up_minus_passive	565.4669878676208
sub-11	ROI_activity	control_dlPFC_IFJ_R	control	up_minus_passive	116.17838963126712
sub-11	ROI_activity	descending_PAG	descending	up_minus_passive	446.70469029105067
sub-11	ROI_activity	descending_pgACC_rACC	descending	up_minus_passive	547.4363147386758
sub-11	ROI_activity	salience_aINS	salience	up_minus_passive	283.3389344225924
sub-11	ROI_activity	salience_dACC_MCC	salience	up_minus_passive	392.70557930922223
sub-11	ROI_activity	sensory_S1_S2_thalamus	sensory	up_minus_passive	-90.64693543201619
sub-11	ROI_activity	value_NAc	value	up_minus_passive	624.8352039192232
sub-11	ROI_activity	value_vmPFC_mOFC	value	up_minus_passive	592.7130548731117
sub-12	ROI_activity	control_SMA_preSMA	control	up_minus_passive	475.64852462044826
sub-12	ROI_activity	control_dlPFC_IFJ_L	control	up_minus_passive	598.76368682023
sub-12	ROI_activity	control_dlPFC_IFJ_R	control	up_minus_passive	558.5977751833865
sub-12	ROI_activity	descending_PAG	descending	up_minus_passive	-54.72303046003799
sub-12	ROI_activity	descending_pgACC_rACC	descending	up_minus_passive	332.17328286646847
sub-12	ROI_activity	salience_aINS	salience	up_minus_passive	1419.197232871361
sub-12	ROI_activity	salience_dACC_MCC	salience	up_minus_passive	360.3667144767527
sub-12	ROI_activity	sensory_S1_S2_thalamus	sensory	up_minus_passive	-389.29751465929064
sub-12	ROI_activity	value_NAc	value	up_minus_passive	-48.02259240484086
sub-12	ROI_activity	value_vmPFC_mOFC	value	up_minus_passive	120.00610512748737
sub-13	ROI_activity	control_SMA_preSMA	control	up_minus_passive	405.34727534600586
sub-13	ROI_activity	control_dlPFC_IFJ_L	control	up_minus_passive	336.6838983377756
sub-13	ROI_activity	control_dlPFC_IFJ_R	control	up_minus_passive	269.44266207395185
sub-13	ROI_activity	descending_PAG	descending	up_minus_passive	-404.0739869000147
sub-13	ROI_activity	descending_pgACC_rACC	descending	up_minus_passive	-176.55532211140277
sub-13	ROI_activity	salience_aINS	salience	up_minus_passive	-115.67017697107843
sub-13	ROI_activity	salience_dACC_MCC	salience	up_minus_passive	85.66881200005608
sub-13	ROI_activity	sensory_S1_S2_thalamus	sensory	up_minus_passive	199.5716104992991
sub-13	ROI_activity	value_NAc	value	up_minus_passive	-798.7961688336406
sub-13	ROI_activity	value_vmPFC_mOFC	value	up_minus_passive	-118.76556917726568
sub-14	ROI_activity	control_SMA_preSMA	control	up_minus_passive	323.7690116966854
sub-14	ROI_activity	control_dlPFC_IFJ_L	control	up_minus_passive	105.87858449883942
sub-14	ROI_activity	control_dlPFC_IFJ_R	control	up_minus_passive	-280.6818624749246
sub-14	ROI_activity	descending_PAG	descending	up_minus_passive	-580.973769734876
sub-14	ROI_activity	descending_pgACC_rACC	descending	up_minus_passive	-99.2386701537183
sub-14	ROI_activity	salience_aINS	salience	up_minus_passive	237.44866588593257
sub-14	ROI_activity	salience_dACC_MCC	salience	up_minus_passive	351.77381448402167
sub-14	ROI_activity	sensory_S1_S2_thalamus	sensory	up_minus_passive	516.849834839822
sub-14	ROI_activity	value_NAc	value	up_minus_passive	-1000.5183864376941
sub-14	ROI_activity	value_vmPFC_mOFC	value	up_minus_passive	-100.52372301982722
sub-15	ROI_activity	control_SMA_preSMA	control	up_minus_passive	-55.296119508498975
sub-15	ROI_activity	control_dlPFC_IFJ_L	control	up_minus_passive	-2.4293782091432945
sub-15	ROI_activity	control_dlPFC_IFJ_R	control	up_minus_passive	-436.1458965481939
sub-15	ROI_activity	descending_PAG	descending	up_minus_passive	17.923614722968978
sub-15	ROI_activity	descending_pgACC_rACC	descending	up_minus_passive	-599.7577182760086
sub-15	ROI_activity	salience_aINS	salience	up_minus_passive	-209.0382458580441
sub-15	ROI_activity	salience_dACC_MCC	salience	up_minus_passive	-101.71539213378752
sub-15	ROI_activity	sensory_S1_S2_thalamus	sensory	up_minus_passive	-22.531464968366254
sub-15	ROI_activity	value_NAc	value	up_minus_passive	98.6784971709459
sub-15	ROI_activity	value_vmPFC_mOFC	value	up_minus_passive	-152.72257298877378
sub-16	ROI_activity	control_SMA_preSMA	control	up_minus_passive	-276.14659833962975
sub-16	ROI_activity	control_dlPFC_IFJ_L	control	up_minus_passive	857.3129938371854
sub-16	ROI_activity	control_dlPFC_IFJ_R	control	up_minus_passive	-481.1192035962638
sub-16	ROI_activity	descending_PAG	descending	up_minus_passive	-229.714695853478
sub-16	ROI_activity	descending_pgACC_rACC	descending	up_minus_passive	607.4485183793417
sub-16	ROI_activity	salience_aINS	salience	up_minus_passive	88.31277706546268
sub-16	ROI_activity	salience_dACC_MCC	salience	up_minus_passive	323.3719176558551
sub-16	ROI_activity	sensory_S1_S2_thalamus	sensory	up_minus_passive	-403.6253634728733
sub-16	ROI_activity	value_NAc	value	up_minus_passive	8.343021671288938
sub-16	ROI_activity	value_vmPFC_mOFC	value	up_minus_passive	326.6419316781633
sub-17	ROI_activity	control_SMA_preSMA	control	up_minus_passive	-659.9467695793448
sub-17	ROI_activity	control_dlPFC_IFJ_L	control	up_minus_passive	-103.20775763012868
sub-17	ROI_activity	control_dlPFC_IFJ_R	control	up_minus_passive	-637.1551771975768
sub-17	ROI_activity	descending_PAG	descending	up_minus_passive	1310.0491495791046
sub-17	ROI_activity	descending_pgACC_rACC	descending	up_minus_passive	551.8188782771509
sub-17	ROI_activity	salience_aINS	salience	up_minus_passive	-215.2502201963203
sub-17	ROI_activity	salience_dACC_MCC	salience	up_minus_passive	228.45805635972107
sub-17	ROI_activity	sensory_S1_S2_thalamus	sensory	up_minus_passive	14.242622753135256
sub-17	ROI_activity	value_NAc	value	up_minus_passive	493.6508124959586
sub-17	ROI_activity	value_vmPFC_mOFC	value	up_minus_passive	720.0711301677233
sub-18	ROI_activity	control_SMA_preSMA	control	up_minus_passive	-254.327552695855
sub-18	ROI_activity	control_dlPFC_IFJ_L	control	up_minus_passive	-554.1176073542356
sub-18	ROI_activity	control_dlPFC_IFJ_R	control	up_minus_passive	-417.8155078326997
sub-18	ROI_activity	descending_PAG	descending	up_minus_passive	-1093.633349936231
sub-18	ROI_activity	descending_pgACC_rACC	descending	up_minus_passive	137.83170480492208
sub-18	ROI_activity	salience_aINS	salience	up_minus_passive	137.04533034844548
sub-18	ROI_activity	salience_dACC_MCC	salience	up_minus_passive	-243.3680861336187
sub-18	ROI_activity	sensory_S1_S2_thalamus	sensory	up_minus_passive	-314.2823411330819
sub-18	ROI_activity	value_NAc	value	up_minus_passive	202.56954387673875
sub-18	ROI_activity	value_vmPFC_mOFC	value	up_minus_passive	141.46100647328535
sub-19	ROI_activity	control_SMA_preSMA	control	up_minus_passive	-264.70504214996214
sub-19	ROI_activity	control_dlPFC_IFJ_L	control	up_minus_passive	484.4019375864215
sub-19	ROI_activity	control_dlPFC_IFJ_R	control	up_minus_passive	324.20224571202067
sub-19	ROI_activity	descending_PAG	descending	up_minus_passive	-1160.573767482309
sub-19	ROI_activity	descending_pgACC_rACC	descending	up_minus_passive	-324.0630195669387
sub-19	ROI_activity	salience_aINS	salience	up_minus_passive	-509.86167035730864
sub-19	ROI_activity	salience_dACC_MCC	salience	up_minus_passive	126.63584391197224
sub-19	ROI_activity	sensory_S1_S2_thalamus	sensory	up_minus_passive	1.30814082319194
sub-19	ROI_activity	value_NAc	value	up_minus_passive	-349.2088445852288
sub-19	ROI_activity	value_vmPFC_mOFC	value	up_minus_passive	-707.9665829457489
sub-20	ROI_activity	control_SMA_preSMA	control	up_minus_passive	-79.69811711293369
sub-20	ROI_activity	control_dlPFC_IFJ_L	control	up_minus_passive	127.4333451056312
sub-20	ROI_activity	control_dlPFC_IFJ_R	control	up_minus_passive	76.92609083019022
sub-20	ROI_activity	descending_PAG	descending	up_minus_passive	-396.0382848310857
sub-20	ROI_activity	descending_pgACC_rACC	descending	up_minus_passive	47.488073189146405
sub-20	ROI_activity	salience_aINS	salience	up_minus_passive	312.1823468255793
sub-20	ROI_activity	salience_dACC_MCC	salience	up_minus_passive	3.921194406774077
sub-20	ROI_activity	sensory_S1_S2_thalamus	sensory	up_minus_passive	-181.542017095281
sub-20	ROI_activity	value_NAc	value	up_minus_passive	621.0504087919112
sub-20	ROI_activity	value_vmPFC_mOFC	value	up_minus_passive	11.47635404016044
sub-21	ROI_activity	control_SMA_preSMA	control	up_minus_passive	-105.2773252518968
sub-21	ROI_activity	control_dlPFC_IFJ_L	control	up_minus_passive	113.05927171707596
sub-21	ROI_activity	control_dlPFC_IFJ_R	control	up_minus_passive	-669.6094163404439
sub-21	ROI_activity	descending_PAG	descending	up_minus_passive	-968.4331031207984
sub-21	ROI_activity	descending_pgACC_rACC	descending	up_minus_passive	293.55934163577894
sub-21	ROI_activity	salience_aINS	salience	up_minus_passive	448.20375906506064
sub-21	ROI_activity	salience_dACC_MCC	salience	up_minus_passive	42.743083691794766
sub-21	ROI_activity	sensory_S1_S2_thalamus	sensory	up_minus_passive	114.21153404229325
sub-21	ROI_activity	value_NAc	value	up_minus_passive	-150.7679378542052
sub-21	ROI_activity	value_vmPFC_mOFC	value	up_minus_passive	10.62588330380492
sub-22	ROI_activity	control_SMA_preSMA	control	up_minus_passive	760.9665480744848
sub-22	ROI_activity	control_dlPFC_IFJ_L	control	up_minus_passive	-21.9983298919812
sub-22	ROI_activity	control_dlPFC_IFJ_R	control	up_minus_passive	-770.6636646500208
sub-22	ROI_activity	descending_PAG	descending	up_minus_passive	289.1399039614075
sub-22	ROI_activity	descending_pgACC_rACC	descending	up_minus_passive	178.31434911432774
sub-22	ROI_activity	salience_aINS	salience	up_minus_passive	241.5678324055069
sub-22	ROI_activity	salience_dACC_MCC	salience	up_minus_passive	-53.64922516639768
sub-22	ROI_activity	sensory_S1_S2_thalamus	sensory	up_minus_passive	304.65011647457624
sub-22	ROI_activity	value_NAc	value	up_minus_passive	-880.5800022740223
sub-22	ROI_activity	value_vmPFC_mOFC	value	up_minus_passive	-51.38596276593564
sub-23	ROI_activity	control_SMA_preSMA	control	up_minus_passive	832.548503849409
sub-23	ROI_activity	control_dlPFC_IFJ_L	control	up_minus_passive	187.15989852886145
sub-23	ROI_activity	control_dlPFC_IFJ_R	control	up_minus_passive	-183.74441075549447
sub-23	ROI_activity	descending_PAG	descending	up_minus_passive	-15.84345292335341
sub-23	ROI_activity	descending_pgACC_rACC	descending	up_minus_passive	611.5320921791724
sub-23	ROI_activity	salience_aINS	salience	up_minus_passive	582.1861963593452
sub-23	ROI_activity	salience_dACC_MCC	salience	up_minus_passive	568.1779965039377
sub-23	ROI_activity	sensory_S1_S2_thalamus	sensory	up_minus_passive	444.08400422653006
sub-23	ROI_activity	value_NAc	value	up_minus_passive	473.1601106011214
sub-23	ROI_activity	value_vmPFC_mOFC	value	up_minus_passive	128.65355433870727
sub-24	ROI_activity	control_SMA_preSMA	control	up_minus_passive	163.46742937396
sub-24	ROI_activity	control_dlPFC_IFJ_L	control	up_minus_passive	396.7069082062044
sub-24	ROI_activity	control_dlPFC_IFJ_R	control	up_minus_passive	-177.4173839029702
sub-24	ROI_activity	descending_PAG	descending	up_minus_passive	3400.2270793155267
sub-24	ROI_activity	descending_pgACC_rACC	descending	up_minus_passive	-140.37195132184343
sub-24	ROI_activity	salience_aINS	salience	up_minus_passive	-324.4914608392269
sub-24	ROI_activity	salience_dACC_MCC	salience	up_minus_passive	-299.8757074530865
sub-24	ROI_activity	sensory_S1_S2_thalamus	sensory	up_minus_passive	-354.43944996502165
sub-24	ROI_activity	value_NAc	value	up_minus_passive	370.3695473588174
sub-24	ROI_activity	value_vmPFC_mOFC	value	up_minus_passive	-59.31264156819697
sub-25	ROI_activity	control_SMA_preSMA	control	up_minus_passive	392.8948811683932
sub-25	ROI_activity	control_dlPFC_IFJ_L	control	up_minus_passive	795.7913433008828
sub-25	ROI_activity	control_dlPFC_IFJ_R	control	up_minus_passive	594.3125090721982
sub-25	ROI_activity	descending_PAG	descending	up_minus_passive	-96.79838983365354
sub-25	ROI_activity	descending_pgACC_rACC	descending	up_minus_passive	-429.3966433993127
sub-25	ROI_activity	salience_aINS	salience	up_minus_passive	282.5064299294228
sub-25	ROI_activity	salience_dACC_MCC	salience	up_minus_passive	-49.78493948920367
sub-25	ROI_activity	sensory_S1_S2_thalamus	sensory	up_minus_passive	-637.8773123103732
sub-25	ROI_activity	value_NAc	value	up_minus_passive	-385.7046130003631
sub-25	ROI_activity	value_vmPFC_mOFC	value	up_minus_passive	-607.8196867199458
sub-26	ROI_activity	control_SMA_preSMA	control	up_minus_passive	405.5511238146679
sub-26	ROI_activity	control_dlPFC_IFJ_L	control	up_minus_passive	471.1192160737874
sub-26	ROI_activity	control_dlPFC_IFJ_R	control	up_minus_passive	260.8388939925878
sub-26	ROI_activity	descending_PAG	descending	up_minus_passive	888.0466901702314
sub-26	ROI_activity	descending_pgACC_rACC	descending	up_minus_passive	-74.56643955503579
sub-26	ROI_activity	salience_aINS	salience	up_minus_passive	308.22604390858857
sub-26	ROI_activity	salience_dACC_MCC	salience	up_minus_passive	467.97967313403103
sub-26	ROI_activity	sensory_S1_S2_thalamus	sensory	up_minus_passive	359.06687483945683
sub-26	ROI_activity	value_NAc	value	up_minus_passive	-33.01203724607828
sub-26	ROI_activity	value_vmPFC_mOFC	value	up_minus_passive	-297.12058777513147
sub-27	ROI_activity	control_SMA_preSMA	control	up_minus_passive	319.095149680674
sub-27	ROI_activity	control_dlPFC_IFJ_L	control	up_minus_passive	-255.739003653398
sub-27	ROI_activity	control_dlPFC_IFJ_R	control	up_minus_passive	-543.5646667397959
sub-27	ROI_activity	descending_PAG	descending	up_minus_passive	290.8076454332604
sub-27	ROI_activity	descending_pgACC_rACC	descending	up_minus_passive	77.70804086402798
sub-27	ROI_activity	salience_aINS	salience	up_minus_passive	16.210600953717005
sub-27	ROI_activity	salience_dACC_MCC	salience	up_minus_passive	182.83848328648924
sub-27	ROI_activity	sensory_S1_S2_thalamus	sensory	up_minus_passive	30.816269778139254
sub-27	ROI_activity	value_NAc	value	up_minus_passive	-429.08495301600976
sub-27	ROI_activity	value_vmPFC_mOFC	value	up_minus_passive	28.399988666825276
sub-28	ROI_activity	control_SMA_preSMA	control	up_minus_passive	86.059275843428
sub-28	ROI_activity	control_dlPFC_IFJ_L	control	up_minus_passive	353.15583991061726
sub-28	ROI_activity	control_dlPFC_IFJ_R	control	up_minus_passive	-158.38416488765964
sub-28	ROI_activity	descending_PAG	descending	up_minus_passive	94.27021609228882
sub-28	ROI_activity	descending_pgACC_rACC	descending	up_minus_passive	-315.596648278058
sub-28	ROI_activity	salience_aINS	salience	up_minus_passive	-539.1117238786759
sub-28	ROI_activity	salience_dACC_MCC	salience	up_minus_passive	-161.97041693531511
sub-28	ROI_activity	sensory_S1_S2_thalamus	sensory	up_minus_passive	-362.18866781314165
sub-28	ROI_activity	value_NAc	value	up_minus_passive	-471.0077121466251
sub-28	ROI_activity	value_vmPFC_mOFC	value	up_minus_passive	223.8882715467411
sub-29	ROI_activity	control_SMA_preSMA	control	up_minus_passive	659.9886784033963
sub-29	ROI_activity	control_dlPFC_IFJ_L	control	up_minus_passive	-218.2254595974287
sub-29	ROI_activity	control_dlPFC_IFJ_R	control	up_minus_passive	246.88879623388
sub-29	ROI_activity	descending_PAG	descending	up_minus_passive	3458.5100930194444
sub-29	ROI_activity	descending_pgACC_rACC	descending	up_minus_passive	-394.0674856006627
sub-29	ROI_activity	salience_aINS	salience	up_minus_passive	114.66640376771525
sub-29	ROI_activity	salience_dACC_MCC	salience	up_minus_passive	184.1686843579077
sub-29	ROI_activity	sensory_S1_S2_thalamus	sensory	up_minus_passive	494.2383913843405
sub-29	ROI_activity	value_NAc	value	up_minus_passive	-1146.5413708200686
sub-29	ROI_activity	value_vmPFC_mOFC	value	up_minus_passive	-502.5321021818616
sub-30	ROI_activity	control_SMA_preSMA	control	up_minus_passive	331.2580060701449
sub-30	ROI_activity	control_dlPFC_IFJ_L	control	up_minus_passive	588.9893393186884
sub-30	ROI_activity	control_dlPFC_IFJ_R	control	up_minus_passive	382.0042934248253
sub-30	ROI_activity	descending_PAG	descending	up_minus_passive	-1282.856798968391
sub-30	ROI_activity	descending_pgACC_rACC	descending	up_minus_passive	92.01040932966252
sub-30	ROI_activity	salience_aINS	salience	up_minus_passive	206.12557494517614
sub-30	ROI_activity	salience_dACC_MCC	salience	up_minus_passive	231.4263402087766
sub-30	ROI_activity	sensory_S1_S2_thalamus	sensory	up_minus_passive	-51.72590197391243
sub-30	ROI_activity	value_NAc	value	up_minus_passive	-196.16103505607532
sub-30	ROI_activity	value_vmPFC_mOFC	value	up_minus_passive	-126.84090562022568
sub-31	ROI_activity	control_SMA_preSMA	control	up_minus_passive	-191.4042199004012
sub-31	ROI_activity	control_dlPFC_IFJ_L	control	up_minus_passive	678.595771248538
sub-31	ROI_activity	control_dlPFC_IFJ_R	control	up_minus_passive	590.0718226965708
sub-31	ROI_activity	descending_PAG	descending	up_minus_passive	-1533.1341613619702
sub-31	ROI_activity	descending_pgACC_rACC	descending	up_minus_passive	61.114544433784005
sub-31	ROI_activity	salience_aINS	salience	up_minus_passive	89.19523048016191
sub-31	ROI_activity	salience_dACC_MCC	salience	up_minus_passive	4.25918194357206
sub-31	ROI_activity	sensory_S1_S2_thalamus	sensory	up_minus_passive	-85.42453165898301
sub-31	ROI_activity	value_NAc	value	up_minus_passive	92.79313766743377
sub-31	ROI_activity	value_vmPFC_mOFC	value	up_minus_passive	-64.41690783718612
sub-32	ROI_activity	control_SMA_preSMA	control	up_minus_passive	506.43498435273983
sub-32	ROI_activity	control_dlPFC_IFJ_L	control	up_minus_passive	1161.684997188025
sub-32	ROI_activity	control_dlPFC_IFJ_R	control	up_minus_passive	386.5890480281171
sub-32	ROI_activity	descending_PAG	descending	up_minus_passive	-386.3816680376572
sub-32	ROI_activity	descending_pgACC_rACC	descending	up_minus_passive	58.844955089258605
sub-32	ROI_activity	salience_aINS	salience	up_minus_passive	-147.4456214222819
sub-32	ROI_activity	salience_dACC_MCC	salience	up_minus_passive	315.00445133430907
sub-32	ROI_activity	sensory_S1_S2_thalamus	sensory	up_minus_passive	146.60474088915802
sub-32	ROI_activity	value_NAc	value	up_minus_passive	-192.407504970162
sub-32	ROI_activity	value_vmPFC_mOFC	value	up_minus_passive	146.61632286802265
sub-33	ROI_activity	control_SMA_preSMA	control	up_minus_passive	-521.1103465252077
sub-33	ROI_activity	control_dlPFC_IFJ_L	control	up_minus_passive	-372.9751381351034
sub-33	ROI_activity	control_dlPFC_IFJ_R	control	up_minus_passive	-1207.08883882157
sub-33	ROI_activity	descending_PAG	descending	up_minus_passive	-243.1859691602291
sub-33	ROI_activity	descending_pgACC_rACC	descending	up_minus_passive	-681.4060830901085
sub-33	ROI_activity	salience_aINS	salience	up_minus_passive	-1126.5060629221416
sub-33	ROI_activity	salience_dACC_MCC	salience	up_minus_passive	-398.9646779858646
sub-33	ROI_activity	sensory_S1_S2_thalamus	sensory	up_minus_passive	-409.3058410653665
sub-33	ROI_activity	value_NAc	value	up_minus_passive	-875.9818736448283
sub-33	ROI_activity	value_vmPFC_mOFC	value	up_minus_passive	-696.7355956593825
sub-01	ROI_activity	control_SMA_preSMA	control	down_minus_passive	297.5190302976075
sub-01	ROI_activity	control_dlPFC_IFJ_L	control	down_minus_passive	391.4968236391704
sub-01	ROI_activity	control_dlPFC_IFJ_R	control	down_minus_passive	-83.92738924750975
sub-01	ROI_activity	descending_PAG	descending	down_minus_passive	-321.4418985353827
sub-01	ROI_activity	descending_pgACC_rACC	descending	down_minus_passive	1002.5424598932696
sub-01	ROI_activity	salience_aINS	salience	down_minus_passive	-371.20392713619924
sub-01	ROI_activity	salience_dACC_MCC	salience	down_minus_passive	686.5828918335394
sub-01	ROI_activity	sensory_S1_S2_thalamus	sensory	down_minus_passive	353.111848563352
sub-01	ROI_activity	value_NAc	value	down_minus_passive	-90.1458038166058
sub-01	ROI_activity	value_vmPFC_mOFC	value	down_minus_passive	945.8651030091778
sub-02	ROI_activity	control_SMA_preSMA	control	down_minus_passive	355.7160109611031
sub-02	ROI_activity	control_dlPFC_IFJ_L	control	down_minus_passive	-72.73750080451356
sub-02	ROI_activity	control_dlPFC_IFJ_R	control	down_minus_passive	-477.5894087014782
sub-02	ROI_activity	descending_PAG	descending	down_minus_passive	1172.2747670070833
sub-02	ROI_activity	descending_pgACC_rACC	descending	down_minus_passive	367.96472327961374
sub-02	ROI_activity	salience_aINS	salience	down_minus_passive	-172.11647264220233
sub-02	ROI_activity	salience_dACC_MCC	salience	down_minus_passive	535.0598444067291
sub-02	ROI_activity	sensory_S1_S2_thalamus	sensory	down_minus_passive	150.07598878720117
sub-02	ROI_activity	value_NAc	value	down_minus_passive	-129.94728230832922
sub-02	ROI_activity	value_vmPFC_mOFC	value	down_minus_passive	340.26838833577887
sub-03	ROI_activity	control_SMA_preSMA	control	down_minus_passive	1087.0018277910892
sub-03	ROI_activity	control_dlPFC_IFJ_L	control	down_minus_passive	250.10348955206587
sub-03	ROI_activity	control_dlPFC_IFJ_R	control	down_minus_passive	-176.2231100229974
sub-03	ROI_activity	descending_PAG	descending	down_minus_passive	2477.4605777369347
sub-03	ROI_activity	descending_pgACC_rACC	descending	down_minus_passive	449.29569736133146
sub-03	ROI_activity	salience_aINS	salience	down_minus_passive	568.4264702307255
sub-03	ROI_activity	salience_dACC_MCC	salience	down_minus_passive	684.4368008589728
sub-03	ROI_activity	sensory_S1_S2_thalamus	sensory	down_minus_passive	495.6126669915962
sub-03	ROI_activity	value_NAc	value	down_minus_passive	131.0792942996005
sub-03	ROI_activity	value_vmPFC_mOFC	value	down_minus_passive	-408.906268312604
sub-04	ROI_activity	control_SMA_preSMA	control	down_minus_passive	534.0021325143994
sub-04	ROI_activity	control_dlPFC_IFJ_L	control	down_minus_passive	366.0822753876645
sub-04	ROI_activity	control_dlPFC_IFJ_R	control	down_minus_passive	363.3779634964534
sub-04	ROI_activity	descending_PAG	descending	down_minus_passive	2256.0646952196785
sub-04	ROI_activity	descending_pgACC_rACC	descending	down_minus_passive	-226.44122969517076
sub-04	ROI_activity	salience_aINS	salience	down_minus_passive	-844.5222120080693
sub-04	ROI_activity	salience_dACC_MCC	salience	down_minus_passive	124.17268166752775
sub-04	ROI_activity	sensory_S1_S2_thalamus	sensory	down_minus_passive	-107.30701343229828
sub-04	ROI_activity	value_NAc	value	down_minus_passive	14.66176508708162
sub-04	ROI_activity	value_vmPFC_mOFC	value	down_minus_passive	450.0399803465002
sub-05	ROI_activity	control_SMA_preSMA	control	down_minus_passive	352.5022577817082
sub-05	ROI_activity	control_dlPFC_IFJ_L	control	down_minus_passive	50.93628274389357
sub-05	ROI_activity	control_dlPFC_IFJ_R	control	down_minus_passive	-549.094251329904
sub-05	ROI_activity	descending_PAG	descending	down_minus_passive	2432.073484311353
sub-05	ROI_activity	descending_pgACC_rACC	descending	down_minus_passive	-12.1572195831478
sub-05	ROI_activity	salience_aINS	salience	down_minus_passive	-569.4370445883301
sub-05	ROI_activity	salience_dACC_MCC	salience	down_minus_passive	-297.41763115818577
sub-05	ROI_activity	sensory_S1_S2_thalamus	sensory	down_minus_passive	-190.05255993031898
sub-05	ROI_activity	value_NAc	value	down_minus_passive	-174.3703820052499
sub-05	ROI_activity	value_vmPFC_mOFC	value	down_minus_passive	-311.5519853846781
sub-06	ROI_activity	control_SMA_preSMA	control	down_minus_passive	-264.5228743220318
sub-06	ROI_activity	control_dlPFC_IFJ_L	control	down_minus_passive	363.4163985590002
sub-06	ROI_activity	control_dlPFC_IFJ_R	control	down_minus_passive	40.54225772910058
sub-06	ROI_activity	descending_PAG	descending	down_minus_passive	3289.638085203416
sub-06	ROI_activity	descending_pgACC_rACC	descending	down_minus_passive	667.0052513081935
sub-06	ROI_activity	salience_aINS	salience	down_minus_passive	381.8217111465043
sub-06	ROI_activity	salience_dACC_MCC	salience	down_minus_passive	165.46639928662125
sub-06	ROI_activity	sensory_S1_S2_thalamus	sensory	down_minus_passive	-42.00451771939762
sub-06	ROI_activity	value_NAc	value	down_minus_passive	947.4819930070303
sub-06	ROI_activity	value_vmPFC_mOFC	value	down_minus_passive	995.8903006329925
sub-07	ROI_activity	control_SMA_preSMA	control	down_minus_passive	124.03247296192882
sub-07	ROI_activity	control_dlPFC_IFJ_L	control	down_minus_passive	745.6916486397486
sub-07	ROI_activity	control_dlPFC_IFJ_R	control	down_minus_passive	543.4602592500373
sub-07	ROI_activity	descending_PAG	descending	down_minus_passive	-3311.954224138341
sub-07	ROI_activity	descending_pgACC_rACC	descending	down_minus_passive	112.915375197509
sub-07	ROI_activity	salience_aINS	salience	down_minus_passive	410.00707789237674
sub-07	ROI_activity	salience_dACC_MCC	salience	down_minus_passive	179.54311364900002
sub-07	ROI_activity	sensory_S1_S2_thalamus	sensory	down_minus_passive	-48.95517458299374
sub-07	ROI_activity	value_NAc	value	down_minus_passive	132.39645601837097
sub-07	ROI_activity	value_vmPFC_mOFC	value	down_minus_passive	-256.88432521143744
sub-08	ROI_activity	control_SMA_preSMA	control	down_minus_passive	-172.89560825524626
sub-08	ROI_activity	control_dlPFC_IFJ_L	control	down_minus_passive	-520.9705538372518
sub-08	ROI_activity	control_dlPFC_IFJ_R	control	down_minus_passive	-952.3427871427384
sub-08	ROI_activity	descending_PAG	descending	down_minus_passive	-3450.4734440376383
sub-08	ROI_activity	descending_pgACC_rACC	descending	down_minus_passive	376.92489754317086
sub-08	ROI_activity	salience_aINS	salience	down_minus_passive	1507.3955638934176
sub-08	ROI_activity	salience_dACC_MCC	salience	down_minus_passive	-78.44778532750432
sub-08	ROI_activity	sensory_S1_S2_thalamus	sensory	down_minus_passive	154.1283644724665
sub-08	ROI_activity	value_NAc	value	down_minus_passive	747.6088637571236
sub-08	ROI_activity	value_vmPFC_mOFC	value	down_minus_passive	825.7030875419981
sub-09	ROI_activity	control_SMA_preSMA	control	down_minus_passive	-467.10665764028033
sub-09	ROI_activity	control_dlPFC_IFJ_L	control	down_minus_passive	184.01173098415515
sub-09	ROI_activity	control_dlPFC_IFJ_R	control	down_minus_passive	-399.9061869276362
sub-09	ROI_activity	descending_PAG	descending	down_minus_passive	-1173.0233661717737
sub-09	ROI_activity	descending_pgACC_rACC	descending	down_minus_passive	-517.6422673367471
sub-09	ROI_activity	salience_aINS	salience	down_minus_passive	-698.4831415529186
sub-09	ROI_activity	salience_dACC_MCC	salience	down_minus_passive	-995.6157202243749
sub-09	ROI_activity	sensory_S1_S2_thalamus	sensory	down_minus_passive	-479.4446130910664
sub-09	ROI_activity	value_NAc	value	down_minus_passive	-855.9718525765804
sub-09	ROI_activity	value_vmPFC_mOFC	value	down_minus_passive	-295.8509376037866
sub-10	ROI_activity	control_SMA_preSMA	control	down_minus_passive	-47.97066449617211
sub-10	ROI_activity	control_dlPFC_IFJ_L	control	down_minus_passive	0.8431313645733169
sub-10	ROI_activity	control_dlPFC_IFJ_R	control	down_minus_passive	1650.0012391181865
sub-10	ROI_activity	descending_PAG	descending	down_minus_passive	-2215.202576184638
sub-10	ROI_activity	descending_pgACC_rACC	descending	down_minus_passive	-363.1066125606415
sub-10	ROI_activity	salience_aINS	salience	down_minus_passive	-310.76603068274204
sub-10	ROI_activity	salience_dACC_MCC	salience	down_minus_passive	-495.1487400678685
sub-10	ROI_activity	sensory_S1_S2_thalamus	sensory	down_minus_passive	-406.51930198807787
sub-10	ROI_activity	value_NAc	value	down_minus_passive	-205.06049646610236
sub-10	ROI_activity	value_vmPFC_mOFC	value	down_minus_passive	119.30980636335777
sub-11	ROI_activity	control_SMA_preSMA	control	down_minus_passive	-192.29985096139228
sub-11	ROI_activity	control_dlPFC_IFJ_L	control	down_minus_passive	-541.3754040368733
sub-11	ROI_activity	control_dlPFC_IFJ_R	control	down_minus_passive	-624.3124627096445
sub-11	ROI_activity	descending_PAG	descending	down_minus_passive	2010.4344771348724
sub-11	ROI_activity	descending_pgACC_rACC	descending	down_minus_passive	247.1623419697206
sub-11	ROI_activity	salience_aINS	salience	down_minus_passive	650.505682636704
sub-11	ROI_activity	salience_dACC_MCC	salience	down_minus_passive	-91.00362823808678
sub-11	ROI_activity	sensory_S1_S2_thalamus	sensory	down_minus_passive	-107.62217890290091
sub-11	ROI_activity	value_NAc	value	down_minus_passive	825.2670240194409
sub-11	ROI_activity	value_vmPFC_mOFC	value	down_minus_passive	217.13496585662674
sub-12	ROI_activity	control_SMA_preSMA	control	down_minus_passive	101.50355312068626
sub-12	ROI_activity	control_dlPFC_IFJ_L	control	down_minus_passive	524.0044310744033
sub-12	ROI_activity	control_dlPFC_IFJ_R	control	down_minus_passive	-570.6456927669162
sub-12	ROI_activity	descending_PAG	descending	down_minus_passive	-3167.761220327771
sub-12	ROI_activity	descending_pgACC_rACC	descending	down_minus_passive	197.7351724873855
sub-12	ROI_activity	salience_aINS	salience	down_minus_passive	275.9942153587498
sub-12	ROI_activity	salience_dACC_MCC	salience	down_minus_passive	176.71689921695136
sub-12	ROI_activity	sensory_S1_S2_thalamus	sensory	down_minus_passive	-28.388668651736136
sub-12	ROI_activity	value_NAc	value	down_minus_passive	518.3355555486885
sub-12	ROI_activity	value_vmPFC_mOFC	value	down_minus_passive	225.52813350292547
sub-13	ROI_activity	control_SMA_preSMA	control	down_minus_passive	74.1963248486428
sub-13	ROI_activity	control_dlPFC_IFJ_L	control	down_minus_passive	-385.2119680877047
sub-13	ROI_activity	control_dlPFC_IFJ_R	control	down_minus_passive	-36.440387608908935
sub-13	ROI_activity	descending_PAG	descending	down_minus_passive	1238.778182284089
sub-13	ROI_activity	descending_pgACC_rACC	descending	down_minus_passive	-303.4446313126911
sub-13	ROI_activity	salience_aINS	salience	down_minus_passive	274.0872134047692
sub-13	ROI_activity	salience_dACC_MCC	salience	down_minus_passive	-226.44203313939363
sub-13	ROI_activity	sensory_S1_S2_thalamus	sensory	down_minus_passive	-50.400759829044944
sub-13	ROI_activity	value_NAc	value	down_minus_passive	-375.0013648018031
sub-13	ROI_activity	value_vmPFC_mOFC	value	down_minus_passive	-170.7493825515664
sub-14	ROI_activity	control_SMA_preSMA	control	down_minus_passive	225.2827792301188
sub-14	ROI_activity	control_dlPFC_IFJ_L	control	down_minus_passive	-52.56515143805734
sub-14	ROI_activity	control_dlPFC_IFJ_R	control	down_minus_passive	-335.558257445597
sub-14	ROI_activity	descending_PAG	descending	down_minus_passive	-1531.5102711428128
sub-14	ROI_activity	descending_pgACC_rACC	descending	down_minus_passive	88.18847188276038
sub-14	ROI_activity	salience_aINS	salience	down_minus_passive	-15.019784596250844
sub-14	ROI_activity	salience_dACC_MCC	salience	down_minus_passive	-325.28448659883907
sub-14	ROI_activity	sensory_S1_S2_thalamus	sensory	down_minus_passive	-139.2724455904903
sub-14	ROI_activity	value_NAc	value	down_minus_passive	12.197349781061925
sub-14	ROI_activity	value_vmPFC_mOFC	value	down_minus_passive	153.49391408020014
sub-15	ROI_activity	control_SMA_preSMA	control	down_minus_passive	-1.0162032403810954
sub-15	ROI_activity	control_dlPFC_IFJ_L	control	down_minus_passive	-243.36649121006667
sub-15	ROI_activity	control_dlPFC_IFJ_R	control	down_minus_passive	-599.2102447668763
sub-15	ROI_activity	descending_PAG	descending	down_minus_passive	2404.952419284649
sub-15	ROI_activity	descending_pgACC_rACC	descending	down_minus_passive	-585.2639843187183
sub-15	ROI_activity	salience_aINS	salience	down_minus_passive	-433.84212645974213
sub-15	ROI_activity	salience_dACC_MCC	salience	down_minus_passive	-644.1689657070789
sub-15	ROI_activity	sensory_S1_S2_thalamus	sensory	down_minus_passive	-343.52433817822356
sub-15	ROI_activity	value_NAc	value	down_minus_passive	458.603233295142
sub-15	ROI_activity	value_vmPFC_mOFC	value	down_minus_passive	-392.7560577234802
sub-16	ROI_activity	control_SMA_preSMA	control	down_minus_passive	112.74400107253484
sub-16	ROI_activity	control_dlPFC_IFJ_L	control	down_minus_passive	280.7265082202034
sub-16	ROI_activity	control_dlPFC_IFJ_R	control	down_minus_passive	151.74399044972705
sub-16	ROI_activity	descending_PAG	descending	down_minus_passive	633.2191718048837
sub-16	ROI_activity	descending_pgACC_rACC	descending	down_minus_passive	560.305521148444
sub-16	ROI_activity	salience_aINS	salience	down_minus_passive	-847.3134255885275
sub-16	ROI_activity	salience_dACC_MCC	salience	down_minus_passive	385.7588010180893
sub-16	ROI_activity	sensory_S1_S2_thalamus	sensory	down_minus_passive	-380.2545931509885
sub-16	ROI_activity	value_NAc	value	down_minus_passive	-200.7073541203123
sub-16	ROI_activity	value_vmPFC_mOFC	value	down_minus_passive	362.5272722313486
sub-17	ROI_activity	control_SMA_preSMA	control	down_minus_passive	-96.45542960493772
sub-17	ROI_activity	control_dlPFC_IFJ_L	control	down_minus_passive	169.247165578053
sub-17	ROI_activity	control_dlPFC_IFJ_R	control	down_minus_passive	481.2569629063901
sub-17	ROI_activity	descending_PAG	descending	down_minus_passive	605.8497066315347
sub-17	ROI_activity	descending_pgACC_rACC	descending	down_minus_passive	-311.75909963109063
sub-17	ROI_activity	salience_aINS	salience	down_minus_passive	-411.4183042853909
sub-17	ROI_activity	salience_dACC_MCC	salience	down_minus_passive	-361.3710214462098
sub-17	ROI_activity	sensory_S1_S2_thalamus	sensory	down_minus_passive	-76.56412589257862
sub-17	ROI_activity	value_NAc	value	down_minus_passive	109.46857209006279
sub-17	ROI_activity	value_vmPFC_mOFC	value	down_minus_passive	-215.99716001028523
sub-18	ROI_activity	control_SMA_preSMA	control	down_minus_passive	88.3214845969697
sub-18	ROI_activity	control_dlPFC_IFJ_L	control	down_minus_passive	-251.5834846495451
sub-18	ROI_activity	control_dlPFC_IFJ_R	control	down_minus_passive	-195.0782054136324
sub-18	ROI_activity	descending_PAG	descending	down_minus_passive	1140.6129033814557
sub-18	ROI_activity	descending_pgACC_rACC	descending	down_minus_passive	-76.093836427779
sub-18	ROI_activity	salience_aINS	salience	down_minus_passive	939.8530707599994
sub-18	ROI_activity	salience_dACC_MCC	salience	down_minus_passive	112.2765873410845
sub-18	ROI_activity	sensory_S1_S2_thalamus	sensory	down_minus_passive	-225.5744380049671
sub-18	ROI_activity	value_NAc	value	down_minus_passive	543.1603636759166
sub-18	ROI_activity	value_vmPFC_mOFC	value	down_minus_passive	-181.34199527044248
sub-19	ROI_activity	control_SMA_preSMA	control	down_minus_passive	988.0832295204508
sub-19	ROI_activity	control_dlPFC_IFJ_L	control	down_minus_passive	1102.4919969414325
sub-19	ROI_activity	control_dlPFC_IFJ_R	control	down_minus_passive	-737.3424838605401
sub-19	ROI_activity	descending_PAG	descending	down_minus_passive	220.60084731145105
sub-19	ROI_activity	descending_pgACC_rACC	descending	down_minus_passive	1027.247542297696
sub-19	ROI_activity	salience_aINS	salience	down_minus_passive	-3324.080209266982
sub-19	ROI_activity	salience_dACC_MCC	salience	down_minus_passive	1014.5126917104004
sub-19	ROI_activity	sensory_S1_S2_thalamus	sensory	down_minus_passive	173.7721225726732
sub-19	ROI_activity	value_NAc	value	down_minus_passive	772.7229868100641
sub-19	ROI_activity	value_vmPFC_mOFC	value	down_minus_passive	495.7112082384911
sub-20	ROI_activity	control_SMA_preSMA	control	down_minus_passive	-411.1795938578143
sub-20	ROI_activity	control_dlPFC_IFJ_L	control	down_minus_passive	-822.3713068072923
sub-20	ROI_activity	control_dlPFC_IFJ_R	control	down_minus_passive	-698.1253174716464
sub-20	ROI_activity	descending_PAG	descending	down_minus_passive	-85.62817221658491
sub-20	ROI_activity	descending_pgACC_rACC	descending	down_minus_passive	168.47695076912973
sub-20	ROI_activity	salience_aINS	salience	down_minus_passive	-877.8066306790518
sub-20	ROI_activity	salience_dACC_MCC	salience	down_minus_passive	-44.26157302892205
sub-20	ROI_activity	sensory_S1_S2_thalamus	sensory	down_minus_passive	-594.913429585793
sub-20	ROI_activity	value_NAc	value	down_minus_passive	-1186.2404963086935
sub-20	ROI_activity	value_vmPFC_mOFC	value	down_minus_passive	-80.29365947013441
sub-21	ROI_activity	control_SMA_preSMA	control	down_minus_passive	-197.0112750179269
sub-21	ROI_activity	control_dlPFC_IFJ_L	control	down_minus_passive	-342.26764529581874
sub-21	ROI_activity	control_dlPFC_IFJ_R	control	down_minus_passive	-46.13436393305211
sub-21	ROI_activity	descending_PAG	descending	down_minus_passive	-1863.8949389750885
sub-21	ROI_activity	descending_pgACC_rACC	descending	down_minus_passive	-96.71248865885912
sub-21	ROI_activity	salience_aINS	salience	down_minus_passive	682.5080398459794
sub-21	ROI_activity	salience_dACC_MCC	salience	down_minus_passive	-291.3109161329376
sub-21	ROI_activity	sensory_S1_S2_thalamus	sensory	down_minus_passive	-149.39496971627153
sub-21	ROI_activity	value_NAc	value	down_minus_passive	361.5008681924682
sub-21	ROI_activity	value_vmPFC_mOFC	value	down_minus_passive	113.58186564179876
sub-22	ROI_activity	control_SMA_preSMA	control	down_minus_passive	487.5922422972636
sub-22	ROI_activity	control_dlPFC_IFJ_L	control	down_minus_passive	-299.76068696786456
sub-22	ROI_activity	control_dlPFC_IFJ_R	control	down_minus_passive	-1845.2042056220528
sub-22	ROI_activity	descending_PAG	descending	down_minus_passive	3141.1641644801443
sub-22	ROI_activity	descending_pgACC_rACC	descending	down_minus_passive	173.87519396510484
sub-22	ROI_activity	salience_aINS	salience	down_minus_passive	-765.359288846093
sub-22	ROI_activity	salience_dACC_MCC	salience	down_minus_passive	71.6133372724388
sub-22	ROI_activity	sensory_S1_S2_thalamus	sensory	down_minus_passive	286.7978038480413
sub-22	ROI_activity	value_NAc	value	down_minus_passive	65.56858351549542
sub-22	ROI_activity	value_vmPFC_mOFC	value	down_minus_passive	-4.35422101775509
sub-23	ROI_activity	control_SMA_preSMA	control	down_minus_passive	391.0474882942521
sub-23	ROI_activity	control_dlPFC_IFJ_L	control	down_minus_passive	207.2713680352187
sub-23	ROI_activity	control_dlPFC_IFJ_R	control	down_minus_passive	139.2745792494083
sub-23	ROI_activity	descending_PAG	descending	down_minus_passive	1618.4122154627507
sub-23	ROI_activity	descending_pgACC_rACC	descending	down_minus_passive	-314.6839506415069
sub-23	ROI_activity	salience_aINS	salience	down_minus_passive	-115.95638589454788
sub-23	ROI_activity	salience_dACC_MCC	salience	down_minus_passive	218.30086470372137
sub-23	ROI_activity	sensory_S1_S2_thalamus	sensory	down_minus_passive	98.89244147305655
sub-23	ROI_activity	value_NAc	value	down_minus_passive	-22.3467867748043
sub-23	ROI_activity	value_vmPFC_mOFC	value	down_minus_passive	-491.4895154957729
sub-24	ROI_activity	control_SMA_preSMA	control	down_minus_passive	76.14507602287097
sub-24	ROI_activity	control_dlPFC_IFJ_L	control	down_minus_passive	-50.517473214053496
sub-24	ROI_activity	control_dlPFC_IFJ_R	control	down_minus_passive	-379.170643414776
sub-24	ROI_activity	descending_PAG	descending	down_minus_passive	-4543.607216732729
sub-24	ROI_activity	descending_pgACC_rACC	descending	down_minus_passive	15.681539486674811
sub-24	ROI_activity	salience_aINS	salience	down_minus_passive	398.5811335851314
sub-24	ROI_activity	salience_dACC_MCC	salience	down_minus_passive	-452.83965539550616
sub-24	ROI_activity	sensory_S1_S2_thalamus	sensory	down_minus_passive	-701.142898955543
sub-24	ROI_activity	value_NAc	value	down_minus_passive	110.31401830985982
sub-24	ROI_activity	value_vmPFC_mOFC	value	down_minus_passive	-318.8809646308532
sub-25	ROI_activity	control_SMA_preSMA	control	down_minus_passive	82.67012155911863
sub-25	ROI_activity	control_dlPFC_IFJ_L	control	down_minus_passive	275.6374659694995
sub-25	ROI_activity	control_dlPFC_IFJ_R	control	down_minus_passive	312.4921053901913
sub-25	ROI_activity	descending_PAG	descending	down_minus_passive	5684.469358367588
sub-25	ROI_activity	descending_pgACC_rACC	descending	down_minus_passive	5.72820679920369
sub-25	ROI_activity	salience_aINS	salience	down_minus_passive	483.29785614517925
sub-25	ROI_activity	salience_dACC_MCC	salience	down_minus_passive	700.1085975493754
sub-25	ROI_activity	sensory_S1_S2_thalamus	sensory	down_minus_passive	89.65183786830504
sub-25	ROI_activity	value_NAc	value	down_minus_passive	352.77673100443576
sub-25	ROI_activity	value_vmPFC_mOFC	value	down_minus_passive	188.03616928643044
sub-26	ROI_activity	control_SMA_preSMA	control	down_minus_passive	272.63911764728897
sub-26	ROI_activity	control_dlPFC_IFJ_L	control	down_minus_passive	268.85262522017484
sub-26	ROI_activity	control_dlPFC_IFJ_R	control	down_minus_passive	251.50109245272392
sub-26	ROI_activity	descending_PAG	descending	down_minus_passive	628.060943759534
sub-26	ROI_activity	descending_pgACC_rACC	descending	down_minus_passive	16.26498353535324
sub-26	ROI_activity	salience_aINS	salience	down_minus_passive	55.34783136242248
sub-26	ROI_activity	salience_dACC_MCC	salience	down_minus_passive	66.47910852554443
sub-26	ROI_activity	sensory_S1_S2_thalamus	sensory	down_minus_passive	-276.5972342766399
sub-26	ROI_activity	value_NAc	value	down_minus_passive	260.60098686622723
sub-26	ROI_activity	value_vmPFC_mOFC	value	down_minus_passive	-63.961516433370775
sub-27	ROI_activity	control_SMA_preSMA	control	down_minus_passive	34.07715983796925
sub-27	ROI_activity	control_dlPFC_IFJ_L	control	down_minus_passive	-156.24845167368238
sub-27	ROI_activity	control_dlPFC_IFJ_R	control	down_minus_passive	-737.5437269522263
sub-27	ROI_activity	descending_PAG	descending	down_minus_passive	-940.2502631650084
sub-27	ROI_activity	descending_pgACC_rACC	descending	down_minus_passive	-20.037593945176944
sub-27	ROI_activity	salience_aINS	salience	down_minus_passive	170.3365312584529
sub-27	ROI_activity	salience_dACC_MCC	salience	down_minus_passive	-76.34544854972118
sub-27	ROI_activity	sensory_S1_S2_thalamus	sensory	down_minus_passive	-166.5652514508412
sub-27	ROI_activity	value_NAc	value	down_minus_passive	528.4762289114628
sub-27	ROI_activity	value_vmPFC_mOFC	value	down_minus_passive	305.29650293621506
sub-28	ROI_activity	control_SMA_preSMA	control	down_minus_passive	617.6705195246657
sub-28	ROI_activity	control_dlPFC_IFJ_L	control	down_minus_passive	581.9513053495225
sub-28	ROI_activity	control_dlPFC_IFJ_R	control	down_minus_passive	578.5854464212848
sub-28	ROI_activity	descending_PAG	descending	down_minus_passive	957.3373847837636
sub-28	ROI_activity	descending_pgACC_rACC	descending	down_minus_passive	-90.67920273435428
sub-28	ROI_activity	salience_aINS	salience	down_minus_passive	255.45091735401465
sub-28	ROI_activity	salience_dACC_MCC	salience	down_minus_passive	185.5071420673702
sub-28	ROI_activity	sensory_S1_S2_thalamus	sensory	down_minus_passive	-78.74170792498799
sub-28	ROI_activity	value_NAc	value	down_minus_passive	-55.33748645637753
sub-28	ROI_activity	value_vmPFC_mOFC	value	down_minus_passive	-70.95137965639624
sub-29	ROI_activity	control_SMA_preSMA	control	down_minus_passive	652.12631492918
sub-29	ROI_activity	control_dlPFC_IFJ_L	control	down_minus_passive	190.23396767728497
sub-29	ROI_activity	control_dlPFC_IFJ_R	control	down_minus_passive	300.65034960003914
sub-29	ROI_activity	descending_PAG	descending	down_minus_passive	-392.627120810441
sub-29	ROI_activity	descending_pgACC_rACC	descending	down_minus_passive	-41.166900565151366
sub-29	ROI_activity	salience_aINS	salience	down_minus_passive	804.2928177443939
sub-29	ROI_activity	salience_dACC_MCC	salience	down_minus_passive	236.31534894721696
sub-29	ROI_activity	sensory_S1_S2_thalamus	sensory	down_minus_passive	-60.175195566635566
sub-29	ROI_activity	value_NAc	value	down_minus_passive	163.06005872267886
sub-29	ROI_activity	value_vmPFC_mOFC	value	down_minus_passive	-675.7981966767871
sub-30	ROI_activity	control_SMA_preSMA	control	down_minus_passive	23.15371990115565
sub-30	ROI_activity	control_dlPFC_IFJ_L	control	down_minus_passive	116.231195601259
sub-30	ROI_activity	control_dlPFC_IFJ_R	control	down_minus_passive	633.9131900726283
sub-30	ROI_activity	descending_PAG	descending	down_minus_passive	407.7582571931919
sub-30	ROI_activity	descending_pgACC_rACC	descending	down_minus_passive	142.8846728975525
sub-30	ROI_activity	salience_aINS	salience	down_minus_passive	144.06988568505585
sub-30	ROI_activity	salience_dACC_MCC	salience	down_minus_passive	172.2051876237121
sub-30	ROI_activity	sensory_S1_S2_thalamus	sensory	down_minus_passive	-281.35758111595084
sub-30	ROI_activity	value_NAc	value	down_minus_passive	492.4678650180372
sub-30	ROI_activity	value_vmPFC_mOFC	value	down_minus_passive	-315.2550822787437
sub-31	ROI_activity	control_SMA_preSMA	control	down_minus_passive	-205.61416507473436
sub-31	ROI_activity	control_dlPFC_IFJ_L	control	down_minus_passive	271.02451341420726
sub-31	ROI_activity	control_dlPFC_IFJ_R	control	down_minus_passive	562.8358608352363
sub-31	ROI_activity	descending_PAG	descending	down_minus_passive	396.7141462677174
sub-31	ROI_activity	descending_pgACC_rACC	descending	down_minus_passive	-120.24498135786337
sub-31	ROI_activity	salience_aINS	salience	down_minus_passive	-762.1985399054679
sub-31	ROI_activity	salience_dACC_MCC	salience	down_minus_passive	-22.30523685304132
sub-31	ROI_activity	sensory_S1_S2_thalamus	sensory	down_minus_passive	-150.66957257173038
sub-31	ROI_activity	value_NAc	value	down_minus_passive	-578.1519728335604
sub-31	ROI_activity	value_vmPFC_mOFC	value	down_minus_passive	15.438436837509686
sub-32	ROI_activity	control_SMA_preSMA	control	down_minus_passive	462.2717331742099
sub-32	ROI_activity	control_dlPFC_IFJ_L	control	down_minus_passive	614.5287036844196
sub-32	ROI_activity	control_dlPFC_IFJ_R	control	down_minus_passive	56.90056169451941
sub-32	ROI_activity	descending_PAG	descending	down_minus_passive	667.2309245346273
sub-32	ROI_activity	descending_pgACC_rACC	descending	down_minus_passive	-58.18901288703606
sub-32	ROI_activity	salience_aINS	salience	down_minus_passive	-296.87472373671187
sub-32	ROI_activity	salience_dACC_MCC	salience	down_minus_passive	76.47373320316937
sub-32	ROI_activity	sensory_S1_S2_thalamus	sensory	down_minus_passive	-16.13591178181639
sub-32	ROI_activity	value_NAc	value	down_minus_passive	413.3855170403688
sub-32	ROI_activity	value_vmPFC_mOFC	value	down_minus_passive	149.80422922950837
sub-33	ROI_activity	control_SMA_preSMA	control	down_minus_passive	204.07914554204157
sub-33	ROI_activity	control_dlPFC_IFJ_L	control	down_minus_passive	414.7424791234082
sub-33	ROI_activity	control_dlPFC_IFJ_R	control	down_minus_passive	501.90363971707774
sub-33	ROI_activity	descending_PAG	descending	down_minus_passive	-3429.88795703877
sub-33	ROI_activity	descending_pgACC_rACC	descending	down_minus_passive	123.55392828289084
sub-33	ROI_activity	salience_aINS	salience	down_minus_passive	1020.6799659365226
sub-33	ROI_activity	salience_dACC_MCC	salience	down_minus_passive	269.6833353469707
sub-33	ROI_activity	sensory_S1_S2_thalamus	sensory	down_minus_passive	237.0830876226455
sub-33	ROI_activity	value_NAc	value	down_minus_passive	468.0177885173498
sub-33	ROI_activity	value_vmPFC_mOFC	value	down_minus_passive	-233.61419542476412
sub-01	ROI_activity	control_SMA_preSMA	control	regulation_mean_minus_passive	393.2247287158957
sub-01	ROI_activity	control_dlPFC_IFJ_L	control	regulation_mean_minus_passive	905.0167075611224
sub-01	ROI_activity	control_dlPFC_IFJ_R	control	regulation_mean_minus_passive	-123.3198920950299
sub-01	ROI_activity	descending_PAG	descending	regulation_mean_minus_passive	-105.91217876264488
sub-01	ROI_activity	descending_pgACC_rACC	descending	regulation_mean_minus_passive	456.0200793399181
sub-01	ROI_activity	salience_aINS	salience	regulation_mean_minus_passive	-145.23795785520895
sub-01	ROI_activity	salience_dACC_MCC	salience	regulation_mean_minus_passive	789.5168605130863
sub-01	ROI_activity	sensory_S1_S2_thalamus	sensory	regulation_mean_minus_passive	406.76674865454504
sub-01	ROI_activity	value_NAc	value	regulation_mean_minus_passive	-302.47947723681654
sub-01	ROI_activity	value_vmPFC_mOFC	value	regulation_mean_minus_passive	311.05736146708915
sub-02	ROI_activity	control_SMA_preSMA	control	regulation_mean_minus_passive	996.4981369805428
sub-02	ROI_activity	control_dlPFC_IFJ_L	control	regulation_mean_minus_passive	1446.2640062316864
sub-02	ROI_activity	control_dlPFC_IFJ_R	control	regulation_mean_minus_passive	700.274593762447
sub-02	ROI_activity	descending_PAG	descending	regulation_mean_minus_passive	92.05074108407078
sub-02	ROI_activity	descending_pgACC_rACC	descending	regulation_mean_minus_passive	502.0314569552945
sub-02	ROI_activity	salience_aINS	salience	regulation_mean_minus_passive	44.463818126633775
sub-02	ROI_activity	salience_dACC_MCC	salience	regulation_mean_minus_passive	1096.719483397342
sub-02	ROI_activity	sensory_S1_S2_thalamus	sensory	regulation_mean_minus_passive	504.76882532145595
sub-02	ROI_activity	value_NAc	value	regulation_mean_minus_passive	-370.52278751303436
sub-02	ROI_activity	value_vmPFC_mOFC	value	regulation_mean_minus_passive	233.13546364134558
sub-03	ROI_activity	control_SMA_preSMA	control	regulation_mean_minus_passive	630.3673264978074
sub-03	ROI_activity	control_dlPFC_IFJ_L	control	regulation_mean_minus_passive	589.6554535521591
sub-03	ROI_activity	control_dlPFC_IFJ_R	control	regulation_mean_minus_passive	52.55383038410514
sub-03	ROI_activity	descending_PAG	descending	regulation_mean_minus_passive	900.0766098961528
sub-03	ROI_activity	descending_pgACC_rACC	descending	regulation_mean_minus_passive	-222.0421610888589
sub-03	ROI_activity	salience_aINS	salience	regulation_mean_minus_passive	410.5503215439647
sub-03	ROI_activity	salience_dACC_MCC	salience	regulation_mean_minus_passive	357.90357245160504
sub-03	ROI_activity	sensory_S1_S2_thalamus	sensory	regulation_mean_minus_passive	194.51039581946063
sub-03	ROI_activity	value_NAc	value	regulation_mean_minus_passive	-690.4002578626244
sub-03	ROI_activity	value_vmPFC_mOFC	value	regulation_mean_minus_passive	-85.00850500153915
sub-04	ROI_activity	control_SMA_preSMA	control	regulation_mean_minus_passive	453.1040993793197
sub-04	ROI_activity	control_dlPFC_IFJ_L	control	regulation_mean_minus_passive	-78.36213220152445
sub-04	ROI_activity	control_dlPFC_IFJ_R	control	regulation_mean_minus_passive	-68.94149288064943
sub-04	ROI_activity	descending_PAG	descending	regulation_mean_minus_passive	1028.6818629504214
sub-04	ROI_activity	descending_pgACC_rACC	descending	regulation_mean_minus_passive	63.29644480432705
sub-04	ROI_activity	salience_aINS	salience	regulation_mean_minus_passive	-926.1170829841114
sub-04	ROI_activity	salience_dACC_MCC	salience	regulation_mean_minus_passive	-61.43646324898138
sub-04	ROI_activity	sensory_S1_S2_thalamus	sensory	regulation_mean_minus_passive	-231.3853122733663
sub-04	ROI_activity	value_NAc	value	regulation_mean_minus_passive	-140.08131794496916
sub-04	ROI_activity	value_vmPFC_mOFC	value	regulation_mean_minus_passive	1118.3050277394016
sub-05	ROI_activity	control_SMA_preSMA	control	regulation_mean_minus_passive	582.5648770841578
sub-05	ROI_activity	control_dlPFC_IFJ_L	control	regulation_mean_minus_passive	323.0388427916358
sub-05	ROI_activity	control_dlPFC_IFJ_R	control	regulation_mean_minus_passive	-153.0911060108068
sub-05	ROI_activity	descending_PAG	descending	regulation_mean_minus_passive	1648.2671173578783
sub-05	ROI_activity	descending_pgACC_rACC	descending	regulation_mean_minus_passive	160.54057238701878
sub-05	ROI_activity	salience_aINS	salience	regulation_mean_minus_passive	-4.522512766774071
sub-05	ROI_activity	salience_dACC_MCC	salience	regulation_mean_minus_passive	84.0240979080461
sub-05	ROI_activity	sensory_S1_S2_thalamus	sensory	regulation_mean_minus_passive	159.14913017066945
sub-05	ROI_activity	value_NAc	value	regulation_mean_minus_passive	432.9452391265979
sub-05	ROI_activity	value_vmPFC_mOFC	value	regulation_mean_minus_passive	-158.95854261402187
sub-06	ROI_activity	control_SMA_preSMA	control	regulation_mean_minus_passive	-119.28971441383165
sub-06	ROI_activity	control_dlPFC_IFJ_L	control	regulation_mean_minus_passive	253.87952634514463
sub-06	ROI_activity	control_dlPFC_IFJ_R	control	regulation_mean_minus_passive	-294.3724649853424
sub-06	ROI_activity	descending_PAG	descending	regulation_mean_minus_passive	2855.815906265648
sub-06	ROI_activity	descending_pgACC_rACC	descending	regulation_mean_minus_passive	535.9024997245425
sub-06	ROI_activity	salience_aINS	salience	regulation_mean_minus_passive	3.1576509407776996
sub-06	ROI_activity	salience_dACC_MCC	salience	regulation_mean_minus_passive	280.33766328716973
sub-06	ROI_activity	sensory_S1_S2_thalamus	sensory	regulation_mean_minus_passive	-202.30876362851544
sub-06	ROI_activity	value_NAc	value	regulation_mean_minus_passive	627.6604513825928
sub-06	ROI_activity	value_vmPFC_mOFC	value	regulation_mean_minus_passive	492.90236626574944
sub-07	ROI_activity	control_SMA_preSMA	control	regulation_mean_minus_passive	-67.4036658218522
sub-07	ROI_activity	control_dlPFC_IFJ_L	control	regulation_mean_minus_passive	134.20111321688677
sub-07	ROI_activity	control_dlPFC_IFJ_R	control	regulation_mean_minus_passive	-34.4033164195468
sub-07	ROI_activity	descending_PAG	descending	regulation_mean_minus_passive	-3836.5133157758073
sub-07	ROI_activity	descending_pgACC_rACC	descending	regulation_mean_minus_passive	-93.50613004426076
sub-07	ROI_activity	salience_aINS	salience	regulation_mean_minus_passive	-165.84404751289264
sub-07	ROI_activity	salience_dACC_MCC	salience	regulation_mean_minus_passive	53.21950774809591
sub-07	ROI_activity	sensory_S1_S2_thalamus	sensory	regulation_mean_minus_passive	104.87041198009099
sub-07	ROI_activity	value_NAc	value	regulation_mean_minus_passive	394.4612174690144
sub-07	ROI_activity	value_vmPFC_mOFC	value	regulation_mean_minus_passive	-279.99424823369554
sub-08	ROI_activity	control_SMA_preSMA	control	regulation_mean_minus_passive	66.38694889875171
sub-08	ROI_activity	control_dlPFC_IFJ_L	control	regulation_mean_minus_passive	-187.21122011151297
sub-08	ROI_activity	control_dlPFC_IFJ_R	control	regulation_mean_minus_passive	-843.6270900429873
sub-08	ROI_activity	descending_PAG	descending	regulation_mean_minus_passive	-2187.590025171768
sub-08	ROI_activity	descending_pgACC_rACC	descending	regulation_mean_minus_passive	147.4494666547855
sub-08	ROI_activity	salience_aINS	salience	regulation_mean_minus_passive	866.0515385621161
sub-08	ROI_activity	salience_dACC_MCC	salience	regulation_mean_minus_passive	-115.71367610034557
sub-08	ROI_activity	sensory_S1_S2_thalamus	sensory	regulation_mean_minus_passive	181.2384345797012
sub-08	ROI_activity	value_NAc	value	regulation_mean_minus_passive	293.1252797379626
sub-08	ROI_activity	value_vmPFC_mOFC	value	regulation_mean_minus_passive	441.20551509551314
sub-09	ROI_activity	control_SMA_preSMA	control	regulation_mean_minus_passive	-33.99803828007447
sub-09	ROI_activity	control_dlPFC_IFJ_L	control	regulation_mean_minus_passive	628.3078958887149
sub-09	ROI_activity	control_dlPFC_IFJ_R	control	regulation_mean_minus_passive	-20.92600747980299
sub-09	ROI_activity	descending_PAG	descending	regulation_mean_minus_passive	-949.5547475105184
sub-09	ROI_activity	descending_pgACC_rACC	descending	regulation_mean_minus_passive	-227.72253499614885
sub-09	ROI_activity	salience_aINS	salience	regulation_mean_minus_passive	-512.9979002101945
sub-09	ROI_activity	salience_dACC_MCC	salience	regulation_mean_minus_passive	-437.7082124927615
sub-09	ROI_activity	sensory_S1_S2_thalamus	sensory	regulation_mean_minus_passive	-259.46697414859074
sub-09	ROI_activity	value_NAc	value	regulation_mean_minus_passive	-993.4439398177882
sub-09	ROI_activity	value_vmPFC_mOFC	value	regulation_mean_minus_passive	-80.83820833421878
sub-10	ROI_activity	control_SMA_preSMA	control	regulation_mean_minus_passive	-161.31532303949757
sub-10	ROI_activity	control_dlPFC_IFJ_L	control	regulation_mean_minus_passive	-268.68409489833243
sub-10	ROI_activity	control_dlPFC_IFJ_R	control	regulation_mean_minus_passive	682.6835189679233
sub-10	ROI_activity	descending_PAG	descending	regulation_mean_minus_passive	-3666.635704701928
sub-10	ROI_activity	descending_pgACC_rACC	descending	regulation_mean_minus_passive	-198.7166320894221
sub-10	ROI_activity	salience_aINS	salience	regulation_mean_minus_passive	-437.72454149153543
sub-10	ROI_activity	salience_dACC_MCC	salience	regulation_mean_minus_passive	-558.3248055419555
sub-10	ROI_activity	sensory_S1_S2_thalamus	sensory	regulation_mean_minus_passive	-340.78606634320823
sub-10	ROI_activity	value_NAc	value	regulation_mean_minus_passive	109.17799445974309
sub-10	ROI_activity	value_vmPFC_mOFC	value	regulation_mean_minus_passive	585.8359653028571
sub-11	ROI_activity	control_SMA_preSMA	control	regulation_mean_minus_passive	158.98735243831572
sub-11	ROI_activity	control_dlPFC_IFJ_L	control	regulation_mean_minus_passive	12.045791915373798
sub-11	ROI_activity	control_dlPFC_IFJ_R	control	regulation_mean_minus_passive	-254.06703653918868
sub-11	ROI_activity	descending_PAG	descending	regulation_mean_minus_passive	1228.5695837129615
sub-11	ROI_activity	descending_pgACC_rACC	descending	regulation_mean_minus_passive	397.2993283541982
sub-11	ROI_activity	salience_aINS	salience	regulation_mean_minus_passive	466.92230852964826
sub-11	ROI_activity	salience_dACC_MCC	salience	regulation_mean_minus_passive	150.85097553556773
sub-11	ROI_activity	sensory_S1_S2_thalamus	sensory	regulation_mean_minus_passive	-99.13455716745854
sub-11	ROI_activity	value_NAc	value	regulation_mean_minus_passive	725.051113969332
sub-11	ROI_activity	value_vmPFC_mOFC	value	regulation_mean_minus_passive	404.9240103648692
sub-12	ROI_activity	control_SMA_preSMA	control	regulation_mean_minus_passive	288.57603887056723
sub-12	ROI_activity	control_dlPFC_IFJ_L	control	regulation_mean_minus_passive	561.3840589473166
sub-12	ROI_activity	control_dlPFC_IFJ_R	control	regulation_mean_minus_passive	-6.023958791764869
sub-12	ROI_activity	descending_PAG	descending	regulation_mean_minus_passive	-1611.2421253939042
sub-12	ROI_activity	descending_pgACC_rACC	descending	regulation_mean_minus_passive	264.954227676927
sub-12	ROI_activity	salience_aINS	salience	regulation_mean_minus_passive	847.5957241150554
sub-12	ROI_activity	salience_dACC_MCC	salience	regulation_mean_minus_passive	268.541806846852
sub-12	ROI_activity	sensory_S1_S2_thalamus	sensory	regulation_mean_minus_passive	-208.84309165551343
sub-12	ROI_activity	value_NAc	value	regulation_mean_minus_passive	235.15648157192382
sub-12	ROI_activity	value_vmPFC_mOFC	value	regulation_mean_minus_passive	172.7671193152064
sub-13	ROI_activity	control_SMA_preSMA	control	regulation_mean_minus_passive	239.77180009732436
sub-13	ROI_activity	control_dlPFC_IFJ_L	control	regulation_mean_minus_passive	-24.26403487496453
sub-13	ROI_activity	control_dlPFC_IFJ_R	control	regulation_mean_minus_passive	116.50113723252149
sub-13	ROI_activity	descending_PAG	descending	regulation_mean_minus_passive	417.3520976920373
sub-13	ROI_activity	descending_pgACC_rACC	descending	regulation_mean_minus_passive	-239.99997671204696
sub-13	ROI_activity	salience_aINS	salience	regulation_mean_minus_passive	79.20851821684539
sub-13	ROI_activity	salience_dACC_MCC	salience	regulation_mean_minus_passive	-70.38661056966879
sub-13	ROI_activity	sensory_S1_S2_thalamus	sensory	regulation_mean_minus_passive	74.58542533512708
sub-13	ROI_activity	value_NAc	value	regulation_mean_minus_passive	-586.8987668177219
sub-13	ROI_activity	value_vmPFC_mOFC	value	regulation_mean_minus_passive	-144.75747586441605
sub-14	ROI_activity	control_SMA_preSMA	control	regulation_mean_minus_passive	274.5258954634021
sub-14	ROI_activity	control_dlPFC_IFJ_L	control	regulation_mean_minus_passive	26.65671653039104
sub-14	ROI_activity	control_dlPFC_IFJ_R	control	regulation_mean_minus_passive	-308.12005996026085
sub-14	ROI_activity	descending_PAG	descending	regulation_mean_minus_passive	-1056.2420204388443
sub-14	ROI_activity	descending_pgACC_rACC	descending	regulation_mean_minus_passive	-5.525099135478968
sub-14	ROI_activity	salience_aINS	salience	regulation_mean_minus_passive	111.21444064484086
sub-14	ROI_activity	salience_dACC_MCC	salience	regulation_mean_minus_passive	13.244663942591302
sub-14	ROI_activity	sensory_S1_S2_thalamus	sensory	regulation_mean_minus_passive	188.78869462466588
sub-14	ROI_activity	value_NAc	value	regulation_mean_minus_passive	-494.160518328316
sub-14	ROI_activity	value_vmPFC_mOFC	value	regulation_mean_minus_passive	26.48509553018648
sub-15	ROI_activity	control_SMA_preSMA	control	regulation_mean_minus_passive	-28.156161374440035
sub-15	ROI_activity	control_dlPFC_IFJ_L	control	regulation_mean_minus_passive	-122.89793470960495
sub-15	ROI_activity	control_dlPFC_IFJ_R	control	regulation_mean_minus_passive	-517.678070657535
sub-15	ROI_activity	descending_PAG	descending	regulation_mean_minus_passive	1211.438017003809
sub-15	ROI_activity	descending_pgACC_rACC	descending	regulation_mean_minus_passive	-592.5108512973634
sub-15	ROI_activity	salience_aINS	salience	regulation_mean_minus_passive	-321.4401861588931
sub-15	ROI_activity	salience_dACC_MCC	salience	regulation_mean_minus_passive	-372.9421789204332
sub-15	ROI_activity	sensory_S1_S2_thalamus	sensory	regulation_mean_minus_passive	-183.0279015732949
sub-15	ROI_activity	value_NAc	value	regulation_mean_minus_passive	278.640865233044
sub-15	ROI_activity	value_vmPFC_mOFC	value	regulation_mean_minus_passive	-272.73931535612695
sub-16	ROI_activity	control_SMA_preSMA	control	regulation_mean_minus_passive	-81.70129863354747
sub-16	ROI_activity	control_dlPFC_IFJ_L	control	regulation_mean_minus_passive	569.0197510286944
sub-16	ROI_activity	control_dlPFC_IFJ_R	control	regulation_mean_minus_passive	-164.68760657326837
sub-16	ROI_activity	descending_PAG	descending	regulation_mean_minus_passive	201.75223797570288
sub-16	ROI_activity	descending_pgACC_rACC	descending	regulation_mean_minus_passive	583.8770197638929
sub-16	ROI_activity	salience_aINS	salience	regulation_mean_minus_passive	-379.5003242615322
sub-16	ROI_activity	salience_dACC_MCC	salience	regulation_mean_minus_passive	354.5653593369722
sub-16	ROI_activity	sensory_S1_S2_thalamus	sensory	regulation_mean_minus_passive	-391.93997831193093
sub-16	ROI_activity	value_NAc	value	regulation_mean_minus_passive	-96.18216622451166
sub-16	ROI_activity	value_vmPFC_mOFC	value	regulation_mean_minus_passive	344.584601954756
sub-17	ROI_activity	control_SMA_preSMA	control	regulation_mean_minus_passive	-378.2010995921413
sub-17	ROI_activity	control_dlPFC_IFJ_L	control	regulation_mean_minus_passive	33.01970397396217
sub-17	ROI_activity	control_dlPFC_IFJ_R	control	regulation_mean_minus_passive	-77.94910714559336
sub-17	ROI_activity	descending_PAG	descending	regulation_mean_minus_passive	957.9494281053196
sub-17	ROI_activity	descending_pgACC_rACC	descending	regulation_mean_minus_passive	120.02988932303018
sub-17	ROI_activity	salience_aINS	salience	regulation_mean_minus_passive	-313.33426224085565
sub-17	ROI_activity	salience_dACC_MCC	salience	regulation_mean_minus_passive	-66.45648254324436
sub-17	ROI_activity	sensory_S1_S2_thalamus	sensory	regulation_mean_minus_passive	-31.160751569721675
sub-17	ROI_activity	value_NAc	value	regulation_mean_minus_passive	301.5596922930107
sub-17	ROI_activity	value_vmPFC_mOFC	value	regulation_mean_minus_passive	252.036985078719
sub-18	ROI_activity	control_SMA_preSMA	control	regulation_mean_minus_passive	-83.00303404944265
sub-18	ROI_activity	control_dlPFC_IFJ_L	control	regulation_mean_minus_passive	-402.8505460018904
sub-18	ROI_activity	control_dlPFC_IFJ_R	control	regulation_mean_minus_passive	-306.44685662316607
sub-18	ROI_activity	descending_PAG	descending	regulation_mean_minus_passive	23.489776722612163
sub-18	ROI_activity	descending_pgACC_rACC	descending	regulation_mean_minus_passive	30.86893418857153
sub-18	ROI_activity	salience_aINS	salience	regulation_mean_minus_passive	538.4492005542223
sub-18	ROI_activity	salience_dACC_MCC	salience	regulation_mean_minus_passive	-65.5457493962671
sub-18	ROI_activity	sensory_S1_S2_thalamus	sensory	regulation_mean_minus_passive	-269.9283895690245
sub-18	ROI_activity	value_NAc	value	regulation_mean_minus_passive	372.86495377632775
sub-18	ROI_activity	value_vmPFC_mOFC	value	regulation_mean_minus_passive	-19.940494398578583
sub-19	ROI_activity	control_SMA_preSMA	control	regulation_mean_minus_passive	361.6890936852444
sub-19	ROI_activity	control_dlPFC_IFJ_L	control	regulation_mean_minus_passive	793.446967263927
sub-19	ROI_activity	control_dlPFC_IFJ_R	control	regulation_mean_minus_passive	-206.5701190742597
sub-19	ROI_activity	descending_PAG	descending	regulation_mean_minus_passive	-469.986460085429
sub-19	ROI_activity	descending_pgACC_rACC	descending	regulation_mean_minus_passive	351.5922613653785
sub-19	ROI_activity	salience_aINS	salience	regulation_mean_minus_passive	-1916.9709398121454
sub-19	ROI_activity	salience_dACC_MCC	salience	regulation_mean_minus_passive	570.5742678111864
sub-19	ROI_activity	sensory_S1_S2_thalamus	sensory	regulation_mean_minus_passive	87.54013169793254
sub-19	ROI_activity	value_NAc	value	regulation_mean_minus_passive	211.7570711124176
sub-19	ROI_activity	value_vmPFC_mOFC	value	regulation_mean_minus_passive	-106.12768735362886
sub-20	ROI_activity	control_SMA_preSMA	control	regulation_mean_minus_passive	-245.438855485374
sub-20	ROI_activity	control_dlPFC_IFJ_L	control	regulation_mean_minus_passive	-347.46898085083063
sub-20	ROI_activity	control_dlPFC_IFJ_R	control	regulation_mean_minus_passive	-310.59961332072817
sub-20	ROI_activity	descending_PAG	descending	regulation_mean_minus_passive	-240.8332285238353
sub-20	ROI_activity	descending_pgACC_rACC	descending	regulation_mean_minus_passive	107.98251197913808
sub-20	ROI_activity	salience_aINS	salience	regulation_mean_minus_passive	-282.8121419267362
sub-20	ROI_activity	salience_dACC_MCC	salience	regulation_mean_minus_passive	-20.170189311073955
sub-20	ROI_activity	sensory_S1_S2_thalamus	sensory	regulation_mean_minus_passive	-388.227723340537
sub-20	ROI_activity	value_NAc	value	regulation_mean_minus_passive	-282.59504375839106
sub-20	ROI_activity	value_vmPFC_mOFC	value	regulation_mean_minus_passive	-34.40865271498698
sub-21	ROI_activity	control_SMA_preSMA	control	regulation_mean_minus_passive	-151.14430013491182
sub-21	ROI_activity	control_dlPFC_IFJ_L	control	regulation_mean_minus_passive	-114.60418678937135
sub-21	ROI_activity	control_dlPFC_IFJ_R	control	regulation_mean_minus_passive	-357.871890136748
sub-21	ROI_activity	descending_PAG	descending	regulation_mean_minus_passive	-1416.1640210479434
sub-21	ROI_activity	descending_pgACC_rACC	descending	regulation_mean_minus_passive	98.42342648845994
sub-21	ROI_activity	salience_aINS	salience	regulation_mean_minus_passive	565.3558994555199
sub-21	ROI_activity	salience_dACC_MCC	salience	regulation_mean_minus_passive	-124.2839162205714
sub-21	ROI_activity	sensory_S1_S2_thalamus	sensory	regulation_mean_minus_passive	-17.591717836989147
sub-21	ROI_activity	value_NAc	value	regulation_mean_minus_passive	105.36646516913152
sub-21	ROI_activity	value_vmPFC_mOFC	value	regulation_mean_minus_passive	62.10387447280186
sub-22	ROI_activity	control_SMA_preSMA	control	regulation_mean_minus_passive	624.2793951858741
sub-22	ROI_activity	control_dlPFC_IFJ_L	control	regulation_mean_minus_passive	-160.8795084299229
sub-22	ROI_activity	control_dlPFC_IFJ_R	control	regulation_mean_minus_passive	-1307.9339351360368
sub-22	ROI_activity	descending_PAG	descending	regulation_mean_minus_passive	1715.152034220776
sub-22	ROI_activity	descending_pgACC_rACC	descending	regulation_mean_minus_passive	176.0947715397163
sub-22	ROI_activity	salience_aINS	salience	regulation_mean_minus_passive	-261.89572822029317
sub-22	ROI_activity	salience_dACC_MCC	salience	regulation_mean_minus_passive	8.982056053020585
sub-22	ROI_activity	sensory_S1_S2_thalamus	sensory	regulation_mean_minus_passive	295.72396016130875
sub-22	ROI_activity	value_NAc	value	regulation_mean_minus_passive	-407.5057093792634
sub-22	ROI_activity	value_vmPFC_mOFC	value	regulation_mean_minus_passive	-27.870091891845366
sub-23	ROI_activity	control_SMA_preSMA	control	regulation_mean_minus_passive	611.7979960718305
sub-23	ROI_activity	control_dlPFC_IFJ_L	control	regulation_mean_minus_passive	197.21563328204007
sub-23	ROI_activity	control_dlPFC_IFJ_R	control	regulation_mean_minus_passive	-22.234915753043083
sub-23	ROI_activity	descending_PAG	descending	regulation_mean_minus_passive	801.2843812696988
sub-23	ROI_activity	descending_pgACC_rACC	descending	regulation_mean_minus_passive	148.4240707688327
sub-23	ROI_activity	salience_aINS	salience	regulation_mean_minus_passive	233.11490523239866
sub-23	ROI_activity	salience_dACC_MCC	salience	regulation_mean_minus_passive	393.23943060382953
sub-23	ROI_activity	sensory_S1_S2_thalamus	sensory	regulation_mean_minus_passive	271.4882228497933
sub-23	ROI_activity	value_NAc	value	regulation_mean_minus_passive	225.40666191315853
sub-23	ROI_activity	value_vmPFC_mOFC	value	regulation_mean_minus_passive	-181.41798057853282
sub-24	ROI_activity	control_SMA_preSMA	control	regulation_mean_minus_passive	119.80625269841548
sub-24	ROI_activity	control_dlPFC_IFJ_L	control	regulation_mean_minus_passive	173.09471749607545
sub-24	ROI_activity	control_dlPFC_IFJ_R	control	regulation_mean_minus_passive	-278.2940136588731
sub-24	ROI_activity	descending_PAG	descending	regulation_mean_minus_passive	-571.6900687086014
sub-24	ROI_activity	descending_pgACC_rACC	descending	regulation_mean_minus_passive	-62.34520591758431
sub-24	ROI_activity	salience_aINS	salience	regulation_mean_minus_passive	37.04483637295232
sub-24	ROI_activity	salience_dACC_MCC	salience	regulation_mean_minus_passive	-376.3576814242963
sub-24	ROI_activity	sensory_S1_S2_thalamus	sensory	regulation_mean_minus_passive	-527.7911744602823
sub-24	ROI_activity	value_NAc	value	regulation_mean_minus_passive	240.34178283433857
sub-24	ROI_activity	value_vmPFC_mOFC	value	regulation_mean_minus_passive	-189.0968030995251
sub-25	ROI_activity	control_SMA_preSMA	control	regulation_mean_minus_passive	237.7825013637559
sub-25	ROI_activity	control_dlPFC_IFJ_L	control	regulation_mean_minus_passive	535.7144046351912
sub-25	ROI_activity	control_dlPFC_IFJ_R	control	regulation_mean_minus_passive	453.4023072311948
sub-25	ROI_activity	descending_PAG	descending	regulation_mean_minus_passive	2793.835484266968
sub-25	ROI_activity	descending_pgACC_rACC	descending	regulation_mean_minus_passive	-211.8342183000545
sub-25	ROI_activity	salience_aINS	salience	regulation_mean_minus_passive	382.902143037301
sub-25	ROI_activity	salience_dACC_MCC	salience	regulation_mean_minus_passive	325.1618290300859
sub-25	ROI_activity	sensory_S1_S2_thalamus	sensory	regulation_mean_minus_passive	-274.1127372210341
sub-25	ROI_activity	value_NAc	value	regulation_mean_minus_passive	-16.463940997963668
sub-25	ROI_activity	value_vmPFC_mOFC	value	regulation_mean_minus_passive	-209.89175871675766
sub-26	ROI_activity	control_SMA_preSMA	control	regulation_mean_minus_passive	339.09512073097846
sub-26	ROI_activity	control_dlPFC_IFJ_L	control	regulation_mean_minus_passive	369.9859206469812
sub-26	ROI_activity	control_dlPFC_IFJ_R	control	regulation_mean_minus_passive	256.1699932226559
sub-26	ROI_activity	descending_PAG	descending	regulation_mean_minus_passive	758.0538169648826
sub-26	ROI_activity	descending_pgACC_rACC	descending	regulation_mean_minus_passive	-29.15072800984127
sub-26	ROI_activity	salience_aINS	salience	regulation_mean_minus_passive	181.7869376355055
sub-26	ROI_activity	salience_dACC_MCC	salience	regulation_mean_minus_passive	267.2293908297877
sub-26	ROI_activity	sensory_S1_S2_thalamus	sensory	regulation_mean_minus_passive	41.23482028140847
sub-26	ROI_activity	value_NAc	value	regulation_mean_minus_passive	113.79447481007446
sub-26	ROI_activity	value_vmPFC_mOFC	value	regulation_mean_minus_passive	-180.54105210425112
sub-27	ROI_activity	control_SMA_preSMA	control	regulation_mean_minus_passive	176.58615475932163
sub-27	ROI_activity	control_dlPFC_IFJ_L	control	regulation_mean_minus_passive	-205.9937276635402
sub-27	ROI_activity	control_dlPFC_IFJ_R	control	regulation_mean_minus_passive	-640.5541968460111
sub-27	ROI_activity	descending_PAG	descending	regulation_mean_minus_passive	-324.72130886587405
sub-27	ROI_activity	descending_pgACC_rACC	descending	regulation_mean_minus_passive	28.83522345942552
sub-27	ROI_activity	salience_aINS	salience	regulation_mean_minus_passive	93.2735661060849
sub-27	ROI_activity	salience_dACC_MCC	salience	regulation_mean_minus_passive	53.24651736838402
sub-27	ROI_activity	sensory_S1_S2_thalamus	sensory	regulation_mean_minus_passive	-67.87449083635099
sub-27	ROI_activity	value_NAc	value	regulation_mean_minus_passive	49.69563794772654
sub-27	ROI_activity	value_vmPFC_mOFC	value	regulation_mean_minus_passive	166.84824580152016
sub-28	ROI_activity	control_SMA_preSMA	control	regulation_mean_minus_passive	351.86489768404687
sub-28	ROI_activity	control_dlPFC_IFJ_L	control	regulation_mean_minus_passive	467.5535726300699
sub-28	ROI_activity	control_dlPFC_IFJ_R	control	regulation_mean_minus_passive	210.1006407668126
sub-28	ROI_activity	descending_PAG	descending	regulation_mean_minus_passive	525.8038004380261
sub-28	ROI_activity	descending_pgACC_rACC	descending	regulation_mean_minus_passive	-203.13792550620613
sub-28	ROI_activity	salience_aINS	salience	regulation_mean_minus_passive	-141.8304032623306
sub-28	ROI_activity	salience_dACC_MCC	salience	regulation_mean_minus_passive	11.768362566027548
sub-28	ROI_activity	sensory_S1_S2_thalamus	sensory	regulation_mean_minus_passive	-220.46518786906478
sub-28	ROI_activity	value_NAc	value	regulation_mean_minus_passive	-263.17259930150135
sub-28	ROI_activity	value_vmPFC_mOFC	value	regulation_mean_minus_passive	76.46844594517243
sub-29	ROI_activity	control_SMA_preSMA	control	regulation_mean_minus_passive	656.0574966662882
sub-29	ROI_activity	control_dlPFC_IFJ_L	control	regulation_mean_minus_passive	-13.995745960071872
sub-29	ROI_activity	control_dlPFC_IFJ_R	control	regulation_mean_minus_passive	273.7695729169596
sub-29	ROI_activity	descending_PAG	descending	regulation_mean_minus_passive	1532.9414861045016
sub-29	ROI_activity	descending_pgACC_rACC	descending	regulation_mean_minus_passive	-217.61719308290705
sub-29	ROI_activity	salience_aINS	salience	regulation_mean_minus_passive	459.47961075605457
sub-29	ROI_activity	salience_dACC_MCC	salience	regulation_mean_minus_passive	210.24201665256237
sub-29	ROI_activity	sensory_S1_S2_thalamus	sensory	regulation_mean_minus_passive	217.03159790885243
sub-29	ROI_activity	value_NAc	value	regulation_mean_minus_passive	-491.74065604869475
sub-29	ROI_activity	value_vmPFC_mOFC	value	regulation_mean_minus_passive	-589.1651494293245
sub-30	ROI_activity	control_SMA_preSMA	control	regulation_mean_minus_passive	177.20586298565027
sub-30	ROI_activity	control_dlPFC_IFJ_L	control	regulation_mean_minus_passive	352.6102674599737
sub-30	ROI_activity	control_dlPFC_IFJ_R	control	regulation_mean_minus_passive	507.9587417487268
sub-30	ROI_activity	descending_PAG	descending	regulation_mean_minus_passive	-437.5492708875997
sub-30	ROI_activity	descending_pgACC_rACC	descending	regulation_mean_minus_passive	117.4475411136075
sub-30	ROI_activity	salience_aINS	salience	regulation_mean_minus_passive	175.097730315116
sub-30	ROI_activity	salience_dACC_MCC	salience	regulation_mean_minus_passive	201.81576391624435
sub-30	ROI_activity	sensory_S1_S2_thalamus	sensory	regulation_mean_minus_passive	-166.54174154493168
sub-30	ROI_activity	value_NAc	value	regulation_mean_minus_passive	148.15341498098093
sub-30	ROI_activity	value_vmPFC_mOFC	value	regulation_mean_minus_passive	-221.04799394948472
sub-31	ROI_activity	control_SMA_preSMA	control	regulation_mean_minus_passive	-198.50919248756776
sub-31	ROI_activity	control_dlPFC_IFJ_L	control	regulation_mean_minus_passive	474.8101423313726
sub-31	ROI_activity	control_dlPFC_IFJ_R	control	regulation_mean_minus_passive	576.4538417659036
sub-31	ROI_activity	descending_PAG	descending	regulation_mean_minus_passive	-568.2100075471265
sub-31	ROI_activity	descending_pgACC_rACC	descending	regulation_mean_minus_passive	-29.565218462039667
sub-31	ROI_activity	salience_aINS	salience	regulation_mean_minus_passive	-336.501654712653
sub-31	ROI_activity	salience_dACC_MCC	salience	regulation_mean_minus_passive	-9.023027454734631
sub-31	ROI_activity	sensory_S1_S2_thalamus	sensory	regulation_mean_minus_passive	-118.04705211535669
sub-31	ROI_activity	value_NAc	value	regulation_mean_minus_passive	-242.6794175830633
sub-31	ROI_activity	value_vmPFC_mOFC	value	regulation_mean_minus_passive	-24.489235499838212
sub-32	ROI_activity	control_SMA_preSMA	control	regulation_mean_minus_passive	484.3533587634749
sub-32	ROI_activity	control_dlPFC_IFJ_L	control	regulation_mean_minus_passive	888.1068504362221
sub-32	ROI_activity	control_dlPFC_IFJ_R	control	regulation_mean_minus_passive	221.74480486131824
sub-32	ROI_activity	descending_PAG	descending	regulation_mean_minus_passive	140.42462824848502
sub-32	ROI_activity	descending_pgACC_rACC	descending	regulation_mean_minus_passive	0.3279711011112738
sub-32	ROI_activity	salience_aINS	salience	regulation_mean_minus_passive	-222.16017257949687
sub-32	ROI_activity	salience_dACC_MCC	salience	regulation_mean_minus_passive	195.73909226873923
sub-32	ROI_activity	sensory_S1_S2_thalamus	sensory	regulation_mean_minus_passive	65.23441455367083
sub-32	ROI_activity	value_NAc	value	regulation_mean_minus_passive	110.48900603510343
sub-32	ROI_activity	value_vmPFC_mOFC	value	regulation_mean_minus_passive	148.2102760487655
sub-33	ROI_activity	control_SMA_preSMA	control	regulation_mean_minus_passive	-158.51560049158306
sub-33	ROI_activity	control_dlPFC_IFJ_L	control	regulation_mean_minus_passive	20.883670494152422
sub-33	ROI_activity	control_dlPFC_IFJ_R	control	regulation_mean_minus_passive	-352.59259955224616
sub-33	ROI_activity	descending_PAG	descending	regulation_mean_minus_passive	-1836.5369630995
sub-33	ROI_activity	descending_pgACC_rACC	descending	regulation_mean_minus_passive	-278.9260774036088
sub-33	ROI_activity	salience_aINS	salience	regulation_mean_minus_passive	-52.91304849280945
sub-33	ROI_activity	salience_dACC_MCC	salience	regulation_mean_minus_passive	-64.64067131944694
sub-33	ROI_activity	sensory_S1_S2_thalamus	sensory	regulation_mean_minus_passive	-86.11137672136047
sub-33	ROI_activity	value_NAc	value	regulation_mean_minus_passive	-203.98204256373916
sub-33	ROI_activity	value_vmPFC_mOFC	value	regulation_mean_minus_passive	-465.1748955420733
sub-01	FC_beta_series	NAc_vmPFC_value	value_regulation	down_minus_passive	-0.7777898206519809
sub-01	FC_beta_series	NAc_vmPFC_value	value_regulation	regulation_mean_minus_passive	-0.26741682518229853
sub-01	FC_beta_series	NAc_vmPFC_value	value_regulation	up_minus_down	1.0207459909393648
sub-01	FC_beta_series	NAc_vmPFC_value	value_regulation	up_minus_passive	0.2429561702873838
sub-01	FC_beta_series	NAc_vmPFC_value	value_regulation	z_down	-0.4156598478944937
sub-01	FC_beta_series	NAc_vmPFC_value	value_regulation	z_passive	0.3621299727574873
sub-01	FC_beta_series	NAc_vmPFC_value	value_regulation	z_up	0.6050861430448711
sub-01	FC_beta_series	aINS_dACC_MCC_salience	salience_interoception	down_minus_passive	-0.10941693409776522
sub-01	FC_beta_series	aINS_dACC_MCC_salience	salience_interoception	regulation_mean_minus_passive	0.05047996361071012
sub-01	FC_beta_series	aINS_dACC_MCC_salience	salience_interoception	up_minus_down	0.3197937954169508
sub-01	FC_beta_series	aINS_dACC_MCC_salience	salience_interoception	up_minus_passive	0.21037686131918554
sub-01	FC_beta_series	aINS_dACC_MCC_salience	salience_interoception	z_down	0.16386765211660456
sub-01	FC_beta_series	aINS_dACC_MCC_salience	salience_interoception	z_passive	0.2732845862143698
sub-01	FC_beta_series	aINS_dACC_MCC_salience	salience_interoception	z_up	0.4836614475335554
sub-01	FC_beta_series	dlPFC_IFJ_L_vmPFC_control_value	control_value	down_minus_passive	-0.07955516982254683
sub-01	FC_beta_series	dlPFC_IFJ_L_vmPFC_control_value	control_value	regulation_mean_minus_passive	-0.06116876063471003
sub-01	FC_beta_series	dlPFC_IFJ_L_vmPFC_control_value	control_value	up_minus_down	0.036772818375673734
sub-01	FC_beta_series	dlPFC_IFJ_L_vmPFC_control_value	control_value	up_minus_passive	-0.04278235144687314
sub-01	FC_beta_series	dlPFC_IFJ_L_vmPFC_control_value	control_value	z_down	-0.2958813719537646
sub-01	FC_beta_series	dlPFC_IFJ_L_vmPFC_control_value	control_value	z_passive	-0.21632620213121775
sub-01	FC_beta_series	dlPFC_IFJ_L_vmPFC_control_value	control_value	z_up	-0.2591085535780909
sub-01	FC_beta_series	pgACC_rACC_PAG_descending	descending_modulation	down_minus_passive	0.3913681587909488
sub-01	FC_beta_series	pgACC_rACC_PAG_descending	descending_modulation	regulation_mean_minus_passive	0.107347744240112
sub-01	FC_beta_series	pgACC_rACC_PAG_descending	descending_modulation	up_minus_down	-0.5680408291016735
sub-01	FC_beta_series	pgACC_rACC_PAG_descending	descending_modulation	up_minus_passive	-0.1766726703107247
sub-01	FC_beta_series	pgACC_rACC_PAG_descending	descending_modulation	z_down	0.2786149392900001
sub-01	FC_beta_series	pgACC_rACC_PAG_descending	descending_modulation	z_passive	-0.1127532195009486
sub-01	FC_beta_series	pgACC_rACC_PAG_descending	descending_modulation	z_up	-0.2894258898116734
sub-01	FC_beta_series	sensory_thalamus_S1_S2_insula	sensory_interoceptive	down_minus_passive	-0.2815739018432818
sub-01	FC_beta_series	sensory_thalamus_S1_S2_insula	sensory_interoceptive	regulation_mean_minus_passive	-0.0590239372553286
sub-01	FC_beta_series	sensory_thalamus_S1_S2_insula	sensory_interoceptive	up_minus_down	0.4450999291759063
sub-01	FC_beta_series	sensory_thalamus_S1_S2_insula	sensory_interoceptive	up_minus_passive	0.16352602733262456
sub-01	FC_beta_series	sensory_thalamus_S1_S2_insula	sensory_interoceptive	z_down	-0.31824182449137656
sub-01	FC_beta_series	sensory_thalamus_S1_S2_insula	sensory_interoceptive	z_passive	-0.03666792264809478
sub-01	FC_beta_series	sensory_thalamus_S1_S2_insula	sensory_interoceptive	z_up	0.12685810468452977
sub-02	FC_beta_series	NAc_vmPFC_value	value_regulation	down_minus_passive	0.2885136021873455
sub-02	FC_beta_series	NAc_vmPFC_value	value_regulation	regulation_mean_minus_passive	0.1342673161130197
sub-02	FC_beta_series	NAc_vmPFC_value	value_regulation	up_minus_down	-0.30849257214865144
sub-02	FC_beta_series	NAc_vmPFC_value	value_regulation	up_minus_passive	-0.01997896996130594
sub-02	FC_beta_series	NAc_vmPFC_value	value_regulation	z_down	0.6279058313105458
sub-02	FC_beta_series	NAc_vmPFC_value	value_regulation	z_passive	0.33939222912320016
sub-02	FC_beta_series	NAc_vmPFC_value	value_regulation	z_up	0.3194132591618942
sub-02	FC_beta_series	aINS_dACC_MCC_salience	salience_interoception	down_minus_passive	-0.1937675330232069
sub-02	FC_beta_series	aINS_dACC_MCC_salience	salience_interoception	regulation_mean_minus_passive	-0.005485810290385906
sub-02	FC_beta_series	aINS_dACC_MCC_salience	salience_interoception	up_minus_down	0.37656344546564197
sub-02	FC_beta_series	aINS_dACC_MCC_salience	salience_interoception	up_minus_passive	0.18279591244243507
sub-02	FC_beta_series	aINS_dACC_MCC_salience	salience_interoception	z_down	0.19632719969245538
sub-02	FC_beta_series	aINS_dACC_MCC_salience	salience_interoception	z_passive	0.3900947327156623
sub-02	FC_beta_series	aINS_dACC_MCC_salience	salience_interoception	z_up	0.5728906451580974
sub-02	FC_beta_series	dlPFC_IFJ_L_vmPFC_control_value	control_value	down_minus_passive	0.533333788322717
sub-02	FC_beta_series	dlPFC_IFJ_L_vmPFC_control_value	control_value	regulation_mean_minus_passive	0.7783706067926651
sub-02	FC_beta_series	dlPFC_IFJ_L_vmPFC_control_value	control_value	up_minus_down	0.4900736369398962
sub-02	FC_beta_series	dlPFC_IFJ_L_vmPFC_control_value	control_value	up_minus_passive	1.0234074252626133
sub-02	FC_beta_series	dlPFC_IFJ_L_vmPFC_control_value	control_value	z_down	0.5616634578613661
sub-02	FC_beta_series	dlPFC_IFJ_L_vmPFC_control_value	control_value	z_passive	0.028329669538649
sub-02	FC_beta_series	dlPFC_IFJ_L_vmPFC_control_value	control_value	z_up	1.0517370948012623
sub-02	FC_beta_series	pgACC_rACC_PAG_descending	descending_modulation	down_minus_passive	-0.3168827773523747
sub-02	FC_beta_series	pgACC_rACC_PAG_descending	descending_modulation	regulation_mean_minus_passive	-0.1060517154494981
sub-02	FC_beta_series	pgACC_rACC_PAG_descending	descending_modulation	up_minus_down	0.4216621238057531
sub-02	FC_beta_series	pgACC_rACC_PAG_descending	descending_modulation	up_minus_passive	0.1047793464533784
sub-02	FC_beta_series	pgACC_rACC_PAG_descending	descending_modulation	z_down	-0.5115372949379569
sub-02	FC_beta_series	pgACC_rACC_PAG_descending	descending_modulation	z_passive	-0.1946545175855821
sub-02	FC_beta_series	pgACC_rACC_PAG_descending	descending_modulation	z_up	-0.0898751711322037
sub-02	FC_beta_series	sensory_thalamus_S1_S2_insula	sensory_interoceptive	down_minus_passive	-0.13218691804843619
sub-02	FC_beta_series	sensory_thalamus_S1_S2_insula	sensory_interoceptive	regulation_mean_minus_passive	-0.004644356889120639
sub-02	FC_beta_series	sensory_thalamus_S1_S2_insula	sensory_interoceptive	up_minus_down	0.2550851223186311
sub-02	FC_beta_series	sensory_thalamus_S1_S2_insula	sensory_interoceptive	up_minus_passive	0.12289820427019493
sub-02	FC_beta_series	sensory_thalamus_S1_S2_insula	sensory_interoceptive	z_down	0.0643635282277221
sub-02	FC_beta_series	sensory_thalamus_S1_S2_insula	sensory_interoceptive	z_passive	0.19655044627615834
sub-02	FC_beta_series	sensory_thalamus_S1_S2_insula	sensory_interoceptive	z_up	0.31944865054635324
sub-03	FC_beta_series	NAc_vmPFC_value	value_regulation	down_minus_passive	0.042358850768061625
sub-03	FC_beta_series	NAc_vmPFC_value	value_regulation	regulation_mean_minus_passive	0.06718711422495545
sub-03	FC_beta_series	NAc_vmPFC_value	value_regulation	up_minus_down	0.049656526913787656
sub-03	FC_beta_series	NAc_vmPFC_value	value_regulation	up_minus_passive	0.09201537768184925
sub-03	FC_beta_series	NAc_vmPFC_value	value_regulation	z_down	0.1384082776424256
sub-03	FC_beta_series	NAc_vmPFC_value	value_regulation	z_passive	0.09604942687436403
sub-03	FC_beta_series	NAc_vmPFC_value	value_regulation	z_up	0.18806480455621336
sub-03	FC_beta_series	aINS_dACC_MCC_salience	salience_interoception	down_minus_passive	0.5814586232421449
sub-03	FC_beta_series	aINS_dACC_MCC_salience	salience_interoception	regulation_mean_minus_passive	0.20968120906046708
sub-03	FC_beta_series	aINS_dACC_MCC_salience	salience_interoception	up_minus_down	-0.7435548283633554
sub-03	FC_beta_series	aINS_dACC_MCC_salience	salience_interoception	up_minus_passive	-0.1620962051212106
sub-03	FC_beta_series	aINS_dACC_MCC_salience	salience_interoception	z_down	1.1264187190568773
sub-03	FC_beta_series	aINS_dACC_MCC_salience	salience_interoception	z_passive	0.5449600958147326
sub-03	FC_beta_series	aINS_dACC_MCC_salience	salience_interoception	z_up	0.38286389069352195
sub-03	FC_beta_series	dlPFC_IFJ_L_vmPFC_control_value	control_value	down_minus_passive	-0.16977823066443917
sub-03	FC_beta_series	dlPFC_IFJ_L_vmPFC_control_value	control_value	regulation_mean_minus_passive	0.10825745411420042
sub-03	FC_beta_series	dlPFC_IFJ_L_vmPFC_control_value	control_value	up_minus_down	0.5560713695572793
sub-03	FC_beta_series	dlPFC_IFJ_L_vmPFC_control_value	control_value	up_minus_passive	0.3862931388928401
sub-03	FC_beta_series	dlPFC_IFJ_L_vmPFC_control_value	control_value	z_down	-0.24689559049432064
sub-03	FC_beta_series	dlPFC_IFJ_L_vmPFC_control_value	control_value	z_passive	-0.0771173598298814
sub-03	FC_beta_series	dlPFC_IFJ_L_vmPFC_control_value	control_value	z_up	0.3091757790629586
sub-03	FC_beta_series	pgACC_rACC_PAG_descending	descending_modulation	down_minus_passive	-0.2541754230300725
sub-03	FC_beta_series	pgACC_rACC_PAG_descending	descending_modulation	regulation_mean_minus_passive	-0.2153461770008679
sub-03	FC_beta_series	pgACC_rACC_PAG_descending	descending_modulation	up_minus_down	0.0776584920584092
sub-03	FC_beta_series	pgACC_rACC_PAG_descending	descending_modulation	up_minus_passive	-0.1765169309716633
sub-03	FC_beta_series	pgACC_rACC_PAG_descending	descending_modulation	z_down	-0.187682217505865
sub-03	FC_beta_series	pgACC_rACC_PAG_descending	descending_modulation	z_passive	0.0664932055242074
sub-03	FC_beta_series	pgACC_rACC_PAG_descending	descending_modulation	z_up	-0.1100237254474558
sub-03	FC_beta_series	sensory_thalamus_S1_S2_insula	sensory_interoceptive	down_minus_passive	-0.15694126299733735
sub-03	FC_beta_series	sensory_thalamus_S1_S2_insula	sensory_interoceptive	regulation_mean_minus_passive	0.12882373472731412
sub-03	FC_beta_series	sensory_thalamus_S1_S2_insula	sensory_interoceptive	up_minus_down	0.5715299954493029
sub-03	FC_beta_series	sensory_thalamus_S1_S2_insula	sensory_interoceptive	up_minus_passive	0.4145887324519656
sub-03	FC_beta_series	sensory_thalamus_S1_S2_insula	sensory_interoceptive	z_down	-0.036346139324817055
sub-03	FC_beta_series	sensory_thalamus_S1_S2_insula	sensory_interoceptive	z_passive	0.12059512367252026
sub-03	FC_beta_series	sensory_thalamus_S1_S2_insula	sensory_interoceptive	z_up	0.5351838561244858
sub-04	FC_beta_series	NAc_vmPFC_value	value_regulation	down_minus_passive	0.400774386326293
sub-04	FC_beta_series	NAc_vmPFC_value	value_regulation	regulation_mean_minus_passive	0.14924475725051997
sub-04	FC_beta_series	NAc_vmPFC_value	value_regulation	up_minus_down	-0.5030592581515461
sub-04	FC_beta_series	NAc_vmPFC_value	value_regulation	up_minus_passive	-0.10228487182525305
sub-04	FC_beta_series	NAc_vmPFC_value	value_regulation	z_down	0.39393175920604434
sub-04	FC_beta_series	NAc_vmPFC_value	value_regulation	z_passive	-0.006842627120248583
sub-04	FC_beta_series	NAc_vmPFC_value	value_regulation	z_up	-0.10912749894550167
sub-04	FC_beta_series	aINS_dACC_MCC_salience	salience_interoception	down_minus_passive	0.03319453855595906
sub-04	FC_beta_series	aINS_dACC_MCC_salience	salience_interoception	regulation_mean_minus_passive	-0.1588111063685028
sub-04	FC_beta_series	aINS_dACC_MCC_salience	salience_interoception	up_minus_down	-0.38401128984892363
sub-04	FC_beta_series	aINS_dACC_MCC_salience	salience_interoception	up_minus_passive	-0.3508167512929646
sub-04	FC_beta_series	aINS_dACC_MCC_salience	salience_interoception	z_down	0.5185527517176908
sub-04	FC_beta_series	aINS_dACC_MCC_salience	salience_interoception	z_passive	0.4853582131617317
sub-04	FC_beta_series	aINS_dACC_MCC_salience	salience_interoception	z_up	0.13454146186876714
sub-04	FC_beta_series	dlPFC_IFJ_L_vmPFC_control_value	control_value	down_minus_passive	0.13716086103541625
sub-04	FC_beta_series	dlPFC_IFJ_L_vmPFC_control_value	control_value	regulation_mean_minus_passive	-0.004005361205635599
sub-04	FC_beta_series	dlPFC_IFJ_L_vmPFC_control_value	control_value	up_minus_down	-0.2823324444821038
sub-04	FC_beta_series	dlPFC_IFJ_L_vmPFC_control_value	control_value	up_minus_passive	-0.14517158344668749
sub-04	FC_beta_series	dlPFC_IFJ_L_vmPFC_control_value	control_value	z_down	-0.0366721865714119
sub-04	FC_beta_series	dlPFC_IFJ_L_vmPFC_control_value	control_value	z_passive	-0.17383304760682816
sub-04	FC_beta_series	dlPFC_IFJ_L_vmPFC_control_value	control_value	z_up	-0.31900463105351573
sub-04	FC_beta_series	pgACC_rACC_PAG_descending	descending_modulation	down_minus_passive	-0.0217574907091067
sub-04	FC_beta_series	pgACC_rACC_PAG_descending	descending_modulation	regulation_mean_minus_passive	-0.052333705951993
sub-04	FC_beta_series	pgACC_rACC_PAG_descending	descending_modulation	up_minus_down	-0.0611524304857726
sub-04	FC_beta_series	pgACC_rACC_PAG_descending	descending_modulation	up_minus_passive	-0.0829099211948793
sub-04	FC_beta_series	pgACC_rACC_PAG_descending	descending_modulation	z_down	-0.0635176033848615
sub-04	FC_beta_series	pgACC_rACC_PAG_descending	descending_modulation	z_passive	-0.0417601126757548
sub-04	FC_beta_series	pgACC_rACC_PAG_descending	descending_modulation	z_up	-0.1246700338706342
sub-04	FC_beta_series	sensory_thalamus_S1_S2_insula	sensory_interoceptive	down_minus_passive	0.0450958969486611
sub-04	FC_beta_series	sensory_thalamus_S1_S2_insula	sensory_interoceptive	regulation_mean_minus_passive	0.12561470522549661
sub-04	FC_beta_series	sensory_thalamus_S1_S2_insula	sensory_interoceptive	up_minus_down	0.16103761655367105
sub-04	FC_beta_series	sensory_thalamus_S1_S2_insula	sensory_interoceptive	up_minus_passive	0.2061335135023321
sub-04	FC_beta_series	sensory_thalamus_S1_S2_insula	sensory_interoceptive	z_down	0.03821207746021757
sub-04	FC_beta_series	sensory_thalamus_S1_S2_insula	sensory_interoceptive	z_passive	-0.006883819488443521
sub-04	FC_beta_series	sensory_thalamus_S1_S2_insula	sensory_interoceptive	z_up	0.19924969401388862
sub-05	FC_beta_series	NAc_vmPFC_value	value_regulation	down_minus_passive	0.44633655357540464
sub-05	FC_beta_series	NAc_vmPFC_value	value_regulation	regulation_mean_minus_passive	0.308222823981188
sub-05	FC_beta_series	NAc_vmPFC_value	value_regulation	up_minus_down	-0.2762274591884331
sub-05	FC_beta_series	NAc_vmPFC_value	value_regulation	up_minus_passive	0.1701090943869715
sub-05	FC_beta_series	NAc_vmPFC_value	value_regulation	z_down	0.586720298719004
sub-05	FC_beta_series	NAc_vmPFC_value	value_regulation	z_passive	0.14038374514359922
sub-05	FC_beta_series	NAc_vmPFC_value	value_regulation	z_up	0.3104928395305708
sub-05	FC_beta_series	aINS_dACC_MCC_salience	salience_interoception	down_minus_passive	-0.1183915461502168
sub-05	FC_beta_series	aINS_dACC_MCC_salience	salience_interoception	regulation_mean_minus_passive	0.15107207099711165
sub-05	FC_beta_series	aINS_dACC_MCC_salience	salience_interoception	up_minus_down	0.5389272342946568
sub-05	FC_beta_series	aINS_dACC_MCC_salience	salience_interoception	up_minus_passive	0.42053568814444015
sub-05	FC_beta_series	aINS_dACC_MCC_salience	salience_interoception	z_down	0.31251734815551063
sub-05	FC_beta_series	aINS_dACC_MCC_salience	salience_interoception	z_passive	0.4309088943057274
sub-05	FC_beta_series	aINS_dACC_MCC_salience	salience_interoception	z_up	0.8514445824501675
sub-05	FC_beta_series	dlPFC_IFJ_L_vmPFC_control_value	control_value	down_minus_passive	-0.3813929386642858
sub-05	FC_beta_series	dlPFC_IFJ_L_vmPFC_control_value	control_value	regulation_mean_minus_passive	-0.08529717100062252
sub-05	FC_beta_series	dlPFC_IFJ_L_vmPFC_control_value	control_value	up_minus_down	0.5921915353273265
sub-05	FC_beta_series	dlPFC_IFJ_L_vmPFC_control_value	control_value	up_minus_passive	0.21079859666304057
sub-05	FC_beta_series	dlPFC_IFJ_L_vmPFC_control_value	control_value	z_down	-0.09741736871198674
sub-05	FC_beta_series	dlPFC_IFJ_L_vmPFC_control_value	control_value	z_passive	0.28397556995229906
sub-05	FC_beta_series	dlPFC_IFJ_L_vmPFC_control_value	control_value	z_up	0.49477416661533963
sub-05	FC_beta_series	pgACC_rACC_PAG_descending	descending_modulation	down_minus_passive	-0.4117078353482388
sub-05	FC_beta_series	pgACC_rACC_PAG_descending	descending_modulation	regulation_mean_minus_passive	-0.0950085573851861
sub-05	FC_beta_series	pgACC_rACC_PAG_descending	descending_modulation	up_minus_down	0.6333985559261053
sub-05	FC_beta_series	pgACC_rACC_PAG_descending	descending_modulation	up_minus_passive	0.2216907205778665
sub-05	FC_beta_series	pgACC_rACC_PAG_descending	descending_modulation	z_down	-0.4264948254584979
sub-05	FC_beta_series	pgACC_rACC_PAG_descending	descending_modulation	z_passive	-0.014786990110259
sub-05	FC_beta_series	pgACC_rACC_PAG_descending	descending_modulation	z_up	0.2069037304676074
sub-05	FC_beta_series	sensory_thalamus_S1_S2_insula	sensory_interoceptive	down_minus_passive	0.08590645522130054
sub-05	FC_beta_series	sensory_thalamus_S1_S2_insula	sensory_interoceptive	regulation_mean_minus_passive	0.12343133747497889
sub-05	FC_beta_series	sensory_thalamus_S1_S2_insula	sensory_interoceptive	up_minus_down	0.07504976450735672
sub-05	FC_beta_series	sensory_thalamus_S1_S2_insula	sensory_interoceptive	up_minus_passive	0.16095621972865726
sub-05	FC_beta_series	sensory_thalamus_S1_S2_insula	sensory_interoceptive	z_down	0.20410370563292135
sub-05	FC_beta_series	sensory_thalamus_S1_S2_insula	sensory_interoceptive	z_passive	0.11819725041162081
sub-05	FC_beta_series	sensory_thalamus_S1_S2_insula	sensory_interoceptive	z_up	0.279153470140278
sub-06	FC_beta_series	NAc_vmPFC_value	value_regulation	down_minus_passive	-0.14794590327901153
sub-06	FC_beta_series	NAc_vmPFC_value	value_regulation	regulation_mean_minus_passive	-0.1376252554067736
sub-06	FC_beta_series	NAc_vmPFC_value	value_regulation	up_minus_down	0.020641295744475974
sub-06	FC_beta_series	NAc_vmPFC_value	value_regulation	up_minus_passive	-0.12730460753453557
sub-06	FC_beta_series	NAc_vmPFC_value	value_regulation	z_down	-0.00793556439331374
sub-06	FC_beta_series	NAc_vmPFC_value	value_regulation	z_passive	0.14001033888569772
sub-06	FC_beta_series	NAc_vmPFC_value	value_regulation	z_up	0.012705731351162186
sub-06	FC_beta_series	aINS_dACC_MCC_salience	salience_interoception	down_minus_passive	-0.8795571827440632
sub-06	FC_beta_series	aINS_dACC_MCC_salience	salience_interoception	regulation_mean_minus_passive	-0.5456384672310813
sub-06	FC_beta_series	aINS_dACC_MCC_salience	salience_interoception	up_minus_down	0.6678374310259637
sub-06	FC_beta_series	aINS_dACC_MCC_salience	salience_interoception	up_minus_passive	-0.21171975171809954
sub-06	FC_beta_series	aINS_dACC_MCC_salience	salience_interoception	z_down	-0.41785098664208603
sub-06	FC_beta_series	aINS_dACC_MCC_salience	salience_interoception	z_passive	0.4617061961019772
sub-06	FC_beta_series	aINS_dACC_MCC_salience	salience_interoception	z_up	0.24998644438387765
sub-06	FC_beta_series	dlPFC_IFJ_L_vmPFC_control_value	control_value	down_minus_passive	0.19791798641717695
sub-06	FC_beta_series	dlPFC_IFJ_L_vmPFC_control_value	control_value	regulation_mean_minus_passive	0.2324985573278645
sub-06	FC_beta_series	dlPFC_IFJ_L_vmPFC_control_value	control_value	up_minus_down	0.06916114182137503
sub-06	FC_beta_series	dlPFC_IFJ_L_vmPFC_control_value	control_value	up_minus_passive	0.26707912823855207
sub-06	FC_beta_series	dlPFC_IFJ_L_vmPFC_control_value	control_value	z_down	0.19352346112575095
sub-06	FC_beta_series	dlPFC_IFJ_L_vmPFC_control_value	control_value	z_passive	-0.004394525291426
sub-06	FC_beta_series	dlPFC_IFJ_L_vmPFC_control_value	control_value	z_up	0.262684602947126
sub-06	FC_beta_series	pgACC_rACC_PAG_descending	descending_modulation	down_minus_passive	-0.2241919319813289
sub-06	FC_beta_series	pgACC_rACC_PAG_descending	descending_modulation	regulation_mean_minus_passive	0.1156676900397334
sub-06	FC_beta_series	pgACC_rACC_PAG_descending	descending_modulation	up_minus_down	0.6797192440421249
sub-06	FC_beta_series	pgACC_rACC_PAG_descending	descending_modulation	up_minus_passive	0.4555273120607959
sub-06	FC_beta_series	pgACC_rACC_PAG_descending	descending_modulation	z_down	-0.3851446549831075
sub-06	FC_beta_series	pgACC_rACC_PAG_descending	descending_modulation	z_passive	-0.1609527230017785
sub-06	FC_beta_series	pgACC_rACC_PAG_descending	descending_modulation	z_up	0.2945745890590173
sub-06	FC_beta_series	sensory_thalamus_S1_S2_insula	sensory_interoceptive	down_minus_passive	-0.29844860153538494
sub-06	FC_beta_series	sensory_thalamus_S1_S2_insula	sensory_interoceptive	regulation_mean_minus_passive	-0.18113952973717876
sub-06	FC_beta_series	sensory_thalamus_S1_S2_insula	sensory_interoceptive	up_minus_down	0.2346181435964123
sub-06	FC_beta_series	sensory_thalamus_S1_S2_insula	sensory_interoceptive	up_minus_passive	-0.06383045793897263
sub-06	FC_beta_series	sensory_thalamus_S1_S2_insula	sensory_interoceptive	z_down	-0.05929320107395613
sub-06	FC_beta_series	sensory_thalamus_S1_S2_insula	sensory_interoceptive	z_passive	0.23915540046142877
sub-06	FC_beta_series	sensory_thalamus_S1_S2_insula	sensory_interoceptive	z_up	0.17532494252245617
sub-07	FC_beta_series	NAc_vmPFC_value	value_regulation	down_minus_passive	0.4122112054904747
sub-07	FC_beta_series	NAc_vmPFC_value	value_regulation	regulation_mean_minus_passive	0.1700357810549424
sub-07	FC_beta_series	NAc_vmPFC_value	value_regulation	up_minus_down	-0.48435084887106444
sub-07	FC_beta_series	NAc_vmPFC_value	value_regulation	up_minus_passive	-0.07213964338058979
sub-07	FC_beta_series	NAc_vmPFC_value	value_regulation	z_down	0.7671076089604547
sub-07	FC_beta_series	NAc_vmPFC_value	value_regulation	z_passive	0.35489640346997997
sub-07	FC_beta_series	NAc_vmPFC_value	value_regulation	z_up	0.28275676008939016
sub-07	FC_beta_series	aINS_dACC_MCC_salience	salience_interoception	down_minus_passive	-0.3644866396728435
sub-07	FC_beta_series	aINS_dACC_MCC_salience	salience_interoception	regulation_mean_minus_passive	-0.22078418585339846
sub-07	FC_beta_series	aINS_dACC_MCC_salience	salience_interoception	up_minus_down	0.2874049076388901
sub-07	FC_beta_series	aINS_dACC_MCC_salience	salience_interoception	up_minus_passive	-0.07708173203395344
sub-07	FC_beta_series	aINS_dACC_MCC_salience	salience_interoception	z_down	0.39721101579662865
sub-07	FC_beta_series	aINS_dACC_MCC_salience	salience_interoception	z_passive	0.7616976554694722
sub-07	FC_beta_series	aINS_dACC_MCC_salience	salience_interoception	z_up	0.6846159234355188
sub-07	FC_beta_series	dlPFC_IFJ_L_vmPFC_control_value	control_value	down_minus_passive	-0.004659933146407211
sub-07	FC_beta_series	dlPFC_IFJ_L_vmPFC_control_value	control_value	regulation_mean_minus_passive	0.12601920721287044
sub-07	FC_beta_series	dlPFC_IFJ_L_vmPFC_control_value	control_value	up_minus_down	0.26135828071855544
sub-07	FC_beta_series	dlPFC_IFJ_L_vmPFC_control_value	control_value	up_minus_passive	0.2566983475721482
sub-07	FC_beta_series	dlPFC_IFJ_L_vmPFC_control_value	control_value	z_down	0.427355154296154
sub-07	FC_beta_series	dlPFC_IFJ_L_vmPFC_control_value	control_value	z_passive	0.43201508744256123
sub-07	FC_beta_series	dlPFC_IFJ_L_vmPFC_control_value	control_value	z_up	0.6887134350147095
sub-07	FC_beta_series	pgACC_rACC_PAG_descending	descending_modulation	down_minus_passive	-0.6685343659221442
sub-07	FC_beta_series	pgACC_rACC_PAG_descending	descending_modulation	regulation_mean_minus_passive	-0.4397730716305704
sub-07	FC_beta_series	pgACC_rACC_PAG_descending	descending_modulation	up_minus_down	0.4575225885831477
sub-07	FC_beta_series	pgACC_rACC_PAG_descending	descending_modulation	up_minus_passive	-0.2110117773389965
sub-07	FC_beta_series	pgACC_rACC_PAG_descending	descending_modulation	z_down	-0.447377327482956
sub-07	FC_beta_series	pgACC_rACC_PAG_descending	descending_modulation	z_passive	0.2211570384391882
sub-07	FC_beta_series	pgACC_rACC_PAG_descending	descending_modulation	z_up	0.0101452611001917
sub-07	FC_beta_series	sensory_thalamus_S1_S2_insula	sensory_interoceptive	down_minus_passive	0.06362366259872143
sub-07	FC_beta_series	sensory_thalamus_S1_S2_insula	sensory_interoceptive	regulation_mean_minus_passive	0.04209818403859407
sub-07	FC_beta_series	sensory_thalamus_S1_S2_insula	sensory_interoceptive	up_minus_down	-0.04305095712025471
sub-07	FC_beta_series	sensory_thalamus_S1_S2_insula	sensory_interoceptive	up_minus_passive	0.020572705478466714
sub-07	FC_beta_series	sensory_thalamus_S1_S2_insula	sensory_interoceptive	z_down	0.3106757819521564
sub-07	FC_beta_series	sensory_thalamus_S1_S2_insula	sensory_interoceptive	z_passive	0.24705211935343502
sub-07	FC_beta_series	sensory_thalamus_S1_S2_insula	sensory_interoceptive	z_up	0.26762482483190175
sub-08	FC_beta_series	NAc_vmPFC_value	value_regulation	down_minus_passive	-0.07155616394552648
sub-08	FC_beta_series	NAc_vmPFC_value	value_regulation	regulation_mean_minus_passive	-0.12598135898021157
sub-08	FC_beta_series	NAc_vmPFC_value	value_regulation	up_minus_down	-0.10885039006937013
sub-08	FC_beta_series	NAc_vmPFC_value	value_regulation	up_minus_passive	-0.18040655401489658
sub-08	FC_beta_series	NAc_vmPFC_value	value_regulation	z_down	0.18811329990652634
sub-08	FC_beta_series	NAc_vmPFC_value	value_regulation	z_passive	0.2596694638520528
sub-08	FC_beta_series	NAc_vmPFC_value	value_regulation	z_up	0.07926290983715616
sub-08	FC_beta_series	aINS_dACC_MCC_salience	salience_interoception	down_minus_passive	0.29430893588751494
sub-08	FC_beta_series	aINS_dACC_MCC_salience	salience_interoception	regulation_mean_minus_passive	0.18548056179748518
sub-08	FC_beta_series	aINS_dACC_MCC_salience	salience_interoception	up_minus_down	-0.2176567481800595
sub-08	FC_beta_series	aINS_dACC_MCC_salience	salience_interoception	up_minus_passive	0.0766521877074554
sub-08	FC_beta_series	aINS_dACC_MCC_salience	salience_interoception	z_down	0.664816458344327
sub-08	FC_beta_series	aINS_dACC_MCC_salience	salience_interoception	z_passive	0.3705075224568121
sub-08	FC_beta_series	aINS_dACC_MCC_salience	salience_interoception	z_up	0.4471597101642675
sub-08	FC_beta_series	dlPFC_IFJ_L_vmPFC_control_value	control_value	down_minus_passive	-0.008822875690000925
sub-08	FC_beta_series	dlPFC_IFJ_L_vmPFC_control_value	control_value	regulation_mean_minus_passive	-0.30561438077608877
sub-08	FC_beta_series	dlPFC_IFJ_L_vmPFC_control_value	control_value	up_minus_down	-0.5935830101721757
sub-08	FC_beta_series	dlPFC_IFJ_L_vmPFC_control_value	control_value	up_minus_passive	-0.6024058858621767
sub-08	FC_beta_series	dlPFC_IFJ_L_vmPFC_control_value	control_value	z_down	0.10102627490022349
sub-08	FC_beta_series	dlPFC_IFJ_L_vmPFC_control_value	control_value	z_passive	0.10984915059022439
sub-08	FC_beta_series	dlPFC_IFJ_L_vmPFC_control_value	control_value	z_up	-0.4925567352719524
sub-08	FC_beta_series	pgACC_rACC_PAG_descending	descending_modulation	down_minus_passive	-0.3249074361892734
sub-08	FC_beta_series	pgACC_rACC_PAG_descending	descending_modulation	regulation_mean_minus_passive	-0.1883559449088858
sub-08	FC_beta_series	pgACC_rACC_PAG_descending	descending_modulation	up_minus_down	0.2731029825607752
sub-08	FC_beta_series	pgACC_rACC_PAG_descending	descending_modulation	up_minus_passive	-0.0518044536284981
sub-08	FC_beta_series	pgACC_rACC_PAG_descending	descending_modulation	z_down	-0.3315668420106848
sub-08	FC_beta_series	pgACC_rACC_PAG_descending	descending_modulation	z_passive	-0.0066594058214114
sub-08	FC_beta_series	pgACC_rACC_PAG_descending	descending_modulation	z_up	-0.0584638594499095
sub-08	FC_beta_series	sensory_thalamus_S1_S2_insula	sensory_interoceptive	down_minus_passive	0.21995990620755582
sub-08	FC_beta_series	sensory_thalamus_S1_S2_insula	sensory_interoceptive	regulation_mean_minus_passive	0.10838453674923683
sub-08	FC_beta_series	sensory_thalamus_S1_S2_insula	sensory_interoceptive	up_minus_down	-0.22315073891663798
sub-08	FC_beta_series	sensory_thalamus_S1_S2_insula	sensory_interoceptive	up_minus_passive	-0.0031908327090821513
sub-08	FC_beta_series	sensory_thalamus_S1_S2_insula	sensory_interoceptive	z_down	0.34553361282628253
sub-08	FC_beta_series	sensory_thalamus_S1_S2_insula	sensory_interoceptive	z_passive	0.12557370661872674
sub-08	FC_beta_series	sensory_thalamus_S1_S2_insula	sensory_interoceptive	z_up	0.12238287390964461
sub-09	FC_beta_series	NAc_vmPFC_value	value_regulation	down_minus_passive	0.03278415748810839
sub-09	FC_beta_series	NAc_vmPFC_value	value_regulation	regulation_mean_minus_passive	-0.03618499413798917
sub-09	FC_beta_series	NAc_vmPFC_value	value_regulation	up_minus_down	-0.13793830325219514
sub-09	FC_beta_series	NAc_vmPFC_value	value_regulation	up_minus_passive	-0.10515414576408676
sub-09	FC_beta_series	NAc_vmPFC_value	value_regulation	z_down	0.3215346527947593
sub-09	FC_beta_series	NAc_vmPFC_value	value_regulation	z_passive	0.2887504953066509
sub-09	FC_beta_series	NAc_vmPFC_value	value_regulation	z_up	0.18359634954256424
sub-09	FC_beta_series	aINS_dACC_MCC_salience	salience_interoception	down_minus_passive	0.3349532736189978
sub-09	FC_beta_series	aINS_dACC_MCC_salience	salience_interoception	regulation_mean_minus_passive	0.2809589328007865
sub-09	FC_beta_series	aINS_dACC_MCC_salience	salience_interoception	up_minus_down	-0.10798868163642251
sub-09	FC_beta_series	aINS_dACC_MCC_salience	salience_interoception	up_minus_passive	0.22696459198257535
sub-09	FC_beta_series	aINS_dACC_MCC_salience	salience_interoception	z_down	0.5234290009042547
sub-09	FC_beta_series	aINS_dACC_MCC_salience	salience_interoception	z_passive	0.18847572728525694
sub-09	FC_beta_series	aINS_dACC_MCC_salience	salience_interoception	z_up	0.41544031926783226
sub-09	FC_beta_series	dlPFC_IFJ_L_vmPFC_control_value	control_value	down_minus_passive	0.19027549784579947
sub-09	FC_beta_series	dlPFC_IFJ_L_vmPFC_control_value	control_value	regulation_mean_minus_passive	-0.07477840412655563
sub-09	FC_beta_series	dlPFC_IFJ_L_vmPFC_control_value	control_value	up_minus_down	-0.5301078039447105
sub-09	FC_beta_series	dlPFC_IFJ_L_vmPFC_control_value	control_value	up_minus_passive	-0.33983230609891085
sub-09	FC_beta_series	dlPFC_IFJ_L_vmPFC_control_value	control_value	z_down	0.39600492037939666
sub-09	FC_beta_series	dlPFC_IFJ_L_vmPFC_control_value	control_value	z_passive	0.20572942253359713
sub-09	FC_beta_series	dlPFC_IFJ_L_vmPFC_control_value	control_value	z_up	-0.13410288356531366
sub-09	FC_beta_series	pgACC_rACC_PAG_descending	descending_modulation	down_minus_passive	-0.2601332468011472
sub-09	FC_beta_series	pgACC_rACC_PAG_descending	descending_modulation	regulation_mean_minus_passive	-0.0746293852191818
sub-09	FC_beta_series	pgACC_rACC_PAG_descending	descending_modulation	up_minus_down	0.3710077231639306
sub-09	FC_beta_series	pgACC_rACC_PAG_descending	descending_modulation	up_minus_passive	0.1108744763627834
sub-09	FC_beta_series	pgACC_rACC_PAG_descending	descending_modulation	z_down	-0.2781149110392043
sub-09	FC_beta_series	pgACC_rACC_PAG_descending	descending_modulation	z_passive	-0.0179816642380571
sub-09	FC_beta_series	pgACC_rACC_PAG_descending	descending_modulation	z_up	0.0928928121247263
sub-09	FC_beta_series	sensory_thalamus_S1_S2_insula	sensory_interoceptive	down_minus_passive	0.16857396183500242
sub-09	FC_beta_series	sensory_thalamus_S1_S2_insula	sensory_interoceptive	regulation_mean_minus_passive	-0.029403428373075875
sub-09	FC_beta_series	sensory_thalamus_S1_S2_insula	sensory_interoceptive	up_minus_down	-0.39595478041615656
sub-09	FC_beta_series	sensory_thalamus_S1_S2_insula	sensory_interoceptive	up_minus_passive	-0.22738081858115416
sub-09	FC_beta_series	sensory_thalamus_S1_S2_insula	sensory_interoceptive	z_down	0.3402651566417389
sub-09	FC_beta_series	sensory_thalamus_S1_S2_insula	sensory_interoceptive	z_passive	0.17169119480673642
sub-09	FC_beta_series	sensory_thalamus_S1_S2_insula	sensory_interoceptive	z_up	-0.0556896237744177
sub-10	FC_beta_series	NAc_vmPFC_value	value_regulation	down_minus_passive	-0.7265356508391254
sub-10	FC_beta_series	NAc_vmPFC_value	value_regulation	regulation_mean_minus_passive	-0.13215156804353764
sub-10	FC_beta_series	NAc_vmPFC_value	value_regulation	up_minus_down	1.1887681655911757
sub-10	FC_beta_series	NAc_vmPFC_value	value_regulation	up_minus_passive	0.46223251475205007
sub-10	FC_beta_series	NAc_vmPFC_value	value_regulation	z_down	-0.6508456460889609
sub-10	FC_beta_series	NAc_vmPFC_value	value_regulation	z_passive	0.07569000475016453
sub-10	FC_beta_series	NAc_vmPFC_value	value_regulation	z_up	0.5379225195022146
sub-10	FC_beta_series	aINS_dACC_MCC_salience	salience_interoception	down_minus_passive	0.44631970660447445
sub-10	FC_beta_series	aINS_dACC_MCC_salience	salience_interoception	regulation_mean_minus_passive	0.49352301294508627
sub-10	FC_beta_series	aINS_dACC_MCC_salience	salience_interoception	up_minus_down	0.09440661268122374
sub-10	FC_beta_series	aINS_dACC_MCC_salience	salience_interoception	up_minus_passive	0.5407263192856981
sub-10	FC_beta_series	aINS_dACC_MCC_salience	salience_interoception	z_down	0.7920256478736762
sub-10	FC_beta_series	aINS_dACC_MCC_salience	salience_interoception	z_passive	0.3457059412692018
sub-10	FC_beta_series	aINS_dACC_MCC_salience	salience_interoception	z_up	0.8864322605549
sub-10	FC_beta_series	dlPFC_IFJ_L_vmPFC_control_value	control_value	down_minus_passive	0.2442177548263332
sub-10	FC_beta_series	dlPFC_IFJ_L_vmPFC_control_value	control_value	regulation_mean_minus_passive	0.3188393344625018
sub-10	FC_beta_series	dlPFC_IFJ_L_vmPFC_control_value	control_value	up_minus_down	0.14924315927233722
sub-10	FC_beta_series	dlPFC_IFJ_L_vmPFC_control_value	control_value	up_minus_passive	0.3934609140986704
sub-10	FC_beta_series	dlPFC_IFJ_L_vmPFC_control_value	control_value	z_down	0.1679076054226624
sub-10	FC_beta_series	dlPFC_IFJ_L_vmPFC_control_value	control_value	z_passive	-0.0763101494036707
sub-10	FC_beta_series	dlPFC_IFJ_L_vmPFC_control_value	control_value	z_up	0.3171507646949996
sub-10	FC_beta_series	pgACC_rACC_PAG_descending	descending_modulation	down_minus_passive	-0.5663661817723669
sub-10	FC_beta_series	pgACC_rACC_PAG_descending	descending_modulation	regulation_mean_minus_passive	-0.6813413512434351
sub-10	FC_beta_series	pgACC_rACC_PAG_descending	descending_modulation	up_minus_down	-0.2299503389421364
sub-10	FC_beta_series	pgACC_rACC_PAG_descending	descending_modulation	up_minus_passive	-0.7963165207145033
sub-10	FC_beta_series	pgACC_rACC_PAG_descending	descending_modulation	z_down	-0.3440171958782181
sub-10	FC_beta_series	pgACC_rACC_PAG_descending	descending_modulation	z_passive	0.2223489858941487
sub-10	FC_beta_series	pgACC_rACC_PAG_descending	descending_modulation	z_up	-0.5739675348203546
sub-10	FC_beta_series	sensory_thalamus_S1_S2_insula	sensory_interoceptive	down_minus_passive	-0.15227545543541646
sub-10	FC_beta_series	sensory_thalamus_S1_S2_insula	sensory_interoceptive	regulation_mean_minus_passive	-0.14979981281949112
sub-10	FC_beta_series	sensory_thalamus_S1_S2_insula	sensory_interoceptive	up_minus_down	0.004951285231850716
sub-10	FC_beta_series	sensory_thalamus_S1_S2_insula	sensory_interoceptive	up_minus_passive	-0.14732417020356578
sub-10	FC_beta_series	sensory_thalamus_S1_S2_insula	sensory_interoceptive	z_down	-0.15979062295421617
sub-10	FC_beta_series	sensory_thalamus_S1_S2_insula	sensory_interoceptive	z_passive	-0.007515167518799692
sub-10	FC_beta_series	sensory_thalamus_S1_S2_insula	sensory_interoceptive	z_up	-0.15483933772236547
sub-11	FC_beta_series	NAc_vmPFC_value	value_regulation	down_minus_passive	-0.3115746602182091
sub-11	FC_beta_series	NAc_vmPFC_value	value_regulation	regulation_mean_minus_passive	-0.07853031575863285
sub-11	FC_beta_series	NAc_vmPFC_value	value_regulation	up_minus_down	0.46608868891915245
sub-11	FC_beta_series	NAc_vmPFC_value	value_regulation	up_minus_passive	0.15451402870094336
sub-11	FC_beta_series	NAc_vmPFC_value	value_regulation	z_down	-0.16768940380997718
sub-11	FC_beta_series	NAc_vmPFC_value	value_regulation	z_passive	0.14388525640823194
sub-11	FC_beta_series	NAc_vmPFC_value	value_regulation	z_up	0.2983992851091753
sub-11	FC_beta_series	aINS_dACC_MCC_salience	salience_interoception	down_minus_passive	-0.10669896009273412
sub-11	FC_beta_series	aINS_dACC_MCC_salience	salience_interoception	regulation_mean_minus_passive	-0.3336788450237576
sub-11	FC_beta_series	aINS_dACC_MCC_salience	salience_interoception	up_minus_down	-0.45395976986204706
sub-11	FC_beta_series	aINS_dACC_MCC_salience	salience_interoception	up_minus_passive	-0.5606587299547812
sub-11	FC_beta_series	aINS_dACC_MCC_salience	salience_interoception	z_down	0.6111375974890182
sub-11	FC_beta_series	aINS_dACC_MCC_salience	salience_interoception	z_passive	0.7178365575817521
sub-11	FC_beta_series	aINS_dACC_MCC_salience	salience_interoception	z_up	0.15717782762697097
sub-11	FC_beta_series	dlPFC_IFJ_L_vmPFC_control_value	control_value	down_minus_passive	0.019736102388125034
sub-11	FC_beta_series	dlPFC_IFJ_L_vmPFC_control_value	control_value	regulation_mean_minus_passive	0.1452890620537555
sub-11	FC_beta_series	dlPFC_IFJ_L_vmPFC_control_value	control_value	up_minus_down	0.251105919331261
sub-11	FC_beta_series	dlPFC_IFJ_L_vmPFC_control_value	control_value	up_minus_passive	0.270842021719386
sub-11	FC_beta_series	dlPFC_IFJ_L_vmPFC_control_value	control_value	z_down	0.529557896638369
sub-11	FC_beta_series	dlPFC_IFJ_L_vmPFC_control_value	control_value	z_passive	0.5098217942502441
sub-11	FC_beta_series	dlPFC_IFJ_L_vmPFC_control_value	control_value	z_up	0.7806638159696301
sub-11	FC_beta_series	pgACC_rACC_PAG_descending	descending_modulation	down_minus_passive	-0.795610968750301
sub-11	FC_beta_series	pgACC_rACC_PAG_descending	descending_modulation	regulation_mean_minus_passive	-0.6322234260724866
sub-11	FC_beta_series	pgACC_rACC_PAG_descending	descending_modulation	up_minus_down	0.3267750853556287
sub-11	FC_beta_series	pgACC_rACC_PAG_descending	descending_modulation	up_minus_passive	-0.4688358833946723
sub-11	FC_beta_series	pgACC_rACC_PAG_descending	descending_modulation	z_down	-0.6018359009817564
sub-11	FC_beta_series	pgACC_rACC_PAG_descending	descending_modulation	z_passive	0.1937750677685445
sub-11	FC_beta_series	pgACC_rACC_PAG_descending	descending_modulation	z_up	-0.2750608156261277
sub-11	FC_beta_series	sensory_thalamus_S1_S2_insula	sensory_interoceptive	down_minus_passive	-0.5807673984127303
sub-11	FC_beta_series	sensory_thalamus_S1_S2_insula	sensory_interoceptive	regulation_mean_minus_passive	-0.49638756301787473
sub-11	FC_beta_series	sensory_thalamus_S1_S2_insula	sensory_interoceptive	up_minus_down	0.16875967078971124
sub-11	FC_beta_series	sensory_thalamus_S1_S2_insula	sensory_interoceptive	up_minus_passive	-0.41200772762301907
sub-11	FC_beta_series	sensory_thalamus_S1_S2_insula	sensory_interoceptive	z_down	-0.31770633013915595
sub-11	FC_beta_series	sensory_thalamus_S1_S2_insula	sensory_interoceptive	z_passive	0.2630610682735744
sub-11	FC_beta_series	sensory_thalamus_S1_S2_insula	sensory_interoceptive	z_up	-0.14894665934944473
sub-12	FC_beta_series	NAc_vmPFC_value	value_regulation	down_minus_passive	0.15895607403083825
sub-12	FC_beta_series	NAc_vmPFC_value	value_regulation	regulation_mean_minus_passive	0.5455878786666847
sub-12	FC_beta_series	NAc_vmPFC_value	value_regulation	up_minus_down	0.7732636092716927
sub-12	FC_beta_series	NAc_vmPFC_value	value_regulation	up_minus_passive	0.932219683302531
sub-12	FC_beta_series	NAc_vmPFC_value	value_regulation	z_down	0.05709571214750885
sub-12	FC_beta_series	NAc_vmPFC_value	value_regulation	z_passive	-0.10186036188332932
sub-12	FC_beta_series	NAc_vmPFC_value	value_regulation	z_up	0.8303593214192017
sub-12	FC_beta_series	aINS_dACC_MCC_salience	salience_interoception	down_minus_passive	-0.08941786294689236
sub-12	FC_beta_series	aINS_dACC_MCC_salience	salience_interoception	regulation_mean_minus_passive	0.21945672224542337
sub-12	FC_beta_series	aINS_dACC_MCC_salience	salience_interoception	up_minus_down	0.6177491703846315
sub-12	FC_beta_series	aINS_dACC_MCC_salience	salience_interoception	up_minus_passive	0.528331307437739
sub-12	FC_beta_series	aINS_dACC_MCC_salience	salience_interoception	z_down	0.026372296139125968
sub-12	FC_beta_series	aINS_dACC_MCC_salience	salience_interoception	z_passive	0.11579015908601831
sub-12	FC_beta_series	aINS_dACC_MCC_salience	salience_interoception	z_up	0.6441214665237575
sub-12	FC_beta_series	dlPFC_IFJ_L_vmPFC_control_value	control_value	down_minus_passive	-0.03304919317884903
sub-12	FC_beta_series	dlPFC_IFJ_L_vmPFC_control_value	control_value	regulation_mean_minus_passive	0.3351159275914201
sub-12	FC_beta_series	dlPFC_IFJ_L_vmPFC_control_value	control_value	up_minus_down	0.7363302415405385
sub-12	FC_beta_series	dlPFC_IFJ_L_vmPFC_control_value	control_value	up_minus_passive	0.7032810483616894
sub-12	FC_beta_series	dlPFC_IFJ_L_vmPFC_control_value	control_value	z_down	0.07281398577824466
sub-12	FC_beta_series	dlPFC_IFJ_L_vmPFC_control_value	control_value	z_passive	0.10586317895709374
sub-12	FC_beta_series	dlPFC_IFJ_L_vmPFC_control_value	control_value	z_up	0.8091442273187832
sub-12	FC_beta_series	pgACC_rACC_PAG_descending	descending_modulation	down_minus_passive	-0.1092119775751823
sub-12	FC_beta_series	pgACC_rACC_PAG_descending	descending_modulation	regulation_mean_minus_passive	-0.1333337215342808
sub-12	FC_beta_series	pgACC_rACC_PAG_descending	descending_modulation	up_minus_down	-0.048243487918197
sub-12	FC_beta_series	pgACC_rACC_PAG_descending	descending_modulation	up_minus_passive	-0.1574554654933793
sub-12	FC_beta_series	pgACC_rACC_PAG_descending	descending_modulation	z_down	0.0235159043540895
sub-12	FC_beta_series	pgACC_rACC_PAG_descending	descending_modulation	z_passive	0.1327278819292719
sub-12	FC_beta_series	pgACC_rACC_PAG_descending	descending_modulation	z_up	-0.0247275835641074
sub-12	FC_beta_series	sensory_thalamus_S1_S2_insula	sensory_interoceptive	down_minus_passive	0.03238038268589372
sub-12	FC_beta_series	sensory_thalamus_S1_S2_insula	sensory_interoceptive	regulation_mean_minus_passive	0.14054005273820003
sub-12	FC_beta_series	sensory_thalamus_S1_S2_insula	sensory_interoceptive	up_minus_down	0.21631934010461265
sub-12	FC_beta_series	sensory_thalamus_S1_S2_insula	sensory_interoceptive	up_minus_passive	0.24869972279050634
sub-12	FC_beta_series	sensory_thalamus_S1_S2_insula	sensory_interoceptive	z_down	-0.007551597256542826
sub-12	FC_beta_series	sensory_thalamus_S1_S2_insula	sensory_interoceptive	z_passive	-0.03993197994243653
sub-12	FC_beta_series	sensory_thalamus_S1_S2_insula	sensory_interoceptive	z_up	0.20876774284806981
sub-13	FC_beta_series	NAc_vmPFC_value	value_regulation	down_minus_passive	-0.3561754107500779
sub-13	FC_beta_series	NAc_vmPFC_value	value_regulation	regulation_mean_minus_passive	-0.27527824817595153
sub-13	FC_beta_series	NAc_vmPFC_value	value_regulation	up_minus_down	0.16179432514825273
sub-13	FC_beta_series	NAc_vmPFC_value	value_regulation	up_minus_passive	-0.19438108560182518
sub-13	FC_beta_series	NAc_vmPFC_value	value_regulation	z_down	-0.23154449662133278
sub-13	FC_beta_series	NAc_vmPFC_value	value_regulation	z_passive	0.12463091412874512
sub-13	FC_beta_series	NAc_vmPFC_value	value_regulation	z_up	-0.06975017147308003
sub-13	FC_beta_series	aINS_dACC_MCC_salience	salience_interoception	down_minus_passive	-0.04934310118284643
sub-13	FC_beta_series	aINS_dACC_MCC_salience	salience_interoception	regulation_mean_minus_passive	0.32367332384800535
sub-13	FC_beta_series	aINS_dACC_MCC_salience	salience_interoception	up_minus_down	0.7460328500617036
sub-13	FC_beta_series	aINS_dACC_MCC_salience	salience_interoception	up_minus_passive	0.6966897488788572
sub-13	FC_beta_series	aINS_dACC_MCC_salience	salience_interoception	z_down	0.031106080425238214
sub-13	FC_beta_series	aINS_dACC_MCC_salience	salience_interoception	z_passive	0.08044918160808458
sub-13	FC_beta_series	aINS_dACC_MCC_salience	salience_interoception	z_up	0.7771389304869417
sub-13	FC_beta_series	dlPFC_IFJ_L_vmPFC_control_value	control_value	down_minus_passive	-0.16536876159293604
sub-13	FC_beta_series	dlPFC_IFJ_L_vmPFC_control_value	control_value	regulation_mean_minus_passive	0.24901326719719238
sub-13	FC_beta_series	dlPFC_IFJ_L_vmPFC_control_value	control_value	up_minus_down	0.828764057580257
sub-13	FC_beta_series	dlPFC_IFJ_L_vmPFC_control_value	control_value	up_minus_passive	0.6633952959873208
sub-13	FC_beta_series	dlPFC_IFJ_L_vmPFC_control_value	control_value	z_down	-0.07977362728802649
sub-13	FC_beta_series	dlPFC_IFJ_L_vmPFC_control_value	control_value	z_passive	0.0855951343049095
sub-13	FC_beta_series	dlPFC_IFJ_L_vmPFC_control_value	control_value	z_up	0.7489904302922303
sub-13	FC_beta_series	pgACC_rACC_PAG_descending	descending_modulation	down_minus_passive	-0.3641674938029418
sub-13	FC_beta_series	pgACC_rACC_PAG_descending	descending_modulation	regulation_mean_minus_passive	-0.2840259174284388
sub-13	FC_beta_series	pgACC_rACC_PAG_descending	descending_modulation	up_minus_down	0.1602831527490058
sub-13	FC_beta_series	pgACC_rACC_PAG_descending	descending_modulation	up_minus_passive	-0.2038843410539359
sub-13	FC_beta_series	pgACC_rACC_PAG_descending	descending_modulation	z_down	-0.3455196549564553
sub-13	FC_beta_series	pgACC_rACC_PAG_descending	descending_modulation	z_passive	0.0186478388464864
sub-13	FC_beta_series	pgACC_rACC_PAG_descending	descending_modulation	z_up	-0.1852365022074495
sub-13	FC_beta_series	sensory_thalamus_S1_S2_insula	sensory_interoceptive	down_minus_passive	-0.1217935269483579
sub-13	FC_beta_series	sensory_thalamus_S1_S2_insula	sensory_interoceptive	regulation_mean_minus_passive	-0.07971502425330934
sub-13	FC_beta_series	sensory_thalamus_S1_S2_insula	sensory_interoceptive	up_minus_down	0.08415700539009713
sub-13	FC_beta_series	sensory_thalamus_S1_S2_insula	sensory_interoceptive	up_minus_passive	-0.03763652155826078
sub-13	FC_beta_series	sensory_thalamus_S1_S2_insula	sensory_interoceptive	z_down	-0.12003499590960762
sub-13	FC_beta_series	sensory_thalamus_S1_S2_insula	sensory_interoceptive	z_passive	0.0017585310387503226
sub-13	FC_beta_series	sensory_thalamus_S1_S2_insula	sensory_interoceptive	z_up	-0.03587799051951047
sub-14	FC_beta_series	NAc_vmPFC_value	value_regulation	down_minus_passive	-0.16694504101540328
sub-14	FC_beta_series	NAc_vmPFC_value	value_regulation	regulation_mean_minus_passive	0.30184793305208363
sub-14	FC_beta_series	NAc_vmPFC_value	value_regulation	up_minus_down	0.9375859481349739
sub-14	FC_beta_series	NAc_vmPFC_value	value_regulation	up_minus_passive	0.7706409071195707
sub-14	FC_beta_series	NAc_vmPFC_value	value_regulation	z_down	0.0009973041249939178
sub-14	FC_beta_series	NAc_vmPFC_value	value_regulation	z_passive	0.1679423451403972
sub-14	FC_beta_series	NAc_vmPFC_value	value_regulation	z_up	0.9385832522599679
sub-14	FC_beta_series	aINS_dACC_MCC_salience	salience_interoception	down_minus_passive	0.15257999401401548
sub-14	FC_beta_series	aINS_dACC_MCC_salience	salience_interoception	regulation_mean_minus_passive	-0.2392803703329138
sub-14	FC_beta_series	aINS_dACC_MCC_salience	salience_interoception	up_minus_down	-0.7837207286938587
sub-14	FC_beta_series	aINS_dACC_MCC_salience	salience_interoception	up_minus_passive	-0.6311407346798431
sub-14	FC_beta_series	aINS_dACC_MCC_salience	salience_interoception	z_down	0.6148602714957946
sub-14	FC_beta_series	aINS_dACC_MCC_salience	salience_interoception	z_passive	0.4622802774817791
sub-14	FC_beta_series	aINS_dACC_MCC_salience	salience_interoception	z_up	-0.16886045719806397
sub-14	FC_beta_series	dlPFC_IFJ_L_vmPFC_control_value	control_value	down_minus_passive	-0.3394167881017982
sub-14	FC_beta_series	dlPFC_IFJ_L_vmPFC_control_value	control_value	regulation_mean_minus_passive	-0.2622636874259713
sub-14	FC_beta_series	dlPFC_IFJ_L_vmPFC_control_value	control_value	up_minus_down	0.15430620135165388
sub-14	FC_beta_series	dlPFC_IFJ_L_vmPFC_control_value	control_value	up_minus_passive	-0.18511058675014433
sub-14	FC_beta_series	dlPFC_IFJ_L_vmPFC_control_value	control_value	z_down	-0.44774665869639124
sub-14	FC_beta_series	dlPFC_IFJ_L_vmPFC_control_value	control_value	z_passive	-0.10832987059459294
sub-14	FC_beta_series	dlPFC_IFJ_L_vmPFC_control_value	control_value	z_up	-0.2934404573447373
sub-14	FC_beta_series	pgACC_rACC_PAG_descending	descending_modulation	down_minus_passive	-1.1204538418166374
sub-14	FC_beta_series	pgACC_rACC_PAG_descending	descending_modulation	regulation_mean_minus_passive	-0.3605847857288432
sub-14	FC_beta_series	pgACC_rACC_PAG_descending	descending_modulation	up_minus_down	1.5197381121755884
sub-14	FC_beta_series	pgACC_rACC_PAG_descending	descending_modulation	up_minus_passive	0.399284270358951
sub-14	FC_beta_series	pgACC_rACC_PAG_descending	descending_modulation	z_down	-1.2032103879737508
sub-14	FC_beta_series	pgACC_rACC_PAG_descending	descending_modulation	z_passive	-0.0827565461571133
sub-14	FC_beta_series	pgACC_rACC_PAG_descending	descending_modulation	z_up	0.3165277242018375
sub-14	FC_beta_series	sensory_thalamus_S1_S2_insula	sensory_interoceptive	down_minus_passive	0.07459248949570675
sub-14	FC_beta_series	sensory_thalamus_S1_S2_insula	sensory_interoceptive	regulation_mean_minus_passive	-0.025548925175003782
sub-14	FC_beta_series	sensory_thalamus_S1_S2_insula	sensory_interoceptive	up_minus_down	-0.20028282934142103
sub-14	FC_beta_series	sensory_thalamus_S1_S2_insula	sensory_interoceptive	up_minus_passive	-0.1256903398457143
sub-14	FC_beta_series	sensory_thalamus_S1_S2_insula	sensory_interoceptive	z_down	0.2519685460830786
sub-14	FC_beta_series	sensory_thalamus_S1_S2_insula	sensory_interoceptive	z_passive	0.17737605658737182
sub-14	FC_beta_series	sensory_thalamus_S1_S2_insula	sensory_interoceptive	z_up	0.051685716741657534
sub-15	FC_beta_series	NAc_vmPFC_value	value_regulation	down_minus_passive	0.15593362833778895
sub-15	FC_beta_series	NAc_vmPFC_value	value_regulation	regulation_mean_minus_passive	0.5081422150803684
sub-15	FC_beta_series	NAc_vmPFC_value	value_regulation	up_minus_down	0.7044171734851589
sub-15	FC_beta_series	NAc_vmPFC_value	value_regulation	up_minus_passive	0.8603508018229479
sub-15	FC_beta_series	NAc_vmPFC_value	value_regulation	z_down	0.1422256156587786
sub-15	FC_beta_series	NAc_vmPFC_value	value_regulation	z_passive	-0.013708012679010298
sub-15	FC_beta_series	NAc_vmPFC_value	value_regulation	z_up	0.8466427891439374
sub-15	FC_beta_series	aINS_dACC_MCC_salience	salience_interoception	down_minus_passive	0.014629389827287564
sub-15	FC_beta_series	aINS_dACC_MCC_salience	salience_interoception	regulation_mean_minus_passive	0.1424381739482886
sub-15	FC_beta_series	aINS_dACC_MCC_salience	salience_interoception	up_minus_down	0.25561756824200205
sub-15	FC_beta_series	aINS_dACC_MCC_salience	salience_interoception	up_minus_passive	0.2702469580692896
sub-15	FC_beta_series	aINS_dACC_MCC_salience	salience_interoception	z_down	0.4000915708917065
sub-15	FC_beta_series	aINS_dACC_MCC_salience	salience_interoception	z_passive	0.38546218106441893
sub-15	FC_beta_series	aINS_dACC_MCC_salience	salience_interoception	z_up	0.6557091391337085
sub-15	FC_beta_series	dlPFC_IFJ_L_vmPFC_control_value	control_value	down_minus_passive	-0.28238076851039123
sub-15	FC_beta_series	dlPFC_IFJ_L_vmPFC_control_value	control_value	regulation_mean_minus_passive	0.0505030086391312
sub-15	FC_beta_series	dlPFC_IFJ_L_vmPFC_control_value	control_value	up_minus_down	0.6657675542990452
sub-15	FC_beta_series	dlPFC_IFJ_L_vmPFC_control_value	control_value	up_minus_passive	0.38338678578865387
sub-15	FC_beta_series	dlPFC_IFJ_L_vmPFC_control_value	control_value	z_down	-0.15119292100481
sub-15	FC_beta_series	dlPFC_IFJ_L_vmPFC_control_value	control_value	z_passive	0.13118784750558124
sub-15	FC_beta_series	dlPFC_IFJ_L_vmPFC_control_value	control_value	z_up	0.5145746332942353
sub-15	FC_beta_series	pgACC_rACC_PAG_descending	descending_modulation	down_minus_passive	0.4318830357242774
sub-15	FC_beta_series	pgACC_rACC_PAG_descending	descending_modulation	regulation_mean_minus_passive	0.4927730512358288
sub-15	FC_beta_series	pgACC_rACC_PAG_descending	descending_modulation	up_minus_down	0.1217800310231029
sub-15	FC_beta_series	pgACC_rACC_PAG_descending	descending_modulation	up_minus_passive	0.5536630667473803
sub-15	FC_beta_series	pgACC_rACC_PAG_descending	descending_modulation	z_down	0.3105190169160189
sub-15	FC_beta_series	pgACC_rACC_PAG_descending	descending_modulation	z_passive	-0.1213640188082584
sub-15	FC_beta_series	pgACC_rACC_PAG_descending	descending_modulation	z_up	0.4322990479391219
sub-15	FC_beta_series	sensory_thalamus_S1_S2_insula	sensory_interoceptive	down_minus_passive	-0.3852410858867969
sub-15	FC_beta_series	sensory_thalamus_S1_S2_insula	sensory_interoceptive	regulation_mean_minus_passive	-0.14860956914365353
sub-15	FC_beta_series	sensory_thalamus_S1_S2_insula	sensory_interoceptive	up_minus_down	0.4732630334862867
sub-15	FC_beta_series	sensory_thalamus_S1_S2_insula	sensory_interoceptive	up_minus_passive	0.0880219475994898
sub-15	FC_beta_series	sensory_thalamus_S1_S2_insula	sensory_interoceptive	z_down	-0.2576064496251201
sub-15	FC_beta_series	sensory_thalamus_S1_S2_insula	sensory_interoceptive	z_passive	0.12763463626167676
sub-15	FC_beta_series	sensory_thalamus_S1_S2_insula	sensory_interoceptive	z_up	0.21565658386116657
sub-16	FC_beta_series	NAc_vmPFC_value	value_regulation	down_minus_passive	0.24954122899182676
sub-16	FC_beta_series	NAc_vmPFC_value	value_regulation	regulation_mean_minus_passive	0.1983569215581998
sub-16	FC_beta_series	NAc_vmPFC_value	value_regulation	up_minus_down	-0.10236861486725396
sub-16	FC_beta_series	NAc_vmPFC_value	value_regulation	up_minus_passive	0.14717261412457286
sub-16	FC_beta_series	NAc_vmPFC_value	value_regulation	z_down	0.2701360026377795
sub-16	FC_beta_series	NAc_vmPFC_value	value_regulation	z_passive	0.020594773645952733
sub-16	FC_beta_series	NAc_vmPFC_value	value_regulation	z_up	0.1677673877705255
sub-16	FC_beta_series	aINS_dACC_MCC_salience	salience_interoception	down_minus_passive	-0.4477977821672597
sub-16	FC_beta_series	aINS_dACC_MCC_salience	salience_interoception	regulation_mean_minus_passive	-0.2464271446482094
sub-16	FC_beta_series	aINS_dACC_MCC_salience	salience_interoception	up_minus_down	0.40274127503810053
sub-16	FC_beta_series	aINS_dACC_MCC_salience	salience_interoception	up_minus_passive	-0.04505650712915913
sub-16	FC_beta_series	aINS_dACC_MCC_salience	salience_interoception	z_down	-0.10295849765138122
sub-16	FC_beta_series	aINS_dACC_MCC_salience	salience_interoception	z_passive	0.34483928451587836
sub-16	FC_beta_series	aINS_dACC_MCC_salience	salience_interoception	z_up	0.2997827773867192
sub-16	FC_beta_series	dlPFC_IFJ_L_vmPFC_control_value	control_value	down_minus_passive	-0.007928940739145898
sub-16	FC_beta_series	dlPFC_IFJ_L_vmPFC_control_value	control_value	regulation_mean_minus_passive	-0.22960962606193935
sub-16	FC_beta_series	dlPFC_IFJ_L_vmPFC_control_value	control_value	up_minus_down	-0.44336137064558695
sub-16	FC_beta_series	dlPFC_IFJ_L_vmPFC_control_value	control_value	up_minus_passive	-0.45129031138473286
sub-16	FC_beta_series	dlPFC_IFJ_L_vmPFC_control_value	control_value	z_down	0.3679158746662112
sub-16	FC_beta_series	dlPFC_IFJ_L_vmPFC_control_value	control_value	z_passive	0.375844815405357
sub-16	FC_beta_series	dlPFC_IFJ_L_vmPFC_control_value	control_value	z_up	-0.07544549597937573
sub-16	FC_beta_series	pgACC_rACC_PAG_descending	descending_modulation	down_minus_passive	-0.1031704804873823
sub-16	FC_beta_series	pgACC_rACC_PAG_descending	descending_modulation	regulation_mean_minus_passive	-0.5413248534965328
sub-16	FC_beta_series	pgACC_rACC_PAG_descending	descending_modulation	up_minus_down	-0.8763087460183009
sub-16	FC_beta_series	pgACC_rACC_PAG_descending	descending_modulation	up_minus_passive	-0.9794792265056832
sub-16	FC_beta_series	pgACC_rACC_PAG_descending	descending_modulation	z_down	0.3063194107038909
sub-16	FC_beta_series	pgACC_rACC_PAG_descending	descending_modulation	z_passive	0.4094898911912732
sub-16	FC_beta_series	pgACC_rACC_PAG_descending	descending_modulation	z_up	-0.56998933531441
sub-16	FC_beta_series	sensory_thalamus_S1_S2_insula	sensory_interoceptive	down_minus_passive	0.008626387274442137
sub-16	FC_beta_series	sensory_thalamus_S1_S2_insula	sensory_interoceptive	regulation_mean_minus_passive	-0.12470515617894257
sub-16	FC_beta_series	sensory_thalamus_S1_S2_insula	sensory_interoceptive	up_minus_down	-0.26666308690676943
sub-16	FC_beta_series	sensory_thalamus_S1_S2_insula	sensory_interoceptive	up_minus_passive	-0.2580366996323273
sub-16	FC_beta_series	sensory_thalamus_S1_S2_insula	sensory_interoceptive	z_down	0.026661386869257616
sub-16	FC_beta_series	sensory_thalamus_S1_S2_insula	sensory_interoceptive	z_passive	0.018034999594815488
sub-16	FC_beta_series	sensory_thalamus_S1_S2_insula	sensory_interoceptive	z_up	-0.2400017000375118
sub-17	FC_beta_series	NAc_vmPFC_value	value_regulation	down_minus_passive	0.1213641613273256
sub-17	FC_beta_series	NAc_vmPFC_value	value_regulation	regulation_mean_minus_passive	0.1139828948073025
sub-17	FC_beta_series	NAc_vmPFC_value	value_regulation	up_minus_down	-0.014762533040046226
sub-17	FC_beta_series	NAc_vmPFC_value	value_regulation	up_minus_passive	0.10660162828727936
sub-17	FC_beta_series	NAc_vmPFC_value	value_regulation	z_down	0.2697755089795153
sub-17	FC_beta_series	NAc_vmPFC_value	value_regulation	z_passive	0.14841134765218966
sub-17	FC_beta_series	NAc_vmPFC_value	value_regulation	z_up	0.2550129759394691
sub-17	FC_beta_series	aINS_dACC_MCC_salience	salience_interoception	down_minus_passive	-0.06854135060157486
sub-17	FC_beta_series	aINS_dACC_MCC_salience	salience_interoception	regulation_mean_minus_passive	-0.16004748783972106
sub-17	FC_beta_series	aINS_dACC_MCC_salience	salience_interoception	up_minus_down	-0.18301227447629245
sub-17	FC_beta_series	aINS_dACC_MCC_salience	salience_interoception	up_minus_passive	-0.2515536250778673
sub-17	FC_beta_series	aINS_dACC_MCC_salience	salience_interoception	z_down	0.20648259369795133
sub-17	FC_beta_series	aINS_dACC_MCC_salience	salience_interoception	z_passive	0.27502394429952615
sub-17	FC_beta_series	aINS_dACC_MCC_salience	salience_interoception	z_up	0.023470319221658903
sub-17	FC_beta_series	dlPFC_IFJ_L_vmPFC_control_value	control_value	down_minus_passive	-0.37183199988604426
sub-17	FC_beta_series	dlPFC_IFJ_L_vmPFC_control_value	control_value	regulation_mean_minus_passive	-0.6596322636381144
sub-17	FC_beta_series	dlPFC_IFJ_L_vmPFC_control_value	control_value	up_minus_down	-0.5756005275041403
sub-17	FC_beta_series	dlPFC_IFJ_L_vmPFC_control_value	control_value	up_minus_passive	-0.9474325273901845
sub-17	FC_beta_series	dlPFC_IFJ_L_vmPFC_control_value	control_value	z_down	-0.3266541148124507
sub-17	FC_beta_series	dlPFC_IFJ_L_vmPFC_control_value	control_value	z_passive	0.04517788507359353
sub-17	FC_beta_series	dlPFC_IFJ_L_vmPFC_control_value	control_value	z_up	-0.9022546423165911
sub-17	FC_beta_series	pgACC_rACC_PAG_descending	descending_modulation	down_minus_passive	0.4595032615027061
sub-17	FC_beta_series	pgACC_rACC_PAG_descending	descending_modulation	regulation_mean_minus_passive	-0.2333353594987925
sub-17	FC_beta_series	pgACC_rACC_PAG_descending	descending_modulation	up_minus_down	-1.3856772420029972
sub-17	FC_beta_series	pgACC_rACC_PAG_descending	descending_modulation	up_minus_passive	-0.9261739805002912
sub-17	FC_beta_series	pgACC_rACC_PAG_descending	descending_modulation	z_down	0.5496317337452962
sub-17	FC_beta_series	pgACC_rACC_PAG_descending	descending_modulation	z_passive	0.09012847224259
sub-17	FC_beta_series	pgACC_rACC_PAG_descending	descending_modulation	z_up	-0.8360455082577011
sub-17	FC_beta_series	sensory_thalamus_S1_S2_insula	sensory_interoceptive	down_minus_passive	0.28099863031221745
sub-17	FC_beta_series	sensory_thalamus_S1_S2_insula	sensory_interoceptive	regulation_mean_minus_passive	0.11680422027217961
sub-17	FC_beta_series	sensory_thalamus_S1_S2_insula	sensory_interoceptive	up_minus_down	-0.3283888200800755
sub-17	FC_beta_series	sensory_thalamus_S1_S2_insula	sensory_interoceptive	up_minus_passive	-0.04739018976785815
sub-17	FC_beta_series	sensory_thalamus_S1_S2_insula	sensory_interoceptive	z_down	0.286601264030882
sub-17	FC_beta_series	sensory_thalamus_S1_S2_insula	sensory_interoceptive	z_passive	0.005602633718664637
sub-17	FC_beta_series	sensory_thalamus_S1_S2_insula	sensory_interoceptive	z_up	-0.041787556049193514
sub-18	FC_beta_series	NAc_vmPFC_value	value_regulation	down_minus_passive	0.06187436667226098
sub-18	FC_beta_series	NAc_vmPFC_value	value_regulation	regulation_mean_minus_passive	0.3215313721447658
sub-18	FC_beta_series	NAc_vmPFC_value	value_regulation	up_minus_down	0.5193140109450096
sub-18	FC_beta_series	NAc_vmPFC_value	value_regulation	up_minus_passive	0.5811883776172707
sub-18	FC_beta_series	NAc_vmPFC_value	value_regulation	z_down	0.11727307773225658
sub-18	FC_beta_series	NAc_vmPFC_value	value_regulation	z_passive	0.055398711059995616
sub-18	FC_beta_series	NAc_vmPFC_value	value_regulation	z_up	0.6365870886772662
sub-18	FC_beta_series	aINS_dACC_MCC_salience	salience_interoception	down_minus_passive	0.1473464482880056
sub-18	FC_beta_series	aINS_dACC_MCC_salience	salience_interoception	regulation_mean_minus_passive	0.39627489146691436
sub-18	FC_beta_series	aINS_dACC_MCC_salience	salience_interoception	up_minus_down	0.4978568863578175
sub-18	FC_beta_series	aINS_dACC_MCC_salience	salience_interoception	up_minus_passive	0.6452033346458231
sub-18	FC_beta_series	aINS_dACC_MCC_salience	salience_interoception	z_down	0.5127772935605734
sub-18	FC_beta_series	aINS_dACC_MCC_salience	salience_interoception	z_passive	0.36543084527256786
sub-18	FC_beta_series	aINS_dACC_MCC_salience	salience_interoception	z_up	1.010634179918391
sub-18	FC_beta_series	dlPFC_IFJ_L_vmPFC_control_value	control_value	down_minus_passive	-0.3033924539375246
sub-18	FC_beta_series	dlPFC_IFJ_L_vmPFC_control_value	control_value	regulation_mean_minus_passive	-0.0730984561933515
sub-18	FC_beta_series	dlPFC_IFJ_L_vmPFC_control_value	control_value	up_minus_down	0.4605879954883462
sub-18	FC_beta_series	dlPFC_IFJ_L_vmPFC_control_value	control_value	up_minus_passive	0.15719554155082158
sub-18	FC_beta_series	dlPFC_IFJ_L_vmPFC_control_value	control_value	z_down	-0.19575165631528124
sub-18	FC_beta_series	dlPFC_IFJ_L_vmPFC_control_value	control_value	z_passive	0.10764079762224332
sub-18	FC_beta_series	dlPFC_IFJ_L_vmPFC_control_value	control_value	z_up	0.26483633917306487
sub-18	FC_beta_series	pgACC_rACC_PAG_descending	descending_modulation	down_minus_passive	0.6877363247875261
sub-18	FC_beta_series	pgACC_rACC_PAG_descending	descending_modulation	regulation_mean_minus_passive	0.4911542940737393
sub-18	FC_beta_series	pgACC_rACC_PAG_descending	descending_modulation	up_minus_down	-0.3931640614275737
sub-18	FC_beta_series	pgACC_rACC_PAG_descending	descending_modulation	up_minus_passive	0.2945722633599524
sub-18	FC_beta_series	pgACC_rACC_PAG_descending	descending_modulation	z_down	0.4323271521532779
sub-18	FC_beta_series	pgACC_rACC_PAG_descending	descending_modulation	z_passive	-0.2554091726342482
sub-18	FC_beta_series	pgACC_rACC_PAG_descending	descending_modulation	z_up	0.0391630907257042
sub-18	FC_beta_series	sensory_thalamus_S1_S2_insula	sensory_interoceptive	down_minus_passive	0.08694360113568382
sub-18	FC_beta_series	sensory_thalamus_S1_S2_insula	sensory_interoceptive	regulation_mean_minus_passive	0.04033082820045796
sub-18	FC_beta_series	sensory_thalamus_S1_S2_insula	sensory_interoceptive	up_minus_down	-0.0932255458704517
sub-18	FC_beta_series	sensory_thalamus_S1_S2_insula	sensory_interoceptive	up_minus_passive	-0.006281944734767874
sub-18	FC_beta_series	sensory_thalamus_S1_S2_insula	sensory_interoceptive	z_down	0.05279267390085578
sub-18	FC_beta_series	sensory_thalamus_S1_S2_insula	sensory_interoceptive	z_passive	-0.03415092723482805
sub-18	FC_beta_series	sensory_thalamus_S1_S2_insula	sensory_interoceptive	z_up	-0.04043287196959593
sub-19	FC_beta_series	NAc_vmPFC_value	value_regulation	down_minus_passive	0.23938456876647463
sub-19	FC_beta_series	NAc_vmPFC_value	value_regulation	regulation_mean_minus_passive	-0.002636172838203463
sub-19	FC_beta_series	NAc_vmPFC_value	value_regulation	up_minus_down	-0.4840414832093562
sub-19	FC_beta_series	NAc_vmPFC_value	value_regulation	up_minus_passive	-0.24465691444288154
sub-19	FC_beta_series	NAc_vmPFC_value	value_regulation	z_down	0.5688595715585322
sub-19	FC_beta_series	NAc_vmPFC_value	value_regulation	z_passive	0.3294750027920576
sub-19	FC_beta_series	NAc_vmPFC_value	value_regulation	z_up	0.08481808834917604
sub-19	FC_beta_series	aINS_dACC_MCC_salience	salience_interoception	down_minus_passive	0.21675093132997195
sub-19	FC_beta_series	aINS_dACC_MCC_salience	salience_interoception	regulation_mean_minus_passive	0.22596088578920492
sub-19	FC_beta_series	aINS_dACC_MCC_salience	salience_interoception	up_minus_down	0.018419908918465937
sub-19	FC_beta_series	aINS_dACC_MCC_salience	salience_interoception	up_minus_passive	0.2351708402484379
sub-19	FC_beta_series	aINS_dACC_MCC_salience	salience_interoception	z_down	0.36275577908192275
sub-19	FC_beta_series	aINS_dACC_MCC_salience	salience_interoception	z_passive	0.1460048477519507
sub-19	FC_beta_series	aINS_dACC_MCC_salience	salience_interoception	z_up	0.38117568800038865
sub-19	FC_beta_series	dlPFC_IFJ_L_vmPFC_control_value	control_value	down_minus_passive	0.1253466425314049
sub-19	FC_beta_series	dlPFC_IFJ_L_vmPFC_control_value	control_value	regulation_mean_minus_passive	0.14373889955216898
sub-19	FC_beta_series	dlPFC_IFJ_L_vmPFC_control_value	control_value	up_minus_down	0.03678451404152816
sub-19	FC_beta_series	dlPFC_IFJ_L_vmPFC_control_value	control_value	up_minus_passive	0.16213115657293306
sub-19	FC_beta_series	dlPFC_IFJ_L_vmPFC_control_value	control_value	z_down	0.0347412409229833
sub-19	FC_beta_series	dlPFC_IFJ_L_vmPFC_control_value	control_value	z_passive	-0.0906054016084216
sub-19	FC_beta_series	dlPFC_IFJ_L_vmPFC_control_value	control_value	z_up	0.07152575496451144
sub-19	FC_beta_series	pgACC_rACC_PAG_descending	descending_modulation	down_minus_passive	0.2173919079749372
sub-19	FC_beta_series	pgACC_rACC_PAG_descending	descending_modulation	regulation_mean_minus_passive	-0.0342250965875508
sub-19	FC_beta_series	pgACC_rACC_PAG_descending	descending_modulation	up_minus_down	-0.5032340091249762
sub-19	FC_beta_series	pgACC_rACC_PAG_descending	descending_modulation	up_minus_passive	-0.2858421011500389
sub-19	FC_beta_series	pgACC_rACC_PAG_descending	descending_modulation	z_down	0.1563106313635288
sub-19	FC_beta_series	pgACC_rACC_PAG_descending	descending_modulation	z_passive	-0.0610812766114083
sub-19	FC_beta_series	pgACC_rACC_PAG_descending	descending_modulation	z_up	-0.3469233777614473
sub-19	FC_beta_series	sensory_thalamus_S1_S2_insula	sensory_interoceptive	down_minus_passive	0.05665180762525413
sub-19	FC_beta_series	sensory_thalamus_S1_S2_insula	sensory_interoceptive	regulation_mean_minus_passive	0.07056527624567512
sub-19	FC_beta_series	sensory_thalamus_S1_S2_insula	sensory_interoceptive	up_minus_down	0.02782693724084196
sub-19	FC_beta_series	sensory_thalamus_S1_S2_insula	sensory_interoceptive	up_minus_passive	0.0844787448660961
sub-19	FC_beta_series	sensory_thalamus_S1_S2_insula	sensory_interoceptive	z_down	0.18618955702024984
sub-19	FC_beta_series	sensory_thalamus_S1_S2_insula	sensory_interoceptive	z_passive	0.12953774939499568
sub-19	FC_beta_series	sensory_thalamus_S1_S2_insula	sensory_interoceptive	z_up	0.2140164942610918
sub-20	FC_beta_series	NAc_vmPFC_value	value_regulation	down_minus_passive	0.2348825458857439
sub-20	FC_beta_series	NAc_vmPFC_value	value_regulation	regulation_mean_minus_passive	0.018441669216281556
sub-20	FC_beta_series	NAc_vmPFC_value	value_regulation	up_minus_down	-0.43288175333892465
sub-20	FC_beta_series	NAc_vmPFC_value	value_regulation	up_minus_passive	-0.19799920745318078
sub-20	FC_beta_series	NAc_vmPFC_value	value_regulation	z_down	0.46576589470182106
sub-20	FC_beta_series	NAc_vmPFC_value	value_regulation	z_passive	0.2308833488160771
sub-20	FC_beta_series	NAc_vmPFC_value	value_regulation	z_up	0.03288414136289633
sub-20	FC_beta_series	aINS_dACC_MCC_salience	salience_interoception	down_minus_passive	0.34568754660518713
sub-20	FC_beta_series	aINS_dACC_MCC_salience	salience_interoception	regulation_mean_minus_passive	0.04647854995693553
sub-20	FC_beta_series	aINS_dACC_MCC_salience	salience_interoception	up_minus_down	-0.5984179932965032
sub-20	FC_beta_series	aINS_dACC_MCC_salience	salience_interoception	up_minus_passive	-0.25273044669131606
sub-20	FC_beta_series	aINS_dACC_MCC_salience	salience_interoception	z_down	0.6558790836549516
sub-20	FC_beta_series	aINS_dACC_MCC_salience	salience_interoception	z_passive	0.3101915370497645
sub-20	FC_beta_series	aINS_dACC_MCC_salience	salience_interoception	z_up	0.05746109035844845
sub-20	FC_beta_series	dlPFC_IFJ_L_vmPFC_control_value	control_value	down_minus_passive	-0.2883122234682969
sub-20	FC_beta_series	dlPFC_IFJ_L_vmPFC_control_value	control_value	regulation_mean_minus_passive	-0.38971884458735834
sub-20	FC_beta_series	dlPFC_IFJ_L_vmPFC_control_value	control_value	up_minus_down	-0.20281324223812294
sub-20	FC_beta_series	dlPFC_IFJ_L_vmPFC_control_value	control_value	up_minus_passive	-0.4911254657064199
sub-20	FC_beta_series	dlPFC_IFJ_L_vmPFC_control_value	control_value	z_down	0.09445418368384555
sub-20	FC_beta_series	dlPFC_IFJ_L_vmPFC_control_value	control_value	z_passive	0.38276640715214244
sub-20	FC_beta_series	dlPFC_IFJ_L_vmPFC_control_value	control_value	z_up	-0.10835905855427737
sub-20	FC_beta_series	pgACC_rACC_PAG_descending	descending_modulation	down_minus_passive	-0.329994556536532
sub-20	FC_beta_series	pgACC_rACC_PAG_descending	descending_modulation	regulation_mean_minus_passive	-0.1240233944799192
sub-20	FC_beta_series	pgACC_rACC_PAG_descending	descending_modulation	up_minus_down	0.4119423241132255
sub-20	FC_beta_series	pgACC_rACC_PAG_descending	descending_modulation	up_minus_passive	0.0819477675766935
sub-20	FC_beta_series	pgACC_rACC_PAG_descending	descending_modulation	z_down	-0.2825919479576832
sub-20	FC_beta_series	pgACC_rACC_PAG_descending	descending_modulation	z_passive	0.0474026085788488
sub-20	FC_beta_series	pgACC_rACC_PAG_descending	descending_modulation	z_up	0.1293503761555423
sub-20	FC_beta_series	sensory_thalamus_S1_S2_insula	sensory_interoceptive	down_minus_passive	0.09276233508499128
sub-20	FC_beta_series	sensory_thalamus_S1_S2_insula	sensory_interoceptive	regulation_mean_minus_passive	-0.005973772448734624
sub-20	FC_beta_series	sensory_thalamus_S1_S2_insula	sensory_interoceptive	up_minus_down	-0.1974722150674518
sub-20	FC_beta_series	sensory_thalamus_S1_S2_insula	sensory_interoceptive	up_minus_passive	-0.10470987998246055
sub-20	FC_beta_series	sensory_thalamus_S1_S2_insula	sensory_interoceptive	z_down	0.33549846628948626
sub-20	FC_beta_series	sensory_thalamus_S1_S2_insula	sensory_interoceptive	z_passive	0.24273613120449494
sub-20	FC_beta_series	sensory_thalamus_S1_S2_insula	sensory_interoceptive	z_up	0.13802625122203444
sub-21	FC_beta_series	NAc_vmPFC_value	value_regulation	down_minus_passive	-0.1345059610213989
sub-21	FC_beta_series	NAc_vmPFC_value	value_regulation	regulation_mean_minus_passive	-0.02897376752947609
sub-21	FC_beta_series	NAc_vmPFC_value	value_regulation	up_minus_down	0.21106438698384553
sub-21	FC_beta_series	NAc_vmPFC_value	value_regulation	up_minus_passive	0.07655842596244664
sub-21	FC_beta_series	NAc_vmPFC_value	value_regulation	z_down	-0.07794076577878857
sub-21	FC_beta_series	NAc_vmPFC_value	value_regulation	z_passive	0.05656519524261031
sub-21	FC_beta_series	NAc_vmPFC_value	value_regulation	z_up	0.13312362120505697
sub-21	FC_beta_series	aINS_dACC_MCC_salience	salience_interoception	down_minus_passive	-0.39381272351944885
sub-21	FC_beta_series	aINS_dACC_MCC_salience	salience_interoception	regulation_mean_minus_passive	-0.28236721784472424
sub-21	FC_beta_series	aINS_dACC_MCC_salience	salience_interoception	up_minus_down	0.22289101134944925
sub-21	FC_beta_series	aINS_dACC_MCC_salience	salience_interoception	up_minus_passive	-0.1709217121699996
sub-21	FC_beta_series	aINS_dACC_MCC_salience	salience_interoception	z_down	-0.1362617783702504
sub-21	FC_beta_series	aINS_dACC_MCC_salience	salience_interoception	z_passive	0.2575509451491984
sub-21	FC_beta_series	aINS_dACC_MCC_salience	salience_interoception	z_up	0.08662923297919882
sub-21	FC_beta_series	dlPFC_IFJ_L_vmPFC_control_value	control_value	down_minus_passive	0.18869181086124642
sub-21	FC_beta_series	dlPFC_IFJ_L_vmPFC_control_value	control_value	regulation_mean_minus_passive	0.03203444583323153
sub-21	FC_beta_series	dlPFC_IFJ_L_vmPFC_control_value	control_value	up_minus_down	-0.3133147300560299
sub-21	FC_beta_series	dlPFC_IFJ_L_vmPFC_control_value	control_value	up_minus_passive	-0.12462291919478337
sub-21	FC_beta_series	dlPFC_IFJ_L_vmPFC_control_value	control_value	z_down	0.42513601202864426
sub-21	FC_beta_series	dlPFC_IFJ_L_vmPFC_control_value	control_value	z_passive	0.23644420116739776
sub-21	FC_beta_series	dlPFC_IFJ_L_vmPFC_control_value	control_value	z_up	0.11182128197261443
sub-21	FC_beta_series	pgACC_rACC_PAG_descending	descending_modulation	down_minus_passive	0.3460835350071277
sub-21	FC_beta_series	pgACC_rACC_PAG_descending	descending_modulation	regulation_mean_minus_passive	0.0829335113418833
sub-21	FC_beta_series	pgACC_rACC_PAG_descending	descending_modulation	up_minus_down	-0.5263000473304886
sub-21	FC_beta_series	pgACC_rACC_PAG_descending	descending_modulation	up_minus_passive	-0.1802165123233609
sub-21	FC_beta_series	pgACC_rACC_PAG_descending	descending_modulation	z_down	0.66809898450261
sub-21	FC_beta_series	pgACC_rACC_PAG_descending	descending_modulation	z_passive	0.3220154494954823
sub-21	FC_beta_series	pgACC_rACC_PAG_descending	descending_modulation	z_up	0.1417989371721214
sub-21	FC_beta_series	sensory_thalamus_S1_S2_insula	sensory_interoceptive	down_minus_passive	-0.08428225525113922
sub-21	FC_beta_series	sensory_thalamus_S1_S2_insula	sensory_interoceptive	regulation_mean_minus_passive	-0.06700940174848609
sub-21	FC_beta_series	sensory_thalamus_S1_S2_insula	sensory_interoceptive	up_minus_down	0.03454570700530624
sub-21	FC_beta_series	sensory_thalamus_S1_S2_insula	sensory_interoceptive	up_minus_passive	-0.049736548245832984
sub-21	FC_beta_series	sensory_thalamus_S1_S2_insula	sensory_interoceptive	z_down	-0.05182050363814747
sub-21	FC_beta_series	sensory_thalamus_S1_S2_insula	sensory_interoceptive	z_passive	0.032461751612991765
sub-21	FC_beta_series	sensory_thalamus_S1_S2_insula	sensory_interoceptive	z_up	-0.017274796632841222
sub-22	FC_beta_series	NAc_vmPFC_value	value_regulation	down_minus_passive	-0.04696608496512861
sub-22	FC_beta_series	NAc_vmPFC_value	value_regulation	regulation_mean_minus_passive	0.011694186669157636
sub-22	FC_beta_series	NAc_vmPFC_value	value_regulation	up_minus_down	0.11732054326857248
sub-22	FC_beta_series	NAc_vmPFC_value	value_regulation	up_minus_passive	0.07035445830344382
sub-22	FC_beta_series	NAc_vmPFC_value	value_regulation	z_down	0.06146219313515731
sub-22	FC_beta_series	NAc_vmPFC_value	value_regulation	z_passive	0.1084282781002859
sub-22	FC_beta_series	NAc_vmPFC_value	value_regulation	z_up	0.17878273640372974
sub-22	FC_beta_series	aINS_dACC_MCC_salience	salience_interoception	down_minus_passive	0.33973410394074044
sub-22	FC_beta_series	aINS_dACC_MCC_salience	salience_interoception	regulation_mean_minus_passive	0.30098719023014164
sub-22	FC_beta_series	aINS_dACC_MCC_salience	salience_interoception	up_minus_down	-0.07749382742119765
sub-22	FC_beta_series	aINS_dACC_MCC_salience	salience_interoception	up_minus_passive	0.26224027651954285
sub-22	FC_beta_series	aINS_dACC_MCC_salience	salience_interoception	z_down	0.6383344999185373
sub-22	FC_beta_series	aINS_dACC_MCC_salience	salience_interoception	z_passive	0.29860039597779686
sub-22	FC_beta_series	aINS_dACC_MCC_salience	salience_interoception	z_up	0.5608406724973397
sub-22	FC_beta_series	dlPFC_IFJ_L_vmPFC_control_value	control_value	down_minus_passive	-1.0008102589465053
sub-22	FC_beta_series	dlPFC_IFJ_L_vmPFC_control_value	control_value	regulation_mean_minus_passive	-0.46988433845722577
sub-22	FC_beta_series	dlPFC_IFJ_L_vmPFC_control_value	control_value	up_minus_down	1.061851840978559
sub-22	FC_beta_series	dlPFC_IFJ_L_vmPFC_control_value	control_value	up_minus_passive	0.06104158203205373
sub-22	FC_beta_series	dlPFC_IFJ_L_vmPFC_control_value	control_value	z_down	-0.42398407573176566
sub-22	FC_beta_series	dlPFC_IFJ_L_vmPFC_control_value	control_value	z_passive	0.5768261832147396
sub-22	FC_beta_series	dlPFC_IFJ_L_vmPFC_control_value	control_value	z_up	0.6378677652467933
sub-22	FC_beta_series	pgACC_rACC_PAG_descending	descending_modulation	down_minus_passive	-0.4293249428329785
sub-22	FC_beta_series	pgACC_rACC_PAG_descending	descending_modulation	regulation_mean_minus_passive	-0.3359171543061687
sub-22	FC_beta_series	pgACC_rACC_PAG_descending	descending_modulation	up_minus_down	0.1868155770536196
sub-22	FC_beta_series	pgACC_rACC_PAG_descending	descending_modulation	up_minus_passive	-0.2425093657793589
sub-22	FC_beta_series	pgACC_rACC_PAG_descending	descending_modulation	z_down	-0.4095706314122471
sub-22	FC_beta_series	pgACC_rACC_PAG_descending	descending_modulation	z_passive	0.0197543114207313
sub-22	FC_beta_series	pgACC_rACC_PAG_descending	descending_modulation	z_up	-0.2227550543586275
sub-22	FC_beta_series	sensory_thalamus_S1_S2_insula	sensory_interoceptive	down_minus_passive	-0.09990081044118661
sub-22	FC_beta_series	sensory_thalamus_S1_S2_insula	sensory_interoceptive	regulation_mean_minus_passive	-0.09323326172895967
sub-22	FC_beta_series	sensory_thalamus_S1_S2_insula	sensory_interoceptive	up_minus_down	0.013335097424453882
sub-22	FC_beta_series	sensory_thalamus_S1_S2_insula	sensory_interoceptive	up_minus_passive	-0.08656571301673273
sub-22	FC_beta_series	sensory_thalamus_S1_S2_insula	sensory_interoceptive	z_down	0.09379183075103566
sub-22	FC_beta_series	sensory_thalamus_S1_S2_insula	sensory_interoceptive	z_passive	0.19369264119222226
sub-22	FC_beta_series	sensory_thalamus_S1_S2_insula	sensory_interoceptive	z_up	0.10712692817548956
sub-23	FC_beta_series	NAc_vmPFC_value	value_regulation	down_minus_passive	-0.11916200611931954
sub-23	FC_beta_series	NAc_vmPFC_value	value_regulation	regulation_mean_minus_passive	-0.24392985779494925
sub-23	FC_beta_series	NAc_vmPFC_value	value_regulation	up_minus_down	-0.24953570335125952
sub-23	FC_beta_series	NAc_vmPFC_value	value_regulation	up_minus_passive	-0.368697709470579
sub-23	FC_beta_series	NAc_vmPFC_value	value_regulation	z_down	0.04687187291641871
sub-23	FC_beta_series	NAc_vmPFC_value	value_regulation	z_passive	0.16603387903573824
sub-23	FC_beta_series	NAc_vmPFC_value	value_regulation	z_up	-0.2026638304348408
sub-23	FC_beta_series	aINS_dACC_MCC_salience	salience_interoception	down_minus_passive	0.1985011927639935
sub-23	FC_beta_series	aINS_dACC_MCC_salience	salience_interoception	regulation_mean_minus_passive	0.3060372948853675
sub-23	FC_beta_series	aINS_dACC_MCC_salience	salience_interoception	up_minus_down	0.215072204242748
sub-23	FC_beta_series	aINS_dACC_MCC_salience	salience_interoception	up_minus_passive	0.4135733970067415
sub-23	FC_beta_series	aINS_dACC_MCC_salience	salience_interoception	z_down	0.3216472448622198
sub-23	FC_beta_series	aINS_dACC_MCC_salience	salience_interoception	z_passive	0.12314605209822628
sub-23	FC_beta_series	aINS_dACC_MCC_salience	salience_interoception	z_up	0.5367194491049679
sub-23	FC_beta_series	dlPFC_IFJ_L_vmPFC_control_value	control_value	down_minus_passive	0.5083175639772937
sub-23	FC_beta_series	dlPFC_IFJ_L_vmPFC_control_value	control_value	regulation_mean_minus_passive	0.043845087473171764
sub-23	FC_beta_series	dlPFC_IFJ_L_vmPFC_control_value	control_value	up_minus_down	-0.9289449530082439
sub-23	FC_beta_series	dlPFC_IFJ_L_vmPFC_control_value	control_value	up_minus_passive	-0.42062738903095015
sub-23	FC_beta_series	dlPFC_IFJ_L_vmPFC_control_value	control_value	z_down	0.4555334519819025
sub-23	FC_beta_series	dlPFC_IFJ_L_vmPFC_control_value	control_value	z_passive	-0.05278411199539116
sub-23	FC_beta_series	dlPFC_IFJ_L_vmPFC_control_value	control_value	z_up	-0.47341150102634133
sub-23	FC_beta_series	pgACC_rACC_PAG_descending	descending_modulation	down_minus_passive	0.493348153590338
sub-23	FC_beta_series	pgACC_rACC_PAG_descending	descending_modulation	regulation_mean_minus_passive	0.6179801045575204
sub-23	FC_beta_series	pgACC_rACC_PAG_descending	descending_modulation	up_minus_down	0.2492639019343648
sub-23	FC_beta_series	pgACC_rACC_PAG_descending	descending_modulation	up_minus_passive	0.7426120555247029
sub-23	FC_beta_series	pgACC_rACC_PAG_descending	descending_modulation	z_down	0.3467463838919113
sub-23	FC_beta_series	pgACC_rACC_PAG_descending	descending_modulation	z_passive	-0.1466017696984267
sub-23	FC_beta_series	pgACC_rACC_PAG_descending	descending_modulation	z_up	0.5960102858262761
sub-23	FC_beta_series	sensory_thalamus_S1_S2_insula	sensory_interoceptive	down_minus_passive	-0.2516629669569401
sub-23	FC_beta_series	sensory_thalamus_S1_S2_insula	sensory_interoceptive	regulation_mean_minus_passive	-0.06021238128466399
sub-23	FC_beta_series	sensory_thalamus_S1_S2_insula	sensory_interoceptive	up_minus_down	0.3829011713445522
sub-23	FC_beta_series	sensory_thalamus_S1_S2_insula	sensory_interoceptive	up_minus_passive	0.13123820438761208
sub-23	FC_beta_series	sensory_thalamus_S1_S2_insula	sensory_interoceptive	z_down	-0.12300405474918155
sub-23	FC_beta_series	sensory_thalamus_S1_S2_insula	sensory_interoceptive	z_passive	0.12865891220775852
sub-23	FC_beta_series	sensory_thalamus_S1_S2_insula	sensory_interoceptive	z_up	0.2598971165953706
sub-24	FC_beta_series	NAc_vmPFC_value	value_regulation	down_minus_passive	-0.32952225906738414
sub-24	FC_beta_series	NAc_vmPFC_value	value_regulation	regulation_mean_minus_passive	-0.23784035915428672
sub-24	FC_beta_series	NAc_vmPFC_value	value_regulation	up_minus_down	0.1833637998261949
sub-24	FC_beta_series	NAc_vmPFC_value	value_regulation	up_minus_passive	-0.14615845924118928
sub-24	FC_beta_series	NAc_vmPFC_value	value_regulation	z_down	-0.2364641916587765
sub-24	FC_beta_series	NAc_vmPFC_value	value_regulation	z_passive	0.09305806740860767
sub-24	FC_beta_series	NAc_vmPFC_value	value_regulation	z_up	-0.053100391832581584
sub-24	FC_beta_series	aINS_dACC_MCC_salience	salience_interoception	down_minus_passive	0.5984099697982033
sub-24	FC_beta_series	aINS_dACC_MCC_salience	salience_interoception	regulation_mean_minus_passive	0.030433848618981296
sub-24	FC_beta_series	aINS_dACC_MCC_salience	salience_interoception	up_minus_down	-1.1359522423584438
sub-24	FC_beta_series	aINS_dACC_MCC_salience	salience_interoception	up_minus_passive	-0.5375422725602407
sub-24	FC_beta_series	aINS_dACC_MCC_salience	salience_interoception	z_down	0.8597437497293314
sub-24	FC_beta_series	aINS_dACC_MCC_salience	salience_interoception	z_passive	0.26133377993112816
sub-24	FC_beta_series	aINS_dACC_MCC_salience	salience_interoception	z_up	-0.27620849262911246
sub-24	FC_beta_series	dlPFC_IFJ_L_vmPFC_control_value	control_value	down_minus_passive	-0.5969465227081555
sub-24	FC_beta_series	dlPFC_IFJ_L_vmPFC_control_value	control_value	regulation_mean_minus_passive	-0.34429342595275575
sub-24	FC_beta_series	dlPFC_IFJ_L_vmPFC_control_value	control_value	up_minus_down	0.5053061935107995
sub-24	FC_beta_series	dlPFC_IFJ_L_vmPFC_control_value	control_value	up_minus_passive	-0.09164032919735603
sub-24	FC_beta_series	dlPFC_IFJ_L_vmPFC_control_value	control_value	z_down	-0.26863170163626404
sub-24	FC_beta_series	dlPFC_IFJ_L_vmPFC_control_value	control_value	z_passive	0.3283148210718915
sub-24	FC_beta_series	dlPFC_IFJ_L_vmPFC_control_value	control_value	z_up	0.2366744918745355
sub-24	FC_beta_series	pgACC_rACC_PAG_descending	descending_modulation	down_minus_passive	0.3724902451375508
sub-24	FC_beta_series	pgACC_rACC_PAG_descending	descending_modulation	regulation_mean_minus_passive	0.3727324904870941
sub-24	FC_beta_series	pgACC_rACC_PAG_descending	descending_modulation	up_minus_down	0.0004844906990867
sub-24	FC_beta_series	pgACC_rACC_PAG_descending	descending_modulation	up_minus_passive	0.3729747358366375
sub-24	FC_beta_series	pgACC_rACC_PAG_descending	descending_modulation	z_down	0.2272236805087867
sub-24	FC_beta_series	pgACC_rACC_PAG_descending	descending_modulation	z_passive	-0.145266564628764
sub-24	FC_beta_series	pgACC_rACC_PAG_descending	descending_modulation	z_up	0.2277081712078735
sub-24	FC_beta_series	sensory_thalamus_S1_S2_insula	sensory_interoceptive	down_minus_passive	0.20792360123073578
sub-24	FC_beta_series	sensory_thalamus_S1_S2_insula	sensory_interoceptive	regulation_mean_minus_passive	0.12107078952457119
sub-24	FC_beta_series	sensory_thalamus_S1_S2_insula	sensory_interoceptive	up_minus_down	-0.17370562341232917
sub-24	FC_beta_series	sensory_thalamus_S1_S2_insula	sensory_interoceptive	up_minus_passive	0.03421797781840657
sub-24	FC_beta_series	sensory_thalamus_S1_S2_insula	sensory_interoceptive	z_down	0.29812995203946424
sub-24	FC_beta_series	sensory_thalamus_S1_S2_insula	sensory_interoceptive	z_passive	0.09020635080872842
sub-24	FC_beta_series	sensory_thalamus_S1_S2_insula	sensory_interoceptive	z_up	0.12442432862713501
sub-25	FC_beta_series	NAc_vmPFC_value	value_regulation	down_minus_passive	0.16617400284562403
sub-25	FC_beta_series	NAc_vmPFC_value	value_regulation	regulation_mean_minus_passive	0.2880702923351868
sub-25	FC_beta_series	NAc_vmPFC_value	value_regulation	up_minus_down	0.24379257897912546
sub-25	FC_beta_series	NAc_vmPFC_value	value_regulation	up_minus_passive	0.40996658182474954
sub-25	FC_beta_series	NAc_vmPFC_value	value_regulation	z_down	0.0330691170089679
sub-25	FC_beta_series	NAc_vmPFC_value	value_regulation	z_passive	-0.13310488583665614
sub-25	FC_beta_series	NAc_vmPFC_value	value_regulation	z_up	0.27686169598809335
sub-25	FC_beta_series	aINS_dACC_MCC_salience	salience_interoception	down_minus_passive	1.223695798154662
sub-25	FC_beta_series	aINS_dACC_MCC_salience	salience_interoception	regulation_mean_minus_passive	0.5471312172119285
sub-25	FC_beta_series	aINS_dACC_MCC_salience	salience_interoception	up_minus_down	-1.3531291618854666
sub-25	FC_beta_series	aINS_dACC_MCC_salience	salience_interoception	up_minus_passive	-0.12943336373080475
sub-25	FC_beta_series	aINS_dACC_MCC_salience	salience_interoception	z_down	1.5108223914755718
sub-25	FC_beta_series	aINS_dACC_MCC_salience	salience_interoception	z_passive	0.2871265933209099
sub-25	FC_beta_series	aINS_dACC_MCC_salience	salience_interoception	z_up	0.1576932295901051
sub-25	FC_beta_series	dlPFC_IFJ_L_vmPFC_control_value	control_value	down_minus_passive	0.12826203842657033
sub-25	FC_beta_series	dlPFC_IFJ_L_vmPFC_control_value	control_value	regulation_mean_minus_passive	0.06179198528931109
sub-25	FC_beta_series	dlPFC_IFJ_L_vmPFC_control_value	control_value	up_minus_down	-0.13294010627451847
sub-25	FC_beta_series	dlPFC_IFJ_L_vmPFC_control_value	control_value	up_minus_passive	-0.004678067847948136
sub-25	FC_beta_series	dlPFC_IFJ_L_vmPFC_control_value	control_value	z_down	-0.032463035743037
sub-25	FC_beta_series	dlPFC_IFJ_L_vmPFC_control_value	control_value	z_passive	-0.1607250741696073
sub-25	FC_beta_series	dlPFC_IFJ_L_vmPFC_control_value	control_value	z_up	-0.1654031420175555
sub-25	FC_beta_series	pgACC_rACC_PAG_descending	descending_modulation	down_minus_passive	-0.0633520696176999
sub-25	FC_beta_series	pgACC_rACC_PAG_descending	descending_modulation	regulation_mean_minus_passive	-0.2174561734129042
sub-25	FC_beta_series	pgACC_rACC_PAG_descending	descending_modulation	up_minus_down	-0.3082082075904087
sub-25	FC_beta_series	pgACC_rACC_PAG_descending	descending_modulation	up_minus_passive	-0.3715602772081086
sub-25	FC_beta_series	pgACC_rACC_PAG_descending	descending_modulation	z_down	-0.1376133751741525
sub-25	FC_beta_series	pgACC_rACC_PAG_descending	descending_modulation	z_passive	-0.0742613055564526
sub-25	FC_beta_series	pgACC_rACC_PAG_descending	descending_modulation	z_up	-0.4458215827645612
sub-25	FC_beta_series	sensory_thalamus_S1_S2_insula	sensory_interoceptive	down_minus_passive	-0.2691481002877711
sub-25	FC_beta_series	sensory_thalamus_S1_S2_insula	sensory_interoceptive	regulation_mean_minus_passive	-0.12528061467768772
sub-25	FC_beta_series	sensory_thalamus_S1_S2_insula	sensory_interoceptive	up_minus_down	0.28773497122016667
sub-25	FC_beta_series	sensory_thalamus_S1_S2_insula	sensory_interoceptive	up_minus_passive	0.018586870932395586
sub-25	FC_beta_series	sensory_thalamus_S1_S2_insula	sensory_interoceptive	z_down	-0.36403979006566434
sub-25	FC_beta_series	sensory_thalamus_S1_S2_insula	sensory_interoceptive	z_passive	-0.09489168977789325
sub-25	FC_beta_series	sensory_thalamus_S1_S2_insula	sensory_interoceptive	z_up	-0.0763048188454977
sub-26	FC_beta_series	NAc_vmPFC_value	value_regulation	down_minus_passive	-0.4120898478101911
sub-26	FC_beta_series	NAc_vmPFC_value	value_regulation	regulation_mean_minus_passive	0.03310273860361108
sub-26	FC_beta_series	NAc_vmPFC_value	value_regulation	up_minus_down	0.8903851728276044
sub-26	FC_beta_series	NAc_vmPFC_value	value_regulation	up_minus_passive	0.4782953250174133
sub-26	FC_beta_series	NAc_vmPFC_value	value_regulation	z_down	-0.2705472702716474
sub-26	FC_beta_series	NAc_vmPFC_value	value_regulation	z_passive	0.14154257753854368
sub-26	FC_beta_series	NAc_vmPFC_value	value_regulation	z_up	0.6198379025559569
sub-26	FC_beta_series	aINS_dACC_MCC_salience	salience_interoception	down_minus_passive	-0.14204754243517892
sub-26	FC_beta_series	aINS_dACC_MCC_salience	salience_interoception	regulation_mean_minus_passive	-0.5516962738025123
sub-26	FC_beta_series	aINS_dACC_MCC_salience	salience_interoception	up_minus_down	-0.8192974627346666
sub-26	FC_beta_series	aINS_dACC_MCC_salience	salience_interoception	up_minus_passive	-0.9613450051698456
sub-26	FC_beta_series	aINS_dACC_MCC_salience	salience_interoception	z_down	0.4199692335590841
sub-26	FC_beta_series	aINS_dACC_MCC_salience	salience_interoception	z_passive	0.562016775994263
sub-26	FC_beta_series	aINS_dACC_MCC_salience	salience_interoception	z_up	-0.3993282291755824
sub-26	FC_beta_series	dlPFC_IFJ_L_vmPFC_control_value	control_value	down_minus_passive	-0.46830035856956237
sub-26	FC_beta_series	dlPFC_IFJ_L_vmPFC_control_value	control_value	regulation_mean_minus_passive	-0.17332948717470606
sub-26	FC_beta_series	dlPFC_IFJ_L_vmPFC_control_value	control_value	up_minus_down	0.5899417427897126
sub-26	FC_beta_series	dlPFC_IFJ_L_vmPFC_control_value	control_value	up_minus_passive	0.12164138422015018
sub-26	FC_beta_series	dlPFC_IFJ_L_vmPFC_control_value	control_value	z_down	-0.1826247080109965
sub-26	FC_beta_series	dlPFC_IFJ_L_vmPFC_control_value	control_value	z_passive	0.28567565055856575
sub-26	FC_beta_series	dlPFC_IFJ_L_vmPFC_control_value	control_value	z_up	0.407317034778716
sub-26	FC_beta_series	pgACC_rACC_PAG_descending	descending_modulation	down_minus_passive	0.8629749163257981
sub-26	FC_beta_series	pgACC_rACC_PAG_descending	descending_modulation	regulation_mean_minus_passive	0.0175745885933418
sub-26	FC_beta_series	pgACC_rACC_PAG_descending	descending_modulation	up_minus_down	-1.6908006554649126
sub-26	FC_beta_series	pgACC_rACC_PAG_descending	descending_modulation	up_minus_passive	-0.8278257391391145
sub-26	FC_beta_series	pgACC_rACC_PAG_descending	descending_modulation	z_down	0.9074519452568344
sub-26	FC_beta_series	pgACC_rACC_PAG_descending	descending_modulation	z_passive	0.0444770289310362
sub-26	FC_beta_series	pgACC_rACC_PAG_descending	descending_modulation	z_up	-0.7833487102080783
sub-26	FC_beta_series	sensory_thalamus_S1_S2_insula	sensory_interoceptive	down_minus_passive	-0.12184936367868236
sub-26	FC_beta_series	sensory_thalamus_S1_S2_insula	sensory_interoceptive	regulation_mean_minus_passive	-0.15935687498862278
sub-26	FC_beta_series	sensory_thalamus_S1_S2_insula	sensory_interoceptive	up_minus_down	-0.0750150226198809
sub-26	FC_beta_series	sensory_thalamus_S1_S2_insula	sensory_interoceptive	up_minus_passive	-0.19686438629856323
sub-26	FC_beta_series	sensory_thalamus_S1_S2_insula	sensory_interoceptive	z_down	-0.1154257402182799
sub-26	FC_beta_series	sensory_thalamus_S1_S2_insula	sensory_interoceptive	z_passive	0.006423623460402455
sub-26	FC_beta_series	sensory_thalamus_S1_S2_insula	sensory_interoceptive	z_up	-0.1904407628381608
sub-27	FC_beta_series	NAc_vmPFC_value	value_regulation	down_minus_passive	0.008674917409163319
sub-27	FC_beta_series	NAc_vmPFC_value	value_regulation	regulation_mean_minus_passive	0.16541160271313823
sub-27	FC_beta_series	NAc_vmPFC_value	value_regulation	up_minus_down	0.31347337060794983
sub-27	FC_beta_series	NAc_vmPFC_value	value_regulation	up_minus_passive	0.32214828801711315
sub-27	FC_beta_series	NAc_vmPFC_value	value_regulation	z_down	0.07293703686206442
sub-27	FC_beta_series	NAc_vmPFC_value	value_regulation	z_passive	0.06426211945290107
sub-27	FC_beta_series	NAc_vmPFC_value	value_regulation	z_up	0.38641040747001426
sub-27	FC_beta_series	aINS_dACC_MCC_salience	salience_interoception	down_minus_passive	0.3699533349998954
sub-27	FC_beta_series	aINS_dACC_MCC_salience	salience_interoception	regulation_mean_minus_passive	0.03811202340579502
sub-27	FC_beta_series	aINS_dACC_MCC_salience	salience_interoception	up_minus_down	-0.6636826231882007
sub-27	FC_beta_series	aINS_dACC_MCC_salience	salience_interoception	up_minus_passive	-0.29372928818830535
sub-27	FC_beta_series	aINS_dACC_MCC_salience	salience_interoception	z_down	0.9918078226346969
sub-27	FC_beta_series	aINS_dACC_MCC_salience	salience_interoception	z_passive	0.6218544876348014
sub-27	FC_beta_series	aINS_dACC_MCC_salience	salience_interoception	z_up	0.32812519944649615
sub-27	FC_beta_series	dlPFC_IFJ_L_vmPFC_control_value	control_value	down_minus_passive	-0.2348975308053509
sub-27	FC_beta_series	dlPFC_IFJ_L_vmPFC_control_value	control_value	regulation_mean_minus_passive	-0.014149750330270704
sub-27	FC_beta_series	dlPFC_IFJ_L_vmPFC_control_value	control_value	up_minus_down	0.4414955609501603
sub-27	FC_beta_series	dlPFC_IFJ_L_vmPFC_control_value	control_value	up_minus_passive	0.2065980301448095
sub-27	FC_beta_series	dlPFC_IFJ_L_vmPFC_control_value	control_value	z_down	-0.3122072083617611
sub-27	FC_beta_series	dlPFC_IFJ_L_vmPFC_control_value	control_value	z_passive	-0.0773096775564102
sub-27	FC_beta_series	dlPFC_IFJ_L_vmPFC_control_value	control_value	z_up	0.12928835258839927
sub-27	FC_beta_series	pgACC_rACC_PAG_descending	descending_modulation	down_minus_passive	0.3452929125356674
sub-27	FC_beta_series	pgACC_rACC_PAG_descending	descending_modulation	regulation_mean_minus_passive	0.3281212897528194
sub-27	FC_beta_series	pgACC_rACC_PAG_descending	descending_modulation	up_minus_down	-0.0343432455656958
sub-27	FC_beta_series	pgACC_rACC_PAG_descending	descending_modulation	up_minus_passive	0.3109496669699715
sub-27	FC_beta_series	pgACC_rACC_PAG_descending	descending_modulation	z_down	-0.0968460985505397
sub-27	FC_beta_series	pgACC_rACC_PAG_descending	descending_modulation	z_passive	-0.4421390110862072
sub-27	FC_beta_series	pgACC_rACC_PAG_descending	descending_modulation	z_up	-0.1311893441162356
sub-27	FC_beta_series	sensory_thalamus_S1_S2_insula	sensory_interoceptive	down_minus_passive	-0.0874573318206386
sub-27	FC_beta_series	sensory_thalamus_S1_S2_insula	sensory_interoceptive	regulation_mean_minus_passive	-0.10370338135289657
sub-27	FC_beta_series	sensory_thalamus_S1_S2_insula	sensory_interoceptive	up_minus_down	-0.03249209906451596
sub-27	FC_beta_series	sensory_thalamus_S1_S2_insula	sensory_interoceptive	up_minus_passive	-0.11994943088515454
sub-27	FC_beta_series	sensory_thalamus_S1_S2_insula	sensory_interoceptive	z_down	-0.0012347789897138549
sub-27	FC_beta_series	sensory_thalamus_S1_S2_insula	sensory_interoceptive	z_passive	0.08622255283092475
sub-27	FC_beta_series	sensory_thalamus_S1_S2_insula	sensory_interoceptive	z_up	-0.033726878054229796
sub-28	FC_beta_series	NAc_vmPFC_value	value_regulation	down_minus_passive	-0.09789157860452241
sub-28	FC_beta_series	NAc_vmPFC_value	value_regulation	regulation_mean_minus_passive	-0.14485348119090216
sub-28	FC_beta_series	NAc_vmPFC_value	value_regulation	up_minus_down	-0.09392380517275954
sub-28	FC_beta_series	NAc_vmPFC_value	value_regulation	up_minus_passive	-0.19181538377728194
sub-28	FC_beta_series	NAc_vmPFC_value	value_regulation	z_down	0.1748264888221851
sub-28	FC_beta_series	NAc_vmPFC_value	value_regulation	z_passive	0.27271806742670746
sub-28	FC_beta_series	NAc_vmPFC_value	value_regulation	z_up	0.08090268364942552
sub-28	FC_beta_series	aINS_dACC_MCC_salience	salience_interoception	down_minus_passive	-0.08307422526858166
sub-28	FC_beta_series	aINS_dACC_MCC_salience	salience_interoception	regulation_mean_minus_passive	-0.00492051921417013
sub-28	FC_beta_series	aINS_dACC_MCC_salience	salience_interoception	up_minus_down	0.15630741210882307
sub-28	FC_beta_series	aINS_dACC_MCC_salience	salience_interoception	up_minus_passive	0.0732331868402414
sub-28	FC_beta_series	aINS_dACC_MCC_salience	salience_interoception	z_down	0.26418022354358484
sub-28	FC_beta_series	aINS_dACC_MCC_salience	salience_interoception	z_passive	0.3472544488121665
sub-28	FC_beta_series	aINS_dACC_MCC_salience	salience_interoception	z_up	0.4204876356524079
sub-28	FC_beta_series	dlPFC_IFJ_L_vmPFC_control_value	control_value	down_minus_passive	-0.12321451273423888
sub-28	FC_beta_series	dlPFC_IFJ_L_vmPFC_control_value	control_value	regulation_mean_minus_passive	-0.17055974509401373
sub-28	FC_beta_series	dlPFC_IFJ_L_vmPFC_control_value	control_value	up_minus_down	-0.09469046471954967
sub-28	FC_beta_series	dlPFC_IFJ_L_vmPFC_control_value	control_value	up_minus_passive	-0.2179049774537886
sub-28	FC_beta_series	dlPFC_IFJ_L_vmPFC_control_value	control_value	z_down	0.04092210391754329
sub-28	FC_beta_series	dlPFC_IFJ_L_vmPFC_control_value	control_value	z_passive	0.16413661665178214
sub-28	FC_beta_series	dlPFC_IFJ_L_vmPFC_control_value	control_value	z_up	-0.05376836080200637
sub-28	FC_beta_series	pgACC_rACC_PAG_descending	descending_modulation	down_minus_passive	0.2955140974742988
sub-28	FC_beta_series	pgACC_rACC_PAG_descending	descending_modulation	regulation_mean_minus_passive	-0.2521074376782624
sub-28	FC_beta_series	pgACC_rACC_PAG_descending	descending_modulation	up_minus_down	-1.0952430703051226
sub-28	FC_beta_series	pgACC_rACC_PAG_descending	descending_modulation	up_minus_passive	-0.7997289728308237
sub-28	FC_beta_series	pgACC_rACC_PAG_descending	descending_modulation	z_down	0.4764297027736611
sub-28	FC_beta_series	pgACC_rACC_PAG_descending	descending_modulation	z_passive	0.1809156052993623
sub-28	FC_beta_series	pgACC_rACC_PAG_descending	descending_modulation	z_up	-0.6188133675314613
sub-28	FC_beta_series	sensory_thalamus_S1_S2_insula	sensory_interoceptive	down_minus_passive	-0.15738963434264633
sub-28	FC_beta_series	sensory_thalamus_S1_S2_insula	sensory_interoceptive	regulation_mean_minus_passive	-0.17079700453472463
sub-28	FC_beta_series	sensory_thalamus_S1_S2_insula	sensory_interoceptive	up_minus_down	-0.02681474038415661
sub-28	FC_beta_series	sensory_thalamus_S1_S2_insula	sensory_interoceptive	up_minus_passive	-0.18420437472680293
sub-28	FC_beta_series	sensory_thalamus_S1_S2_insula	sensory_interoceptive	z_down	-0.13287643872239238
sub-28	FC_beta_series	sensory_thalamus_S1_S2_insula	sensory_interoceptive	z_passive	0.02451319562025394
sub-28	FC_beta_series	sensory_thalamus_S1_S2_insula	sensory_interoceptive	z_up	-0.159691179106549
sub-29	FC_beta_series	NAc_vmPFC_value	value_regulation	down_minus_passive	-0.26804316268141
sub-29	FC_beta_series	NAc_vmPFC_value	value_regulation	regulation_mean_minus_passive	-0.3352539478278806
sub-29	FC_beta_series	NAc_vmPFC_value	value_regulation	up_minus_down	-0.13442157029294113
sub-29	FC_beta_series	NAc_vmPFC_value	value_regulation	up_minus_passive	-0.4024647329743511
sub-29	FC_beta_series	NAc_vmPFC_value	value_regulation	z_down	-0.3132148239484213
sub-29	FC_beta_series	NAc_vmPFC_value	value_regulation	z_passive	-0.04517166126701144
sub-29	FC_beta_series	NAc_vmPFC_value	value_regulation	z_up	-0.44763639424136253
sub-29	FC_beta_series	aINS_dACC_MCC_salience	salience_interoception	down_minus_passive	-0.1897110530214062
sub-29	FC_beta_series	aINS_dACC_MCC_salience	salience_interoception	regulation_mean_minus_passive	-0.19767878902848
sub-29	FC_beta_series	aINS_dACC_MCC_salience	salience_interoception	up_minus_down	-0.015935472014147745
sub-29	FC_beta_series	aINS_dACC_MCC_salience	salience_interoception	up_minus_passive	-0.20564652503555383
sub-29	FC_beta_series	aINS_dACC_MCC_salience	salience_interoception	z_down	0.24802862394193922
sub-29	FC_beta_series	aINS_dACC_MCC_salience	salience_interoception	z_passive	0.4377396769633453
sub-29	FC_beta_series	aINS_dACC_MCC_salience	salience_interoception	z_up	0.23209315192779154
sub-29	FC_beta_series	dlPFC_IFJ_L_vmPFC_control_value	control_value	down_minus_passive	-0.021300481997623206
sub-29	FC_beta_series	dlPFC_IFJ_L_vmPFC_control_value	control_value	regulation_mean_minus_passive	-0.3164031361367197
sub-29	FC_beta_series	dlPFC_IFJ_L_vmPFC_control_value	control_value	up_minus_down	-0.590205308278193
sub-29	FC_beta_series	dlPFC_IFJ_L_vmPFC_control_value	control_value	up_minus_passive	-0.6115057902758162
sub-29	FC_beta_series	dlPFC_IFJ_L_vmPFC_control_value	control_value	z_down	0.18141152904592875
sub-29	FC_beta_series	dlPFC_IFJ_L_vmPFC_control_value	control_value	z_passive	0.20271201104355194
sub-29	FC_beta_series	dlPFC_IFJ_L_vmPFC_control_value	control_value	z_up	-0.40879377923226423
sub-29	FC_beta_series	pgACC_rACC_PAG_descending	descending_modulation	down_minus_passive	-0.2660889347095727
sub-29	FC_beta_series	pgACC_rACC_PAG_descending	descending_modulation	regulation_mean_minus_passive	-0.4581847090490789
sub-29	FC_beta_series	pgACC_rACC_PAG_descending	descending_modulation	up_minus_down	-0.3841915486790125
sub-29	FC_beta_series	pgACC_rACC_PAG_descending	descending_modulation	up_minus_passive	-0.6502804833885851
sub-29	FC_beta_series	pgACC_rACC_PAG_descending	descending_modulation	z_down	-0.0998924149959161
sub-29	FC_beta_series	pgACC_rACC_PAG_descending	descending_modulation	z_passive	0.1661965197136565
sub-29	FC_beta_series	pgACC_rACC_PAG_descending	descending_modulation	z_up	-0.4840839636749287
sub-29	FC_beta_series	sensory_thalamus_S1_S2_insula	sensory_interoceptive	down_minus_passive	-0.07587551755103371
sub-29	FC_beta_series	sensory_thalamus_S1_S2_insula	sensory_interoceptive	regulation_mean_minus_passive	-0.05760648152619221
sub-29	FC_beta_series	sensory_thalamus_S1_S2_insula	sensory_interoceptive	up_minus_down	0.036538072049683026
sub-29	FC_beta_series	sensory_thalamus_S1_S2_insula	sensory_interoceptive	up_minus_passive	-0.03933744550135068
sub-29	FC_beta_series	sensory_thalamus_S1_S2_insula	sensory_interoceptive	z_down	-0.2256502371164137
sub-29	FC_beta_series	sensory_thalamus_S1_S2_insula	sensory_interoceptive	z_passive	-0.14977471956537997
sub-29	FC_beta_series	sensory_thalamus_S1_S2_insula	sensory_interoceptive	z_up	-0.18911216506673065
sub-30	FC_beta_series	NAc_vmPFC_value	value_regulation	down_minus_passive	0.1722693321622746
sub-30	FC_beta_series	NAc_vmPFC_value	value_regulation	regulation_mean_minus_passive	0.3939361481756282
sub-30	FC_beta_series	NAc_vmPFC_value	value_regulation	up_minus_down	0.4433336320267072
sub-30	FC_beta_series	NAc_vmPFC_value	value_regulation	up_minus_passive	0.6156029641889819
sub-30	FC_beta_series	NAc_vmPFC_value	value_regulation	z_down	0.19079586688635705
sub-30	FC_beta_series	NAc_vmPFC_value	value_regulation	z_passive	0.0185265347240824
sub-30	FC_beta_series	NAc_vmPFC_value	value_regulation	z_up	0.6341294989130642
sub-30	FC_beta_series	aINS_dACC_MCC_salience	salience_interoception	down_minus_passive	-0.16775075096468336
sub-30	FC_beta_series	aINS_dACC_MCC_salience	salience_interoception	regulation_mean_minus_passive	-0.009889460411798001
sub-30	FC_beta_series	aINS_dACC_MCC_salience	salience_interoception	up_minus_down	0.31572258110577067
sub-30	FC_beta_series	aINS_dACC_MCC_salience	salience_interoception	up_minus_passive	0.1479718301410873
sub-30	FC_beta_series	aINS_dACC_MCC_salience	salience_interoception	z_down	-0.045171119884796974
sub-30	FC_beta_series	aINS_dACC_MCC_salience	salience_interoception	z_passive	0.12257963107988636
sub-30	FC_beta_series	aINS_dACC_MCC_salience	salience_interoception	z_up	0.27055146122097373
sub-30	FC_beta_series	dlPFC_IFJ_L_vmPFC_control_value	control_value	down_minus_passive	-0.41540629422855857
sub-30	FC_beta_series	dlPFC_IFJ_L_vmPFC_control_value	control_value	regulation_mean_minus_passive	-0.19832049914558858
sub-30	FC_beta_series	dlPFC_IFJ_L_vmPFC_control_value	control_value	up_minus_down	0.43417159016594004
sub-30	FC_beta_series	dlPFC_IFJ_L_vmPFC_control_value	control_value	up_minus_passive	0.01876529593738139
sub-30	FC_beta_series	dlPFC_IFJ_L_vmPFC_control_value	control_value	z_down	-0.28508233699712066
sub-30	FC_beta_series	dlPFC_IFJ_L_vmPFC_control_value	control_value	z_passive	0.1303239572314379
sub-30	FC_beta_series	dlPFC_IFJ_L_vmPFC_control_value	control_value	z_up	0.14908925316881935
sub-30	FC_beta_series	pgACC_rACC_PAG_descending	descending_modulation	down_minus_passive	0.0863050920503358
sub-30	FC_beta_series	pgACC_rACC_PAG_descending	descending_modulation	regulation_mean_minus_passive	-0.0289702165852039
sub-30	FC_beta_series	pgACC_rACC_PAG_descending	descending_modulation	up_minus_down	-0.2305506172710795
sub-30	FC_beta_series	pgACC_rACC_PAG_descending	descending_modulation	up_minus_passive	-0.1442455252207437
sub-30	FC_beta_series	pgACC_rACC_PAG_descending	descending_modulation	z_down	0.1756912986672419
sub-30	FC_beta_series	pgACC_rACC_PAG_descending	descending_modulation	z_passive	0.0893862066169061
sub-30	FC_beta_series	pgACC_rACC_PAG_descending	descending_modulation	z_up	-0.0548593186038375
sub-30	FC_beta_series	sensory_thalamus_S1_S2_insula	sensory_interoceptive	down_minus_passive	0.13761067625356335
sub-30	FC_beta_series	sensory_thalamus_S1_S2_insula	sensory_interoceptive	regulation_mean_minus_passive	0.09605139731084283
sub-30	FC_beta_series	sensory_thalamus_S1_S2_insula	sensory_interoceptive	up_minus_down	-0.08311855788544104
sub-30	FC_beta_series	sensory_thalamus_S1_S2_insula	sensory_interoceptive	up_minus_passive	0.05449211836812232
sub-30	FC_beta_series	sensory_thalamus_S1_S2_insula	sensory_interoceptive	z_down	0.2113825215629483
sub-30	FC_beta_series	sensory_thalamus_S1_S2_insula	sensory_interoceptive	z_passive	0.07377184530938494
sub-30	FC_beta_series	sensory_thalamus_S1_S2_insula	sensory_interoceptive	z_up	0.12826396367750725
sub-31	FC_beta_series	NAc_vmPFC_value	value_regulation	down_minus_passive	0.20801017427503696
sub-31	FC_beta_series	NAc_vmPFC_value	value_regulation	regulation_mean_minus_passive	0.21171935427094293
sub-31	FC_beta_series	NAc_vmPFC_value	value_regulation	up_minus_down	0.007418359991811979
sub-31	FC_beta_series	NAc_vmPFC_value	value_regulation	up_minus_passive	0.21542853426684894
sub-31	FC_beta_series	NAc_vmPFC_value	value_regulation	z_down	0.4531678071215044
sub-31	FC_beta_series	NAc_vmPFC_value	value_regulation	z_passive	0.24515763284646744
sub-31	FC_beta_series	NAc_vmPFC_value	value_regulation	z_up	0.4605861671133164
sub-31	FC_beta_series	aINS_dACC_MCC_salience	salience_interoception	down_minus_passive	-0.13886694781018713
sub-31	FC_beta_series	aINS_dACC_MCC_salience	salience_interoception	regulation_mean_minus_passive	-0.24904399828147647
sub-31	FC_beta_series	aINS_dACC_MCC_salience	salience_interoception	up_minus_down	-0.22035410094257865
sub-31	FC_beta_series	aINS_dACC_MCC_salience	salience_interoception	up_minus_passive	-0.3592210487527658
sub-31	FC_beta_series	aINS_dACC_MCC_salience	salience_interoception	z_down	0.11268432492570961
sub-31	FC_beta_series	aINS_dACC_MCC_salience	salience_interoception	z_passive	0.2515512727358967
sub-31	FC_beta_series	aINS_dACC_MCC_salience	salience_interoception	z_up	-0.10766977601686906
sub-31	FC_beta_series	dlPFC_IFJ_L_vmPFC_control_value	control_value	down_minus_passive	0.13626941660746142
sub-31	FC_beta_series	dlPFC_IFJ_L_vmPFC_control_value	control_value	regulation_mean_minus_passive	0.0973762171942568
sub-31	FC_beta_series	dlPFC_IFJ_L_vmPFC_control_value	control_value	up_minus_down	-0.07778639882640923
sub-31	FC_beta_series	dlPFC_IFJ_L_vmPFC_control_value	control_value	up_minus_passive	0.0584830177810522
sub-31	FC_beta_series	dlPFC_IFJ_L_vmPFC_control_value	control_value	z_down	-0.0013372614009805352
sub-31	FC_beta_series	dlPFC_IFJ_L_vmPFC_control_value	control_value	z_passive	-0.13760667800844192
sub-31	FC_beta_series	dlPFC_IFJ_L_vmPFC_control_value	control_value	z_up	-0.07912366022738974
sub-31	FC_beta_series	pgACC_rACC_PAG_descending	descending_modulation	down_minus_passive	0.1927045276564755
sub-31	FC_beta_series	pgACC_rACC_PAG_descending	descending_modulation	regulation_mean_minus_passive	0.3577361774598026
sub-31	FC_beta_series	pgACC_rACC_PAG_descending	descending_modulation	up_minus_down	0.3300632996066541
sub-31	FC_beta_series	pgACC_rACC_PAG_descending	descending_modulation	up_minus_passive	0.5227678272631295
sub-31	FC_beta_series	pgACC_rACC_PAG_descending	descending_modulation	z_down	-0.0537080481743698
sub-31	FC_beta_series	pgACC_rACC_PAG_descending	descending_modulation	z_passive	-0.2464125758308453
sub-31	FC_beta_series	pgACC_rACC_PAG_descending	descending_modulation	z_up	0.2763552514322842
sub-31	FC_beta_series	sensory_thalamus_S1_S2_insula	sensory_interoceptive	down_minus_passive	0.17980733450344086
sub-31	FC_beta_series	sensory_thalamus_S1_S2_insula	sensory_interoceptive	regulation_mean_minus_passive	0.1544776668128463
sub-31	FC_beta_series	sensory_thalamus_S1_S2_insula	sensory_interoceptive	up_minus_down	-0.05065933538118916
sub-31	FC_beta_series	sensory_thalamus_S1_S2_insula	sensory_interoceptive	up_minus_passive	0.1291479991222517
sub-31	FC_beta_series	sensory_thalamus_S1_S2_insula	sensory_interoceptive	z_down	0.2442284078134267
sub-31	FC_beta_series	sensory_thalamus_S1_S2_insula	sensory_interoceptive	z_passive	0.06442107330998584
sub-31	FC_beta_series	sensory_thalamus_S1_S2_insula	sensory_interoceptive	z_up	0.19356907243223756
sub-32	FC_beta_series	NAc_vmPFC_value	value_regulation	down_minus_passive	0.055695288493502824
sub-32	FC_beta_series	NAc_vmPFC_value	value_regulation	regulation_mean_minus_passive	0.018656733096238137
sub-32	FC_beta_series	NAc_vmPFC_value	value_regulation	up_minus_down	-0.07407711079452933
sub-32	FC_beta_series	NAc_vmPFC_value	value_regulation	up_minus_passive	-0.01838182230102654
sub-32	FC_beta_series	NAc_vmPFC_value	value_regulation	z_down	0.2249808951810041
sub-32	FC_beta_series	NAc_vmPFC_value	value_regulation	z_passive	0.16928560668750126
sub-32	FC_beta_series	NAc_vmPFC_value	value_regulation	z_up	0.15090378438647475
sub-32	FC_beta_series	aINS_dACC_MCC_salience	salience_interoception	down_minus_passive	-0.25624958987832874
sub-32	FC_beta_series	aINS_dACC_MCC_salience	salience_interoception	regulation_mean_minus_passive	-0.40384684202858895
sub-32	FC_beta_series	aINS_dACC_MCC_salience	salience_interoception	up_minus_down	-0.2951945043005203
sub-32	FC_beta_series	aINS_dACC_MCC_salience	salience_interoception	up_minus_passive	-0.5514440941788491
sub-32	FC_beta_series	aINS_dACC_MCC_salience	salience_interoception	z_down	0.22660808874693572
sub-32	FC_beta_series	aINS_dACC_MCC_salience	salience_interoception	z_passive	0.4828576786252645
sub-32	FC_beta_series	aINS_dACC_MCC_salience	salience_interoception	z_up	-0.06858641555358454
sub-32	FC_beta_series	dlPFC_IFJ_L_vmPFC_control_value	control_value	down_minus_passive	0.4065297825146123
sub-32	FC_beta_series	dlPFC_IFJ_L_vmPFC_control_value	control_value	regulation_mean_minus_passive	0.023890405600685255
sub-32	FC_beta_series	dlPFC_IFJ_L_vmPFC_control_value	control_value	up_minus_down	-0.7652787538278539
sub-32	FC_beta_series	dlPFC_IFJ_L_vmPFC_control_value	control_value	up_minus_passive	-0.3587489713132417
sub-32	FC_beta_series	dlPFC_IFJ_L_vmPFC_control_value	control_value	z_down	0.6979795680280011
sub-32	FC_beta_series	dlPFC_IFJ_L_vmPFC_control_value	control_value	z_passive	0.2914497855133887
sub-32	FC_beta_series	dlPFC_IFJ_L_vmPFC_control_value	control_value	z_up	-0.06729918579985299
sub-32	FC_beta_series	pgACC_rACC_PAG_descending	descending_modulation	down_minus_passive	-0.2244661023289431
sub-32	FC_beta_series	pgACC_rACC_PAG_descending	descending_modulation	regulation_mean_minus_passive	-0.1531113025599075
sub-32	FC_beta_series	pgACC_rACC_PAG_descending	descending_modulation	up_minus_down	0.1427095995380712
sub-32	FC_beta_series	pgACC_rACC_PAG_descending	descending_modulation	up_minus_passive	-0.0817565027908718
sub-32	FC_beta_series	pgACC_rACC_PAG_descending	descending_modulation	z_down	-0.1379138016213292
sub-32	FC_beta_series	pgACC_rACC_PAG_descending	descending_modulation	z_passive	0.0865523007076139
sub-32	FC_beta_series	pgACC_rACC_PAG_descending	descending_modulation	z_up	0.004795797916742
sub-32	FC_beta_series	sensory_thalamus_S1_S2_insula	sensory_interoceptive	down_minus_passive	0.13792671509413668
sub-32	FC_beta_series	sensory_thalamus_S1_S2_insula	sensory_interoceptive	regulation_mean_minus_passive	0.029646895167259858
sub-32	FC_beta_series	sensory_thalamus_S1_S2_insula	sensory_interoceptive	up_minus_down	-0.21655963985375365
sub-32	FC_beta_series	sensory_thalamus_S1_S2_insula	sensory_interoceptive	up_minus_passive	-0.07863292475961696
sub-32	FC_beta_series	sensory_thalamus_S1_S2_insula	sensory_interoceptive	z_down	0.32220195742938595
sub-32	FC_beta_series	sensory_thalamus_S1_S2_insula	sensory_interoceptive	z_passive	0.18427524233524922
sub-32	FC_beta_series	sensory_thalamus_S1_S2_insula	sensory_interoceptive	z_up	0.10564231757563228
sub-33	FC_beta_series	NAc_vmPFC_value	value_regulation	down_minus_passive	-0.1660308795763496
sub-33	FC_beta_series	NAc_vmPFC_value	value_regulation	regulation_mean_minus_passive	0.19324112543865543
sub-33	FC_beta_series	NAc_vmPFC_value	value_regulation	up_minus_down	0.7185440100300099
sub-33	FC_beta_series	NAc_vmPFC_value	value_regulation	up_minus_passive	0.5525131304536605
sub-33	FC_beta_series	NAc_vmPFC_value	value_regulation	z_down	-0.08109320588789798
sub-33	FC_beta_series	NAc_vmPFC_value	value_regulation	z_passive	0.08493767368845158
sub-33	FC_beta_series	NAc_vmPFC_value	value_regulation	z_up	0.637450804142112
sub-33	FC_beta_series	aINS_dACC_MCC_salience	salience_interoception	down_minus_passive	0.16202941158697762
sub-33	FC_beta_series	aINS_dACC_MCC_salience	salience_interoception	regulation_mean_minus_passive	0.21966600888619012
sub-33	FC_beta_series	aINS_dACC_MCC_salience	salience_interoception	up_minus_down	0.11527319459842487
sub-33	FC_beta_series	aINS_dACC_MCC_salience	salience_interoception	up_minus_passive	0.27730260618540253
sub-33	FC_beta_series	aINS_dACC_MCC_salience	salience_interoception	z_down	0.44389814138934774
sub-33	FC_beta_series	aINS_dACC_MCC_salience	salience_interoception	z_passive	0.28186872980237015
sub-33	FC_beta_series	aINS_dACC_MCC_salience	salience_interoception	z_up	0.5591713359877727
sub-33	FC_beta_series	dlPFC_IFJ_L_vmPFC_control_value	control_value	down_minus_passive	0.225654956681812
sub-33	FC_beta_series	dlPFC_IFJ_L_vmPFC_control_value	control_value	regulation_mean_minus_passive	0.11415805894879472
sub-33	FC_beta_series	dlPFC_IFJ_L_vmPFC_control_value	control_value	up_minus_down	-0.2229937954660345
sub-33	FC_beta_series	dlPFC_IFJ_L_vmPFC_control_value	control_value	up_minus_passive	0.0026611612157774293
sub-33	FC_beta_series	dlPFC_IFJ_L_vmPFC_control_value	control_value	z_down	0.3916020720204549
sub-33	FC_beta_series	dlPFC_IFJ_L_vmPFC_control_value	control_value	z_passive	0.16594711533864287
sub-33	FC_beta_series	dlPFC_IFJ_L_vmPFC_control_value	control_value	z_up	0.16860827655442026
sub-33	FC_beta_series	pgACC_rACC_PAG_descending	descending_modulation	down_minus_passive	0.2832231511761193
sub-33	FC_beta_series	pgACC_rACC_PAG_descending	descending_modulation	regulation_mean_minus_passive	0.5964722815541107
sub-33	FC_beta_series	pgACC_rACC_PAG_descending	descending_modulation	up_minus_down	0.6264982607559827
sub-33	FC_beta_series	pgACC_rACC_PAG_descending	descending_modulation	up_minus_passive	0.909721411932102
sub-33	FC_beta_series	pgACC_rACC_PAG_descending	descending_modulation	z_down	0.1592684960509274
sub-33	FC_beta_series	pgACC_rACC_PAG_descending	descending_modulation	z_passive	-0.1239546551251919
sub-33	FC_beta_series	pgACC_rACC_PAG_descending	descending_modulation	z_up	0.7857667568069101
sub-33	FC_beta_series	sensory_thalamus_S1_S2_insula	sensory_interoceptive	down_minus_passive	-0.1274115656647225
sub-33	FC_beta_series	sensory_thalamus_S1_S2_insula	sensory_interoceptive	regulation_mean_minus_passive	-0.05202729882621866
sub-33	FC_beta_series	sensory_thalamus_S1_S2_insula	sensory_interoceptive	up_minus_down	0.15076853367700765
sub-33	FC_beta_series	sensory_thalamus_S1_S2_insula	sensory_interoceptive	up_minus_passive	0.023356968012285168
sub-33	FC_beta_series	sensory_thalamus_S1_S2_insula	sensory_interoceptive	z_down	0.16660229945253108
sub-33	FC_beta_series	sensory_thalamus_S1_S2_insula	sensory_interoceptive	z_passive	0.2940138651172536
sub-33	FC_beta_series	sensory_thalamus_S1_S2_insula	sensory_interoceptive	z_up	0.3173708331295388
sub-01	EC_lite_directed_lagged	NAc_to_vmPFC_value	value_regulation	down_minus_passive	0.2774344057240882
sub-01	EC_lite_directed_lagged	NAc_to_vmPFC_value	value_regulation	ec_down	0.2080978095757149
sub-01	EC_lite_directed_lagged	NAc_to_vmPFC_value	value_regulation	ec_passive	-0.06933659614837319
sub-01	EC_lite_directed_lagged	NAc_to_vmPFC_value	value_regulation	ec_up	0.42342205849565834
sub-01	EC_lite_directed_lagged	NAc_to_vmPFC_value	value_regulation	regulation_mean_minus_passive	0.38509653018405987
sub-01	EC_lite_directed_lagged	NAc_to_vmPFC_value	value_regulation	up_minus_down	0.21532424891994348
sub-01	EC_lite_directed_lagged	NAc_to_vmPFC_value	value_regulation	up_minus_passive	0.4927586546440317
sub-01	EC_lite_directed_lagged	aINS_to_dACC_MCC_salience	salience_interoception	down_minus_passive	0.3544889644082689
sub-01	EC_lite_directed_lagged	aINS_to_dACC_MCC_salience	salience_interoception	ec_down	0.29300195947570445
sub-01	EC_lite_directed_lagged	aINS_to_dACC_MCC_salience	salience_interoception	ec_passive	-0.06148700493256443
sub-01	EC_lite_directed_lagged	aINS_to_dACC_MCC_salience	salience_interoception	ec_up	0.017174734883871084
sub-01	EC_lite_directed_lagged	aINS_to_dACC_MCC_salience	salience_interoception	regulation_mean_minus_passive	0.2165753521123522
sub-01	EC_lite_directed_lagged	aINS_to_dACC_MCC_salience	salience_interoception	up_minus_down	-0.27582722459183334
sub-01	EC_lite_directed_lagged	aINS_to_dACC_MCC_salience	salience_interoception	up_minus_passive	0.07866173981643555
sub-01	EC_lite_directed_lagged	dlPFC_IFJ_L_to_vmPFC_control_value	control_value	down_minus_passive	0.1519104641490441
sub-01	EC_lite_directed_lagged	dlPFC_IFJ_L_to_vmPFC_control_value	control_value	ec_down	0.0945427423731083
sub-01	EC_lite_directed_lagged	dlPFC_IFJ_L_to_vmPFC_control_value	control_value	ec_passive	-0.05736772177593583
sub-01	EC_lite_directed_lagged	dlPFC_IFJ_L_to_vmPFC_control_value	control_value	ec_up	-0.26431537385814863
sub-01	EC_lite_directed_lagged	dlPFC_IFJ_L_to_vmPFC_control_value	control_value	regulation_mean_minus_passive	-0.027518593966584265
sub-01	EC_lite_directed_lagged	dlPFC_IFJ_L_to_vmPFC_control_value	control_value	up_minus_down	-0.3588581162312569
sub-01	EC_lite_directed_lagged	dlPFC_IFJ_L_to_vmPFC_control_value	control_value	up_minus_passive	-0.20694765208221275
sub-01	EC_lite_directed_lagged	pgACC_rACC_to_PAG_descending	descending_modulation	down_minus_passive	-0.7260005364677389
sub-01	EC_lite_directed_lagged	pgACC_rACC_to_PAG_descending	descending_modulation	ec_down	-0.6544839155466842
sub-01	EC_lite_directed_lagged	pgACC_rACC_to_PAG_descending	descending_modulation	ec_passive	0.0715166209210547
sub-01	EC_lite_directed_lagged	pgACC_rACC_to_PAG_descending	descending_modulation	ec_up	-0.4396694271978345
sub-01	EC_lite_directed_lagged	pgACC_rACC_to_PAG_descending	descending_modulation	regulation_mean_minus_passive	-0.6185932922933142
sub-01	EC_lite_directed_lagged	pgACC_rACC_to_PAG_descending	descending_modulation	up_minus_down	0.2148144883488497
sub-01	EC_lite_directed_lagged	pgACC_rACC_to_PAG_descending	descending_modulation	up_minus_passive	-0.5111860481188892
sub-02	EC_lite_directed_lagged	NAc_to_vmPFC_value	value_regulation	down_minus_passive	0.05792368827300672
sub-02	EC_lite_directed_lagged	NAc_to_vmPFC_value	value_regulation	ec_down	0.09662639916543819
sub-02	EC_lite_directed_lagged	NAc_to_vmPFC_value	value_regulation	ec_passive	0.03870271089243143
sub-02	EC_lite_directed_lagged	NAc_to_vmPFC_value	value_regulation	ec_up	-0.36530765386195446
sub-02	EC_lite_directed_lagged	NAc_to_vmPFC_value	value_regulation	regulation_mean_minus_passive	-0.17304333824068954
sub-02	EC_lite_directed_lagged	NAc_to_vmPFC_value	value_regulation	up_minus_down	-0.46193405302739254
sub-02	EC_lite_directed_lagged	NAc_to_vmPFC_value	value_regulation	up_minus_passive	-0.40401036475438584
sub-02	EC_lite_directed_lagged	aINS_to_dACC_MCC_salience	salience_interoception	down_minus_passive	-0.6235131363722032
sub-02	EC_lite_directed_lagged	aINS_to_dACC_MCC_salience	salience_interoception	ec_down	-0.5403304352120198
sub-02	EC_lite_directed_lagged	aINS_to_dACC_MCC_salience	salience_interoception	ec_passive	0.08318270116018327
sub-02	EC_lite_directed_lagged	aINS_to_dACC_MCC_salience	salience_interoception	ec_up	0.2781295937016761
sub-02	EC_lite_directed_lagged	aINS_to_dACC_MCC_salience	salience_interoception	regulation_mean_minus_passive	-0.21428312191535523
sub-02	EC_lite_directed_lagged	aINS_to_dACC_MCC_salience	salience_interoception	up_minus_down	0.818460028913696
sub-02	EC_lite_directed_lagged	aINS_to_dACC_MCC_salience	salience_interoception	up_minus_passive	0.19494689254149275
sub-02	EC_lite_directed_lagged	dlPFC_IFJ_L_to_vmPFC_control_value	control_value	down_minus_passive	-0.37489929996707055
sub-02	EC_lite_directed_lagged	dlPFC_IFJ_L_to_vmPFC_control_value	control_value	ec_down	-0.2725578944709754
sub-02	EC_lite_directed_lagged	dlPFC_IFJ_L_to_vmPFC_control_value	control_value	ec_passive	0.1023414054960951
sub-02	EC_lite_directed_lagged	dlPFC_IFJ_L_to_vmPFC_control_value	control_value	ec_up	-0.5272263177658584
sub-02	EC_lite_directed_lagged	dlPFC_IFJ_L_to_vmPFC_control_value	control_value	regulation_mean_minus_passive	-0.502233511614512
sub-02	EC_lite_directed_lagged	dlPFC_IFJ_L_to_vmPFC_control_value	control_value	up_minus_down	-0.25466842329488293
sub-02	EC_lite_directed_lagged	dlPFC_IFJ_L_to_vmPFC_control_value	control_value	up_minus_passive	-0.6295677232619535
sub-02	EC_lite_directed_lagged	pgACC_rACC_to_PAG_descending	descending_modulation	down_minus_passive	0.0096600012138289
sub-02	EC_lite_directed_lagged	pgACC_rACC_to_PAG_descending	descending_modulation	ec_down	-0.157655727535789
sub-02	EC_lite_directed_lagged	pgACC_rACC_to_PAG_descending	descending_modulation	ec_passive	-0.1673157287496179
sub-02	EC_lite_directed_lagged	pgACC_rACC_to_PAG_descending	descending_modulation	ec_up	0.663840964126669
sub-02	EC_lite_directed_lagged	pgACC_rACC_to_PAG_descending	descending_modulation	regulation_mean_minus_passive	0.420408347045058
sub-02	EC_lite_directed_lagged	pgACC_rACC_to_PAG_descending	descending_modulation	up_minus_down	0.8214966916624581
sub-02	EC_lite_directed_lagged	pgACC_rACC_to_PAG_descending	descending_modulation	up_minus_passive	0.831156692876287
sub-03	EC_lite_directed_lagged	NAc_to_vmPFC_value	value_regulation	down_minus_passive	0.1509543084831862
sub-03	EC_lite_directed_lagged	NAc_to_vmPFC_value	value_regulation	ec_down	0.11765139677952063
sub-03	EC_lite_directed_lagged	NAc_to_vmPFC_value	value_regulation	ec_passive	-0.0333029117036656
sub-03	EC_lite_directed_lagged	NAc_to_vmPFC_value	value_regulation	ec_up	-0.278301006071288
sub-03	EC_lite_directed_lagged	NAc_to_vmPFC_value	value_regulation	regulation_mean_minus_passive	-0.0470218929422181
sub-03	EC_lite_directed_lagged	NAc_to_vmPFC_value	value_regulation	up_minus_down	-0.39595240285080857
sub-03	EC_lite_directed_lagged	NAc_to_vmPFC_value	value_regulation	up_minus_passive	-0.2449980943676224
sub-03	EC_lite_directed_lagged	aINS_to_dACC_MCC_salience	salience_interoception	down_minus_passive	0.23975071344879298
sub-03	EC_lite_directed_lagged	aINS_to_dACC_MCC_salience	salience_interoception	ec_down	0.417408714681524
sub-03	EC_lite_directed_lagged	aINS_to_dACC_MCC_salience	salience_interoception	ec_passive	0.17765800123273104
sub-03	EC_lite_directed_lagged	aINS_to_dACC_MCC_salience	salience_interoception	ec_up	-0.6332585678520489
sub-03	EC_lite_directed_lagged	aINS_to_dACC_MCC_salience	salience_interoception	regulation_mean_minus_passive	-0.2855829278179935
sub-03	EC_lite_directed_lagged	aINS_to_dACC_MCC_salience	salience_interoception	up_minus_down	-1.0506672825335728
sub-03	EC_lite_directed_lagged	aINS_to_dACC_MCC_salience	salience_interoception	up_minus_passive	-0.8109165690847799
sub-03	EC_lite_directed_lagged	dlPFC_IFJ_L_to_vmPFC_control_value	control_value	down_minus_passive	-0.47422880688452534
sub-03	EC_lite_directed_lagged	dlPFC_IFJ_L_to_vmPFC_control_value	control_value	ec_down	-0.3139180119952822
sub-03	EC_lite_directed_lagged	dlPFC_IFJ_L_to_vmPFC_control_value	control_value	ec_passive	0.16031079488924316
sub-03	EC_lite_directed_lagged	dlPFC_IFJ_L_to_vmPFC_control_value	control_value	ec_up	0.2994234072732873
sub-03	EC_lite_directed_lagged	dlPFC_IFJ_L_to_vmPFC_control_value	control_value	regulation_mean_minus_passive	-0.1675580972502406
sub-03	EC_lite_directed_lagged	dlPFC_IFJ_L_to_vmPFC_control_value	control_value	up_minus_down	0.6133414192685694
sub-03	EC_lite_directed_lagged	dlPFC_IFJ_L_to_vmPFC_control_value	control_value	up_minus_passive	0.1391126123840441
sub-03	EC_lite_directed_lagged	pgACC_rACC_to_PAG_descending	descending_modulation	down_minus_passive	-0.0435293547403163
sub-03	EC_lite_directed_lagged	pgACC_rACC_to_PAG_descending	descending_modulation	ec_down	-0.1275666890884922
sub-03	EC_lite_directed_lagged	pgACC_rACC_to_PAG_descending	descending_modulation	ec_passive	-0.0840373343481758
sub-03	EC_lite_directed_lagged	pgACC_rACC_to_PAG_descending	descending_modulation	ec_up	0.0318783994281529
sub-03	EC_lite_directed_lagged	pgACC_rACC_to_PAG_descending	descending_modulation	regulation_mean_minus_passive	0.0361931895180062
sub-03	EC_lite_directed_lagged	pgACC_rACC_to_PAG_descending	descending_modulation	up_minus_down	0.1594450885166451
sub-03	EC_lite_directed_lagged	pgACC_rACC_to_PAG_descending	descending_modulation	up_minus_passive	0.1159157337763288
sub-04	EC_lite_directed_lagged	NAc_to_vmPFC_value	value_regulation	down_minus_passive	-0.33854696651477184
sub-04	EC_lite_directed_lagged	NAc_to_vmPFC_value	value_regulation	ec_down	-0.04550480912027401
sub-04	EC_lite_directed_lagged	NAc_to_vmPFC_value	value_regulation	ec_passive	0.29304215739449785
sub-04	EC_lite_directed_lagged	NAc_to_vmPFC_value	value_regulation	ec_up	-0.2385084337164729
sub-04	EC_lite_directed_lagged	NAc_to_vmPFC_value	value_regulation	regulation_mean_minus_passive	-0.43504877881287135
sub-04	EC_lite_directed_lagged	NAc_to_vmPFC_value	value_regulation	up_minus_down	-0.19300362459619894
sub-04	EC_lite_directed_lagged	NAc_to_vmPFC_value	value_regulation	up_minus_passive	-0.5315505911109709
sub-04	EC_lite_directed_lagged	aINS_to_dACC_MCC_salience	salience_interoception	down_minus_passive	-0.17832017618479953
sub-04	EC_lite_directed_lagged	aINS_to_dACC_MCC_salience	salience_interoception	ec_down	-0.17215269555550258
sub-04	EC_lite_directed_lagged	aINS_to_dACC_MCC_salience	salience_interoception	ec_passive	0.006167480629296877
sub-04	EC_lite_directed_lagged	aINS_to_dACC_MCC_salience	salience_interoception	ec_up	-0.0829695605513288
sub-04	EC_lite_directed_lagged	aINS_to_dACC_MCC_salience	salience_interoception	regulation_mean_minus_passive	-0.1337286086827126
sub-04	EC_lite_directed_lagged	aINS_to_dACC_MCC_salience	salience_interoception	up_minus_down	0.08918313500417384
sub-04	EC_lite_directed_lagged	aINS_to_dACC_MCC_salience	salience_interoception	up_minus_passive	-0.08913704118062565
sub-04	EC_lite_directed_lagged	dlPFC_IFJ_L_to_vmPFC_control_value	control_value	down_minus_passive	0.5926240944510393
sub-04	EC_lite_directed_lagged	dlPFC_IFJ_L_to_vmPFC_control_value	control_value	ec_down	0.48208513811588266
sub-04	EC_lite_directed_lagged	dlPFC_IFJ_L_to_vmPFC_control_value	control_value	ec_passive	-0.11053895633515655
sub-04	EC_lite_directed_lagged	dlPFC_IFJ_L_to_vmPFC_control_value	control_value	ec_up	0.10804475496167994
sub-04	EC_lite_directed_lagged	dlPFC_IFJ_L_to_vmPFC_control_value	control_value	regulation_mean_minus_passive	0.40560390287393794
sub-04	EC_lite_directed_lagged	dlPFC_IFJ_L_to_vmPFC_control_value	control_value	up_minus_down	-0.37404038315420274
sub-04	EC_lite_directed_lagged	dlPFC_IFJ_L_to_vmPFC_control_value	control_value	up_minus_passive	0.2185837112968365
sub-04	EC_lite_directed_lagged	pgACC_rACC_to_PAG_descending	descending_modulation	down_minus_passive	-0.1789391115840727
sub-04	EC_lite_directed_lagged	pgACC_rACC_to_PAG_descending	descending_modulation	ec_down	0.0736338608842235
sub-04	EC_lite_directed_lagged	pgACC_rACC_to_PAG_descending	descending_modulation	ec_passive	0.2525729724682963
sub-04	EC_lite_directed_lagged	pgACC_rACC_to_PAG_descending	descending_modulation	ec_up	0.3627432864450665
sub-04	EC_lite_directed_lagged	pgACC_rACC_to_PAG_descending	descending_modulation	regulation_mean_minus_passive	-0.0343843988036512
sub-04	EC_lite_directed_lagged	pgACC_rACC_to_PAG_descending	descending_modulation	up_minus_down	0.2891094255608429
sub-04	EC_lite_directed_lagged	pgACC_rACC_to_PAG_descending	descending_modulation	up_minus_passive	0.1101703139767701
sub-05	EC_lite_directed_lagged	NAc_to_vmPFC_value	value_regulation	down_minus_passive	-0.23087893835273812
sub-05	EC_lite_directed_lagged	NAc_to_vmPFC_value	value_regulation	ec_down	-0.23297220913578934
sub-05	EC_lite_directed_lagged	NAc_to_vmPFC_value	value_regulation	ec_passive	-0.0020932707830512306
sub-05	EC_lite_directed_lagged	NAc_to_vmPFC_value	value_regulation	ec_up	-0.030908447254125254
sub-05	EC_lite_directed_lagged	NAc_to_vmPFC_value	value_regulation	regulation_mean_minus_passive	-0.12984705741190603
sub-05	EC_lite_directed_lagged	NAc_to_vmPFC_value	value_regulation	up_minus_down	0.20206376188166417
sub-05	EC_lite_directed_lagged	NAc_to_vmPFC_value	value_regulation	up_minus_passive	-0.02881517647107401
sub-05	EC_lite_directed_lagged	aINS_to_dACC_MCC_salience	salience_interoception	down_minus_passive	-0.045673219094088634
sub-05	EC_lite_directed_lagged	aINS_to_dACC_MCC_salience	salience_interoception	ec_down	0.02215870571508308
sub-05	EC_lite_directed_lagged	aINS_to_dACC_MCC_salience	salience_interoception	ec_passive	0.06783192480917168
sub-05	EC_lite_directed_lagged	aINS_to_dACC_MCC_salience	salience_interoception	ec_up	0.09029043994456065
sub-05	EC_lite_directed_lagged	aINS_to_dACC_MCC_salience	salience_interoception	regulation_mean_minus_passive	-0.011607351979349848
sub-05	EC_lite_directed_lagged	aINS_to_dACC_MCC_salience	salience_interoception	up_minus_down	0.06813173422947756
sub-05	EC_lite_directed_lagged	aINS_to_dACC_MCC_salience	salience_interoception	up_minus_passive	0.022458515135388896
sub-05	EC_lite_directed_lagged	dlPFC_IFJ_L_to_vmPFC_control_value	control_value	down_minus_passive	-0.14689039492309652
sub-05	EC_lite_directed_lagged	dlPFC_IFJ_L_to_vmPFC_control_value	control_value	ec_down	-0.07275266477967433
sub-05	EC_lite_directed_lagged	dlPFC_IFJ_L_to_vmPFC_control_value	control_value	ec_passive	0.07413773014342213
sub-05	EC_lite_directed_lagged	dlPFC_IFJ_L_to_vmPFC_control_value	control_value	ec_up	-0.28059299473039706
sub-05	EC_lite_directed_lagged	dlPFC_IFJ_L_to_vmPFC_control_value	control_value	regulation_mean_minus_passive	-0.25081055989845785
sub-05	EC_lite_directed_lagged	dlPFC_IFJ_L_to_vmPFC_control_value	control_value	up_minus_down	-0.20784032995072274
sub-05	EC_lite_directed_lagged	dlPFC_IFJ_L_to_vmPFC_control_value	control_value	up_minus_passive	-0.3547307248738192
sub-05	EC_lite_directed_lagged	pgACC_rACC_to_PAG_descending	descending_modulation	down_minus_passive	0.1213812787902954
sub-05	EC_lite_directed_lagged	pgACC_rACC_to_PAG_descending	descending_modulation	ec_down	0.0797516815248892
sub-05	EC_lite_directed_lagged	pgACC_rACC_to_PAG_descending	descending_modulation	ec_passive	-0.0416295972654062
sub-05	EC_lite_directed_lagged	pgACC_rACC_to_PAG_descending	descending_modulation	ec_up	-0.2070075486218603
sub-05	EC_lite_directed_lagged	pgACC_rACC_to_PAG_descending	descending_modulation	regulation_mean_minus_passive	-0.0219983362830793
sub-05	EC_lite_directed_lagged	pgACC_rACC_to_PAG_descending	descending_modulation	up_minus_down	-0.2867592301467495
sub-05	EC_lite_directed_lagged	pgACC_rACC_to_PAG_descending	descending_modulation	up_minus_passive	-0.165377951356454
sub-06	EC_lite_directed_lagged	NAc_to_vmPFC_value	value_regulation	down_minus_passive	0.18671933374835795
sub-06	EC_lite_directed_lagged	NAc_to_vmPFC_value	value_regulation	ec_down	0.3313671439783232
sub-06	EC_lite_directed_lagged	NAc_to_vmPFC_value	value_regulation	ec_passive	0.14464781022996512
sub-06	EC_lite_directed_lagged	NAc_to_vmPFC_value	value_regulation	ec_up	-0.037699092988178834
sub-06	EC_lite_directed_lagged	NAc_to_vmPFC_value	value_regulation	regulation_mean_minus_passive	0.0021862152651069985
sub-06	EC_lite_directed_lagged	NAc_to_vmPFC_value	value_regulation	up_minus_down	-0.36906623696650204
sub-06	EC_lite_directed_lagged	NAc_to_vmPFC_value	value_regulation	up_minus_passive	-0.18234690321814398
sub-06	EC_lite_directed_lagged	aINS_to_dACC_MCC_salience	salience_interoception	down_minus_passive	0.4434297413910481
sub-06	EC_lite_directed_lagged	aINS_to_dACC_MCC_salience	salience_interoception	ec_down	0.203941693575717
sub-06	EC_lite_directed_lagged	aINS_to_dACC_MCC_salience	salience_interoception	ec_passive	-0.23948804781533103
sub-06	EC_lite_directed_lagged	aINS_to_dACC_MCC_salience	salience_interoception	ec_up	0.22664292381039708
sub-06	EC_lite_directed_lagged	aINS_to_dACC_MCC_salience	salience_interoception	regulation_mean_minus_passive	0.4547803565083881
sub-06	EC_lite_directed_lagged	aINS_to_dACC_MCC_salience	salience_interoception	up_minus_down	0.022701230234680052
sub-06	EC_lite_directed_lagged	aINS_to_dACC_MCC_salience	salience_interoception	up_minus_passive	0.4661309716257282
sub-06	EC_lite_directed_lagged	dlPFC_IFJ_L_to_vmPFC_control_value	control_value	down_minus_passive	0.03291242984984003
sub-06	EC_lite_directed_lagged	dlPFC_IFJ_L_to_vmPFC_control_value	control_value	ec_down	0.057581768120540534
sub-06	EC_lite_directed_lagged	dlPFC_IFJ_L_to_vmPFC_control_value	control_value	ec_passive	0.024669338270700465
sub-06	EC_lite_directed_lagged	dlPFC_IFJ_L_to_vmPFC_control_value	control_value	ec_up	0.27588458162897117
sub-06	EC_lite_directed_lagged	dlPFC_IFJ_L_to_vmPFC_control_value	control_value	regulation_mean_minus_passive	0.14206383660405533
sub-06	EC_lite_directed_lagged	dlPFC_IFJ_L_to_vmPFC_control_value	control_value	up_minus_down	0.21830281350843062
sub-06	EC_lite_directed_lagged	dlPFC_IFJ_L_to_vmPFC_control_value	control_value	up_minus_passive	0.25121524335827067
sub-06	EC_lite_directed_lagged	pgACC_rACC_to_PAG_descending	descending_modulation	down_minus_passive	0.0836853400103649
sub-06	EC_lite_directed_lagged	pgACC_rACC_to_PAG_descending	descending_modulation	ec_down	0.0088335979584629
sub-06	EC_lite_directed_lagged	pgACC_rACC_to_PAG_descending	descending_modulation	ec_passive	-0.074851742051902
sub-06	EC_lite_directed_lagged	pgACC_rACC_to_PAG_descending	descending_modulation	ec_up	0.2384295842795018
sub-06	EC_lite_directed_lagged	pgACC_rACC_to_PAG_descending	descending_modulation	regulation_mean_minus_passive	0.1984833331708844
sub-06	EC_lite_directed_lagged	pgACC_rACC_to_PAG_descending	descending_modulation	up_minus_down	0.2295959863210388
sub-06	EC_lite_directed_lagged	pgACC_rACC_to_PAG_descending	descending_modulation	up_minus_passive	0.3132813263314038
sub-07	EC_lite_directed_lagged	NAc_to_vmPFC_value	value_regulation	down_minus_passive	1.1646211539979285
sub-07	EC_lite_directed_lagged	NAc_to_vmPFC_value	value_regulation	ec_down	1.0167951869067666
sub-07	EC_lite_directed_lagged	NAc_to_vmPFC_value	value_regulation	ec_passive	-0.1478259670911619
sub-07	EC_lite_directed_lagged	NAc_to_vmPFC_value	value_regulation	ec_up	0.4044107827883419
sub-07	EC_lite_directed_lagged	NAc_to_vmPFC_value	value_regulation	regulation_mean_minus_passive	0.8584289519387163
sub-07	EC_lite_directed_lagged	NAc_to_vmPFC_value	value_regulation	up_minus_down	-0.6123844041184247
sub-07	EC_lite_directed_lagged	NAc_to_vmPFC_value	value_regulation	up_minus_passive	0.5522367498795039
sub-07	EC_lite_directed_lagged	aINS_to_dACC_MCC_salience	salience_interoception	down_minus_passive	0.09875523191882712
sub-07	EC_lite_directed_lagged	aINS_to_dACC_MCC_salience	salience_interoception	ec_down	-0.02802710743735293
sub-07	EC_lite_directed_lagged	aINS_to_dACC_MCC_salience	salience_interoception	ec_passive	-0.12678233935618008
sub-07	EC_lite_directed_lagged	aINS_to_dACC_MCC_salience	salience_interoception	ec_up	-0.037964197733554896
sub-07	EC_lite_directed_lagged	aINS_to_dACC_MCC_salience	salience_interoception	regulation_mean_minus_passive	0.0937866867707262
sub-07	EC_lite_directed_lagged	aINS_to_dACC_MCC_salience	salience_interoception	up_minus_down	-0.009937090296201942
sub-07	EC_lite_directed_lagged	aINS_to_dACC_MCC_salience	salience_interoception	up_minus_passive	0.0888181416226252
sub-07	EC_lite_directed_lagged	dlPFC_IFJ_L_to_vmPFC_control_value	control_value	down_minus_passive	0.8196304610423241
sub-07	EC_lite_directed_lagged	dlPFC_IFJ_L_to_vmPFC_control_value	control_value	ec_down	0.5534581267949923
sub-07	EC_lite_directed_lagged	dlPFC_IFJ_L_to_vmPFC_control_value	control_value	ec_passive	-0.2661723342473319
sub-07	EC_lite_directed_lagged	dlPFC_IFJ_L_to_vmPFC_control_value	control_value	ec_up	0.49788801273368
sub-07	EC_lite_directed_lagged	dlPFC_IFJ_L_to_vmPFC_control_value	control_value	regulation_mean_minus_passive	0.791845404011668
sub-07	EC_lite_directed_lagged	dlPFC_IFJ_L_to_vmPFC_control_value	control_value	up_minus_down	-0.0555701140613123
sub-07	EC_lite_directed_lagged	dlPFC_IFJ_L_to_vmPFC_control_value	control_value	up_minus_passive	0.764060346981012
sub-07	EC_lite_directed_lagged	pgACC_rACC_to_PAG_descending	descending_modulation	down_minus_passive	0.4753514318042913
sub-07	EC_lite_directed_lagged	pgACC_rACC_to_PAG_descending	descending_modulation	ec_down	0.3677907511518336
sub-07	EC_lite_directed_lagged	pgACC_rACC_to_PAG_descending	descending_modulation	ec_passive	-0.1075606806524577
sub-07	EC_lite_directed_lagged	pgACC_rACC_to_PAG_descending	descending_modulation	ec_up	-0.2458557071077184
sub-07	EC_lite_directed_lagged	pgACC_rACC_to_PAG_descending	descending_modulation	regulation_mean_minus_passive	0.1685282026745153
sub-07	EC_lite_directed_lagged	pgACC_rACC_to_PAG_descending	descending_modulation	up_minus_down	-0.613646458259552
sub-07	EC_lite_directed_lagged	pgACC_rACC_to_PAG_descending	descending_modulation	up_minus_passive	-0.1382950264552607
sub-08	EC_lite_directed_lagged	NAc_to_vmPFC_value	value_regulation	down_minus_passive	-0.3045486054748046
sub-08	EC_lite_directed_lagged	NAc_to_vmPFC_value	value_regulation	ec_down	-0.18473255173215783
sub-08	EC_lite_directed_lagged	NAc_to_vmPFC_value	value_regulation	ec_passive	0.11981605374264677
sub-08	EC_lite_directed_lagged	NAc_to_vmPFC_value	value_regulation	ec_up	-0.16861487133084685
sub-08	EC_lite_directed_lagged	NAc_to_vmPFC_value	value_regulation	regulation_mean_minus_passive	-0.2964897652741491
sub-08	EC_lite_directed_lagged	NAc_to_vmPFC_value	value_regulation	up_minus_down	0.016117680401311025
sub-08	EC_lite_directed_lagged	NAc_to_vmPFC_value	value_regulation	up_minus_passive	-0.2884309250734936
sub-08	EC_lite_directed_lagged	aINS_to_dACC_MCC_salience	salience_interoception	down_minus_passive	-0.07547825402967508
sub-08	EC_lite_directed_lagged	aINS_to_dACC_MCC_salience	salience_interoception	ec_down	-0.04227776938227873
sub-08	EC_lite_directed_lagged	aINS_to_dACC_MCC_salience	salience_interoception	ec_passive	0.033200484647396354
sub-08	EC_lite_directed_lagged	aINS_to_dACC_MCC_salience	salience_interoception	ec_up	0.1569591993957091
sub-08	EC_lite_directed_lagged	aINS_to_dACC_MCC_salience	salience_interoception	regulation_mean_minus_passive	0.024140230359318848
sub-08	EC_lite_directed_lagged	aINS_to_dACC_MCC_salience	salience_interoception	up_minus_down	0.1992369687779878
sub-08	EC_lite_directed_lagged	aINS_to_dACC_MCC_salience	salience_interoception	up_minus_passive	0.12375871474831272
sub-08	EC_lite_directed_lagged	dlPFC_IFJ_L_to_vmPFC_control_value	control_value	down_minus_passive	-0.46273730271255903
sub-08	EC_lite_directed_lagged	dlPFC_IFJ_L_to_vmPFC_control_value	control_value	ec_down	-0.32234782118255684
sub-08	EC_lite_directed_lagged	dlPFC_IFJ_L_to_vmPFC_control_value	control_value	ec_passive	0.14038948153000214
sub-08	EC_lite_directed_lagged	dlPFC_IFJ_L_to_vmPFC_control_value	control_value	ec_up	0.33593866113523974
sub-08	EC_lite_directed_lagged	dlPFC_IFJ_L_to_vmPFC_control_value	control_value	regulation_mean_minus_passive	-0.13359406155366074
sub-08	EC_lite_directed_lagged	dlPFC_IFJ_L_to_vmPFC_control_value	control_value	up_minus_down	0.6582864823177966
sub-08	EC_lite_directed_lagged	dlPFC_IFJ_L_to_vmPFC_control_value	control_value	up_minus_passive	0.19554917960523752
sub-08	EC_lite_directed_lagged	pgACC_rACC_to_PAG_descending	descending_modulation	down_minus_passive	0.3267457225011602
sub-08	EC_lite_directed_lagged	pgACC_rACC_to_PAG_descending	descending_modulation	ec_down	0.1094216888987503
sub-08	EC_lite_directed_lagged	pgACC_rACC_to_PAG_descending	descending_modulation	ec_passive	-0.2173240336024098
sub-08	EC_lite_directed_lagged	pgACC_rACC_to_PAG_descending	descending_modulation	ec_up	-0.1447377613308942
sub-08	EC_lite_directed_lagged	pgACC_rACC_to_PAG_descending	descending_modulation	regulation_mean_minus_passive	0.1996659973863379
sub-08	EC_lite_directed_lagged	pgACC_rACC_to_PAG_descending	descending_modulation	up_minus_down	-0.2541594502296445
sub-08	EC_lite_directed_lagged	pgACC_rACC_to_PAG_descending	descending_modulation	up_minus_passive	0.0725862722715156
sub-09	EC_lite_directed_lagged	NAc_to_vmPFC_value	value_regulation	down_minus_passive	-0.0007675254971181387
sub-09	EC_lite_directed_lagged	NAc_to_vmPFC_value	value_regulation	ec_down	0.167754178026554
sub-09	EC_lite_directed_lagged	NAc_to_vmPFC_value	value_regulation	ec_passive	0.16852170352367216
sub-09	EC_lite_directed_lagged	NAc_to_vmPFC_value	value_regulation	ec_up	-0.34693566420045663
sub-09	EC_lite_directed_lagged	NAc_to_vmPFC_value	value_regulation	regulation_mean_minus_passive	-0.25811244661062344
sub-09	EC_lite_directed_lagged	NAc_to_vmPFC_value	value_regulation	up_minus_down	-0.5146898422270106
sub-09	EC_lite_directed_lagged	NAc_to_vmPFC_value	value_regulation	up_minus_passive	-0.5154573677241288
sub-09	EC_lite_directed_lagged	aINS_to_dACC_MCC_salience	salience_interoception	down_minus_passive	-0.12226730297415145
sub-09	EC_lite_directed_lagged	aINS_to_dACC_MCC_salience	salience_interoception	ec_down	-0.20534316054190582
sub-09	EC_lite_directed_lagged	aINS_to_dACC_MCC_salience	salience_interoception	ec_passive	-0.08307585756775437
sub-09	EC_lite_directed_lagged	aINS_to_dACC_MCC_salience	salience_interoception	ec_up	0.3368747114205783
sub-09	EC_lite_directed_lagged	aINS_to_dACC_MCC_salience	salience_interoception	regulation_mean_minus_passive	0.14884163300709058
sub-09	EC_lite_directed_lagged	aINS_to_dACC_MCC_salience	salience_interoception	up_minus_down	0.542217871962484
sub-09	EC_lite_directed_lagged	aINS_to_dACC_MCC_salience	salience_interoception	up_minus_passive	0.41995056898833266
sub-09	EC_lite_directed_lagged	dlPFC_IFJ_L_to_vmPFC_control_value	control_value	down_minus_passive	-0.7766902430368049
sub-09	EC_lite_directed_lagged	dlPFC_IFJ_L_to_vmPFC_control_value	control_value	ec_down	-0.8479514037500208
sub-09	EC_lite_directed_lagged	dlPFC_IFJ_L_to_vmPFC_control_value	control_value	ec_passive	-0.07126116071321599
sub-09	EC_lite_directed_lagged	dlPFC_IFJ_L_to_vmPFC_control_value	control_value	ec_up	-0.042346842244034205
sub-09	EC_lite_directed_lagged	dlPFC_IFJ_L_to_vmPFC_control_value	control_value	regulation_mean_minus_passive	-0.37388796228381144
sub-09	EC_lite_directed_lagged	dlPFC_IFJ_L_to_vmPFC_control_value	control_value	up_minus_down	0.8056045615059867
sub-09	EC_lite_directed_lagged	dlPFC_IFJ_L_to_vmPFC_control_value	control_value	up_minus_passive	0.028914318469181775
sub-09	EC_lite_directed_lagged	pgACC_rACC_to_PAG_descending	descending_modulation	down_minus_passive	-0.6609809064649748
sub-09	EC_lite_directed_lagged	pgACC_rACC_to_PAG_descending	descending_modulation	ec_down	-0.6598530110971791
sub-09	EC_lite_directed_lagged	pgACC_rACC_to_PAG_descending	descending_modulation	ec_passive	0.0011278953677956
sub-09	EC_lite_directed_lagged	pgACC_rACC_to_PAG_descending	descending_modulation	ec_up	0.33402675564527
sub-09	EC_lite_directed_lagged	pgACC_rACC_to_PAG_descending	descending_modulation	regulation_mean_minus_passive	-0.1640410230937502
sub-09	EC_lite_directed_lagged	pgACC_rACC_to_PAG_descending	descending_modulation	up_minus_down	0.993879766742449
sub-09	EC_lite_directed_lagged	pgACC_rACC_to_PAG_descending	descending_modulation	up_minus_passive	0.3328988602774743
sub-10	EC_lite_directed_lagged	NAc_to_vmPFC_value	value_regulation	down_minus_passive	-0.6612761969666942
sub-10	EC_lite_directed_lagged	NAc_to_vmPFC_value	value_regulation	ec_down	-0.5727537827151518
sub-10	EC_lite_directed_lagged	NAc_to_vmPFC_value	value_regulation	ec_passive	0.08852241425154235
sub-10	EC_lite_directed_lagged	NAc_to_vmPFC_value	value_regulation	ec_up	0.06212535637636248
sub-10	EC_lite_directed_lagged	NAc_to_vmPFC_value	value_regulation	regulation_mean_minus_passive	-0.343836627420937
sub-10	EC_lite_directed_lagged	NAc_to_vmPFC_value	value_regulation	up_minus_down	0.6348791390915143
sub-10	EC_lite_directed_lagged	NAc_to_vmPFC_value	value_regulation	up_minus_passive	-0.02639705787517993
sub-10	EC_lite_directed_lagged	aINS_to_dACC_MCC_salience	salience_interoception	down_minus_passive	-0.1553625625801346
sub-10	EC_lite_directed_lagged	aINS_to_dACC_MCC_salience	salience_interoception	ec_down	-0.023084595758770882
sub-10	EC_lite_directed_lagged	aINS_to_dACC_MCC_salience	salience_interoception	ec_passive	0.1322779668213637
sub-10	EC_lite_directed_lagged	aINS_to_dACC_MCC_salience	salience_interoception	ec_up	0.3070546251814346
sub-10	EC_lite_directed_lagged	aINS_to_dACC_MCC_salience	salience_interoception	regulation_mean_minus_passive	0.00970704788996816
sub-10	EC_lite_directed_lagged	aINS_to_dACC_MCC_salience	salience_interoception	up_minus_down	0.3301392209402055
sub-10	EC_lite_directed_lagged	aINS_to_dACC_MCC_salience	salience_interoception	up_minus_passive	0.17477665836007092
sub-10	EC_lite_directed_lagged	dlPFC_IFJ_L_to_vmPFC_control_value	control_value	down_minus_passive	-0.0017317565101459033
sub-10	EC_lite_directed_lagged	dlPFC_IFJ_L_to_vmPFC_control_value	control_value	ec_down	-0.11092283645867212
sub-10	EC_lite_directed_lagged	dlPFC_IFJ_L_to_vmPFC_control_value	control_value	ec_passive	-0.10919107994852617
sub-10	EC_lite_directed_lagged	dlPFC_IFJ_L_to_vmPFC_control_value	control_value	ec_up	-0.5982834207807394
sub-10	EC_lite_directed_lagged	dlPFC_IFJ_L_to_vmPFC_control_value	control_value	regulation_mean_minus_passive	-0.2454120486711795
sub-10	EC_lite_directed_lagged	dlPFC_IFJ_L_to_vmPFC_control_value	control_value	up_minus_down	-0.4873605843220672
sub-10	EC_lite_directed_lagged	dlPFC_IFJ_L_to_vmPFC_control_value	control_value	up_minus_passive	-0.48909234083221315
sub-10	EC_lite_directed_lagged	pgACC_rACC_to_PAG_descending	descending_modulation	down_minus_passive	0.1382293348711919
sub-10	EC_lite_directed_lagged	pgACC_rACC_to_PAG_descending	descending_modulation	ec_down	0.4543202707154383
sub-10	EC_lite_directed_lagged	pgACC_rACC_to_PAG_descending	descending_modulation	ec_passive	0.3160909358442464
sub-10	EC_lite_directed_lagged	pgACC_rACC_to_PAG_descending	descending_modulation	ec_up	-0.4569920963567694
sub-10	EC_lite_directed_lagged	pgACC_rACC_to_PAG_descending	descending_modulation	regulation_mean_minus_passive	-0.3174268486649119
sub-10	EC_lite_directed_lagged	pgACC_rACC_to_PAG_descending	descending_modulation	up_minus_down	-0.9113123670722078
sub-10	EC_lite_directed_lagged	pgACC_rACC_to_PAG_descending	descending_modulation	up_minus_passive	-0.7730830322010158
sub-11	EC_lite_directed_lagged	NAc_to_vmPFC_value	value_regulation	down_minus_passive	-0.1518333459185157
sub-11	EC_lite_directed_lagged	NAc_to_vmPFC_value	value_regulation	ec_down	-0.1259956787150016
sub-11	EC_lite_directed_lagged	NAc_to_vmPFC_value	value_regulation	ec_passive	0.02583766720351408
sub-11	EC_lite_directed_lagged	NAc_to_vmPFC_value	value_regulation	ec_up	0.2671518872920214
sub-11	EC_lite_directed_lagged	NAc_to_vmPFC_value	value_regulation	regulation_mean_minus_passive	0.04474043708499575
sub-11	EC_lite_directed_lagged	NAc_to_vmPFC_value	value_regulation	up_minus_down	0.393147566007023
sub-11	EC_lite_directed_lagged	NAc_to_vmPFC_value	value_regulation	up_minus_passive	0.24131422008850725
sub-11	EC_lite_directed_lagged	aINS_to_dACC_MCC_salience	salience_interoception	down_minus_passive	0.12066131108471286
sub-11	EC_lite_directed_lagged	aINS_to_dACC_MCC_salience	salience_interoception	ec_down	0.187503407310723
sub-11	EC_lite_directed_lagged	aINS_to_dACC_MCC_salience	salience_interoception	ec_passive	0.06684209622601016
sub-11	EC_lite_directed_lagged	aINS_to_dACC_MCC_salience	salience_interoception	ec_up	0.5282559039278903
sub-11	EC_lite_directed_lagged	aINS_to_dACC_MCC_salience	salience_interoception	regulation_mean_minus_passive	0.2910375593932965
sub-11	EC_lite_directed_lagged	aINS_to_dACC_MCC_salience	salience_interoception	up_minus_down	0.3407524966171674
sub-11	EC_lite_directed_lagged	aINS_to_dACC_MCC_salience	salience_interoception	up_minus_passive	0.4614138077018803
sub-11	EC_lite_directed_lagged	dlPFC_IFJ_L_to_vmPFC_control_value	control_value	down_minus_passive	0.645417500292971
sub-11	EC_lite_directed_lagged	dlPFC_IFJ_L_to_vmPFC_control_value	control_value	ec_down	0.6065522124561675
sub-11	EC_lite_directed_lagged	dlPFC_IFJ_L_to_vmPFC_control_value	control_value	ec_passive	-0.03886528783680344
sub-11	EC_lite_directed_lagged	dlPFC_IFJ_L_to_vmPFC_control_value	control_value	ec_up	0.20521016721237814
sub-11	EC_lite_directed_lagged	dlPFC_IFJ_L_to_vmPFC_control_value	control_value	regulation_mean_minus_passive	0.44474647767107617
sub-11	EC_lite_directed_lagged	dlPFC_IFJ_L_to_vmPFC_control_value	control_value	up_minus_down	-0.40134204524378925
sub-11	EC_lite_directed_lagged	dlPFC_IFJ_L_to_vmPFC_control_value	control_value	up_minus_passive	0.24407545504918163
sub-11	EC_lite_directed_lagged	pgACC_rACC_to_PAG_descending	descending_modulation	down_minus_passive	0.4723975130068324
sub-11	EC_lite_directed_lagged	pgACC_rACC_to_PAG_descending	descending_modulation	ec_down	0.4859271381011112
sub-11	EC_lite_directed_lagged	pgACC_rACC_to_PAG_descending	descending_modulation	ec_passive	0.0135296250942787
sub-11	EC_lite_directed_lagged	pgACC_rACC_to_PAG_descending	descending_modulation	ec_up	-0.3005320296173158
sub-11	EC_lite_directed_lagged	pgACC_rACC_to_PAG_descending	descending_modulation	regulation_mean_minus_passive	0.0791679291476189
sub-11	EC_lite_directed_lagged	pgACC_rACC_to_PAG_descending	descending_modulation	up_minus_down	-0.7864591677184269
sub-11	EC_lite_directed_lagged	pgACC_rACC_to_PAG_descending	descending_modulation	up_minus_passive	-0.3140616547115945
sub-12	EC_lite_directed_lagged	NAc_to_vmPFC_value	value_regulation	down_minus_passive	0.030067476567452966
sub-12	EC_lite_directed_lagged	NAc_to_vmPFC_value	value_regulation	ec_down	0.05530705907789388
sub-12	EC_lite_directed_lagged	NAc_to_vmPFC_value	value_regulation	ec_passive	0.025239582510440905
sub-12	EC_lite_directed_lagged	NAc_to_vmPFC_value	value_regulation	ec_up	0.33204594905252344
sub-12	EC_lite_directed_lagged	NAc_to_vmPFC_value	value_regulation	regulation_mean_minus_passive	0.16843692155476778
sub-12	EC_lite_directed_lagged	NAc_to_vmPFC_value	value_regulation	up_minus_down	0.2767388899746296
sub-12	EC_lite_directed_lagged	NAc_to_vmPFC_value	value_regulation	up_minus_passive	0.30680636654208254
sub-12	EC_lite_directed_lagged	aINS_to_dACC_MCC_salience	salience_interoception	down_minus_passive	0.044825645715924324
sub-12	EC_lite_directed_lagged	aINS_to_dACC_MCC_salience	salience_interoception	ec_down	0.061566163258124945
sub-12	EC_lite_directed_lagged	aINS_to_dACC_MCC_salience	salience_interoception	ec_passive	0.016740517542200618
sub-12	EC_lite_directed_lagged	aINS_to_dACC_MCC_salience	salience_interoception	ec_up	0.5469361554459643
sub-12	EC_lite_directed_lagged	aINS_to_dACC_MCC_salience	salience_interoception	regulation_mean_minus_passive	0.287510641809844
sub-12	EC_lite_directed_lagged	aINS_to_dACC_MCC_salience	salience_interoception	up_minus_down	0.4853699921878393
sub-12	EC_lite_directed_lagged	aINS_to_dACC_MCC_salience	salience_interoception	up_minus_passive	0.5301956379037637
sub-12	EC_lite_directed_lagged	dlPFC_IFJ_L_to_vmPFC_control_value	control_value	down_minus_passive	0.0595545528235504
sub-12	EC_lite_directed_lagged	dlPFC_IFJ_L_to_vmPFC_control_value	control_value	ec_down	-0.045895720772524295
sub-12	EC_lite_directed_lagged	dlPFC_IFJ_L_to_vmPFC_control_value	control_value	ec_passive	-0.10545027359607466
sub-12	EC_lite_directed_lagged	dlPFC_IFJ_L_to_vmPFC_control_value	control_value	ec_up	-0.2054937953954484
sub-12	EC_lite_directed_lagged	dlPFC_IFJ_L_to_vmPFC_control_value	control_value	regulation_mean_minus_passive	-0.020244484487911562
sub-12	EC_lite_directed_lagged	dlPFC_IFJ_L_to_vmPFC_control_value	control_value	up_minus_down	-0.1595980746229241
sub-12	EC_lite_directed_lagged	dlPFC_IFJ_L_to_vmPFC_control_value	control_value	up_minus_passive	-0.10004352179937363
sub-12	EC_lite_directed_lagged	pgACC_rACC_to_PAG_descending	descending_modulation	down_minus_passive	-0.3998554099708163
sub-12	EC_lite_directed_lagged	pgACC_rACC_to_PAG_descending	descending_modulation	ec_down	-0.5129626377836164
sub-12	EC_lite_directed_lagged	pgACC_rACC_to_PAG_descending	descending_modulation	ec_passive	-0.1131072278128
sub-12	EC_lite_directed_lagged	pgACC_rACC_to_PAG_descending	descending_modulation	ec_up	-0.1856558967134742
sub-12	EC_lite_directed_lagged	pgACC_rACC_to_PAG_descending	descending_modulation	regulation_mean_minus_passive	-0.2362020394357452
sub-12	EC_lite_directed_lagged	pgACC_rACC_to_PAG_descending	descending_modulation	up_minus_down	0.3273067410701421
sub-12	EC_lite_directed_lagged	pgACC_rACC_to_PAG_descending	descending_modulation	up_minus_passive	-0.0725486689006742
sub-13	EC_lite_directed_lagged	NAc_to_vmPFC_value	value_regulation	down_minus_passive	-0.5413121645419784
sub-13	EC_lite_directed_lagged	NAc_to_vmPFC_value	value_regulation	ec_down	-0.5161792276823037
sub-13	EC_lite_directed_lagged	NAc_to_vmPFC_value	value_regulation	ec_passive	0.025132936859674753
sub-13	EC_lite_directed_lagged	NAc_to_vmPFC_value	value_regulation	ec_up	-0.18388329547223448
sub-13	EC_lite_directed_lagged	NAc_to_vmPFC_value	value_regulation	regulation_mean_minus_passive	-0.3751641984369438
sub-13	EC_lite_directed_lagged	NAc_to_vmPFC_value	value_regulation	up_minus_down	0.3322959322100692
sub-13	EC_lite_directed_lagged	NAc_to_vmPFC_value	value_regulation	up_minus_passive	-0.20901623233190922
sub-13	EC_lite_directed_lagged	aINS_to_dACC_MCC_salience	salience_interoception	down_minus_passive	-0.12368239334834696
sub-13	EC_lite_directed_lagged	aINS_to_dACC_MCC_salience	salience_interoception	ec_down	-0.20585046517532612
sub-13	EC_lite_directed_lagged	aINS_to_dACC_MCC_salience	salience_interoception	ec_passive	-0.08216807182697915
sub-13	EC_lite_directed_lagged	aINS_to_dACC_MCC_salience	salience_interoception	ec_up	0.2696546884244036
sub-13	EC_lite_directed_lagged	aINS_to_dACC_MCC_salience	salience_interoception	regulation_mean_minus_passive	0.11407018345151787
sub-13	EC_lite_directed_lagged	aINS_to_dACC_MCC_salience	salience_interoception	up_minus_down	0.47550515359972984
sub-13	EC_lite_directed_lagged	aINS_to_dACC_MCC_salience	salience_interoception	up_minus_passive	0.3518227602513828
sub-13	EC_lite_directed_lagged	dlPFC_IFJ_L_to_vmPFC_control_value	control_value	down_minus_passive	0.583445338353333
sub-13	EC_lite_directed_lagged	dlPFC_IFJ_L_to_vmPFC_control_value	control_value	ec_down	0.5149180666642353
sub-13	EC_lite_directed_lagged	dlPFC_IFJ_L_to_vmPFC_control_value	control_value	ec_passive	-0.06852727168909754
sub-13	EC_lite_directed_lagged	dlPFC_IFJ_L_to_vmPFC_control_value	control_value	ec_up	-0.24660837928468715
sub-13	EC_lite_directed_lagged	dlPFC_IFJ_L_to_vmPFC_control_value	control_value	regulation_mean_minus_passive	0.20268211537887162
sub-13	EC_lite_directed_lagged	dlPFC_IFJ_L_to_vmPFC_control_value	control_value	up_minus_down	-0.7615264459489227
sub-13	EC_lite_directed_lagged	dlPFC_IFJ_L_to_vmPFC_control_value	control_value	up_minus_passive	-0.17808110759558962
sub-13	EC_lite_directed_lagged	pgACC_rACC_to_PAG_descending	descending_modulation	down_minus_passive	-0.2372156843853224
sub-13	EC_lite_directed_lagged	pgACC_rACC_to_PAG_descending	descending_modulation	ec_down	-0.1086737057203474
sub-13	EC_lite_directed_lagged	pgACC_rACC_to_PAG_descending	descending_modulation	ec_passive	0.128541978664975
sub-13	EC_lite_directed_lagged	pgACC_rACC_to_PAG_descending	descending_modulation	ec_up	0.3649504757083752
sub-13	EC_lite_directed_lagged	pgACC_rACC_to_PAG_descending	descending_modulation	regulation_mean_minus_passive	-0.000403593670961
sub-13	EC_lite_directed_lagged	pgACC_rACC_to_PAG_descending	descending_modulation	up_minus_down	0.4736241814287226
sub-13	EC_lite_directed_lagged	pgACC_rACC_to_PAG_descending	descending_modulation	up_minus_passive	0.2364084970434002
sub-14	EC_lite_directed_lagged	NAc_to_vmPFC_value	value_regulation	down_minus_passive	0.12790421471559185
sub-14	EC_lite_directed_lagged	NAc_to_vmPFC_value	value_regulation	ec_down	0.04246302394931622
sub-14	EC_lite_directed_lagged	NAc_to_vmPFC_value	value_regulation	ec_passive	-0.08544119076627561
sub-14	EC_lite_directed_lagged	NAc_to_vmPFC_value	value_regulation	ec_up	0.4391313295478794
sub-14	EC_lite_directed_lagged	NAc_to_vmPFC_value	value_regulation	regulation_mean_minus_passive	0.32623836751487345
sub-14	EC_lite_directed_lagged	NAc_to_vmPFC_value	value_regulation	up_minus_down	0.3966683055985632
sub-14	EC_lite_directed_lagged	NAc_to_vmPFC_value	value_regulation	up_minus_passive	0.524572520314155
sub-14	EC_lite_directed_lagged	aINS_to_dACC_MCC_salience	salience_interoception	down_minus_passive	-0.020549674042574087
sub-14	EC_lite_directed_lagged	aINS_to_dACC_MCC_salience	salience_interoception	ec_down	0.016266882414718613
sub-14	EC_lite_directed_lagged	aINS_to_dACC_MCC_salience	salience_interoception	ec_passive	0.03681655645729271
sub-14	EC_lite_directed_lagged	aINS_to_dACC_MCC_salience	salience_interoception	ec_up	0.37477797208058106
sub-14	EC_lite_directed_lagged	aINS_to_dACC_MCC_salience	salience_interoception	regulation_mean_minus_passive	0.15870587079035708
sub-14	EC_lite_directed_lagged	aINS_to_dACC_MCC_salience	salience_interoception	up_minus_down	0.35851108966586237
sub-14	EC_lite_directed_lagged	aINS_to_dACC_MCC_salience	salience_interoception	up_minus_passive	0.33796141562328835
sub-14	EC_lite_directed_lagged	dlPFC_IFJ_L_to_vmPFC_control_value	control_value	down_minus_passive	-0.2747447239658412
sub-14	EC_lite_directed_lagged	dlPFC_IFJ_L_to_vmPFC_control_value	control_value	ec_down	-0.23765657716240432
sub-14	EC_lite_directed_lagged	dlPFC_IFJ_L_to_vmPFC_control_value	control_value	ec_passive	0.03708814680343683
sub-14	EC_lite_directed_lagged	dlPFC_IFJ_L_to_vmPFC_control_value	control_value	ec_up	-0.2490401363411184
sub-14	EC_lite_directed_lagged	dlPFC_IFJ_L_to_vmPFC_control_value	control_value	regulation_mean_minus_passive	-0.2804365035551983
sub-14	EC_lite_directed_lagged	dlPFC_IFJ_L_to_vmPFC_control_value	control_value	up_minus_down	-0.011383559178714068
sub-14	EC_lite_directed_lagged	dlPFC_IFJ_L_to_vmPFC_control_value	control_value	up_minus_passive	-0.28612828314455524
sub-14	EC_lite_directed_lagged	pgACC_rACC_to_PAG_descending	descending_modulation	down_minus_passive	0.4868688632051424
sub-14	EC_lite_directed_lagged	pgACC_rACC_to_PAG_descending	descending_modulation	ec_down	0.273440778212984
sub-14	EC_lite_directed_lagged	pgACC_rACC_to_PAG_descending	descending_modulation	ec_passive	-0.2134280849921584
sub-14	EC_lite_directed_lagged	pgACC_rACC_to_PAG_descending	descending_modulation	ec_up	-0.0545645871765254
sub-14	EC_lite_directed_lagged	pgACC_rACC_to_PAG_descending	descending_modulation	regulation_mean_minus_passive	0.3228661805103877
sub-14	EC_lite_directed_lagged	pgACC_rACC_to_PAG_descending	descending_modulation	up_minus_down	-0.3280053653895095
sub-14	EC_lite_directed_lagged	pgACC_rACC_to_PAG_descending	descending_modulation	up_minus_passive	0.1588634978156329
sub-15	EC_lite_directed_lagged	NAc_to_vmPFC_value	value_regulation	down_minus_passive	0.30475514375867047
sub-15	EC_lite_directed_lagged	NAc_to_vmPFC_value	value_regulation	ec_down	0.290938991669347
sub-15	EC_lite_directed_lagged	NAc_to_vmPFC_value	value_regulation	ec_passive	-0.013816152089323465
sub-15	EC_lite_directed_lagged	NAc_to_vmPFC_value	value_regulation	ec_up	-0.6582845913964827
sub-15	EC_lite_directed_lagged	NAc_to_vmPFC_value	value_regulation	regulation_mean_minus_passive	-0.16985664777424436
sub-15	EC_lite_directed_lagged	NAc_to_vmPFC_value	value_regulation	up_minus_down	-0.9492235830658298
sub-15	EC_lite_directed_lagged	NAc_to_vmPFC_value	value_regulation	up_minus_passive	-0.6444684393071594
sub-15	EC_lite_directed_lagged	aINS_to_dACC_MCC_salience	salience_interoception	down_minus_passive	-0.09070342226310742
sub-15	EC_lite_directed_lagged	aINS_to_dACC_MCC_salience	salience_interoception	ec_down	-0.20247071998872782
sub-15	EC_lite_directed_lagged	aINS_to_dACC_MCC_salience	salience_interoception	ec_passive	-0.11176729772562037
sub-15	EC_lite_directed_lagged	aINS_to_dACC_MCC_salience	salience_interoception	ec_up	-0.3742262269428225
sub-15	EC_lite_directed_lagged	aINS_to_dACC_MCC_salience	salience_interoception	regulation_mean_minus_passive	-0.17658117574015475
sub-15	EC_lite_directed_lagged	aINS_to_dACC_MCC_salience	salience_interoception	up_minus_down	-0.1717555069540946
sub-15	EC_lite_directed_lagged	aINS_to_dACC_MCC_salience	salience_interoception	up_minus_passive	-0.2624589292172021
sub-15	EC_lite_directed_lagged	dlPFC_IFJ_L_to_vmPFC_control_value	control_value	down_minus_passive	0.253848194926745
sub-15	EC_lite_directed_lagged	dlPFC_IFJ_L_to_vmPFC_control_value	control_value	ec_down	0.28540360461777453
sub-15	EC_lite_directed_lagged	dlPFC_IFJ_L_to_vmPFC_control_value	control_value	ec_passive	0.031555409691029566
sub-15	EC_lite_directed_lagged	dlPFC_IFJ_L_to_vmPFC_control_value	control_value	ec_up	-0.7559139022537756
sub-15	EC_lite_directed_lagged	dlPFC_IFJ_L_to_vmPFC_control_value	control_value	regulation_mean_minus_passive	-0.26681055850903007
sub-15	EC_lite_directed_lagged	dlPFC_IFJ_L_to_vmPFC_control_value	control_value	up_minus_down	-1.0413175068715501
sub-15	EC_lite_directed_lagged	dlPFC_IFJ_L_to_vmPFC_control_value	control_value	up_minus_passive	-0.7874693119448052
sub-15	EC_lite_directed_lagged	pgACC_rACC_to_PAG_descending	descending_modulation	down_minus_passive	-0.1024432611408411
sub-15	EC_lite_directed_lagged	pgACC_rACC_to_PAG_descending	descending_modulation	ec_down	-0.1500039567551977
sub-15	EC_lite_directed_lagged	pgACC_rACC_to_PAG_descending	descending_modulation	ec_passive	-0.0475606956143566
sub-15	EC_lite_directed_lagged	pgACC_rACC_to_PAG_descending	descending_modulation	ec_up	0.2091828483876149
sub-15	EC_lite_directed_lagged	pgACC_rACC_to_PAG_descending	descending_modulation	regulation_mean_minus_passive	0.0771501414305651
sub-15	EC_lite_directed_lagged	pgACC_rACC_to_PAG_descending	descending_modulation	up_minus_down	0.3591868051428126
sub-15	EC_lite_directed_lagged	pgACC_rACC_to_PAG_descending	descending_modulation	up_minus_passive	0.2567435440019714
sub-16	EC_lite_directed_lagged	NAc_to_vmPFC_value	value_regulation	down_minus_passive	0.24914138912079728
sub-16	EC_lite_directed_lagged	NAc_to_vmPFC_value	value_regulation	ec_down	0.27530689752082255
sub-16	EC_lite_directed_lagged	NAc_to_vmPFC_value	value_regulation	ec_passive	0.026165508400025184
sub-16	EC_lite_directed_lagged	NAc_to_vmPFC_value	value_regulation	ec_up	0.1021320393520279
sub-16	EC_lite_directed_lagged	NAc_to_vmPFC_value	value_regulation	regulation_mean_minus_passive	0.16255396003639994
sub-16	EC_lite_directed_lagged	NAc_to_vmPFC_value	value_regulation	up_minus_down	-0.17317485816879463
sub-16	EC_lite_directed_lagged	NAc_to_vmPFC_value	value_regulation	up_minus_passive	0.07596653095200269
sub-16	EC_lite_directed_lagged	aINS_to_dACC_MCC_salience	salience_interoception	down_minus_passive	0.21021350374531989
sub-16	EC_lite_directed_lagged	aINS_to_dACC_MCC_salience	salience_interoception	ec_down	0.23697668416192716
sub-16	EC_lite_directed_lagged	aINS_to_dACC_MCC_salience	salience_interoception	ec_passive	0.026763180416607284
sub-16	EC_lite_directed_lagged	aINS_to_dACC_MCC_salience	salience_interoception	ec_up	0.3222691800231798
sub-16	EC_lite_directed_lagged	aINS_to_dACC_MCC_salience	salience_interoception	regulation_mean_minus_passive	0.25285975167594615
sub-16	EC_lite_directed_lagged	aINS_to_dACC_MCC_salience	salience_interoception	up_minus_down	0.08529249586125258
sub-16	EC_lite_directed_lagged	aINS_to_dACC_MCC_salience	salience_interoception	up_minus_passive	0.2955059996065725
sub-16	EC_lite_directed_lagged	dlPFC_IFJ_L_to_vmPFC_control_value	control_value	down_minus_passive	-0.39833580367384375
sub-16	EC_lite_directed_lagged	dlPFC_IFJ_L_to_vmPFC_control_value	control_value	ec_down	-0.3239326916380528
sub-16	EC_lite_directed_lagged	dlPFC_IFJ_L_to_vmPFC_control_value	control_value	ec_passive	0.07440311203579086
sub-16	EC_lite_directed_lagged	dlPFC_IFJ_L_to_vmPFC_control_value	control_value	ec_up	-0.07501789150907573
sub-16	EC_lite_directed_lagged	dlPFC_IFJ_L_to_vmPFC_control_value	control_value	regulation_mean_minus_passive	-0.2738784036093551
sub-16	EC_lite_directed_lagged	dlPFC_IFJ_L_to_vmPFC_control_value	control_value	up_minus_down	0.24891480012897715
sub-16	EC_lite_directed_lagged	dlPFC_IFJ_L_to_vmPFC_control_value	control_value	up_minus_passive	-0.14942100354486662
sub-16	EC_lite_directed_lagged	pgACC_rACC_to_PAG_descending	descending_modulation	down_minus_passive	-0.2089603174590878
sub-16	EC_lite_directed_lagged	pgACC_rACC_to_PAG_descending	descending_modulation	ec_down	-0.5080039846012776
sub-16	EC_lite_directed_lagged	pgACC_rACC_to_PAG_descending	descending_modulation	ec_passive	-0.2990436671421897
sub-16	EC_lite_directed_lagged	pgACC_rACC_to_PAG_descending	descending_modulation	ec_up	-0.2259959868570367
sub-16	EC_lite_directed_lagged	pgACC_rACC_to_PAG_descending	descending_modulation	regulation_mean_minus_passive	-0.0679563185869674
sub-16	EC_lite_directed_lagged	pgACC_rACC_to_PAG_descending	descending_modulation	up_minus_down	0.2820079977442409
sub-16	EC_lite_directed_lagged	pgACC_rACC_to_PAG_descending	descending_modulation	up_minus_passive	0.073047680285153
sub-17	EC_lite_directed_lagged	NAc_to_vmPFC_value	value_regulation	down_minus_passive	0.4509140798741537
sub-17	EC_lite_directed_lagged	NAc_to_vmPFC_value	value_regulation	ec_down	0.3988677161246705
sub-17	EC_lite_directed_lagged	NAc_to_vmPFC_value	value_regulation	ec_passive	-0.05204636374948327
sub-17	EC_lite_directed_lagged	NAc_to_vmPFC_value	value_regulation	ec_up	0.3654804766724044
sub-17	EC_lite_directed_lagged	NAc_to_vmPFC_value	value_regulation	regulation_mean_minus_passive	0.4342204601480206
sub-17	EC_lite_directed_lagged	NAc_to_vmPFC_value	value_regulation	up_minus_down	-0.03338723945226599
sub-17	EC_lite_directed_lagged	NAc_to_vmPFC_value	value_regulation	up_minus_passive	0.4175268404218877
sub-17	EC_lite_directed_lagged	aINS_to_dACC_MCC_salience	salience_interoception	down_minus_passive	0.46816007247728103
sub-17	EC_lite_directed_lagged	aINS_to_dACC_MCC_salience	salience_interoception	ec_down	0.529434825841641
sub-17	EC_lite_directed_lagged	aINS_to_dACC_MCC_salience	salience_interoception	ec_passive	0.06127475336435998
sub-17	EC_lite_directed_lagged	aINS_to_dACC_MCC_salience	salience_interoception	ec_up	0.40909612587081634
sub-17	EC_lite_directed_lagged	aINS_to_dACC_MCC_salience	salience_interoception	regulation_mean_minus_passive	0.40799072249186863
sub-17	EC_lite_directed_lagged	aINS_to_dACC_MCC_salience	salience_interoception	up_minus_down	-0.12033869997082473
sub-17	EC_lite_directed_lagged	aINS_to_dACC_MCC_salience	salience_interoception	up_minus_passive	0.3478213725064563
sub-17	EC_lite_directed_lagged	dlPFC_IFJ_L_to_vmPFC_control_value	control_value	down_minus_passive	-0.5133125469888612
sub-17	EC_lite_directed_lagged	dlPFC_IFJ_L_to_vmPFC_control_value	control_value	ec_down	-0.47098511292462314
sub-17	EC_lite_directed_lagged	dlPFC_IFJ_L_to_vmPFC_control_value	control_value	ec_passive	0.042327434064237966
sub-17	EC_lite_directed_lagged	dlPFC_IFJ_L_to_vmPFC_control_value	control_value	ec_up	-0.29303923926486636
sub-17	EC_lite_directed_lagged	dlPFC_IFJ_L_to_vmPFC_control_value	control_value	regulation_mean_minus_passive	-0.42433961015898275
sub-17	EC_lite_directed_lagged	dlPFC_IFJ_L_to_vmPFC_control_value	control_value	up_minus_down	0.1779458736597567
sub-17	EC_lite_directed_lagged	dlPFC_IFJ_L_to_vmPFC_control_value	control_value	up_minus_passive	-0.33536667332910436
sub-17	EC_lite_directed_lagged	pgACC_rACC_to_PAG_descending	descending_modulation	down_minus_passive	-0.1907514620951381
sub-17	EC_lite_directed_lagged	pgACC_rACC_to_PAG_descending	descending_modulation	ec_down	-0.3409692943249427
sub-17	EC_lite_directed_lagged	pgACC_rACC_to_PAG_descending	descending_modulation	ec_passive	-0.1502178322298045
sub-17	EC_lite_directed_lagged	pgACC_rACC_to_PAG_descending	descending_modulation	ec_up	-0.1674547755939287
sub-17	EC_lite_directed_lagged	pgACC_rACC_to_PAG_descending	descending_modulation	regulation_mean_minus_passive	-0.1039942027296312
sub-17	EC_lite_directed_lagged	pgACC_rACC_to_PAG_descending	descending_modulation	up_minus_down	0.1735145187310139
sub-17	EC_lite_directed_lagged	pgACC_rACC_to_PAG_descending	descending_modulation	up_minus_passive	-0.0172369433641242
sub-18	EC_lite_directed_lagged	NAc_to_vmPFC_value	value_regulation	down_minus_passive	-0.3513325168283141
sub-18	EC_lite_directed_lagged	NAc_to_vmPFC_value	value_regulation	ec_down	-0.40482591845053584
sub-18	EC_lite_directed_lagged	NAc_to_vmPFC_value	value_regulation	ec_passive	-0.053493401622221735
sub-18	EC_lite_directed_lagged	NAc_to_vmPFC_value	value_regulation	ec_up	0.371150502771642
sub-18	EC_lite_directed_lagged	NAc_to_vmPFC_value	value_regulation	regulation_mean_minus_passive	0.03665569378277482
sub-18	EC_lite_directed_lagged	NAc_to_vmPFC_value	value_regulation	up_minus_down	0.775976421222178
sub-18	EC_lite_directed_lagged	NAc_to_vmPFC_value	value_regulation	up_minus_passive	0.42464390439386385
sub-18	EC_lite_directed_lagged	aINS_to_dACC_MCC_salience	salience_interoception	down_minus_passive	-0.1080112873700073
sub-18	EC_lite_directed_lagged	aINS_to_dACC_MCC_salience	salience_interoception	ec_down	-0.22668304677603004
sub-18	EC_lite_directed_lagged	aINS_to_dACC_MCC_salience	salience_interoception	ec_passive	-0.11867175940602274
sub-18	EC_lite_directed_lagged	aINS_to_dACC_MCC_salience	salience_interoception	ec_up	-0.31046161799555855
sub-18	EC_lite_directed_lagged	aINS_to_dACC_MCC_salience	salience_interoception	regulation_mean_minus_passive	-0.14990057297977152
sub-18	EC_lite_directed_lagged	aINS_to_dACC_MCC_salience	salience_interoception	up_minus_down	-0.08377857121952846
sub-18	EC_lite_directed_lagged	aINS_to_dACC_MCC_salience	salience_interoception	up_minus_passive	-0.19178985858953576
sub-18	EC_lite_directed_lagged	dlPFC_IFJ_L_to_vmPFC_control_value	control_value	down_minus_passive	-0.47261227247568716
sub-18	EC_lite_directed_lagged	dlPFC_IFJ_L_to_vmPFC_control_value	control_value	ec_down	-0.6298437489409603
sub-18	EC_lite_directed_lagged	dlPFC_IFJ_L_to_vmPFC_control_value	control_value	ec_passive	-0.1572314764652731
sub-18	EC_lite_directed_lagged	dlPFC_IFJ_L_to_vmPFC_control_value	control_value	ec_up	0.6227658524170586
sub-18	EC_lite_directed_lagged	dlPFC_IFJ_L_to_vmPFC_control_value	control_value	regulation_mean_minus_passive	0.15369252820332227
sub-18	EC_lite_directed_lagged	dlPFC_IFJ_L_to_vmPFC_control_value	control_value	up_minus_down	1.2526096013580188
sub-18	EC_lite_directed_lagged	dlPFC_IFJ_L_to_vmPFC_control_value	control_value	up_minus_passive	0.7799973288823318
sub-18	EC_lite_directed_lagged	pgACC_rACC_to_PAG_descending	descending_modulation	down_minus_passive	0.2341828192338437
sub-18	EC_lite_directed_lagged	pgACC_rACC_to_PAG_descending	descending_modulation	ec_down	0.2743060929179544
sub-18	EC_lite_directed_lagged	pgACC_rACC_to_PAG_descending	descending_modulation	ec_passive	0.0401232736841107
sub-18	EC_lite_directed_lagged	pgACC_rACC_to_PAG_descending	descending_modulation	ec_up	-0.7200907975749016
sub-18	EC_lite_directed_lagged	pgACC_rACC_to_PAG_descending	descending_modulation	regulation_mean_minus_passive	-0.2630156260125842
sub-18	EC_lite_directed_lagged	pgACC_rACC_to_PAG_descending	descending_modulation	up_minus_down	-0.994396890492856
sub-18	EC_lite_directed_lagged	pgACC_rACC_to_PAG_descending	descending_modulation	up_minus_passive	-0.7602140712590123
sub-19	EC_lite_directed_lagged	NAc_to_vmPFC_value	value_regulation	down_minus_passive	-0.854651643885572
sub-19	EC_lite_directed_lagged	NAc_to_vmPFC_value	value_regulation	ec_down	-0.767061968973978
sub-19	EC_lite_directed_lagged	NAc_to_vmPFC_value	value_regulation	ec_passive	0.08758967491159377
sub-19	EC_lite_directed_lagged	NAc_to_vmPFC_value	value_regulation	ec_up	0.10484575010876838
sub-19	EC_lite_directed_lagged	NAc_to_vmPFC_value	value_regulation	regulation_mean_minus_passive	-0.41869778434419863
sub-19	EC_lite_directed_lagged	NAc_to_vmPFC_value	value_regulation	up_minus_down	0.8719077190827464
sub-19	EC_lite_directed_lagged	NAc_to_vmPFC_value	value_regulation	up_minus_passive	0.017256075197174592
sub-19	EC_lite_directed_lagged	aINS_to_dACC_MCC_salience	salience_interoception	down_minus_passive	0.14150498881270276
sub-19	EC_lite_directed_lagged	aINS_to_dACC_MCC_salience	salience_interoception	ec_down	0.24823010077432883
sub-19	EC_lite_directed_lagged	aINS_to_dACC_MCC_salience	salience_interoception	ec_passive	0.10672511196162608
sub-19	EC_lite_directed_lagged	aINS_to_dACC_MCC_salience	salience_interoception	ec_up	-0.28172852548833455
sub-19	EC_lite_directed_lagged	aINS_to_dACC_MCC_salience	salience_interoception	regulation_mean_minus_passive	-0.12347432431862893
sub-19	EC_lite_directed_lagged	aINS_to_dACC_MCC_salience	salience_interoception	up_minus_down	-0.5299586262626634
sub-19	EC_lite_directed_lagged	aINS_to_dACC_MCC_salience	salience_interoception	up_minus_passive	-0.3884536374499607
sub-19	EC_lite_directed_lagged	dlPFC_IFJ_L_to_vmPFC_control_value	control_value	down_minus_passive	-0.45998598833935195
sub-19	EC_lite_directed_lagged	dlPFC_IFJ_L_to_vmPFC_control_value	control_value	ec_down	-0.44341212448204076
sub-19	EC_lite_directed_lagged	dlPFC_IFJ_L_to_vmPFC_control_value	control_value	ec_passive	0.01657386385731113
sub-19	EC_lite_directed_lagged	dlPFC_IFJ_L_to_vmPFC_control_value	control_value	ec_up	-0.002255289380842934
sub-19	EC_lite_directed_lagged	dlPFC_IFJ_L_to_vmPFC_control_value	control_value	regulation_mean_minus_passive	-0.239407570788753
sub-19	EC_lite_directed_lagged	dlPFC_IFJ_L_to_vmPFC_control_value	control_value	up_minus_down	0.44115683510119785
sub-19	EC_lite_directed_lagged	dlPFC_IFJ_L_to_vmPFC_control_value	control_value	up_minus_passive	-0.018829153238154095
sub-19	EC_lite_directed_lagged	pgACC_rACC_to_PAG_descending	descending_modulation	down_minus_passive	-0.0175546925707574
sub-19	EC_lite_directed_lagged	pgACC_rACC_to_PAG_descending	descending_modulation	ec_down	-0.1832932419903399
sub-19	EC_lite_directed_lagged	pgACC_rACC_to_PAG_descending	descending_modulation	ec_passive	-0.1657385494195824
sub-19	EC_lite_directed_lagged	pgACC_rACC_to_PAG_descending	descending_modulation	ec_up	0.0744101479568668
sub-19	EC_lite_directed_lagged	pgACC_rACC_to_PAG_descending	descending_modulation	regulation_mean_minus_passive	0.1112970024028459
sub-19	EC_lite_directed_lagged	pgACC_rACC_to_PAG_descending	descending_modulation	up_minus_down	0.2577033899472067
sub-19	EC_lite_directed_lagged	pgACC_rACC_to_PAG_descending	descending_modulation	up_minus_passive	0.2401486973764492
sub-20	EC_lite_directed_lagged	NAc_to_vmPFC_value	value_regulation	down_minus_passive	-0.08899276399115236
sub-20	EC_lite_directed_lagged	NAc_to_vmPFC_value	value_regulation	ec_down	-0.15992227195628617
sub-20	EC_lite_directed_lagged	NAc_to_vmPFC_value	value_regulation	ec_passive	-0.0709295079651338
sub-20	EC_lite_directed_lagged	NAc_to_vmPFC_value	value_regulation	ec_up	0.039182381881806456
sub-20	EC_lite_directed_lagged	NAc_to_vmPFC_value	value_regulation	regulation_mean_minus_passive	0.01055956292789393
sub-20	EC_lite_directed_lagged	NAc_to_vmPFC_value	value_regulation	up_minus_down	0.19910465383809264
sub-20	EC_lite_directed_lagged	NAc_to_vmPFC_value	value_regulation	up_minus_passive	0.11011188984694024
sub-20	EC_lite_directed_lagged	aINS_to_dACC_MCC_salience	salience_interoception	down_minus_passive	-0.01502055579652195
sub-20	EC_lite_directed_lagged	aINS_to_dACC_MCC_salience	salience_interoception	ec_down	-0.12993835014570362
sub-20	EC_lite_directed_lagged	aINS_to_dACC_MCC_salience	salience_interoception	ec_passive	-0.11491779434918169
sub-20	EC_lite_directed_lagged	aINS_to_dACC_MCC_salience	salience_interoception	ec_up	0.5902230526125997
sub-20	EC_lite_directed_lagged	aINS_to_dACC_MCC_salience	salience_interoception	regulation_mean_minus_passive	0.34506014558262965
sub-20	EC_lite_directed_lagged	aINS_to_dACC_MCC_salience	salience_interoception	up_minus_down	0.7201614027583032
sub-20	EC_lite_directed_lagged	aINS_to_dACC_MCC_salience	salience_interoception	up_minus_passive	0.7051408469617813
sub-20	EC_lite_directed_lagged	dlPFC_IFJ_L_to_vmPFC_control_value	control_value	down_minus_passive	-0.04866116325905947
sub-20	EC_lite_directed_lagged	dlPFC_IFJ_L_to_vmPFC_control_value	control_value	ec_down	-0.18923144261454275
sub-20	EC_lite_directed_lagged	dlPFC_IFJ_L_to_vmPFC_control_value	control_value	ec_passive	-0.14057027935548333
sub-20	EC_lite_directed_lagged	dlPFC_IFJ_L_to_vmPFC_control_value	control_value	ec_up	-0.58613269234334
sub-20	EC_lite_directed_lagged	dlPFC_IFJ_L_to_vmPFC_control_value	control_value	regulation_mean_minus_passive	-0.247111788123458
sub-20	EC_lite_directed_lagged	dlPFC_IFJ_L_to_vmPFC_control_value	control_value	up_minus_down	-0.3969012497287971
sub-20	EC_lite_directed_lagged	dlPFC_IFJ_L_to_vmPFC_control_value	control_value	up_minus_passive	-0.4455624129878566
sub-20	EC_lite_directed_lagged	pgACC_rACC_to_PAG_descending	descending_modulation	down_minus_passive	0.5034264150190244
sub-20	EC_lite_directed_lagged	pgACC_rACC_to_PAG_descending	descending_modulation	ec_down	0.2693470644126895
sub-20	EC_lite_directed_lagged	pgACC_rACC_to_PAG_descending	descending_modulation	ec_passive	-0.2340793506063349
sub-20	EC_lite_directed_lagged	pgACC_rACC_to_PAG_descending	descending_modulation	ec_up	-0.7275259839274966
sub-20	EC_lite_directed_lagged	pgACC_rACC_to_PAG_descending	descending_modulation	regulation_mean_minus_passive	0.0049898908489313
sub-20	EC_lite_directed_lagged	pgACC_rACC_to_PAG_descending	descending_modulation	up_minus_down	-0.996873048340186
sub-20	EC_lite_directed_lagged	pgACC_rACC_to_PAG_descending	descending_modulation	up_minus_passive	-0.4934466333211617
sub-21	EC_lite_directed_lagged	NAc_to_vmPFC_value	value_regulation	down_minus_passive	-0.5617307006755404
sub-21	EC_lite_directed_lagged	NAc_to_vmPFC_value	value_regulation	ec_down	-0.36340659439173423
sub-21	EC_lite_directed_lagged	NAc_to_vmPFC_value	value_regulation	ec_passive	0.19832410628380615
sub-21	EC_lite_directed_lagged	NAc_to_vmPFC_value	value_regulation	ec_up	0.5357948732834551
sub-21	EC_lite_directed_lagged	NAc_to_vmPFC_value	value_regulation	regulation_mean_minus_passive	-0.11212996683794575
sub-21	EC_lite_directed_lagged	NAc_to_vmPFC_value	value_regulation	up_minus_down	0.8992014676751894
sub-21	EC_lite_directed_lagged	NAc_to_vmPFC_value	value_regulation	up_minus_passive	0.33747076699964884
sub-21	EC_lite_directed_lagged	aINS_to_dACC_MCC_salience	salience_interoception	down_minus_passive	-0.05369969778722023
sub-21	EC_lite_directed_lagged	aINS_to_dACC_MCC_salience	salience_interoception	ec_down	0.023195501241640996
sub-21	EC_lite_directed_lagged	aINS_to_dACC_MCC_salience	salience_interoception	ec_passive	0.07689519902886122
sub-21	EC_lite_directed_lagged	aINS_to_dACC_MCC_salience	salience_interoception	ec_up	-0.07272560353572059
sub-21	EC_lite_directed_lagged	aINS_to_dACC_MCC_salience	salience_interoception	regulation_mean_minus_passive	-0.10166025017590104
sub-21	EC_lite_directed_lagged	aINS_to_dACC_MCC_salience	salience_interoception	up_minus_down	-0.09592110477736161
sub-21	EC_lite_directed_lagged	aINS_to_dACC_MCC_salience	salience_interoception	up_minus_passive	-0.14962080256458188
sub-21	EC_lite_directed_lagged	dlPFC_IFJ_L_to_vmPFC_control_value	control_value	down_minus_passive	-0.2849391366892573
sub-21	EC_lite_directed_lagged	dlPFC_IFJ_L_to_vmPFC_control_value	control_value	ec_down	-0.3722564831462436
sub-21	EC_lite_directed_lagged	dlPFC_IFJ_L_to_vmPFC_control_value	control_value	ec_passive	-0.08731734645698626
sub-21	EC_lite_directed_lagged	dlPFC_IFJ_L_to_vmPFC_control_value	control_value	ec_up	0.24309377637678678
sub-21	EC_lite_directed_lagged	dlPFC_IFJ_L_to_vmPFC_control_value	control_value	regulation_mean_minus_passive	0.022735993072257904
sub-21	EC_lite_directed_lagged	dlPFC_IFJ_L_to_vmPFC_control_value	control_value	up_minus_down	0.6153502595230305
sub-21	EC_lite_directed_lagged	dlPFC_IFJ_L_to_vmPFC_control_value	control_value	up_minus_passive	0.3304111228337731
sub-21	EC_lite_directed_lagged	pgACC_rACC_to_PAG_descending	descending_modulation	down_minus_passive	-0.4847557715224171
sub-21	EC_lite_directed_lagged	pgACC_rACC_to_PAG_descending	descending_modulation	ec_down	-0.4213561146391008
sub-21	EC_lite_directed_lagged	pgACC_rACC_to_PAG_descending	descending_modulation	ec_passive	0.0633996568833162
sub-21	EC_lite_directed_lagged	pgACC_rACC_to_PAG_descending	descending_modulation	ec_up	-0.4320396573791342
sub-21	EC_lite_directed_lagged	pgACC_rACC_to_PAG_descending	descending_modulation	regulation_mean_minus_passive	-0.4900975428924338
sub-21	EC_lite_directed_lagged	pgACC_rACC_to_PAG_descending	descending_modulation	up_minus_down	-0.0106835427400334
sub-21	EC_lite_directed_lagged	pgACC_rACC_to_PAG_descending	descending_modulation	up_minus_passive	-0.4954393142624505
sub-22	EC_lite_directed_lagged	NAc_to_vmPFC_value	value_regulation	down_minus_passive	-0.04612825352890541
sub-22	EC_lite_directed_lagged	NAc_to_vmPFC_value	value_regulation	ec_down	-0.0855944698683983
sub-22	EC_lite_directed_lagged	NAc_to_vmPFC_value	value_regulation	ec_passive	-0.039466216339492884
sub-22	EC_lite_directed_lagged	NAc_to_vmPFC_value	value_regulation	ec_up	-0.06134231632350753
sub-22	EC_lite_directed_lagged	NAc_to_vmPFC_value	value_regulation	regulation_mean_minus_passive	-0.034002176756460015
sub-22	EC_lite_directed_lagged	NAc_to_vmPFC_value	value_regulation	up_minus_down	0.024252153544890815
sub-22	EC_lite_directed_lagged	NAc_to_vmPFC_value	value_regulation	up_minus_passive	-0.021876099984014574
sub-22	EC_lite_directed_lagged	aINS_to_dACC_MCC_salience	salience_interoception	down_minus_passive	-0.11943249496386604
sub-22	EC_lite_directed_lagged	aINS_to_dACC_MCC_salience	salience_interoception	ec_down	-0.18692227985716522
sub-22	EC_lite_directed_lagged	aINS_to_dACC_MCC_salience	salience_interoception	ec_passive	-0.06748978489329922
sub-22	EC_lite_directed_lagged	aINS_to_dACC_MCC_salience	salience_interoception	ec_up	0.15896074696374377
sub-22	EC_lite_directed_lagged	aINS_to_dACC_MCC_salience	salience_interoception	regulation_mean_minus_passive	0.05350901844658848
sub-22	EC_lite_directed_lagged	aINS_to_dACC_MCC_salience	salience_interoception	up_minus_down	0.34588302682090893
sub-22	EC_lite_directed_lagged	aINS_to_dACC_MCC_salience	salience_interoception	up_minus_passive	0.226450531857043
sub-22	EC_lite_directed_lagged	dlPFC_IFJ_L_to_vmPFC_control_value	control_value	down_minus_passive	-0.26049811617512647
sub-22	EC_lite_directed_lagged	dlPFC_IFJ_L_to_vmPFC_control_value	control_value	ec_down	0.043724893554342635
sub-22	EC_lite_directed_lagged	dlPFC_IFJ_L_to_vmPFC_control_value	control_value	ec_passive	0.30422300972946914
sub-22	EC_lite_directed_lagged	dlPFC_IFJ_L_to_vmPFC_control_value	control_value	ec_up	0.13419401174575057
sub-22	EC_lite_directed_lagged	dlPFC_IFJ_L_to_vmPFC_control_value	control_value	regulation_mean_minus_passive	-0.21526355707942255
sub-22	EC_lite_directed_lagged	dlPFC_IFJ_L_to_vmPFC_control_value	control_value	up_minus_down	0.09046911819140795
sub-22	EC_lite_directed_lagged	dlPFC_IFJ_L_to_vmPFC_control_value	control_value	up_minus_passive	-0.1700289979837186
sub-22	EC_lite_directed_lagged	pgACC_rACC_to_PAG_descending	descending_modulation	down_minus_passive	-0.5738249274888404
sub-22	EC_lite_directed_lagged	pgACC_rACC_to_PAG_descending	descending_modulation	ec_down	-0.4329806541508008
sub-22	EC_lite_directed_lagged	pgACC_rACC_to_PAG_descending	descending_modulation	ec_passive	0.1408442733380396
sub-22	EC_lite_directed_lagged	pgACC_rACC_to_PAG_descending	descending_modulation	ec_up	0.1015959178231257
sub-22	EC_lite_directed_lagged	pgACC_rACC_to_PAG_descending	descending_modulation	regulation_mean_minus_passive	-0.3065366415018772
sub-22	EC_lite_directed_lagged	pgACC_rACC_to_PAG_descending	descending_modulation	up_minus_down	0.5345765719739265
sub-22	EC_lite_directed_lagged	pgACC_rACC_to_PAG_descending	descending_modulation	up_minus_passive	-0.0392483555149139
sub-23	EC_lite_directed_lagged	NAc_to_vmPFC_value	value_regulation	down_minus_passive	0.2554077850558463
sub-23	EC_lite_directed_lagged	NAc_to_vmPFC_value	value_regulation	ec_down	0.3553091039135559
sub-23	EC_lite_directed_lagged	NAc_to_vmPFC_value	value_regulation	ec_passive	0.09990131885770953
sub-23	EC_lite_directed_lagged	NAc_to_vmPFC_value	value_regulation	ec_up	-0.2627746668044752
sub-23	EC_lite_directed_lagged	NAc_to_vmPFC_value	value_regulation	regulation_mean_minus_passive	-0.05363410030316917
sub-23	EC_lite_directed_lagged	NAc_to_vmPFC_value	value_regulation	up_minus_down	-0.6180837707180311
sub-23	EC_lite_directed_lagged	NAc_to_vmPFC_value	value_regulation	up_minus_passive	-0.3626759856621847
sub-23	EC_lite_directed_lagged	aINS_to_dACC_MCC_salience	salience_interoception	down_minus_passive	-0.26301395278434364
sub-23	EC_lite_directed_lagged	aINS_to_dACC_MCC_salience	salience_interoception	ec_down	-0.253917852787313
sub-23	EC_lite_directed_lagged	aINS_to_dACC_MCC_salience	salience_interoception	ec_passive	0.009096099997030654
sub-23	EC_lite_directed_lagged	aINS_to_dACC_MCC_salience	salience_interoception	ec_up	-0.002423432352458482
sub-23	EC_lite_directed_lagged	aINS_to_dACC_MCC_salience	salience_interoception	regulation_mean_minus_passive	-0.13726674256691634
sub-23	EC_lite_directed_lagged	aINS_to_dACC_MCC_salience	salience_interoception	up_minus_down	0.25149442043485454
sub-23	EC_lite_directed_lagged	aINS_to_dACC_MCC_salience	salience_interoception	up_minus_passive	-0.011519532349489147
sub-23	EC_lite_directed_lagged	dlPFC_IFJ_L_to_vmPFC_control_value	control_value	down_minus_passive	0.18835197871691597
sub-23	EC_lite_directed_lagged	dlPFC_IFJ_L_to_vmPFC_control_value	control_value	ec_down	0.30902746013339283
sub-23	EC_lite_directed_lagged	dlPFC_IFJ_L_to_vmPFC_control_value	control_value	ec_passive	0.12067548141647687
sub-23	EC_lite_directed_lagged	dlPFC_IFJ_L_to_vmPFC_control_value	control_value	ec_up	0.0724630692229033
sub-23	EC_lite_directed_lagged	dlPFC_IFJ_L_to_vmPFC_control_value	control_value	regulation_mean_minus_passive	0.0700697832616712
sub-23	EC_lite_directed_lagged	dlPFC_IFJ_L_to_vmPFC_control_value	control_value	up_minus_down	-0.23656439091048956
sub-23	EC_lite_directed_lagged	dlPFC_IFJ_L_to_vmPFC_control_value	control_value	up_minus_passive	-0.048212412193573605
sub-23	EC_lite_directed_lagged	pgACC_rACC_to_PAG_descending	descending_modulation	down_minus_passive	-0.1993633625156413
sub-23	EC_lite_directed_lagged	pgACC_rACC_to_PAG_descending	descending_modulation	ec_down	-0.2409145553861191
sub-23	EC_lite_directed_lagged	pgACC_rACC_to_PAG_descending	descending_modulation	ec_passive	-0.0415511928704778
sub-23	EC_lite_directed_lagged	pgACC_rACC_to_PAG_descending	descending_modulation	ec_up	0.3406336986492196
sub-23	EC_lite_directed_lagged	pgACC_rACC_to_PAG_descending	descending_modulation	regulation_mean_minus_passive	0.091410764502028
sub-23	EC_lite_directed_lagged	pgACC_rACC_to_PAG_descending	descending_modulation	up_minus_down	0.5815482540353387
sub-23	EC_lite_directed_lagged	pgACC_rACC_to_PAG_descending	descending_modulation	up_minus_passive	0.3821848915196974
sub-24	EC_lite_directed_lagged	NAc_to_vmPFC_value	value_regulation	down_minus_passive	0.061053569357177734
sub-24	EC_lite_directed_lagged	NAc_to_vmPFC_value	value_regulation	ec_down	0.028596357805202154
sub-24	EC_lite_directed_lagged	NAc_to_vmPFC_value	value_regulation	ec_passive	-0.03245721155197558
sub-24	EC_lite_directed_lagged	NAc_to_vmPFC_value	value_regulation	ec_up	0.4186876600978382
sub-24	EC_lite_directed_lagged	NAc_to_vmPFC_value	value_regulation	regulation_mean_minus_passive	0.25609922050349576
sub-24	EC_lite_directed_lagged	NAc_to_vmPFC_value	value_regulation	up_minus_down	0.39009130229263606
sub-24	EC_lite_directed_lagged	NAc_to_vmPFC_value	value_regulation	up_minus_passive	0.4511448716498138
sub-24	EC_lite_directed_lagged	aINS_to_dACC_MCC_salience	salience_interoception	down_minus_passive	0.006454434624700735
sub-24	EC_lite_directed_lagged	aINS_to_dACC_MCC_salience	salience_interoception	ec_down	-0.09425745315124716
sub-24	EC_lite_directed_lagged	aINS_to_dACC_MCC_salience	salience_interoception	ec_passive	-0.10071188777594788
sub-24	EC_lite_directed_lagged	aINS_to_dACC_MCC_salience	salience_interoception	ec_up	-0.13019380778480025
sub-24	EC_lite_directed_lagged	aINS_to_dACC_MCC_salience	salience_interoception	regulation_mean_minus_passive	-0.011513742692075779
sub-24	EC_lite_directed_lagged	aINS_to_dACC_MCC_salience	salience_interoception	up_minus_down	-0.0359363546335531
sub-24	EC_lite_directed_lagged	aINS_to_dACC_MCC_salience	salience_interoception	up_minus_passive	-0.029481920008852313
sub-24	EC_lite_directed_lagged	dlPFC_IFJ_L_to_vmPFC_control_value	control_value	down_minus_passive	-0.09448157105804024
sub-24	EC_lite_directed_lagged	dlPFC_IFJ_L_to_vmPFC_control_value	control_value	ec_down	-0.2438567483202643
sub-24	EC_lite_directed_lagged	dlPFC_IFJ_L_to_vmPFC_control_value	control_value	ec_passive	-0.14937517726222402
sub-24	EC_lite_directed_lagged	dlPFC_IFJ_L_to_vmPFC_control_value	control_value	ec_up	0.20724598361475635
sub-24	EC_lite_directed_lagged	dlPFC_IFJ_L_to_vmPFC_control_value	control_value	regulation_mean_minus_passive	0.1310697949094701
sub-24	EC_lite_directed_lagged	dlPFC_IFJ_L_to_vmPFC_control_value	control_value	up_minus_down	0.4511027319350207
sub-24	EC_lite_directed_lagged	dlPFC_IFJ_L_to_vmPFC_control_value	control_value	up_minus_passive	0.3566211608769805
sub-24	EC_lite_directed_lagged	pgACC_rACC_to_PAG_descending	descending_modulation	down_minus_passive	0.6558586343011806
sub-24	EC_lite_directed_lagged	pgACC_rACC_to_PAG_descending	descending_modulation	ec_down	0.5491310963692361
sub-24	EC_lite_directed_lagged	pgACC_rACC_to_PAG_descending	descending_modulation	ec_passive	-0.1067275379319445
sub-24	EC_lite_directed_lagged	pgACC_rACC_to_PAG_descending	descending_modulation	ec_up	-0.3693794167679684
sub-24	EC_lite_directed_lagged	pgACC_rACC_to_PAG_descending	descending_modulation	regulation_mean_minus_passive	0.1966033777325783
sub-24	EC_lite_directed_lagged	pgACC_rACC_to_PAG_descending	descending_modulation	up_minus_down	-0.9185105131372044
sub-24	EC_lite_directed_lagged	pgACC_rACC_to_PAG_descending	descending_modulation	up_minus_passive	-0.2626518788360238
sub-25	EC_lite_directed_lagged	NAc_to_vmPFC_value	value_regulation	down_minus_passive	-0.1216293072406962
sub-25	EC_lite_directed_lagged	NAc_to_vmPFC_value	value_regulation	ec_down	-0.1835281964715937
sub-25	EC_lite_directed_lagged	NAc_to_vmPFC_value	value_regulation	ec_passive	-0.061898889230897446
sub-25	EC_lite_directed_lagged	NAc_to_vmPFC_value	value_regulation	ec_up	-0.5365124925038601
sub-25	EC_lite_directed_lagged	NAc_to_vmPFC_value	value_regulation	regulation_mean_minus_passive	-0.2981214552568294
sub-25	EC_lite_directed_lagged	NAc_to_vmPFC_value	value_regulation	up_minus_down	-0.3529842960322664
sub-25	EC_lite_directed_lagged	NAc_to_vmPFC_value	value_regulation	up_minus_passive	-0.47461360327296265
sub-25	EC_lite_directed_lagged	aINS_to_dACC_MCC_salience	salience_interoception	down_minus_passive	-0.5631254960961515
sub-25	EC_lite_directed_lagged	aINS_to_dACC_MCC_salience	salience_interoception	ec_down	-0.49109345290836853
sub-25	EC_lite_directed_lagged	aINS_to_dACC_MCC_salience	salience_interoception	ec_passive	0.07203204318778304
sub-25	EC_lite_directed_lagged	aINS_to_dACC_MCC_salience	salience_interoception	ec_up	-0.2689785727103347
sub-25	EC_lite_directed_lagged	aINS_to_dACC_MCC_salience	salience_interoception	regulation_mean_minus_passive	-0.4520680559971347
sub-25	EC_lite_directed_lagged	aINS_to_dACC_MCC_salience	salience_interoception	up_minus_down	0.22211488019803372
sub-25	EC_lite_directed_lagged	aINS_to_dACC_MCC_salience	salience_interoception	up_minus_passive	-0.3410106158981178
sub-25	EC_lite_directed_lagged	dlPFC_IFJ_L_to_vmPFC_control_value	control_value	down_minus_passive	0.07024819366068173
sub-25	EC_lite_directed_lagged	dlPFC_IFJ_L_to_vmPFC_control_value	control_value	ec_down	0.0738908713079006
sub-25	EC_lite_directed_lagged	dlPFC_IFJ_L_to_vmPFC_control_value	control_value	ec_passive	0.0036426776472188696
sub-25	EC_lite_directed_lagged	dlPFC_IFJ_L_to_vmPFC_control_value	control_value	ec_up	-0.3705835619999953
sub-25	EC_lite_directed_lagged	dlPFC_IFJ_L_to_vmPFC_control_value	control_value	regulation_mean_minus_passive	-0.15198902299326617
sub-25	EC_lite_directed_lagged	dlPFC_IFJ_L_to_vmPFC_control_value	control_value	up_minus_down	-0.444474433307896
sub-25	EC_lite_directed_lagged	dlPFC_IFJ_L_to_vmPFC_control_value	control_value	up_minus_passive	-0.3742262396472142
sub-25	EC_lite_directed_lagged	pgACC_rACC_to_PAG_descending	descending_modulation	down_minus_passive	0.0950096196678927
sub-25	EC_lite_directed_lagged	pgACC_rACC_to_PAG_descending	descending_modulation	ec_down	0.1331855221028144
sub-25	EC_lite_directed_lagged	pgACC_rACC_to_PAG_descending	descending_modulation	ec_passive	0.0381759024349216
sub-25	EC_lite_directed_lagged	pgACC_rACC_to_PAG_descending	descending_modulation	ec_up	0.808549066849009
sub-25	EC_lite_directed_lagged	pgACC_rACC_to_PAG_descending	descending_modulation	regulation_mean_minus_passive	0.43269139204099
sub-25	EC_lite_directed_lagged	pgACC_rACC_to_PAG_descending	descending_modulation	up_minus_down	0.6753635447461945
sub-25	EC_lite_directed_lagged	pgACC_rACC_to_PAG_descending	descending_modulation	up_minus_passive	0.7703731644140873
sub-26	EC_lite_directed_lagged	NAc_to_vmPFC_value	value_regulation	down_minus_passive	-0.1374768674708122
sub-26	EC_lite_directed_lagged	NAc_to_vmPFC_value	value_regulation	ec_down	-0.03009327240846793
sub-26	EC_lite_directed_lagged	NAc_to_vmPFC_value	value_regulation	ec_passive	0.10738359506234418
sub-26	EC_lite_directed_lagged	NAc_to_vmPFC_value	value_regulation	ec_up	0.2206334778905309
sub-26	EC_lite_directed_lagged	NAc_to_vmPFC_value	value_regulation	regulation_mean_minus_passive	-0.012113492321312758
sub-26	EC_lite_directed_lagged	NAc_to_vmPFC_value	value_regulation	up_minus_down	0.2507267502989988
sub-26	EC_lite_directed_lagged	NAc_to_vmPFC_value	value_regulation	up_minus_passive	0.11324988282818665
sub-26	EC_lite_directed_lagged	aINS_to_dACC_MCC_salience	salience_interoception	down_minus_passive	0.40862382510073564
sub-26	EC_lite_directed_lagged	aINS_to_dACC_MCC_salience	salience_interoception	ec_down	0.24212428628169747
sub-26	EC_lite_directed_lagged	aINS_to_dACC_MCC_salience	salience_interoception	ec_passive	-0.16649953881903817
sub-26	EC_lite_directed_lagged	aINS_to_dACC_MCC_salience	salience_interoception	ec_up	-0.17430086398191016
sub-26	EC_lite_directed_lagged	aINS_to_dACC_MCC_salience	salience_interoception	regulation_mean_minus_passive	0.2004112499689318
sub-26	EC_lite_directed_lagged	aINS_to_dACC_MCC_salience	salience_interoception	up_minus_down	-0.4164251502636076
sub-26	EC_lite_directed_lagged	aINS_to_dACC_MCC_salience	salience_interoception	up_minus_passive	-0.007801325162871936
sub-26	EC_lite_directed_lagged	dlPFC_IFJ_L_to_vmPFC_control_value	control_value	down_minus_passive	-0.11129112625959202
sub-26	EC_lite_directed_lagged	dlPFC_IFJ_L_to_vmPFC_control_value	control_value	ec_down	-0.032803976275962966
sub-26	EC_lite_directed_lagged	dlPFC_IFJ_L_to_vmPFC_control_value	control_value	ec_passive	0.078487149983629
sub-26	EC_lite_directed_lagged	dlPFC_IFJ_L_to_vmPFC_control_value	control_value	ec_up	0.06890627839888396
sub-26	EC_lite_directed_lagged	dlPFC_IFJ_L_to_vmPFC_control_value	control_value	regulation_mean_minus_passive	-0.060435998922168534
sub-26	EC_lite_directed_lagged	dlPFC_IFJ_L_to_vmPFC_control_value	control_value	up_minus_down	0.10171025467484689
sub-26	EC_lite_directed_lagged	dlPFC_IFJ_L_to_vmPFC_control_value	control_value	up_minus_passive	-0.009580871584745096
sub-26	EC_lite_directed_lagged	pgACC_rACC_to_PAG_descending	descending_modulation	down_minus_passive	0.601937387646724
sub-26	EC_lite_directed_lagged	pgACC_rACC_to_PAG_descending	descending_modulation	ec_down	0.6422673594316836
sub-26	EC_lite_directed_lagged	pgACC_rACC_to_PAG_descending	descending_modulation	ec_passive	0.0403299717849595
sub-26	EC_lite_directed_lagged	pgACC_rACC_to_PAG_descending	descending_modulation	ec_up	0.168395871381105
sub-26	EC_lite_directed_lagged	pgACC_rACC_to_PAG_descending	descending_modulation	regulation_mean_minus_passive	0.3650016436214347
sub-26	EC_lite_directed_lagged	pgACC_rACC_to_PAG_descending	descending_modulation	up_minus_down	-0.4738714880505785
sub-26	EC_lite_directed_lagged	pgACC_rACC_to_PAG_descending	descending_modulation	up_minus_passive	0.1280658995961455
sub-27	EC_lite_directed_lagged	NAc_to_vmPFC_value	value_regulation	down_minus_passive	0.04995600997284366
sub-27	EC_lite_directed_lagged	NAc_to_vmPFC_value	value_regulation	ec_down	-0.099561240622642
sub-27	EC_lite_directed_lagged	NAc_to_vmPFC_value	value_regulation	ec_passive	-0.14951725059548562
sub-27	EC_lite_directed_lagged	NAc_to_vmPFC_value	value_regulation	ec_up	-0.1106065582675148
sub-27	EC_lite_directed_lagged	NAc_to_vmPFC_value	value_regulation	regulation_mean_minus_passive	0.04443335115040723
sub-27	EC_lite_directed_lagged	NAc_to_vmPFC_value	value_regulation	up_minus_down	-0.011045317644872765
sub-27	EC_lite_directed_lagged	NAc_to_vmPFC_value	value_regulation	up_minus_passive	0.03891069232797087
sub-27	EC_lite_directed_lagged	aINS_to_dACC_MCC_salience	salience_interoception	down_minus_passive	0.898208098916626
sub-27	EC_lite_directed_lagged	aINS_to_dACC_MCC_salience	salience_interoception	ec_down	0.786037558073903
sub-27	EC_lite_directed_lagged	aINS_to_dACC_MCC_salience	salience_interoception	ec_passive	-0.11217054084272315
sub-27	EC_lite_directed_lagged	aINS_to_dACC_MCC_salience	salience_interoception	ec_up	0.360720167376782
sub-27	EC_lite_directed_lagged	aINS_to_dACC_MCC_salience	salience_interoception	regulation_mean_minus_passive	0.6855494035680656
sub-27	EC_lite_directed_lagged	aINS_to_dACC_MCC_salience	salience_interoception	up_minus_down	-0.425317390697121
sub-27	EC_lite_directed_lagged	aINS_to_dACC_MCC_salience	salience_interoception	up_minus_passive	0.47289070821950513
sub-27	EC_lite_directed_lagged	dlPFC_IFJ_L_to_vmPFC_control_value	control_value	down_minus_passive	-0.304928562085004
sub-27	EC_lite_directed_lagged	dlPFC_IFJ_L_to_vmPFC_control_value	control_value	ec_down	-0.35014228593341573
sub-27	EC_lite_directed_lagged	dlPFC_IFJ_L_to_vmPFC_control_value	control_value	ec_passive	-0.04521372384841164
sub-27	EC_lite_directed_lagged	dlPFC_IFJ_L_to_vmPFC_control_value	control_value	ec_up	0.7473821846922002
sub-27	EC_lite_directed_lagged	dlPFC_IFJ_L_to_vmPFC_control_value	control_value	regulation_mean_minus_passive	0.24383367322780392
sub-27	EC_lite_directed_lagged	dlPFC_IFJ_L_to_vmPFC_control_value	control_value	up_minus_down	1.0975244706256158
sub-27	EC_lite_directed_lagged	dlPFC_IFJ_L_to_vmPFC_control_value	control_value	up_minus_passive	0.7925959085406117
sub-27	EC_lite_directed_lagged	pgACC_rACC_to_PAG_descending	descending_modulation	down_minus_passive	0.3084361809471911
sub-27	EC_lite_directed_lagged	pgACC_rACC_to_PAG_descending	descending_modulation	ec_down	0.5399815498649383
sub-27	EC_lite_directed_lagged	pgACC_rACC_to_PAG_descending	descending_modulation	ec_passive	0.2315453689177471
sub-27	EC_lite_directed_lagged	pgACC_rACC_to_PAG_descending	descending_modulation	ec_up	-0.3704096891031126
sub-27	EC_lite_directed_lagged	pgACC_rACC_to_PAG_descending	descending_modulation	regulation_mean_minus_passive	-0.1467594385368343
sub-27	EC_lite_directed_lagged	pgACC_rACC_to_PAG_descending	descending_modulation	up_minus_down	-0.910391238968051
sub-27	EC_lite_directed_lagged	pgACC_rACC_to_PAG_descending	descending_modulation	up_minus_passive	-0.6019550580208599
sub-28	EC_lite_directed_lagged	NAc_to_vmPFC_value	value_regulation	down_minus_passive	0.3063690962482519
sub-28	EC_lite_directed_lagged	NAc_to_vmPFC_value	value_regulation	ec_down	0.13243924562916012
sub-28	EC_lite_directed_lagged	NAc_to_vmPFC_value	value_regulation	ec_passive	-0.17392985061909175
sub-28	EC_lite_directed_lagged	NAc_to_vmPFC_value	value_regulation	ec_up	0.023104770486962262
sub-28	EC_lite_directed_lagged	NAc_to_vmPFC_value	value_regulation	regulation_mean_minus_passive	0.25170185867715295
sub-28	EC_lite_directed_lagged	NAc_to_vmPFC_value	value_regulation	up_minus_down	-0.10933447514219787
sub-28	EC_lite_directed_lagged	NAc_to_vmPFC_value	value_regulation	up_minus_passive	0.19703462110605408
sub-28	EC_lite_directed_lagged	aINS_to_dACC_MCC_salience	salience_interoception	down_minus_passive	-0.02802750037625347
sub-28	EC_lite_directed_lagged	aINS_to_dACC_MCC_salience	salience_interoception	ec_down	0.18922773623003328
sub-28	EC_lite_directed_lagged	aINS_to_dACC_MCC_salience	salience_interoception	ec_passive	0.21725523660628676
sub-28	EC_lite_directed_lagged	aINS_to_dACC_MCC_salience	salience_interoception	ec_up	0.36217373187997554
sub-28	EC_lite_directed_lagged	aINS_to_dACC_MCC_salience	salience_interoception	regulation_mean_minus_passive	0.05844549744871765
sub-28	EC_lite_directed_lagged	aINS_to_dACC_MCC_salience	salience_interoception	up_minus_down	0.1729459956499422
sub-28	EC_lite_directed_lagged	aINS_to_dACC_MCC_salience	salience_interoception	up_minus_passive	0.1449184952736888
sub-28	EC_lite_directed_lagged	dlPFC_IFJ_L_to_vmPFC_control_value	control_value	down_minus_passive	-0.44672185013668547
sub-28	EC_lite_directed_lagged	dlPFC_IFJ_L_to_vmPFC_control_value	control_value	ec_down	-0.3907780320281815
sub-28	EC_lite_directed_lagged	dlPFC_IFJ_L_to_vmPFC_control_value	control_value	ec_passive	0.05594381810850396
sub-28	EC_lite_directed_lagged	dlPFC_IFJ_L_to_vmPFC_control_value	control_value	ec_up	0.21790714280027057
sub-28	EC_lite_directed_lagged	dlPFC_IFJ_L_to_vmPFC_control_value	control_value	regulation_mean_minus_passive	-0.14237926272245935
sub-28	EC_lite_directed_lagged	dlPFC_IFJ_L_to_vmPFC_control_value	control_value	up_minus_down	0.6086851748284521
sub-28	EC_lite_directed_lagged	dlPFC_IFJ_L_to_vmPFC_control_value	control_value	up_minus_passive	0.16196332469176666
sub-28	EC_lite_directed_lagged	pgACC_rACC_to_PAG_descending	descending_modulation	down_minus_passive	-0.3492021223185946
sub-28	EC_lite_directed_lagged	pgACC_rACC_to_PAG_descending	descending_modulation	ec_down	-0.432463895913844
sub-28	EC_lite_directed_lagged	pgACC_rACC_to_PAG_descending	descending_modulation	ec_passive	-0.0832617735952493
sub-28	EC_lite_directed_lagged	pgACC_rACC_to_PAG_descending	descending_modulation	ec_up	-0.2735996528861869
sub-28	EC_lite_directed_lagged	pgACC_rACC_to_PAG_descending	descending_modulation	regulation_mean_minus_passive	-0.269770000804766
sub-28	EC_lite_directed_lagged	pgACC_rACC_to_PAG_descending	descending_modulation	up_minus_down	0.158864243027657
sub-28	EC_lite_directed_lagged	pgACC_rACC_to_PAG_descending	descending_modulation	up_minus_passive	-0.1903378792909375
sub-29	EC_lite_directed_lagged	NAc_to_vmPFC_value	value_regulation	down_minus_passive	-0.32016536672989904
sub-29	EC_lite_directed_lagged	NAc_to_vmPFC_value	value_regulation	ec_down	-0.38098991540991595
sub-29	EC_lite_directed_lagged	NAc_to_vmPFC_value	value_regulation	ec_passive	-0.06082454868001686
sub-29	EC_lite_directed_lagged	NAc_to_vmPFC_value	value_regulation	ec_up	-0.093282839751564
sub-29	EC_lite_directed_lagged	NAc_to_vmPFC_value	value_regulation	regulation_mean_minus_passive	-0.17631182890072306
sub-29	EC_lite_directed_lagged	NAc_to_vmPFC_value	value_regulation	up_minus_down	0.287707075658352
sub-29	EC_lite_directed_lagged	NAc_to_vmPFC_value	value_regulation	up_minus_passive	-0.03245829107154704
sub-29	EC_lite_directed_lagged	aINS_to_dACC_MCC_salience	salience_interoception	down_minus_passive	0.4483500302009293
sub-29	EC_lite_directed_lagged	aINS_to_dACC_MCC_salience	salience_interoception	ec_down	0.30245739860922166
sub-29	EC_lite_directed_lagged	aINS_to_dACC_MCC_salience	salience_interoception	ec_passive	-0.14589263159170754
sub-29	EC_lite_directed_lagged	aINS_to_dACC_MCC_salience	salience_interoception	ec_up	-0.2806678121237551
sub-29	EC_lite_directed_lagged	aINS_to_dACC_MCC_salience	salience_interoception	regulation_mean_minus_passive	0.15678742483444083
sub-29	EC_lite_directed_lagged	aINS_to_dACC_MCC_salience	salience_interoception	up_minus_down	-0.5831252107329769
sub-29	EC_lite_directed_lagged	aINS_to_dACC_MCC_salience	salience_interoception	up_minus_passive	-0.1347751805320475
sub-29	EC_lite_directed_lagged	dlPFC_IFJ_L_to_vmPFC_control_value	control_value	down_minus_passive	0.35405542229226333
sub-29	EC_lite_directed_lagged	dlPFC_IFJ_L_to_vmPFC_control_value	control_value	ec_down	0.30610943404685115
sub-29	EC_lite_directed_lagged	dlPFC_IFJ_L_to_vmPFC_control_value	control_value	ec_passive	-0.04794598824541207
sub-29	EC_lite_directed_lagged	dlPFC_IFJ_L_to_vmPFC_control_value	control_value	ec_up	0.14666206581062666
sub-29	EC_lite_directed_lagged	dlPFC_IFJ_L_to_vmPFC_control_value	control_value	regulation_mean_minus_passive	0.274331738174151
sub-29	EC_lite_directed_lagged	dlPFC_IFJ_L_to_vmPFC_control_value	control_value	up_minus_down	-0.15944736823622443
sub-29	EC_lite_directed_lagged	dlPFC_IFJ_L_to_vmPFC_control_value	control_value	up_minus_passive	0.1946080540560388
sub-29	EC_lite_directed_lagged	pgACC_rACC_to_PAG_descending	descending_modulation	down_minus_passive	0.15373980358384
sub-29	EC_lite_directed_lagged	pgACC_rACC_to_PAG_descending	descending_modulation	ec_down	0.3614352803082788
sub-29	EC_lite_directed_lagged	pgACC_rACC_to_PAG_descending	descending_modulation	ec_passive	0.2076954767244387
sub-29	EC_lite_directed_lagged	pgACC_rACC_to_PAG_descending	descending_modulation	ec_up	-0.0098297688006617
sub-29	EC_lite_directed_lagged	pgACC_rACC_to_PAG_descending	descending_modulation	regulation_mean_minus_passive	-0.0318927209706302
sub-29	EC_lite_directed_lagged	pgACC_rACC_to_PAG_descending	descending_modulation	up_minus_down	-0.3712650491089406
sub-29	EC_lite_directed_lagged	pgACC_rACC_to_PAG_descending	descending_modulation	up_minus_passive	-0.2175252455251005
sub-30	EC_lite_directed_lagged	NAc_to_vmPFC_value	value_regulation	down_minus_passive	-0.030614021209106734
sub-30	EC_lite_directed_lagged	NAc_to_vmPFC_value	value_regulation	ec_down	-0.1267069719332576
sub-30	EC_lite_directed_lagged	NAc_to_vmPFC_value	value_regulation	ec_passive	-0.09609295072415086
sub-30	EC_lite_directed_lagged	NAc_to_vmPFC_value	value_regulation	ec_up	-0.5299081869742911
sub-30	EC_lite_directed_lagged	NAc_to_vmPFC_value	value_regulation	regulation_mean_minus_passive	-0.23221462872962348
sub-30	EC_lite_directed_lagged	NAc_to_vmPFC_value	value_regulation	up_minus_down	-0.4032012150410335
sub-30	EC_lite_directed_lagged	NAc_to_vmPFC_value	value_regulation	up_minus_passive	-0.4338152362501402
sub-30	EC_lite_directed_lagged	aINS_to_dACC_MCC_salience	salience_interoception	down_minus_passive	0.49185135674016656
sub-30	EC_lite_directed_lagged	aINS_to_dACC_MCC_salience	salience_interoception	ec_down	0.31674654090259247
sub-30	EC_lite_directed_lagged	aINS_to_dACC_MCC_salience	salience_interoception	ec_passive	-0.175104815837574
sub-30	EC_lite_directed_lagged	aINS_to_dACC_MCC_salience	salience_interoception	ec_up	-0.017768156363446013
sub-30	EC_lite_directed_lagged	aINS_to_dACC_MCC_salience	salience_interoception	regulation_mean_minus_passive	0.3245940081071473
sub-30	EC_lite_directed_lagged	aINS_to_dACC_MCC_salience	salience_interoception	up_minus_down	-0.33451469726603844
sub-30	EC_lite_directed_lagged	aINS_to_dACC_MCC_salience	salience_interoception	up_minus_passive	0.15733665947412803
sub-30	EC_lite_directed_lagged	dlPFC_IFJ_L_to_vmPFC_control_value	control_value	down_minus_passive	0.6728687443862177
sub-30	EC_lite_directed_lagged	dlPFC_IFJ_L_to_vmPFC_control_value	control_value	ec_down	0.6492309902330564
sub-30	EC_lite_directed_lagged	dlPFC_IFJ_L_to_vmPFC_control_value	control_value	ec_passive	-0.02363775415316123
sub-30	EC_lite_directed_lagged	dlPFC_IFJ_L_to_vmPFC_control_value	control_value	ec_up	0.2111098821775849
sub-30	EC_lite_directed_lagged	dlPFC_IFJ_L_to_vmPFC_control_value	control_value	regulation_mean_minus_passive	0.4538081903584819
sub-30	EC_lite_directed_lagged	dlPFC_IFJ_L_to_vmPFC_control_value	control_value	up_minus_down	-0.43812110805547144
sub-30	EC_lite_directed_lagged	dlPFC_IFJ_L_to_vmPFC_control_value	control_value	up_minus_passive	0.23474763633074622
sub-30	EC_lite_directed_lagged	pgACC_rACC_to_PAG_descending	descending_modulation	down_minus_passive	-0.2931233443823636
sub-30	EC_lite_directed_lagged	pgACC_rACC_to_PAG_descending	descending_modulation	ec_down	-0.2872768002664805
sub-30	EC_lite_directed_lagged	pgACC_rACC_to_PAG_descending	descending_modulation	ec_passive	0.005846544115883
sub-30	EC_lite_directed_lagged	pgACC_rACC_to_PAG_descending	descending_modulation	ec_up	-0.3776772564372782
sub-30	EC_lite_directed_lagged	pgACC_rACC_to_PAG_descending	descending_modulation	regulation_mean_minus_passive	-0.3383235724677624
sub-30	EC_lite_directed_lagged	pgACC_rACC_to_PAG_descending	descending_modulation	up_minus_down	-0.0904004561707977
sub-30	EC_lite_directed_lagged	pgACC_rACC_to_PAG_descending	descending_modulation	up_minus_passive	-0.3835238005531613
sub-31	EC_lite_directed_lagged	NAc_to_vmPFC_value	value_regulation	down_minus_passive	-0.11601305553848422
sub-31	EC_lite_directed_lagged	NAc_to_vmPFC_value	value_regulation	ec_down	0.044416811887204845
sub-31	EC_lite_directed_lagged	NAc_to_vmPFC_value	value_regulation	ec_passive	0.160429867425689
sub-31	EC_lite_directed_lagged	NAc_to_vmPFC_value	value_regulation	ec_up	-0.3595620695949597
sub-31	EC_lite_directed_lagged	NAc_to_vmPFC_value	value_regulation	regulation_mean_minus_passive	-0.3180024962795664
sub-31	EC_lite_directed_lagged	NAc_to_vmPFC_value	value_regulation	up_minus_down	-0.4039788814821645
sub-31	EC_lite_directed_lagged	NAc_to_vmPFC_value	value_regulation	up_minus_passive	-0.5199919370206486
sub-31	EC_lite_directed_lagged	aINS_to_dACC_MCC_salience	salience_interoception	down_minus_passive	-0.42312858964804073
sub-31	EC_lite_directed_lagged	aINS_to_dACC_MCC_salience	salience_interoception	ec_down	-0.32070025024092647
sub-31	EC_lite_directed_lagged	aINS_to_dACC_MCC_salience	salience_interoception	ec_passive	0.10242833940711411
sub-31	EC_lite_directed_lagged	aINS_to_dACC_MCC_salience	salience_interoception	ec_up	-0.17920712979900544
sub-31	EC_lite_directed_lagged	aINS_to_dACC_MCC_salience	salience_interoception	regulation_mean_minus_passive	-0.35238202942708013
sub-31	EC_lite_directed_lagged	aINS_to_dACC_MCC_salience	salience_interoception	up_minus_down	0.14149312044192106
sub-31	EC_lite_directed_lagged	aINS_to_dACC_MCC_salience	salience_interoception	up_minus_passive	-0.28163546920611965
sub-31	EC_lite_directed_lagged	dlPFC_IFJ_L_to_vmPFC_control_value	control_value	down_minus_passive	-0.14498899471683305
sub-31	EC_lite_directed_lagged	dlPFC_IFJ_L_to_vmPFC_control_value	control_value	ec_down	0.025029988947796705
sub-31	EC_lite_directed_lagged	dlPFC_IFJ_L_to_vmPFC_control_value	control_value	ec_passive	0.17001898366462975
sub-31	EC_lite_directed_lagged	dlPFC_IFJ_L_to_vmPFC_control_value	control_value	ec_up	-0.2546309145566544
sub-31	EC_lite_directed_lagged	dlPFC_IFJ_L_to_vmPFC_control_value	control_value	regulation_mean_minus_passive	-0.2848194464690586
sub-31	EC_lite_directed_lagged	dlPFC_IFJ_L_to_vmPFC_control_value	control_value	up_minus_down	-0.2796609035044511
sub-31	EC_lite_directed_lagged	dlPFC_IFJ_L_to_vmPFC_control_value	control_value	up_minus_passive	-0.42464989822128413
sub-31	EC_lite_directed_lagged	pgACC_rACC_to_PAG_descending	descending_modulation	down_minus_passive	-0.6495349842879887
sub-31	EC_lite_directed_lagged	pgACC_rACC_to_PAG_descending	descending_modulation	ec_down	-0.7537294604077788
sub-31	EC_lite_directed_lagged	pgACC_rACC_to_PAG_descending	descending_modulation	ec_passive	-0.10419447611979
sub-31	EC_lite_directed_lagged	pgACC_rACC_to_PAG_descending	descending_modulation	ec_up	-0.628265549697045
sub-31	EC_lite_directed_lagged	pgACC_rACC_to_PAG_descending	descending_modulation	regulation_mean_minus_passive	-0.5868030289326218
sub-31	EC_lite_directed_lagged	pgACC_rACC_to_PAG_descending	descending_modulation	up_minus_down	0.1254639107107338
sub-31	EC_lite_directed_lagged	pgACC_rACC_to_PAG_descending	descending_modulation	up_minus_passive	-0.5240710735772549
sub-32	EC_lite_directed_lagged	NAc_to_vmPFC_value	value_regulation	down_minus_passive	0.2281924394927827
sub-32	EC_lite_directed_lagged	NAc_to_vmPFC_value	value_regulation	ec_down	0.2841034155810063
sub-32	EC_lite_directed_lagged	NAc_to_vmPFC_value	value_regulation	ec_passive	0.05591097608822362
sub-32	EC_lite_directed_lagged	NAc_to_vmPFC_value	value_regulation	ec_up	-0.041247076766149256
sub-32	EC_lite_directed_lagged	NAc_to_vmPFC_value	value_regulation	regulation_mean_minus_passive	0.06551719331920493
sub-32	EC_lite_directed_lagged	NAc_to_vmPFC_value	value_regulation	up_minus_down	-0.3253504923471557
sub-32	EC_lite_directed_lagged	NAc_to_vmPFC_value	value_regulation	up_minus_passive	-0.09715805285437291
sub-32	EC_lite_directed_lagged	aINS_to_dACC_MCC_salience	salience_interoception	down_minus_passive	-0.5676712847637441
sub-32	EC_lite_directed_lagged	aINS_to_dACC_MCC_salience	salience_interoception	ec_down	-0.38705671284321924
sub-32	EC_lite_directed_lagged	aINS_to_dACC_MCC_salience	salience_interoception	ec_passive	0.18061457192052474
sub-32	EC_lite_directed_lagged	aINS_to_dACC_MCC_salience	salience_interoception	ec_up	0.151610056475919
sub-32	EC_lite_directed_lagged	aINS_to_dACC_MCC_salience	salience_interoception	regulation_mean_minus_passive	-0.2983379001041749
sub-32	EC_lite_directed_lagged	aINS_to_dACC_MCC_salience	salience_interoception	up_minus_down	0.5386667693191383
sub-32	EC_lite_directed_lagged	aINS_to_dACC_MCC_salience	salience_interoception	up_minus_passive	-0.029004515444605777
sub-32	EC_lite_directed_lagged	dlPFC_IFJ_L_to_vmPFC_control_value	control_value	down_minus_passive	-1.1320217557395178
sub-32	EC_lite_directed_lagged	dlPFC_IFJ_L_to_vmPFC_control_value	control_value	ec_down	-0.9343827614226291
sub-32	EC_lite_directed_lagged	dlPFC_IFJ_L_to_vmPFC_control_value	control_value	ec_passive	0.19763899431688867
sub-32	EC_lite_directed_lagged	dlPFC_IFJ_L_to_vmPFC_control_value	control_value	ec_up	-0.07473551682309464
sub-32	EC_lite_directed_lagged	dlPFC_IFJ_L_to_vmPFC_control_value	control_value	regulation_mean_minus_passive	-0.7021981334397506
sub-32	EC_lite_directed_lagged	dlPFC_IFJ_L_to_vmPFC_control_value	control_value	up_minus_down	0.8596472445995343
sub-32	EC_lite_directed_lagged	dlPFC_IFJ_L_to_vmPFC_control_value	control_value	up_minus_passive	-0.2723745111399833
sub-32	EC_lite_directed_lagged	pgACC_rACC_to_PAG_descending	descending_modulation	down_minus_passive	-0.474724107165386
sub-32	EC_lite_directed_lagged	pgACC_rACC_to_PAG_descending	descending_modulation	ec_down	-0.5200564755534882
sub-32	EC_lite_directed_lagged	pgACC_rACC_to_PAG_descending	descending_modulation	ec_passive	-0.0453323683881021
sub-32	EC_lite_directed_lagged	pgACC_rACC_to_PAG_descending	descending_modulation	ec_up	0.2770127482692816
sub-32	EC_lite_directed_lagged	pgACC_rACC_to_PAG_descending	descending_modulation	regulation_mean_minus_passive	-0.0761894952540011
sub-32	EC_lite_directed_lagged	pgACC_rACC_to_PAG_descending	descending_modulation	up_minus_down	0.7970692238227698
sub-32	EC_lite_directed_lagged	pgACC_rACC_to_PAG_descending	descending_modulation	up_minus_passive	0.3223451166573837
sub-33	EC_lite_directed_lagged	NAc_to_vmPFC_value	value_regulation	down_minus_passive	0.2873122903560396
sub-33	EC_lite_directed_lagged	NAc_to_vmPFC_value	value_regulation	ec_down	0.33845157748802923
sub-33	EC_lite_directed_lagged	NAc_to_vmPFC_value	value_regulation	ec_passive	0.051139287131989564
sub-33	EC_lite_directed_lagged	NAc_to_vmPFC_value	value_regulation	ec_up	0.15449397773300352
sub-33	EC_lite_directed_lagged	NAc_to_vmPFC_value	value_regulation	regulation_mean_minus_passive	0.1953334904785268
sub-33	EC_lite_directed_lagged	NAc_to_vmPFC_value	value_regulation	up_minus_down	-0.1839575997550257
sub-33	EC_lite_directed_lagged	NAc_to_vmPFC_value	value_regulation	up_minus_passive	0.10335469060101393
sub-33	EC_lite_directed_lagged	aINS_to_dACC_MCC_salience	salience_interoception	down_minus_passive	0.2671451571462848
sub-33	EC_lite_directed_lagged	aINS_to_dACC_MCC_salience	salience_interoception	ec_down	0.22267297857010668
sub-33	EC_lite_directed_lagged	aINS_to_dACC_MCC_salience	salience_interoception	ec_passive	-0.04447217857617805
sub-33	EC_lite_directed_lagged	aINS_to_dACC_MCC_salience	salience_interoception	ec_up	-0.13666512952927345
sub-33	EC_lite_directed_lagged	aINS_to_dACC_MCC_salience	salience_interoception	regulation_mean_minus_passive	0.08747610309659466
sub-33	EC_lite_directed_lagged	aINS_to_dACC_MCC_salience	salience_interoception	up_minus_down	-0.3593381080993801
sub-33	EC_lite_directed_lagged	aINS_to_dACC_MCC_salience	salience_interoception	up_minus_passive	-0.09219295095309538
sub-33	EC_lite_directed_lagged	dlPFC_IFJ_L_to_vmPFC_control_value	control_value	down_minus_passive	0.191362002268143
sub-33	EC_lite_directed_lagged	dlPFC_IFJ_L_to_vmPFC_control_value	control_value	ec_down	0.05855220122365823
sub-33	EC_lite_directed_lagged	dlPFC_IFJ_L_to_vmPFC_control_value	control_value	ec_passive	-0.13280980104448478
sub-33	EC_lite_directed_lagged	dlPFC_IFJ_L_to_vmPFC_control_value	control_value	ec_up	-0.3120991927489072
sub-33	EC_lite_directed_lagged	dlPFC_IFJ_L_to_vmPFC_control_value	control_value	regulation_mean_minus_passive	0.0060363052818603324
sub-33	EC_lite_directed_lagged	dlPFC_IFJ_L_to_vmPFC_control_value	control_value	up_minus_down	-0.37065139397256547
sub-33	EC_lite_directed_lagged	dlPFC_IFJ_L_to_vmPFC_control_value	control_value	up_minus_passive	-0.17928939170442235
sub-33	EC_lite_directed_lagged	pgACC_rACC_to_PAG_descending	descending_modulation	down_minus_passive	-0.2024675864480511
sub-33	EC_lite_directed_lagged	pgACC_rACC_to_PAG_descending	descending_modulation	ec_down	0.0051194492261729
sub-33	EC_lite_directed_lagged	pgACC_rACC_to_PAG_descending	descending_modulation	ec_passive	0.207587035674224
sub-33	EC_lite_directed_lagged	pgACC_rACC_to_PAG_descending	descending_modulation	ec_up	-0.4742313005089003
sub-33	EC_lite_directed_lagged	pgACC_rACC_to_PAG_descending	descending_modulation	regulation_mean_minus_passive	-0.4421429613155877
sub-33	EC_lite_directed_lagged	pgACC_rACC_to_PAG_descending	descending_modulation	up_minus_down	-0.4793507497350732
sub-33	EC_lite_directed_lagged	pgACC_rACC_to_PAG_descending	descending_modulation	up_minus_passive	-0.6818183361831243
