subject	roi	roi_safe	beta_down	beta_passive	beta_up	up_minus_down	up_minus_passive	down_minus_passive	regulation_mean_minus_passive
sub-01	expl_amygdala_L	expl_amygdala_L	-582.3460794836199	0.5226716019427037	-312.9335586164628	269.41252086715707	-313.4562302184055	-582.8687510855625	-448.162490651984
sub-01	expl_amygdala_R	expl_amygdala_R	-453.7396729599859	-23.23096527218012	563.111124708758	1016.8507976687439	586.3420899809381	-430.5087076878058	77.91669114656617
sub-01	expl_hippocampus_L	expl_hippocampus_L	411.1853424587254	-155.20216558286165	71.91778272931	-339.26755972941544	227.11994831217166	566.3875080415871	396.75372817687935
sub-01	expl_hippocampus_R	expl_hippocampus_R	453.0754619325684	-144.1967155533505	-110.35401059582868	-563.429472528397	33.8427049575218	597.2721774859189	315.5574412217203
sub-01	expl_hypothalamus	expl_hypothalamus	599.7895396992027	547.0395577753046	68.94665969446729	-530.8428800047354	-478.09289808083736	52.749981923898076	-212.67145807846964
sub-01	reg_NAc_L	reg_NAc_L	116.54765049494344	180.88696474978096	-85.43943577083154	-201.98708626577496	-266.3264005206125	-64.33931425483752	-165.332857387725
sub-01	reg_NAc_R	reg_NAc_R	-24.41780601577066	91.53448736260344	-671.7654134308386	-647.347607415068	-763.299900793442	-115.9522933783741	-439.6260970859081
sub-01	reg_PAG_sphere	reg_PAG_sphere	-409.36141406402595	-87.91951552864326	21.69802548144971	431.05943954547564	109.61754101009296	-321.4418985353827	-105.91217876264487
sub-01	reg_SMA_preSMA	reg_SMA_preSMA	214.2953605467998	-83.22366975080769	405.7067573833761	191.4113968365763	488.9304271341838	297.5190302976075	393.22472871589565
sub-01	reg_anterior_insula_L	reg_anterior_insula_L	27.80705258744008	399.5537877256168	275.82124005913806	248.014187471698	-123.73254766647875	-371.74673513817675	-247.73964140232775
sub-01	reg_anterior_insula_R	reg_anterior_insula_R	559.6248459805249	930.2859651147467	1215.474535632788	655.8496896522631	285.1885705180414	-370.66111913422174	-42.736274308090174
sub-01	reg_caudate_L	reg_caudate_L	-376.01655157815696	38.59143202714496	-245.35384976152812	130.66270181662884	-283.94528178867307	-414.6079836053019	-349.27663269698746
sub-01	reg_caudate_R	reg_caudate_R	-95.46931720876228	64.69567425428012	-257.120200196302	-161.65088298753972	-321.8158744505821	-160.16499146304238	-240.99043295681224
sub-01	reg_dlPFC_IFJ_L	reg_dlPFC_IFJ_L	349.49451063239655	-42.00231300677388	1376.5342784763004	1027.039767843904	1418.5365914830743	391.49682363917043	905.0167075611223
sub-01	reg_dlPFC_IFJ_R	reg_dlPFC_IFJ_R	213.5069714804246	297.43436072793435	134.7219657853843	-78.7850056950403	-162.71239494255005	-83.92738924750975	-123.3198920950299
sub-01	reg_mOFC	reg_mOFC	343.4096591457195	-221.61192342993144	-409.2787007528903	-752.6883598986099	-187.66677732295886	565.0215825756509	188.67740262634604
sub-01	reg_pgACC_rACC	reg_pgACC_rACC	1008.8287922314379	6.286332338168287	-84.2159688752652	-1093.0447611067032	-90.5023012134335	1002.5424598932696	456.0200793399181
sub-01	reg_putamen_L	reg_putamen_L	-1122.23911348774	-1063.7283294819204	-694.5086070113975	427.7305064763425	369.2197224705228	-58.51078400581969	155.35446923235156
sub-01	reg_putamen_R	reg_putamen_R	-302.0442196729056	-555.7835933193388	359.5339758852334	661.578195558139	915.3175692045722	253.7393736464332	584.5284714255027
sub-01	reg_vmPFC	reg_vmPFC	1611.7720701579208	262.28729598198925	-205.68509667035522	-1817.457166828276	-467.97239265234447	1349.4847741759315	440.7561907617935
sub-01	reg_vmPFC_mOFC	reg_vmPFC_mOFC	922.3523006881387	-0.7366515878124497	-316.34862183750755	-1238.7009225256463	-315.6119702496951	923.0889522759512	303.738491013128
sub-01	sensory_S1_L	sensory_S1_L	516.3540746399303	-693.2997079423993	80.9936246692881	-435.3604499706422	774.2933326116874	1209.6537825823298	991.9735575970085
sub-01	sensory_S1_R	sensory_S1_R	954.4374728781522	-259.7886420757632	1085.3102581635383	130.87278528538604	1345.0989002393014	1214.2261149539154	1279.6625075966085
sub-01	sensory_S2_operculum_L	sensory_S2_operculum_L	446.5441934230228	-184.4678418368569	490.6511484094511	44.10695498642826	675.1189902463079	631.0120352598797	653.0655127530938
sub-01	sensory_S2_operculum_R	sensory_S2_operculum_R	1456.6373797910974	1281.5675229239394	2592.724142796085	1136.0867630049875	1311.1566198721455	175.06985686715802	743.1132383696518
sub-01	sensory_dACC_MCC	sensory_dACC_MCC	517.3598176209607	-169.22307421257867	723.2277549800544	205.86793735909373	892.4508291926331	686.5828918335394	789.5168605130863
sub-01	sensory_insula_all_L	sensory_insula_all_L	427.94615855668025	516.6952931247306	532.9948826033021	105.04872404662189	16.299589478571534	-88.74913456805035	-36.22477254473938
sub-01	sensory_insula_all_R	sensory_insula_all_R	928.6580453577169	925.141571719273	1658.5934101662722	729.9353648085553	733.4518384469992	3.5164736384439266	368.48415604272157
sub-01	sensory_posterior_insula_L	sensory_posterior_insula_L	375.3825845564149	339.5953103977772	575.0578173123118	199.67523275589696	235.46250691453463	35.78727415863767	135.62489053658612
sub-01	sensory_posterior_insula_R	sensory_posterior_insula_R	830.7156994884793	974.0082254923376	2053.9196247347577	1223.2039252462782	1079.91139924242	-143.29252600385826	468.309436619281
sub-01	sensory_thalamus_L	sensory_thalamus_L	-932.8539534046638	-517.9834498573272	-622.894608571941	309.95934483272276	-104.91115871461386	-414.8705035473366	-259.89083113097524
sub-01	sensory_thalamus_R	sensory_thalamus_R	-600.0191115966435	-203.96078350026352	-503.6730284540881	96.34608314255536	-299.7122449538246	-396.05832809637997	-347.88528652510234
sub-02	expl_amygdala_L	expl_amygdala_L	348.96997215354617	-65.6780730160652	307.45899719038823	-41.510974963157935	373.1370702064534	414.64804516961135	393.89255768803235
sub-02	expl_amygdala_R	expl_amygdala_R	100.23948545660669	60.898434511112484	-600.3826778846599	-700.6221633412665	-661.2811123957723	39.3410509454942	-310.97003072513905
sub-02	expl_hippocampus_L	expl_hippocampus_L	-596.7842842848942	312.4548845774035	751.1305876194422	1347.9148719043365	438.67570304203866	-909.2391688622977	-235.2817329101295
sub-02	expl_hippocampus_R	expl_hippocampus_R	-689.2086949373896	-256.22861589388305	620.6409355188167	1309.8496304562063	876.8695514126998	-432.9800790435066	221.9447361845966
sub-02	expl_hypothalamus	expl_hypothalamus	-192.11378483387813	101.81437659897173	460.7079383966554	652.8217232305335	358.8935617976837	-293.92816143284983	32.48270018241689
sub-02	reg_NAc_L	reg_NAc_L	18.532287557613834	334.2836098998841	-202.43570739692794	-220.96799495454178	-536.719317296812	-315.75132234227027	-426.23531981954113
sub-02	reg_NAc_R	reg_NAc_R	659.7773168088396	603.9205590832278	-81.55670905543907	-741.3340258642787	-685.4772681386669	55.85675772561183	-314.81025520652753
sub-02	reg_PAG_sphere	reg_PAG_sphere	1212.0471099222796	39.77234291519639	-948.4009419237452	-2160.448051846025	-988.1732848389416	1172.2747670070833	92.05074108407078
sub-02	reg_SMA_preSMA	reg_SMA_preSMA	217.2505208167883	-138.4654901443148	1498.8147728556676	1281.5642520388792	1637.2802629999824	355.7160109611031	996.4981369805428
sub-02	reg_anterior_insula_L	reg_anterior_insula_L	296.8687015797837	907.3353253735138	1466.45335428911	1169.5846527093263	559.1180289155961	-610.4666237937302	-25.674297439067004
sub-02	reg_anterior_insula_R	reg_anterior_insula_R	1471.6466178867515	1205.412939377426	1168.38312825277	-303.26348963398164	-37.029811124656135	266.2336785093255	114.60193369233457
sub-02	reg_caudate_L	reg_caudate_L	72.65153193201164	397.713662372227	375.92136849580345	303.26983656379184	-21.79229387642357	-325.06213044021536	-173.4272121583195
sub-02	reg_caudate_R	reg_caudate_R	410.68098881728577	416.9241716914129	394.6849911622695	-15.995997655016254	-22.23918052914337	-6.243182874127115	-14.241181701635242
sub-02	reg_dlPFC_IFJ_L	reg_dlPFC_IFJ_L	-241.0060858474075	-168.26858504289393	2796.9969282249926	3038.0030140724	2965.2655132678865	-72.73750080451356	1446.2640062316864
sub-02	reg_dlPFC_IFJ_R	reg_dlPFC_IFJ_R	-459.41016805603874	18.179240645439428	1896.3178368718116	2355.72800492785	1878.138596226372	-477.5894087014782	700.274593762447
sub-02	reg_mOFC	reg_mOFC	323.46840668463557	133.91669679748028	496.46674914834773	172.99834246371216	362.5500523508674	189.55170988715528	276.05088111901136
sub-02	reg_pgACC_rACC	reg_pgACC_rACC	214.1046915816245	-153.86003169798923	482.238158932986	268.13346735136145	636.0981906309752	367.96472327961374	502.0314569552945
sub-02	reg_putamen_L	reg_putamen_L	-192.0310901108718	-255.20929293248503	310.49859472754514	502.5296848384169	565.7078876600301	63.17820282161324	314.4430452408217
sub-02	reg_putamen_R	reg_putamen_R	213.30565928480422	200.75613416354207	776.0699190458865	562.7642597610823	575.3137848823444	12.54952512126215	293.93165500180334
sub-02	reg_vmPFC	reg_vmPFC	69.19858862971883	-430.80001154091764	-555.4915882946884	-624.6901769244073	-124.69157675377079	499.99860017063645	187.65351170843283
sub-02	reg_vmPFC_mOFC	reg_vmPFC_mOFC	207.40722507665396	-123.8476298728909	16.301511370749335	-191.10571370590463	140.14914124364023	331.2548549495449	235.70199809659255
sub-02	sensory_S1_L	sensory_S1_L	-616.1466096331066	-1451.7357213138396	-646.3949898682694	-30.248380235162813	805.3407314455702	835.589111680733	820.4649215631516
sub-02	sensory_S1_R	sensory_S1_R	-282.46211493545854	-511.30580155995494	780.4599121697396	1062.9220271051981	1291.7657137296947	228.8436866244964	760.3047001770955
sub-02	sensory_S2_operculum_L	sensory_S2_operculum_L	-55.73783243595828	63.84609009782677	772.9776043654344	828.7154368013927	709.1315142676077	-119.58392253378506	294.7737958669113
sub-02	sensory_S2_operculum_R	sensory_S2_operculum_R	478.0428756893327	316.26257924421617	1480.2612737487761	1002.2183980594434	1163.99869450456	161.7802964451165	662.8894954748382
sub-02	sensory_dACC_MCC	sensory_dACC_MCC	267.52404388726	-267.53580051946915	1390.8433218684856	1123.3192779812257	1658.3791223879548	535.0598444067291	1096.719483397342
sub-02	sensory_insula_all_L	sensory_insula_all_L	569.0981052902504	795.0168548137773	1059.7622717189843	490.6641664287339	264.745416905207	-225.9187495235269	19.413333690839977
sub-02	sensory_insula_all_R	sensory_insula_all_R	1363.1010568181284	984.8188713275508	961.2042582399641	-401.8967985781643	-23.61461308758669	378.2821854905776	177.3337862014955
sub-02	sensory_posterior_insula_L	sensory_posterior_insula_L	684.9031736011383	985.8954971166942	685.2970036090142	0.393830007875863	-300.59849350768	-300.9923235155559	-300.7954085116179
sub-02	sensory_posterior_insula_R	sensory_posterior_insula_R	1293.5340423199905	929.3054641970741	835.73535504696	-457.7986872730305	-93.57010915011415	364.22857812291636	135.329234486401
sub-02	sensory_thalamus_L	sensory_thalamus_L	-3.8500807728371798	-413.56646494120207	723.9667079668634	727.8167887397005	1137.5331729080654	409.71638416836487	773.6247785382152
sub-02	sensory_thalamus_R	sensory_thalamus_R	-166.38895355556025	5.496519886107432	555.0647642229005	721.4537177784607	549.5682443367931	-171.88547344166767	188.84138544756271
sub-03	expl_amygdala_L	expl_amygdala_L	1080.0192785902586	666.1309117444134	1362.259235571645	282.2399569813863	696.1283238272315	413.8883668458452	555.0083453365382
sub-03	expl_amygdala_R	expl_amygdala_R	586.2080825047902	498.4140952233559	1105.7208482028823	519.512765698092	607.3067529795264	87.79398728143434	347.5503701304803
sub-03	expl_hippocampus_L	expl_hippocampus_L	239.49543282279993	24.432187274577103	127.29861453717793	-112.196818285622	102.86642726260082	215.06324554822282	158.96483640541183
sub-03	expl_hippocampus_R	expl_hippocampus_R	528.8244502495963	-0.583952807122431	-594.5083552183081	-1123.3328054679046	-593.9244024111857	529.4084030567187	-32.25799967723346
sub-03	expl_hypothalamus	expl_hypothalamus	1082.1939730998297	258.99907113347064	402.1603926905646	-680.0335804092651	143.16132155709397	823.1949019663591	483.1781117617265
sub-03	reg_NAc_L	reg_NAc_L	1144.8049613755234	600.1244668362747	-761.5009227451584	-1906.3058841206816	-1361.625389581433	544.6804945392487	-408.4724475210922
sub-03	reg_NAc_R	reg_NAc_R	65.60934247400508	348.1312484140528	-1314.0029820542125	-1379.6123245282174	-1662.1342304682653	-282.5219059400477	-972.3280682041566
sub-03	reg_PAG_sphere	reg_PAG_sphere	2672.2646499615967	194.80407222466198	-482.50328571996704	-3154.767935681564	-677.3073579446291	2477.4605777369347	900.0766098961528
sub-03	reg_SMA_preSMA	reg_SMA_preSMA	749.972526162349	-337.02930162874026	-163.29647642421452	-913.2690025865636	173.73282520452574	1087.0018277910892	630.3673264978074
sub-03	reg_anterior_insula_L	reg_anterior_insula_L	1091.198362852217	713.6598302944032	637.5962563352342	-453.6021065169829	-76.06357395916893	377.53853255781394	150.73747929932244
sub-03	reg_anterior_insula_R	reg_anterior_insula_R	1148.3939064484628	389.0794985448255	970.491418218402	-177.90248823006073	581.4119196735764	759.3144079036372	670.3631637886069
sub-03	reg_caudate_L	reg_caudate_L	681.8941616611993	13.938607911365102	-441.5053393616683	-1123.3995010228675	-455.4439472730334	667.9555537498342	106.2558032384004
sub-03	reg_caudate_R	reg_caudate_R	-231.0505745444344	134.1771713895093	-487.4656047045934	-256.41503016015895	-621.6427760941027	-365.2277459339437	-493.43526101402324
sub-03	reg_dlPFC_IFJ_L	reg_dlPFC_IFJ_L	-72.41073872235667	-322.5142282744225	606.6931892778299	679.1039280001866	929.2074175522524	250.10348955206587	589.6554535521591
sub-03	reg_dlPFC_IFJ_R	reg_dlPFC_IFJ_R	-771.5847748066737	-595.3616647836764	-314.03089399246875	457.553880814205	281.3307707912076	-176.2231100229974	52.55383038410514
sub-03	reg_mOFC	reg_mOFC	-633.2930834234514	143.3858720824637	369.36551409848175	1002.6585975219332	225.97964201601806	-776.6789555059152	-275.34965674494856
sub-03	reg_pgACC_rACC	reg_pgACC_rACC	755.7702559344809	306.47455857314947	-586.9054609658998	-1342.6757169003808	-893.3800195390493	449.29569736133146	-222.0421610888589
sub-03	reg_putamen_L	reg_putamen_L	231.6397822145077	131.2481554606651	30.390963473535567	-201.24881874097213	-100.85719198712953	100.39162675384262	-0.23278261664344768
sub-03	reg_putamen_R	reg_putamen_R	922.8337633013838	33.99123967402857	979.5641887917918	56.73042549040804	945.5729491177633	888.8425236273553	917.2077363725593
sub-03	reg_vmPFC	reg_vmPFC	16.270525247945102	35.40965008885961	287.9805776502011	271.710052402256	252.57092756134148	-19.139124840914505	116.7159013602135
sub-03	reg_vmPFC_mOFC	reg_vmPFC_mOFC	-336.8004814754426	94.1002431155398	332.2174484667575	669.0179299422001	238.1172053512177	-430.9007245909824	-96.39175961988235
sub-03	sensory_S1_L	sensory_S1_L	-583.704589131945	-1022.246086330157	-1554.6751224259576	-970.9705332940126	-532.4290360958006	438.541497198212	-46.94376944879434
sub-03	sensory_S1_R	sensory_S1_R	659.3405153420478	-239.87540048133437	-170.86516244774936	-830.2056777897972	69.01023803358501	899.2159158233821	484.11307692848357
sub-03	sensory_S2_operculum_L	sensory_S2_operculum_L	753.6473778088933	342.79642851889173	-784.3386839003223	-1537.9860617092156	-1127.135112419214	410.8509492900016	-358.1420815646062
sub-03	sensory_S2_operculum_R	sensory_S2_operculum_R	660.3694358003701	631.4304412380052	600.1749698764523	-60.19446592391773	-31.25547136155285	28.938994562364883	-1.1582383995939836
sub-03	sensory_dACC_MCC	sensory_dACC_MCC	657.6877925688198	-26.749008290152982	4.6213357540844076	-653.0664568147354	31.37034404423739	684.4368008589728	357.90357245160504
sub-03	sensory_insula_all_L	sensory_insula_all_L	1093.8531858020954	752.1796489758534	691.7576976217508	-402.09548818034455	-60.42195135410259	341.67353682624196	140.62579273606968
sub-03	sensory_insula_all_R	sensory_insula_all_R	864.3865100671967	734.6660918232686	648.5933583604201	-215.7931517067766	-86.07273346284853	129.72041824392807	21.823842390539767
sub-03	sensory_posterior_insula_L	sensory_posterior_insula_L	903.1467270308185	646.0475478604783	643.1501891742807	-259.99653785653777	-2.897358686197549	257.0991791703402	127.10091024207134
sub-03	sensory_posterior_insula_R	sensory_posterior_insula_R	285.54497220918137	1032.1148563414238	332.5511677725355	47.00619556335414	-699.5636885688882	-746.5698841322424	-723.0667863505653
sub-03	sensory_thalamus_L	sensory_thalamus_L	-13.683159403856417	-414.288648362861	-27.370546772560395	-13.687387368703979	386.91810159030064	400.6054889590046	393.7617952746526
sub-03	sensory_thalamus_R	sensory_thalamus_R	216.4168970514721	-251.5240240903772	94.06280713648576	-122.35408991498633	345.58683122686296	467.9409211418493	406.76387618435615
sub-04	expl_amygdala_L	expl_amygdala_L	923.717787767453	193.0669196014927	25.640580168912855	-898.0772075985402	-167.42633943257985	730.6508681659603	281.6122643666902
sub-04	expl_amygdala_R	expl_amygdala_R	457.6164995832949	484.6464948382896	49.70847925300611	-407.9080203302888	-434.9380155852835	-27.029995254994674	-230.98400542013908
sub-04	expl_hippocampus_L	expl_hippocampus_L	677.8043261064474	611.3149301523637	343.0626598532143	-334.7416662532331	-268.25227029914936	66.48939595408376	-100.8814371725328
sub-04	expl_hippocampus_R	expl_hippocampus_R	213.79457619228015	318.33292121857545	583.5955529988694	369.80097680658923	265.26263178029393	-104.5383450262953	80.36214337699931
sub-04	expl_hypothalamus	expl_hypothalamus	57.19876277337407	882.1605331834445	-1429.9822203359265	-1487.1809831093005	-2312.142753519371	-824.9617704100705	-1568.5522619647209
sub-04	reg_NAc_L	reg_NAc_L	387.0922897571482	17.151338890829308	-659.4830575887969	-1046.5753473459451	-676.6343964796262	369.9409508663189	-153.34672280665364
sub-04	reg_NAc_R	reg_NAc_R	-347.83867532346494	-7.221254631309295	79.76433989427696	427.6030152177419	86.98559452558625	-340.61742069215563	-126.81591308328468
sub-04	reg_PAG_sphere	reg_PAG_sphere	1218.433099194735	-1037.6315960249435	-1236.332565343779	-2454.765664538514	-198.7009693188354	2256.0646952196785	1028.6818629504214
sub-04	reg_SMA_preSMA	reg_SMA_preSMA	274.1597062184348	-259.8424262959645	112.36363994827552	-161.79606627015926	372.20606624424005	534.0021325143994	453.1040993793197
sub-04	reg_anterior_insula_L	reg_anterior_insula_L	289.86340312484674	484.1968359313365	-22.93213470450119	-312.79553782934795	-507.12897063583773	-194.33343280648978	-350.73120172116376
sub-04	reg_anterior_insula_R	reg_anterior_insula_R	-1074.3364489276316	420.3745422820174	-1087.9203950024519	-13.583946074820233	-1508.2949372844691	-1494.710991209649	-1501.502964247059
sub-04	reg_caudate_L	reg_caudate_L	79.17281480144757	-650.5283826176261	-1649.5027400925144	-1728.675554893962	-998.9743574748883	729.7011974190737	-134.63658002790726
sub-04	reg_caudate_R	reg_caudate_R	-212.6979835337699	-583.4701283805913	-433.1374888105056	-220.4395052767357	150.3326395700857	370.7721448468214	260.5523922084535
sub-04	reg_dlPFC_IFJ_L	reg_dlPFC_IFJ_L	-40.60468296169504	-406.68695834935954	-929.4934981400729	-888.8888151783779	-522.8065397907134	366.0822753876645	-78.36213220152445
sub-04	reg_dlPFC_IFJ_R	reg_dlPFC_IFJ_R	-639.7022959339331	-1003.0802594303865	-1504.341208688139	-864.6389127542059	-501.2609492577525	363.3779634964534	-68.94149288064943
sub-04	reg_mOFC	reg_mOFC	288.4041613336672	-367.1896660507619	1910.6577454765174	1622.2535841428503	2277.8474115272793	655.5938273844291	1466.7206194558541
sub-04	reg_pgACC_rACC	reg_pgACC_rACC	32.821448583823575	259.2626782789943	612.2967975828192	579.4753489989956	353.03411930382487	-226.44122969517073	63.29644480432705
sub-04	reg_putamen_L	reg_putamen_L	391.3620852300695	-438.74922140392755	-842.009911643856	-1233.3719968739256	-403.2606902399284	830.1113066339971	213.42530819703433
sub-04	reg_putamen_R	reg_putamen_R	-402.81281144338624	-790.8463561159153	-556.448508371851	-153.6356969284647	234.3978477440644	388.0335446725291	311.2156962082968
sub-04	reg_vmPFC	reg_vmPFC	400.50368940478495	168.31059812723709	1434.2227486040385	1033.7190591992535	1265.9121504768013	232.19309127754786	749.0526208771747
sub-04	reg_vmPFC_mOFC	reg_vmPFC_mOFC	339.57186887032253	-122.76115350720121	1693.1895098856276	1353.617641015305	1815.9506633928288	462.3330223775238	1139.1418428851762
sub-04	sensory_S1_L	sensory_S1_L	-555.171441047303	-673.158801908857	-331.99800137075545	223.17343967654756	341.1608005381015	117.98736086155395	229.57408069982773
sub-04	sensory_S1_R	sensory_S1_R	78.86113520105195	-206.14019561696458	185.1938549539246	106.33271975287266	391.3340505708892	285.0013308180165	338.16769069445286
sub-04	sensory_S2_operculum_L	sensory_S2_operculum_L	353.72622766846825	493.58619325726005	404.25384753941836	50.527619870950105	-89.33234571784169	-139.8599655887918	-114.59615565331677
sub-04	sensory_S2_operculum_R	sensory_S2_operculum_R	615.0487675298599	819.7350315198084	1265.8515413123646	650.8027737825047	446.11650979255614	-204.68626398994854	120.71512290130386
sub-04	sensory_dACC_MCC	sensory_dACC_MCC	64.34914593644703	-59.823535731080725	-306.86914389657125	-371.2182898330183	-247.04560816549053	124.17268166752775	-61.43646324898138
sub-04	sensory_insula_all_L	sensory_insula_all_L	592.1838349808223	481.99967724307857	824.4451046756756	232.26126969485324	342.445427432597	110.18415773774376	226.31479258517044
sub-04	sensory_insula_all_R	sensory_insula_all_R	372.1668950791008	454.75218956394855	-557.7126359600917	-929.8795310391924	-1012.4648255240402	-82.58529448484774	-547.525060004444
sub-04	sensory_posterior_insula_L	sensory_posterior_insula_L	931.5023292961389	805.1457989947378	599.1060121808353	-332.39631711530365	-206.03978681390254	126.35653030140111	-39.841628256250715
sub-04	sensory_posterior_insula_R	sensory_posterior_insula_R	1417.1830297990593	562.6005765400772	-288.45812604042044	-1705.6411558394798	-851.0587025804977	854.5824532589821	1.7618753392422377
sub-04	sensory_thalamus_L	sensory_thalamus_L	-303.5480726505196	-184.34010604454153	-482.91225081831317	-179.36417816779357	-298.57214477377164	-119.20796660597807	-208.89005568987483
sub-04	sensory_thalamus_R	sensory_thalamus_R	134.38697138447606	-0.1912095046543858	-967.0006041962572	-1101.3875755807333	-966.8093946916028	134.57818088913044	-416.11560690123616
sub-05	expl_amygdala_L	expl_amygdala_L	-737.9553064135823	-341.08559112799804	401.72654564924994	1139.6818520628321	742.812136777248	-396.8697152855843	172.97121074583185
sub-05	expl_amygdala_R	expl_amygdala_R	-834.7327669672538	49.849954404984615	573.4175381021062	1408.15030506936	523.5675836971216	-884.5827213722384	-180.50756883755844
sub-05	expl_hippocampus_L	expl_hippocampus_L	-550.9699573302739	-156.76975117619864	192.59277125003297	743.5627285803068	349.36252242623164	-394.2002061540753	-22.41884186392184
sub-05	expl_hippocampus_R	expl_hippocampus_R	15.249026136758511	-71.4174049743141	73.70623945733716	58.45721332057865	145.12364443165126	86.66643111107261	115.89503777136193
sub-05	expl_hypothalamus	expl_hypothalamus	-989.4630822634275	169.70913446475583	1005.9970328529791	1995.4601151164065	836.2878983882233	-1159.1722167281832	-161.44215916998002
sub-05	reg_NAc_L	reg_NAc_L	-122.12402478838835	153.50317258639217	1264.7931366396647	1386.917161428053	1111.2899640532726	-275.6271973747805	417.831383339246
sub-05	reg_NAc_R	reg_NAc_R	26.979945315635042	100.09351195135433	1069.3252684149734	1042.3453230993384	969.231756463619	-73.11356663571928	448.0590949139498
sub-05	reg_PAG_sphere	reg_PAG_sphere	1531.818446213208	-900.2550380981453	-35.79428769374217	-1567.6127339069503	864.4607504044031	2432.0734843113532	1648.2671173578783
sub-05	reg_SMA_preSMA	reg_SMA_preSMA	270.62708258117294	-81.87517520053525	730.7523211860722	460.12523860489927	812.6274963866075	352.5022577817082	582.5648770841578
sub-05	reg_anterior_insula_L	reg_anterior_insula_L	-14.695468575352356	531.4434588094055	1380.2497993826187	1394.945267957971	848.8063405732132	-546.1389273847578	151.3337065942277
sub-05	reg_anterior_insula_R	reg_anterior_insula_R	65.02579558686077	657.760957378763	929.7386549151136	864.7128593282528	271.97769753635055	-592.7351617919022	-160.37873212777583
sub-05	reg_caudate_L	reg_caudate_L	255.42131510988673	177.67630405246348	1616.454044537772	1361.0327294278852	1438.7777404853086	77.74501105742326	758.2613757713659
sub-05	reg_caudate_R	reg_caudate_R	432.42694902920755	32.222940211791276	872.1631960505201	439.7362470213126	839.9402558387288	400.20400881741625	620.0721323280726
sub-05	reg_dlPFC_IFJ_L	reg_dlPFC_IFJ_L	-313.7589122950024	-364.695195038896	230.446207800482	544.2051200954844	595.141402839378	50.93628274389357	323.0388427916358
sub-05	reg_dlPFC_IFJ_R	reg_dlPFC_IFJ_R	-468.9352425024861	80.15900882741786	323.0710481357082	792.0062906381943	242.91203930829036	-549.094251329904	-153.0911060108068
sub-05	reg_mOFC	reg_mOFC	-181.0441092505868	-7.284004745976461	-197.90148209375678	-16.85737284316997	-190.61747734778032	-173.76010450461035	-182.18879092619534
sub-05	reg_pgACC_rACC	reg_pgACC_rACC	-52.092206847591555	-39.934987264443755	293.30337709274164	345.3955839403332	333.2383643571854	-12.1572195831478	160.54057238701878
sub-05	reg_putamen_L	reg_putamen_L	-27.784250946388276	-32.11182134261534	412.44960309129783	440.2338540376861	444.5614244339132	4.327570396227067	224.44449741507012
sub-05	reg_putamen_R	reg_putamen_R	657.5347985298167	429.08083717803464	830.7908055985072	173.25600706869045	401.70996842047253	228.45396135178208	315.0819648861273
sub-05	reg_vmPFC	reg_vmPFC	-649.7986880975502	-192.21424931322946	-3.3078530435204128	646.4908350540298	188.90639626970903	-457.58443878432075	-134.33902125730583
sub-05	reg_vmPFC_mOFC	reg_vmPFC_mOFC	-395.00662639596993	-91.69521353086678	-109.07943198289256	285.92719441307736	-17.384218452025777	-303.31141286510314	-160.34781565856446
sub-05	sensory_S1_L	sensory_S1_L	-385.4604894290727	-498.37475818926487	-116.98785830897971	268.472631120093	381.38689988028517	112.91426876019216	247.15058432023866
sub-05	sensory_S1_R	sensory_S1_R	-290.17760875268743	-476.96659721168044	-31.909545574230016	258.2680631784574	445.0570516374504	186.788988458993	315.9230200482217
sub-05	sensory_S2_operculum_L	sensory_S2_operculum_L	-190.94972405989444	48.081003446589335	872.3006448410318	1063.2503689009263	824.2196413944425	-239.03072750648377	292.59445694397937
sub-05	sensory_S2_operculum_R	sensory_S2_operculum_R	936.6409412644491	1084.0440954156554	1256.8835717399138	320.2426304754647	172.83947632425838	-147.4031541512063	12.718161086526152
sub-05	sensory_dACC_MCC	sensory_dACC_MCC	-390.90506419744503	-93.48743303925924	371.97839393501874	762.8834581324638	465.465826974278	-297.41763115818577	84.0240979080461
sub-05	sensory_insula_all_L	sensory_insula_all_L	-190.60301985435981	446.99950430127933	1067.2004986246557	1257.8035184790156	620.2009943233763	-637.6025241556391	-8.70076491613139
sub-05	sensory_insula_all_R	sensory_insula_all_R	40.43881704303194	836.2140399758733	1075.4276352669392	1034.9888182239072	239.21359529106587	-795.7752229328414	-278.2808138208877
sub-05	sensory_posterior_insula_L	sensory_posterior_insula_L	-19.719302082097443	612.9051351852513	896.9593435059156	916.6786455880131	284.0542083206643	-632.6244372673488	-174.28511447334222
sub-05	sensory_posterior_insula_R	sensory_posterior_insula_R	514.1773584662316	978.4613339927183	1338.9606452120038	824.7832867457722	360.49931121928546	-464.28397552648676	-51.892332153600705
sub-05	sensory_thalamus_L	sensory_thalamus_L	-259.270698339757	-258.1265377327149	179.72239038060061	438.9930887203576	437.84892811331554	-1.1441606070421244	218.35238375313668
sub-05	sensory_thalamus_R	sensory_thalamus_R	-131.53522280825456	-48.21430506975183	412.60154109387815	544.1367639021328	460.81584616363	-83.32091773850273	188.7474642125636
sub-06	expl_amygdala_L	expl_amygdala_L	1210.3791940579445	266.5790440905295	396.1659803621904	-814.2132136957541	129.58693627166087	943.8001499674149	536.6935431195379
sub-06	expl_amygdala_R	expl_amygdala_R	127.63364189779512	360.1384647024357	1086.0683712055486	958.4347293077535	725.9299065031129	-232.5048228046406	246.71254184923612
sub-06	expl_hippocampus_L	expl_hippocampus_L	1274.2188140462924	235.8073060542892	886.0042317640285	-388.2145822822639	650.1969257097394	1038.4115079920032	844.3042168508712
sub-06	expl_hippocampus_R	expl_hippocampus_R	39.56269885592788	-405.4645825457753	506.3706210783378	466.80792222240996	911.8352036241131	445.02728140170314	678.431242512908
sub-06	expl_hypothalamus	expl_hypothalamus	334.1734823485766	395.0215769965015	-98.94426168890496	-433.11774403748154	-493.9658386854064	-60.84809464792488	-277.40696666666565
sub-06	reg_NAc_L	reg_NAc_L	594.1129122022116	-81.75879206139797	172.68622851294518	-421.4266836892665	254.44502057434315	675.8717042636097	465.15836241897637
sub-06	reg_NAc_R	reg_NAc_R	1153.6086354896306	-65.48364626082027	295.74915268114717	-857.8594828084834	361.2327989419674	1219.0922817504509	790.1625403462092
sub-06	reg_PAG_sphere	reg_PAG_sphere	3821.8844270345353	532.24634183112	2954.2400691589996	-867.6443578755357	2421.9937273278797	3289.6380852034154	2855.8159062656478
sub-06	reg_SMA_preSMA	reg_SMA_preSMA	-709.9875933080609	-445.46471898602914	-419.52127349166074	290.4663198164002	25.943445494368405	-264.5228743220318	-119.28971441383163
sub-06	reg_anterior_insula_L	reg_anterior_insula_L	768.3530665771666	416.51988383502254	-24.49797996959228	-792.8510465467589	-441.0178638046148	351.83318274214406	-44.59234053123538
sub-06	reg_anterior_insula_R	reg_anterior_insula_R	1183.5715335438426	771.761293992978	461.7663392676949	-721.8051942761477	-309.99495472528315	411.8102395508646	50.90764241279078
sub-06	reg_caudate_L	reg_caudate_L	644.5572124031174	-238.59730416846497	-480.36492887124433	-1124.9221412743618	-241.76762470277936	883.1545165715825	320.69344593440155
sub-06	reg_caudate_R	reg_caudate_R	-28.898723367250636	-305.93627454189925	81.19396156964758	110.09268493689822	387.1302361115468	277.0375511746486	332.0838936430977
sub-06	reg_dlPFC_IFJ_L	reg_dlPFC_IFJ_L	131.42580734059874	-231.99059121840142	-87.64793708711227	-219.073744427711	144.34265413128915	363.4163985590002	253.87952634514465
sub-06	reg_dlPFC_IFJ_R	reg_dlPFC_IFJ_R	-538.388595114215	-578.9308528433156	-1208.2180405431009	-669.8294454288858	-629.2871876997852	40.542257729100584	-294.3724649853424
sub-06	reg_mOFC	reg_mOFC	1333.135659738658	46.22293702117063	-197.93042365409738	-1531.0660833927554	-244.153360675268	1286.9127227174874	521.3796810211096
sub-06	reg_pgACC_rACC	reg_pgACC_rACC	590.907398244515	-76.09785306367847	328.70189507721307	-262.2055031673019	404.79974814089155	667.0052513081935	535.9024997245425
sub-06	reg_putamen_L	reg_putamen_L	-200.72924443629498	-812.9387734614608	-750.9995570269015	-550.2703125906065	61.939216434559285	612.2095290251658	337.07437272986255
sub-06	reg_putamen_R	reg_putamen_R	-490.285425296085	-391.2391756110647	-72.52324233616783	417.7621829599172	318.7159332748969	-99.04624968502031	109.83484179493826
sub-06	reg_vmPFC	reg_vmPFC	1057.0134859380591	369.55005356369196	607.5305819046667	-449.4829040333924	237.9805283409748	687.4634323743671	462.72198035767093
sub-06	reg_vmPFC_mOFC	reg_vmPFC_mOFC	1207.099994142932	193.805247335809	169.7213753656214	-1037.3786187773105	-24.0838719701876	1013.294746807123	494.6054374184678
sub-06	sensory_S1_L	sensory_S1_L	-1237.2084137347788	-892.8099468807532	-1069.9911890733067	167.21722466147207	-177.18124219255355	-344.3984668540256	-260.7898545232897
sub-06	sensory_S1_R	sensory_S1_R	-1081.9446376008618	-462.3148507752371	-884.2195719649324	197.72506563592947	-421.90472118969524	-619.6297868256247	-520.76725400766
sub-06	sensory_S2_operculum_L	sensory_S2_operculum_L	510.4433606702267	514.5509742919044	150.54250015018542	-359.9008605200413	-364.0084741417189	-4.107613621677672	-184.05804388169832
sub-06	sensory_S2_operculum_R	sensory_S2_operculum_R	841.6058259049447	668.6898441082434	-184.18660086067257	-1025.7924267656172	-852.876444968916	172.91598179670132	-339.9802315861073
sub-06	sensory_dACC_MCC	sensory_dACC_MCC	44.39167653178513	-121.07472275483612	274.13420453288205	229.74252800109693	395.20892728771815	165.46639928662125	280.33766328716973
sub-06	sensory_insula_all_L	sensory_insula_all_L	610.8754272380669	358.2166539884701	272.48793782860304	-338.38748940946385	-85.72871615986708	252.65877324959678	83.46502854486488
sub-06	sensory_insula_all_R	sensory_insula_all_R	926.6310426368494	739.2938020291581	1001.0235232000114	74.39248056316194	261.7297211708533	187.33724060769134	224.53348088927237
sub-06	sensory_posterior_insula_L	sensory_posterior_insula_L	707.460846336998	689.9984777517258	581.7215452328368	-125.7393011041612	-108.276932518889	17.462368585272202	-45.407281966808455
sub-06	sensory_posterior_insula_R	sensory_posterior_insula_R	383.4833302052888	814.2079270411219	1163.0654500518115	779.5821198465227	348.85752301068953	-430.72459683583315	-40.93353691257187
sub-06	sensory_thalamus_L	sensory_thalamus_L	-159.94704337933484	-567.1562719602788	-1092.03069702253	-932.083653643195	-524.8744250622511	407.20922858094394	-58.832598240653624
sub-06	sensory_thalamus_R	sensory_thalamus_R	-451.8805489265263	-606.7076764623505	-310.1875969852416	141.69295194128466	296.5200794771089	154.82712753582422	225.67360350646652
sub-07	expl_amygdala_L	expl_amygdala_L	642.6967626825068	730.0895178099928	671.5889638258516	28.892201143344778	-58.50055398414122	-87.392755127486	-72.94665455581355
sub-07	expl_amygdala_R	expl_amygdala_R	1773.15027113373	945.5693951013378	521.0570958047874	-1252.0931753289426	-424.5122992965504	827.5808760323922	201.5342883679208
sub-07	expl_hippocampus_L	expl_hippocampus_L	209.99540510248713	393.72241209583717	445.30962569691775	235.31422059443062	51.58721360108058	-183.72700699335005	-66.06989669613472
sub-07	expl_hippocampus_R	expl_hippocampus_R	316.4806699497079	289.41512824136333	366.10682183686765	49.62615188715978	76.69169359550432	27.06554170834454	51.87861765192446
sub-07	expl_hypothalamus	expl_hypothalamus	-88.71850589625797	-49.74238382779456	532.9405779992951	621.6590838955531	582.6829618270897	-38.976122068463404	271.85341987931315
sub-07	reg_NAc_L	reg_NAc_L	257.8418331258269	362.24598626225935	957.7972521182253	699.9554189923983	595.551265855966	-104.40415313643246	245.57355635976677
sub-07	reg_NAc_R	reg_NAc_R	423.29243065506444	54.09536548189003	771.5960574652394	348.30362681017493	717.5006919833494	369.1970651731744	543.348878578262
sub-07	reg_PAG_sphere	reg_PAG_sphere	-1561.0319383102058	1750.9222858281357	-2610.150121585138	-1049.1181832749323	-4361.072407413274	-3311.9542241383415	-3836.5133157758073
sub-07	reg_SMA_preSMA	reg_SMA_preSMA	-284.95595215987686	-408.9884251218057	-667.8282297274388	-382.872277567562	-258.83980460563316	124.03247296192882	-67.4036658218522
sub-07	reg_anterior_insula_L	reg_anterior_insula_L	1847.537319358046	1358.6267706220729	188.68016527792196	-1658.857154080124	-1169.9466053441508	488.9105487359732	-340.51802830408883
sub-07	reg_anterior_insula_R	reg_anterior_insula_R	1638.6707076740634	1307.567100625283	994.1233601331099	-644.5473475409534	-313.4437404921731	331.1036070487803	8.829933278303542
sub-07	reg_caudate_L	reg_caudate_L	836.5889878774309	402.6224870562861	547.4619819774246	-289.12700590000634	144.83949492113845	433.9665008211448	289.40299787114157
sub-07	reg_caudate_R	reg_caudate_R	733.2323404712026	142.33884604875428	608.2893439117449	-124.9429965594577	465.9504978629907	590.8934944224484	528.4219961427195
sub-07	reg_dlPFC_IFJ_L	reg_dlPFC_IFJ_L	1033.1708482823642	287.4791996426157	-189.81022256335922	-1222.9810708457235	-477.2894222059749	745.6916486397486	134.20111321688677
sub-07	reg_dlPFC_IFJ_R	reg_dlPFC_IFJ_R	626.3150658430216	82.85480659298429	-529.4120854961466	-1155.7271513391681	-612.2668920891308	543.4602592500373	-34.4033164195468
sub-07	reg_mOFC	reg_mOFC	-38.22479603976933	471.0773483670383	154.14422738903613	192.36902342880546	-316.9331209780022	-509.30214440680766	-413.1176326924049
sub-07	reg_pgACC_rACC	reg_pgACC_rACC	357.8513848510186	244.93600965350961	-54.991625632520936	-412.84301048353956	-299.9276352860305	112.91537519750901	-93.50613004426077
sub-07	reg_putamen_L	reg_putamen_L	7.9691883230377245	-195.49934978583053	-451.6103382300653	-459.579526553103	-256.11098844423475	203.46853810886824	-26.321225167683252
sub-07	reg_putamen_R	reg_putamen_R	493.00692744283305	-181.56129122657993	-106.35940509783134	-599.3663325406644	75.20188612874858	674.568218669413	374.8850523990808
sub-07	reg_vmPFC	reg_vmPFC	-1.0072331944294546	-11.63644494508649	-300.0846332581178	-299.07740006368834	-288.44818831303127	10.629211750657035	-138.90948828118712
sub-07	reg_vmPFC_mOFC	reg_vmPFC_mOFC	-21.23688000065506	250.7431629775065	-53.188041499321116	-31.951161498666057	-303.9312044768276	-271.9800429781616	-287.9556237274946
sub-07	sensory_S1_L	sensory_S1_L	-1309.171695779623	-1169.5020229736156	-979.4007630020571	329.7709327775658	190.10125997155842	-139.66967280600738	25.215793582775405
sub-07	sensory_S1_R	sensory_S1_R	-968.4615272483983	-451.32834679527235	-464.3688681532132	504.09265909518507	-13.040521357940861	-517.133180453126	-265.08685090553337
sub-07	sensory_S2_operculum_L	sensory_S2_operculum_L	530.3686903320513	402.613030011182	490.3225196132945	-40.0461707187568	87.70948960211251	127.75566032086931	107.73257496149091
sub-07	sensory_S2_operculum_R	sensory_S2_operculum_R	1930.6336503435737	1309.3984019732545	1796.5588728433463	-134.07477750022736	487.1604708700918	621.2352483703191	554.1978596202055
sub-07	sensory_dACC_MCC	sensory_dACC_MCC	38.47307767575812	-141.0700359732419	-214.17413412605006	-252.64721180180817	-73.10409815280818	179.54311364900002	53.21950774809591
sub-07	sensory_insula_all_L	sensory_insula_all_L	1231.3847288173652	1126.3947878205845	295.50678573673065	-935.8779430806345	-830.8880020838538	104.98994099678066	-362.94903054353654
sub-07	sensory_insula_all_R	sensory_insula_all_R	1098.4620323694166	1039.2212934157296	985.0120430333566	-113.44998933606007	-54.20925038237306	59.240738953687014	2.5157442856570924
sub-07	sensory_posterior_insula_L	sensory_posterior_insula_L	524.1624352675343	910.6115370721561	-45.812156422881664	-569.974591690416	-956.4236934950378	-386.4491018046218	-671.4363976498298
sub-07	sensory_posterior_insula_R	sensory_posterior_insula_R	808.2000783251502	899.6553817422428	895.7805292180062	87.58045089285599	-3.8748525242365304	-91.45530341709252	-47.66507797066447
sub-07	sensory_thalamus_L	sensory_thalamus_L	-151.97041820405693	-25.58195763990269	262.7288814501791	414.69929965423603	288.31083909008174	-126.38846056415423	80.96118926296376
sub-07	sensory_thalamus_R	sensory_thalamus_R	-108.9872896652541	160.52240521513957	348.4698950143763	457.45718467963036	187.9474897992367	-269.5096948803937	-40.78110254057847
sub-08	expl_amygdala_L	expl_amygdala_L	556.17853965373	110.7952397916578	927.4607580470536	371.28221839332355	816.6655182553958	445.3832998620722	631.024409058734
sub-08	expl_amygdala_R	expl_amygdala_R	796.0393413912363	-8.064436630711556	622.95157807286	-173.08776331837635	631.0160147035716	804.103778021948	717.5598963627598
sub-08	expl_hippocampus_L	expl_hippocampus_L	1126.2248762070824	-2.419900646458796	439.8364014248621	-686.3884747822203	442.25630207132093	1128.644776853541	785.450539462431
sub-08	expl_hippocampus_R	expl_hippocampus_R	779.0442914079837	-235.80221759850704	168.3362524325221	-610.7080389754616	404.1384700310291	1014.8465090064907	709.49248951876
sub-08	expl_hypothalamus	expl_hypothalamus	1239.694323917502	-320.4513360570211	1093.51175336665	-146.182570550852	1413.9630894236711	1560.1456599745231	1487.0543746990973
sub-08	reg_NAc_L	reg_NAc_L	535.6904893917758	-26.522528862240517	-155.88999657245603	-691.5804859642319	-129.36746771021552	562.2130182540163	216.4227752719004
sub-08	reg_NAc_R	reg_NAc_R	1072.8531012463723	139.8483919861414	-53.50074886604002	-1126.3538501124124	-193.34914085218142	933.0047092602308	369.82778420402474
sub-08	reg_PAG_sphere	reg_PAG_sphere	-2642.492552789655	807.9808912479835	-116.72571505791294	2525.766837731742	-924.7066063058965	-3450.4734440376383	-2187.5900251717676
sub-08	reg_SMA_preSMA	reg_SMA_preSMA	-361.4713040915516	-188.57569583630533	117.09381021644435	478.56511430799594	305.6695060527497	-172.89560825524626	66.38694889875171
sub-08	reg_anterior_insula_L	reg_anterior_insula_L	1150.8922389554011	625.8167310248335	768.1371328717808	-382.7551060836204	142.32040184694722	525.0755079305676	333.6979548887574
sub-08	reg_anterior_insula_R	reg_anterior_insula_R	3034.8841990477276	545.1685791914601	852.263203806142	-2182.6209952415857	307.09462461468183	2489.7156198562675	1398.4051222354747
sub-08	reg_caudate_L	reg_caudate_L	-357.0002393496076	-371.4228416176008	-794.9314496579211	-437.9312103083135	-423.5086080403203	14.42260226799317	-204.5430028861636
sub-08	reg_caudate_R	reg_caudate_R	7.767340833341086	176.9269639411597	-710.0679923392278	-717.8353331725689	-886.9949562803874	-169.15962310781862	-528.077289694103
sub-08	reg_dlPFC_IFJ_L	reg_dlPFC_IFJ_L	-571.9658909521786	-50.995337114926805	95.55277649929903	667.5186674514777	146.54811361422583	-520.9705538372518	-187.21122011151297
sub-08	reg_dlPFC_IFJ_R	reg_dlPFC_IFJ_R	-923.6873716501461	28.655415492592144	-706.2559774506442	217.43139419950194	-734.9113929432364	-952.3427871427383	-843.6270900429873
sub-08	reg_mOFC	reg_mOFC	471.5047809650946	51.04260941212998	125.79755218269915	-345.7072287823954	74.75494277056917	420.4621715529646	247.6085571617669
sub-08	reg_pgACC_rACC	reg_pgACC_rACC	276.4184652857949	-100.50643225737593	-182.53239649097574	-458.9508617767707	-82.02596423359981	376.92489754317086	147.4494666547855
sub-08	reg_putamen_L	reg_putamen_L	-982.9279217839172	-402.1367306415335	-641.4486419791674	341.4792798047498	-239.3119113376339	-580.7911911423837	-410.05155124000873
sub-08	reg_putamen_R	reg_putamen_R	144.0355875446691	138.0826440097305	-349.25288576447923	-493.28847330914834	-487.3355297742097	5.952943534938612	-240.69129311963556
sub-08	reg_vmPFC	reg_vmPFC	1175.0752056236681	-80.10402232532265	-42.52237135196988	-1217.597576975638	37.581650973352765	1255.1792279489907	646.3804394611717
sub-08	reg_vmPFC_mOFC	reg_vmPFC_mOFC	792.6487352690737	-8.81912785496492	48.96810634819842	-743.6806289208753	57.78723420316334	801.4678631240386	429.6275486636009
sub-08	sensory_S1_L	sensory_S1_L	-1643.301732503709	-1443.0950788293153	-1091.4042972379484	551.8974352657606	351.6907815913669	-200.2066536743937	75.7420639584866
sub-08	sensory_S1_R	sensory_S1_R	473.5178452472992	-229.5373325477008	653.466692840402	179.94884759310276	883.0040253881027	703.055177795	793.0296015915513
sub-08	sensory_S2_operculum_L	sensory_S2_operculum_L	-1885.4226336959389	-732.4567997184608	-632.9619819150632	1252.4606517808757	99.49481780339761	-1152.965833977478	-526.7355080870402
sub-08	sensory_S2_operculum_R	sensory_S2_operculum_R	1674.7838486593841	991.7069395343478	889.6998236979292	-785.0840249614549	-102.00711583641862	683.0769091250363	290.5348966443089
sub-08	sensory_dACC_MCC	sensory_dACC_MCC	-147.26862792175993	-68.82084259425561	-221.80040946744242	-74.53178154568249	-152.9795668731868	-78.44778532750432	-115.71367610034555
sub-08	sensory_insula_all_L	sensory_insula_all_L	1416.3484804270379	720.8818796122713	1081.789030879349	-334.5594495476889	360.90715126707767	695.4666008147666	528.1868760409221
sub-08	sensory_insula_all_R	sensory_insula_all_R	2261.2149965077188	971.0407907074011	1005.9984668993095	-1255.2165296084092	34.95767619190838	1290.1742058003176	662.5659409961129
sub-08	sensory_posterior_insula_L	sensory_posterior_insula_L	734.3298152993201	457.5474829690727	1164.2284023229772	429.8985870236571	706.6809193539045	276.7823323302474	491.731625842076
sub-08	sensory_posterior_insula_R	sensory_posterior_insula_R	1150.296074606243	1093.1293107938618	1197.0649317182178	46.76885711197474	103.93562092435604	57.166763812381305	80.55119236836867
sub-08	sensory_thalamus_L	sensory_thalamus_L	-681.431585749105	-416.8886919232316	-816.735465826572	-135.30388007746694	-399.84677390334036	-264.5428938258734	-332.19483386460684
sub-08	sensory_thalamus_R	sensory_thalamus_R	-40.29406905273511	209.36974505681366	-578.4895466014151	-538.19547754868	-787.8592916582288	-249.66381410954875	-518.7615528838887
sub-09	expl_amygdala_L	expl_amygdala_L	-254.80688633325298	140.1673812749007	468.24866765946155	723.0555539927145	328.0812863845608	-394.9742676081537	-33.446490611796406
sub-09	expl_amygdala_R	expl_amygdala_R	624.5647115035201	175.2578716019896	37.27132602142901	-587.2933854820911	-137.98654558056057	449.30683990153057	155.66014716048497
sub-09	expl_hippocampus_L	expl_hippocampus_L	-427.1060230835134	-126.97191571488514	320.2933998966363	747.3994229801497	447.26531561152143	-300.13410736862824	73.5656041214466
sub-09	expl_hippocampus_R	expl_hippocampus_R	481.1726880045936	217.77952266404142	29.88247628720751	-451.2902117173861	-187.8970463768339	263.3931653405522	37.748059481859144
sub-09	expl_hypothalamus	expl_hypothalamus	52.509291150670855	369.5337271269797	-499.1476797400725	-551.6569708907433	-868.6814068670521	-317.0244359763089	-592.8529214216805
sub-09	reg_NAc_L	reg_NAc_L	163.0684819442144	563.3472617934907	64.83076659468198	-98.23771534953242	-498.51649519880874	-400.2787798492763	-449.3976375240425
sub-09	reg_NAc_R	reg_NAc_R	-600.2223774538879	711.4425478499965	-1051.8730110691874	-451.6506336152995	-1763.3155589191838	-1311.6649253038845	-1537.4902421115341
sub-09	reg_PAG_sphere	reg_PAG_sphere	-1192.1737249099783	-19.150358738204627	-745.2364875874678	446.93723732251055	-726.0861288492631	-1173.0233661717737	-949.5547475105184
sub-09	reg_SMA_preSMA	reg_SMA_preSMA	-742.6889634770391	-275.5823058367588	123.52827524337256	866.2172387204117	399.11058108013134	-467.10665764028033	-33.99803828007447
sub-09	reg_anterior_insula_L	reg_anterior_insula_L	-469.49458749366596	87.17048807299776	829.7885338120374	1299.2831213057034	742.6180457390396	-556.6650755666637	92.97648508618795
sub-09	reg_anterior_insula_R	reg_anterior_insula_R	408.08715108598824	1248.3883586251618	-149.25500484881871	-557.3421559348069	-1397.6433634739806	-840.3012075391736	-1118.972285506577
sub-09	reg_caudate_L	reg_caudate_L	8.636789926090023	260.47443596185036	510.2118396618039	501.57504973571383	249.73740369995352	-251.83764603576034	-1.0501211679033986
sub-09	reg_caudate_R	reg_caudate_R	-1.8855379598105173	351.11267074404185	-320.9054733085505	-319.01993534874	-672.0181440525923	-352.99820870385236	-512.5081763782223
sub-09	reg_dlPFC_IFJ_L	reg_dlPFC_IFJ_L	-212.641340214679	-396.65307119883414	675.9509895944406	888.5923298091195	1072.6040607932746	184.01173098415515	628.3078958887149
sub-09	reg_dlPFC_IFJ_R	reg_dlPFC_IFJ_R	-673.3674873005011	-273.46130037286486	84.59287159516543	757.9603588956666	358.0541719680303	-399.90618692763627	-20.92600747980299
sub-09	reg_mOFC	reg_mOFC	83.11168524471141	308.38864145733294	467.16317944006806	384.05149419535667	158.77453798273513	-225.27695621262154	-33.25120911494321
sub-09	reg_pgACC_rACC	reg_pgACC_rACC	-337.5709159365814	180.07135140016567	242.26854874461506	579.8394646811964	62.19719734444939	-517.6422673367471	-227.72253499614885
sub-09	reg_putamen_L	reg_putamen_L	-318.4729393311186	-522.3643026863988	-521.3044516158642	-202.8315122847456	1.0598510705345916	203.8913633552802	102.47560721290739
sub-09	reg_putamen_R	reg_putamen_R	533.5928385387224	291.8446035620494	269.7706132279417	-263.8222253107807	-22.07399033410769	241.74823497667302	109.83712232128266
sub-09	reg_vmPFC	reg_vmPFC	-85.6018315940948	285.0437280360919	393.14704056527165	478.74887215936644	108.10331252917973	-370.6455596301867	-131.2711235505035
sub-09	reg_vmPFC_mOFC	reg_vmPFC_mOFC	6.102584175069933	297.73288114362134	433.37859343775347	427.27600926268354	135.64571229413212	-291.6302969685514	-77.99229233720965
sub-09	sensory_S1_L	sensory_S1_L	-1454.9511323791662	-1109.838072579837	-1368.6494421337716	86.30169024539464	-258.8113695539346	-345.1130597993292	-301.9622146766319
sub-09	sensory_S1_R	sensory_S1_R	-838.250600244379	-303.9320740687347	-159.52586394679102	678.724736297588	144.4062101219437	-534.3185261756444	-194.9561580268503
sub-09	sensory_S2_operculum_L	sensory_S2_operculum_L	-1049.0377276390814	211.688956117549	521.5535439546451	1570.5912715937266	309.8645878370961	-1260.7266837566303	-475.43104795976717
sub-09	sensory_S2_operculum_R	sensory_S2_operculum_R	200.12485319692777	921.0695663226512	814.8857146226003	614.7608614256725	-106.18385170005092	-720.9447131257234	-413.56428241288717
sub-09	sensory_dACC_MCC	sensory_dACC_MCC	-854.1343149476164	141.4814052767585	261.68070051561045	1115.815015463227	120.19929523885196	-995.6157202243749	-437.70821249276145
sub-09	sensory_insula_all_L	sensory_insula_all_L	-616.2604275916706	61.992273274071685	796.5841102672094	1412.84453785888	734.5918369931378	-678.2527008657422	28.169568063697746
sub-09	sensory_insula_all_R	sensory_insula_all_R	187.50163873231367	962.84376749167	583.3496667584146	395.84802802610096	-379.4941007332553	-775.3421287593562	-577.4181147463058
sub-09	sensory_posterior_insula_L	sensory_posterior_insula_L	-454.8047378844668	-13.478746928393909	697.7472822458828	1152.5520201303498	711.2260291742767	-441.3259909560729	134.95001910910193
sub-09	sensory_posterior_insula_R	sensory_posterior_insula_R	178.9555399390074	646.1047027983861	1068.816560650122	889.8610207111146	422.7118578517359	-467.14916285937875	-22.21865250382143
sub-09	sensory_thalamus_L	sensory_thalamus_L	-179.00967038778828	-63.020163832118904	280.40083270096164	459.4105030887499	343.42099653308054	-115.98950655566938	113.71574498870558
sub-09	sensory_thalamus_R	sensory_thalamus_R	277.73684333624016	339.7322095843992	499.29169677051084	221.55485343427068	159.55948718611165	-61.99536624815903	48.78206046897634
sub-10	expl_amygdala_L	expl_amygdala_L	-454.4505878295275	167.4483999625798	383.85843526295133	838.3090230924788	216.41003530037153	-621.8989877921073	-202.74447624586787
sub-10	expl_amygdala_R	expl_amygdala_R	-519.4151295676713	-158.46921417038155	664.3531992205282	1183.7683287881996	822.8224133909097	-360.9459153972898	230.93824899680996
sub-10	expl_hippocampus_L	expl_hippocampus_L	382.51047349584763	227.95543416864132	996.4480701312984	613.9375966354507	768.4926359626571	154.55503932720632	461.52383764493175
sub-10	expl_hippocampus_R	expl_hippocampus_R	189.33098416344427	134.902330258081	771.6545964720939	582.3236123086497	636.7522662140129	54.42865390536326	345.59046005968804
sub-10	expl_hypothalamus	expl_hypothalamus	-824.6228169700898	400.07579187785626	-653.3806423015691	171.24217466852076	-1053.4564341794253	-1224.6986088479462	-1139.0775215136857
sub-10	reg_NAc_L	reg_NAc_L	-87.18363663909213	192.3133195229983	934.7056281798916	1021.8892648189837	742.3923086568933	-279.49695616209044	231.44767624740143
sub-10	reg_NAc_R	reg_NAc_R	78.03213036473214	208.65616713484644	313.0968292491302	235.06469888439807	104.44066211428378	-130.6240367701143	-13.091687327915253
sub-10	reg_PAG_sphere	reg_PAG_sphere	-678.9802010323241	1536.2223751523138	-3581.846458066905	-2902.866257034581	-5118.0688332192185	-2215.202576184638	-3666.6357047019283
sub-10	reg_SMA_preSMA	reg_SMA_preSMA	44.512397554439964	92.48306205061208	-182.17691953221092	-226.68931708665087	-274.659981582823	-47.97066449617211	-161.31532303949757
sub-10	reg_anterior_insula_L	reg_anterior_insula_L	96.88909801741684	463.15746889837027	-212.84328396531413	-309.732381982731	-676.0007528636844	-366.2683708809534	-521.134561872319
sub-10	reg_anterior_insula_R	reg_anterior_insula_R	314.0625989212772	569.3262894058079	115.96093766883487	-198.1016612524423	-453.365351736973	-255.26369048453068	-354.31452111075185
sub-10	reg_caudate_L	reg_caudate_L	-10.679781228863703	-33.82140602858806	-613.6417802548656	-602.9619990260019	-579.8203742262775	23.141624799724354	-278.3393747132766
sub-10	reg_caudate_R	reg_caudate_R	-201.44129372556196	118.43421525584522	113.90795791427811	315.3492516398401	-4.526257341567103	-319.87550898140717	-162.20088316148713
sub-10	reg_dlPFC_IFJ_L	reg_dlPFC_IFJ_L	-19.08353498688689	-19.926666351460206	-558.1379875126984	-539.0544525258115	-538.2113211612382	0.8431313645733169	-268.68409489833243
sub-10	reg_dlPFC_IFJ_R	reg_dlPFC_IFJ_R	1411.0940295704995	-238.9072095476868	-523.5414107300264	-1934.635440300526	-284.63420118233967	1650.0012391181863	682.6835189679233
sub-10	reg_mOFC	reg_mOFC	51.19795294827454	-45.13417262285409	707.4138005902798	656.2158476420053	752.5479732131339	96.33212557112863	424.44004939213124
sub-10	reg_pgACC_rACC	reg_pgACC_rACC	-52.13414559210018	310.9724669685413	276.6458153503387	328.7799609424389	-34.32665161820262	-363.1066125606415	-198.71663208942206
sub-10	reg_putamen_L	reg_putamen_L	87.16845206257217	100.33074379370898	-1154.917240178069	-1242.0856922406413	-1255.247983971778	-13.162291731136804	-634.2051378514574
sub-10	reg_putamen_R	reg_putamen_R	478.15445677896423	201.6016753477542	-332.0771562617476	-810.2316130407119	-533.6788316095018	276.55278143121006	-128.56302508914587
sub-10	reg_vmPFC	reg_vmPFC	284.29740702094705	140.63575149135335	1510.7422577618013	1226.4448507408542	1370.1065062704479	143.6616555295937	756.8840809000208
sub-10	reg_vmPFC_mOFC	reg_vmPFC_mOFC	157.59594496636797	39.66030697701705	1074.092200220505	916.496255254137	1034.431893243488	117.93563798935091	576.1837656164195
sub-10	sensory_S1_L	sensory_S1_L	-543.3986009291915	98.15579651076149	-231.0707269423674	312.3278739868241	-329.2265234531289	-641.5543974399529	-485.39046044654094
sub-10	sensory_S1_R	sensory_S1_R	-474.1464179708984	-30.229610877823927	-131.35413415728598	342.79228381361247	-101.12452327946205	-443.9168070930745	-272.5206651862683
sub-10	sensory_S2_operculum_L	sensory_S2_operculum_L	180.91232165031835	337.3320383012969	453.7965385881938	272.88421693787546	116.46450028689691	-156.41971665097856	-19.977608182040797
sub-10	sensory_S2_operculum_R	sensory_S2_operculum_R	510.56496911498215	558.6242344624194	753.7674966143661	243.20252749938396	195.14326215194671	-48.05926534743725	73.54199840225476
sub-10	sensory_dACC_MCC	sensory_dACC_MCC	-128.58545515608685	366.5632849117817	-254.93758610426076	-126.35213094817391	-621.5008710160424	-495.1487400678685	-558.3248055419555
sub-10	sensory_insula_all_L	sensory_insula_all_L	118.6831756828852	329.3358376130409	173.93280107545397	55.24962539256876	-155.40303653758693	-210.6526619301557	-183.0278492338713
sub-10	sensory_insula_all_R	sensory_insula_all_R	-54.210996075771575	754.2572397965126	-227.193680779383	-172.98268470361143	-981.4509205758957	-808.4682358722843	-894.9595782240899
sub-10	sensory_posterior_insula_L	sensory_posterior_insula_L	323.44567728811757	503.5278991850115	330.64614485177196	7.200467563654399	-172.88175433323954	-180.08222189689394	-176.48198811506677
sub-10	sensory_posterior_insula_R	sensory_posterior_insula_R	42.141101060097114	565.5886023840386	-281.69250240605675	-323.8336034661539	-847.2811047900954	-523.4475013239415	-685.3643030570184
sub-10	sensory_thalamus_L	sensory_thalamus_L	-201.38736365903083	207.2424365642223	-163.38975756139914	37.99760609763169	-370.6321941256214	-408.62980022325314	-389.6309971744373
sub-10	sensory_thalamus_R	sensory_thalamus_R	277.24453947403873	199.60105778794093	-182.9368445016356	-460.1813839756743	-382.53790228957655	77.6434816860978	-152.44721030173935
sub-11	expl_amygdala_L	expl_amygdala_L	156.52081555308268	-148.38309306658692	62.49378050891678	-94.0270350441659	210.8768735755037	304.9039086196696	257.89039109758664
sub-11	expl_amygdala_R	expl_amygdala_R	475.63115894737	604.9561781726085	1266.3081187589123	790.6769598115422	661.3519405863038	-129.32501922523846	266.0134606805327
sub-11	expl_hippocampus_L	expl_hippocampus_L	270.2162838932253	274.04528108484396	253.3742240452769	-16.842059847948406	-20.671057039567074	-3.8289971916186687	-12.250027115592843
sub-11	expl_hippocampus_R	expl_hippocampus_R	166.77471249084212	394.73111015851504	-86.67289118999108	-253.4476036808332	-481.4040013485061	-227.95639766767292	-354.6801995080895
sub-11	expl_hypothalamus	expl_hypothalamus	226.97399690084194	-314.38355565487575	-1138.6221837658763	-1365.5961806667183	-824.2386281110006	541.3575525557177	-141.44053777764145
sub-11	reg_NAc_L	reg_NAc_L	507.2549402933303	64.67803128597842	611.841579428445	104.5866391351147	547.1635481424667	442.5769090073519	494.8702285749093
sub-11	reg_NAc_R	reg_NAc_R	838.7264311095485	-369.2307079219814	333.27615177399844	-505.45027933555	702.5068596959798	1207.9571390315298	955.2319993637548
sub-11	reg_PAG_sphere	reg_PAG_sphere	1545.047796057086	-465.38668107778625	-18.68199078673556	-1563.7297868438216	446.70469029105067	2010.4344771348724	1228.5695837129615
sub-11	reg_SMA_preSMA	reg_SMA_preSMA	300.34391655538457	492.64376751677685	1002.9183233548007	702.5744067994161	510.27455583802384	-192.29985096139228	158.98735243831572
sub-11	reg_anterior_insula_L	reg_anterior_insula_L	723.5173233669223	240.0467058651955	-72.5550222709317	-796.0723456378539	-312.6017281361272	483.4706175017268	85.4344446827998
sub-11	reg_anterior_insula_R	reg_anterior_insula_R	1615.4278731023173	797.887125330636	1677.166722311948	61.738849209630644	879.279596981312	817.5407477716814	848.4101723764967
sub-11	reg_caudate_L	reg_caudate_L	-24.928997319512064	-119.42076020451653	499.23107621770913	524.1600735372213	618.6518364222256	94.49176288500446	356.5717996536151
sub-11	reg_caudate_R	reg_caudate_R	364.96233698354945	35.50617344360348	728.1999268415808	363.23758985803136	692.6937533979773	329.456163539946	511.0749584689616
sub-11	reg_dlPFC_IFJ_L	reg_dlPFC_IFJ_L	50.510397195371205	591.8858012322445	1157.3527890998653	1106.842391904494	565.4669878676208	-541.3754040368733	12.045791915373798
sub-11	reg_dlPFC_IFJ_R	reg_dlPFC_IFJ_R	-147.36144203313043	476.9510206765141	593.1294103077812	740.4908523409116	116.17838963126712	-624.3124627096445	-254.06703653918868
sub-11	reg_mOFC	reg_mOFC	245.91290769200015	72.52370262038967	649.4790096192967	403.56610192729653	576.955306998907	173.3892050716105	375.1722560352587
sub-11	reg_pgACC_rACC	reg_pgACC_rACC	385.2102872848651	138.04794531514452	685.4842600538203	300.2739727689552	547.4363147386758	247.1623419697206	397.2993283541982
sub-11	reg_putamen_L	reg_putamen_L	-480.97792368380686	-425.9610060223289	-33.02323558348435	447.9546881003225	392.93777043884455	-55.016917661477976	168.9604263886833
sub-11	reg_putamen_R	reg_putamen_R	-194.12894511815793	333.07528102000276	1042.8582090821399	1236.9871542002977	709.7829280621371	-527.2042261381607	91.28935096198819
sub-11	reg_vmPFC	reg_vmPFC	634.6722933699759	371.17537401894054	980.5885607679377	345.91626739796175	609.4131867489971	263.4969193510354	436.45505305001626
sub-11	reg_vmPFC_mOFC	reg_vmPFC_mOFC	423.3617060123589	208.84293286512465	800.6136037365557	377.25189772419674	591.770670871431	214.51877314723427	403.14472200933267
sub-11	sensory_S1_L	sensory_S1_L	-338.37537780526924	-742.3415847342184	-474.9264811271988	-136.5511033219296	267.41510360701955	403.96620692894913	335.6906552679843
sub-11	sensory_S1_R	sensory_S1_R	339.0653804189624	297.8176235279357	719.448675634673	380.38329521571063	421.6310521067373	41.247756891026654	231.43940449888197
sub-11	sensory_S2_operculum_L	sensory_S2_operculum_L	425.828411453178	841.7588095933535	1133.1070572095662	707.2786457563882	291.3482476162127	-415.9303981401755	-62.291075261981405
sub-11	sensory_S2_operculum_R	sensory_S2_operculum_R	447.2549779508743	1080.8061345014316	1542.41659278398	1095.1616148331057	461.6104582825483	-633.5511565505574	-85.97034913400455
sub-11	sensory_dACC_MCC	sensory_dACC_MCC	409.3109000027115	500.31452824079827	893.0201075500205	483.709207547309	392.70557930922223	-91.00362823808678	150.85097553556773
sub-11	sensory_insula_all_L	sensory_insula_all_L	274.79300523227295	526.7304916208942	648.2727570893372	373.4797518570643	121.54226546844302	-251.93748638862127	-65.1976104600891
sub-11	sensory_insula_all_R	sensory_insula_all_R	1262.6013378936575	918.6552676579684	1705.558653452243	442.9573155585856	786.9033857942748	343.94607023568915	565.4247280149818
sub-11	sensory_posterior_insula_L	sensory_posterior_insula_L	-143.05725333105676	573.0575867897542	1131.6135506666876	1274.6708039977443	558.5559638769334	-716.1148401208109	-78.77943812193871
sub-11	sensory_posterior_insula_R	sensory_posterior_insula_R	1032.613138062056	866.8413318211764	1223.6413214309691	191.02818336891323	356.79998960979276	165.77180624087953	261.28589792533614
sub-11	sensory_thalamus_L	sensory_thalamus_L	-661.789309907165	-165.70977656304254	-744.8725446290232	-83.08323472185816	-579.1627680659807	-496.0795333441225	-537.6211507050516
sub-11	sensory_thalamus_R	sensory_thalamus_R	-111.52029227199009	82.84538838915435	-590.2866250704955	-478.76633279850535	-673.1320134596498	-194.36568066114444	-433.7488470603971
sub-12	expl_amygdala_L	expl_amygdala_L	644.4018654835351	219.50731048638795	395.32281629145035	-249.0790491920847	175.8155058050624	424.8945549971471	300.3550304011047
sub-12	expl_amygdala_R	expl_amygdala_R	1078.5431230304955	20.018110046732048	-536.4632467861172	-1615.0063698166127	-556.4813568328493	1058.5250129837634	251.0218280754571
sub-12	expl_hippocampus_L	expl_hippocampus_L	302.6145758827405	236.86988487790458	99.6180579721669	-202.9965179105736	-137.2518269057377	65.74469100483591	-35.7535679504509
sub-12	expl_hippocampus_R	expl_hippocampus_R	505.48369568867	-66.26077216041992	-234.26840235507407	-739.7520980437441	-168.00763019465415	571.7444678490899	201.86841882721788
sub-12	expl_hypothalamus	expl_hypothalamus	-251.85789044254676	1074.0805781791928	-1465.9439716399943	-1214.0860811974476	-2540.024549819187	-1325.9384686217395	-1932.9815092204633
sub-12	reg_NAc_L	reg_NAc_L	847.4673554390156	-78.56075878177602	-238.11828211238011	-1085.5856375513956	-159.5575233306041	926.0281142207916	383.23529544509375
sub-12	reg_NAc_R	reg_NAc_R	235.92277198667404	125.27977511008869	188.7921136310111	-47.130658355662945	63.5123385209224	110.64299687658534	87.07766769875387
sub-12	reg_PAG_sphere	reg_PAG_sphere	-2452.714847656939	715.0463726708316	660.3233422107936	3113.038189867733	-54.72303046003799	-3167.761220327771	-1611.2421253939042
sub-12	reg_SMA_preSMA	reg_SMA_preSMA	-357.26956232699087	-458.7731154476771	16.8754091727711	374.14497149976194	475.64852462044826	101.50355312068626	288.57603887056723
sub-12	reg_anterior_insula_L	reg_anterior_insula_L	507.3106883856024	233.46924040178777	1702.8974549872169	1195.5867666016145	1469.428214585429	273.84144798381465	871.6348312846219
sub-12	reg_anterior_insula_R	reg_anterior_insula_R	537.0813371659781	258.93435443229316	1627.900605589586	1090.8192684236078	1368.9662511572928	278.1469827336849	823.5566169454888
sub-12	reg_caudate_L	reg_caudate_L	125.72359263828699	-117.71199851770746	270.6805589704621	144.95696633217509	388.39255748816953	243.43559115599444	315.914074322082
sub-12	reg_caudate_R	reg_caudate_R	443.557133231208	-34.44673997243691	322.8895597287512	-120.66757350245683	357.33629970118807	478.0038732036449	417.67008645241646
sub-12	reg_dlPFC_IFJ_L	reg_dlPFC_IFJ_L	156.02708010547084	-367.97735096893246	230.7863358512975	74.75925574582666	598.76368682023	524.0044310744033	561.3840589473166
sub-12	reg_dlPFC_IFJ_R	reg_dlPFC_IFJ_R	-877.928856007164	-307.28316324024775	251.31461194313874	1129.2434679503026	558.5977751833865	-570.6456927669162	-6.023958791764869
sub-12	reg_mOFC	reg_mOFC	338.0529235144822	154.57879453116522	396.10177645522816	58.048852940745974	241.52298192406295	183.47412898331697	212.49855545368996
sub-12	reg_pgACC_rACC	reg_pgACC_rACC	450.6636349270863	252.9284624397008	585.1017453061693	134.43811037908296	332.17328286646847	197.7351724873855	264.954227676927
sub-12	reg_putamen_L	reg_putamen_L	-752.5498840391647	-623.7830008915809	-167.42631372077253	585.1235703183921	456.3566871708083	-128.76688314758383	163.79490201161224
sub-12	reg_putamen_R	reg_putamen_R	-383.2329644677592	-292.68224918837825	-38.654479536676334	344.57848493108287	254.02776965170193	-90.55071527938094	81.7385271861605
sub-12	reg_vmPFC	reg_vmPFC	312.5040927526944	42.40693663353727	33.628910687941435	-278.875182064753	-8.778025945595836	270.09715611915715	130.65956508678065
sub-12	reg_vmPFC_mOFC	reg_vmPFC_mOFC	326.3911875302591	103.37807212395681	230.65143152795181	-95.7397560023073	127.273359403995	223.0131154063023	175.14323740514862
sub-12	sensory_S1_L	sensory_S1_L	-282.665371682571	-606.9389506463315	-228.5427811038976	54.122590578673396	378.3961695424339	324.2735789637605	351.33487425309715
sub-12	sensory_S1_R	sensory_S1_R	-201.2585833338283	-278.7058443582652	-30.858342744697712	170.4002405891306	247.8475016135675	77.4472610244369	162.6473813190022
sub-12	sensory_S2_operculum_L	sensory_S2_operculum_L	286.71409318100996	-93.2231018231154	-138.0338565164947	-424.7479496975046	-44.810754693379295	379.93719500412533	167.56322015537302
sub-12	sensory_S2_operculum_R	sensory_S2_operculum_R	642.200650692809	429.5480224010165	67.94597340379487	-574.2546772890141	-361.60204899722163	212.65262829179244	-74.47471035271462
sub-12	sensory_dACC_MCC	sensory_dACC_MCC	7.876751164218905	-168.84014805273245	191.52656642402022	183.6498152598013	360.3667144767527	176.71689921695136	268.541806846852
sub-12	sensory_insula_all_L	sensory_insula_all_L	26.92950753868795	188.75568164349852	918.3827517889738	891.4532442502858	729.6270701454753	-161.82617410481058	283.90044802033236
sub-12	sensory_insula_all_R	sensory_insula_all_R	356.07684867028604	296.8864241885869	1146.1108346900207	790.0339860197347	849.2244105014338	59.190424481699154	454.20741749156656
sub-12	sensory_posterior_insula_L	sensory_posterior_insula_L	-271.03957815796105	-219.72087309158087	596.7536023352823	867.7931804932433	816.4744754268631	-51.318705066380176	382.5778851802415
sub-12	sensory_posterior_insula_R	sensory_posterior_insula_R	-379.85945130188867	189.7296293283452	554.6785909116688	934.5380422135574	364.94896158332364	-569.5890806302339	-102.32005952345511
sub-12	sensory_thalamus_L	sensory_thalamus_L	-67.88547016089296	-346.8171559142137	-297.549757284045	-229.664287123152	49.267398630168714	278.9316857533207	164.09954219174472
sub-12	sensory_thalamus_R	sensory_thalamus_R	-191.92940124258766	-45.904840264738404	-500.06115915615493	-308.1317579135673	-454.1563188914165	-146.02456097784926	-300.09043993463285
sub-13	expl_amygdala_L	expl_amygdala_L	242.44735362121756	450.4709308514695	1082.602245826002	840.1548922047845	632.1313149745324	-208.02357723025196	212.0538688721403
sub-13	expl_amygdala_R	expl_amygdala_R	140.49461082915704	8.293955957616596	716.5888297855975	576.0942189564404	708.2948738279808	132.20065487154045	420.24776434976064
sub-13	expl_hippocampus_L	expl_hippocampus_L	-337.71729299114475	396.6882622088407	1074.4327970677464	1412.1500900588912	677.7445348589057	-734.4055551999854	-28.330510170539867
sub-13	expl_hippocampus_R	expl_hippocampus_R	16.67846387313589	493.91090493428294	1503.212747959818	1486.5342840866822	1009.301843025535	-477.23244106114703	266.03470098219395
sub-13	expl_hypothalamus	expl_hypothalamus	302.829264270733	490.945434841848	-341.2800953699701	-644.1093596407031	-832.2255302118181	-188.116170571115	-510.17085039146656
sub-13	reg_NAc_L	reg_NAc_L	-937.4805686111868	141.32075405138215	-427.872524885233	509.60804372595373	-569.1932789366151	-1078.801322662569	-823.997300799592
sub-13	reg_NAc_R	reg_NAc_R	550.4523420448878	221.65374898592506	-806.7453097447412	-1357.1976517896292	-1028.3990587306662	328.79859305896275	-349.8002328358518
sub-13	reg_PAG_sphere	reg_PAG_sphere	2179.2905264895744	940.512344205485	536.4383573054703	-1642.8521691841042	-404.0739869000147	1238.7781822840893	417.3520976920373
sub-13	reg_SMA_preSMA	reg_SMA_preSMA	-162.8041648358937	-237.0004896845365	168.34678566146934	331.15095049736306	405.34727534600586	74.1963248486428	239.77180009732433
sub-13	reg_anterior_insula_L	reg_anterior_insula_L	360.02825723517645	384.6478102196431	639.547113235256	279.51885600007955	254.89930301561293	-24.619552984466623	115.13987501557318
sub-13	reg_anterior_insula_R	reg_anterior_insula_R	792.9021772295309	220.10819743552594	-266.13145952224386	-1059.0336367517748	-486.2396569577698	572.793979794005	43.2771614181176
sub-13	reg_caudate_L	reg_caudate_L	-463.536573813454	115.60943508345665	-543.14214400376	-79.60557019030597	-658.7515790872167	-579.1460088969106	-618.9487939920637
sub-13	reg_caudate_R	reg_caudate_R	-287.2127394316653	-102.08529416550373	-836.809078268866	-549.5963388372006	-734.7237841033623	-185.12744526616154	-459.9256146847619
sub-13	reg_dlPFC_IFJ_L	reg_dlPFC_IFJ_L	-430.84496983731316	-45.63300174960849	291.0508965881671	721.8958664254803	336.6838983377756	-385.2119680877047	-24.26403487496453
sub-13	reg_dlPFC_IFJ_R	reg_dlPFC_IFJ_R	-161.17639485844177	-124.73600724953283	144.70665482441905	305.8830496828608	269.44266207395185	-36.440387608908935	116.50113723252147
sub-13	reg_mOFC	reg_mOFC	224.94441056224576	251.3030719253665	-20.135291613742993	-245.07970217598876	-271.4383635391095	-26.358661363120746	-148.89851245111512
sub-13	reg_pgACC_rACC	reg_pgACC_rACC	-6.983831355779285	296.46079995691184	119.90547784550907	126.88930920128836	-176.55532211140277	-303.4446313126911	-239.99997671204696
sub-13	reg_putamen_L	reg_putamen_L	-69.97919679021352	-446.752750226228	479.33043273365695	549.3096295238705	926.0831829598849	376.7735534360145	651.4283681979497
sub-13	reg_putamen_R	reg_putamen_R	-742.6068682664812	-682.9765981438185	41.254632198786545	783.8615004652678	724.231230342605	-59.63027012266275	332.30048010997115
sub-13	reg_vmPFC	reg_vmPFC	158.64749180798495	482.4228083160172	525.46055139229	366.81305958430505	43.03774307627276	-323.77531650803223	-140.36878671587976
sub-13	reg_vmPFC_mOFC	reg_vmPFC_mOFC	194.68325417943075	356.79742396297695	228.90133689401665	34.218082714585904	-127.8960870689603	-162.1141697835462	-145.00512842625324
sub-13	sensory_S1_L	sensory_S1_L	-262.9196136198655	-193.4052065428955	694.156806588167	957.0764202080325	887.5620131310625	-69.51440707697	409.02380302704626
sub-13	sensory_S1_R	sensory_S1_R	-61.332427360651266	349.7680014946262	987.2833202193275	1048.6157475799787	637.5153187247013	-411.10042885527747	113.20744493471187
sub-13	sensory_S2_operculum_L	sensory_S2_operculum_L	129.5110982882219	6.831074802122439	199.16850116255964	69.65740287433775	192.3374263604372	122.68002348609944	157.50872492326835
sub-13	sensory_S2_operculum_R	sensory_S2_operculum_R	391.05797663161303	713.2367642239728	1019.9792863237708	628.9213096921578	306.74252209979795	-322.1787875923598	-7.718132746280958
sub-13	sensory_dACC_MCC	sensory_dACC_MCC	-80.15740888280455	146.2846242565891	231.95343625664518	312.11084513944974	85.66881200005608	-226.44203313939363	-70.38661056966879
sub-13	sensory_insula_all_L	sensory_insula_all_L	608.8115406790608	523.4516167032708	454.78278851742897	-154.02875216163187	-68.66882818584185	85.35992397579002	8.345547894974061
sub-13	sensory_insula_all_R	sensory_insula_all_R	543.3771537222162	332.0083755959297	27.940967929932366	-515.4361857922838	-304.06740766599734	211.36877812628654	-46.34931476985537
sub-13	sensory_posterior_insula_L	sensory_posterior_insula_L	881.1612770617223	656.3089364803303	169.62358575789972	-711.5376913038226	-486.6853507224306	224.852340581392	-130.9165050705193
sub-13	sensory_posterior_insula_R	sensory_posterior_insula_R	1049.343343948802	622.6545087715767	119.75740162506136	-929.5859423237406	-502.8971071465154	426.6888351772252	-38.10413598464504
sub-13	sensory_thalamus_L	sensory_thalamus_L	69.81299931724445	-387.8869915402397	-470.69495331731696	-540.5079526345614	-82.80796177707725	457.6999908574842	187.44601454020346
sub-13	sensory_thalamus_R	sensory_thalamus_R	-91.51775790797853	-149.24221885680265	138.6352663111875	230.15302421916604	287.87748516799013	57.72446094882412	172.80097305840712
sub-14	expl_amygdala_L	expl_amygdala_L	33.559867256339956	-143.07042171723262	-1578.5229825986705	-1612.0828498550104	-1435.4525608814379	176.6302889735726	-629.4111359539327
sub-14	expl_amygdala_R	expl_amygdala_R	266.2883516030285	-75.22308977975072	-1338.9717933632287	-1605.2601449662573	-1263.748703583478	341.51144138277925	-461.1186311003494
sub-14	expl_hippocampus_L	expl_hippocampus_L	895.7094458210953	14.737249032057434	123.86781095361603	-771.8416348674792	109.1305619215586	880.9721967890379	495.05137935529825
sub-14	expl_hippocampus_R	expl_hippocampus_R	194.3373475264745	-233.24597653798116	-289.01140271874357	-483.34875024521807	-55.765426180762404	427.58332406445567	185.90894894184663
sub-14	expl_hypothalamus	expl_hypothalamus	-677.5534811914301	-370.00186205122753	386.88395051758937	1064.4374317090196	756.8858125688168	-307.5516191402026	224.66709671430715
sub-14	reg_NAc_L	reg_NAc_L	312.05066132763443	262.97168938055114	-969.0158270649454	-1281.0664883925797	-1231.9875164454966	49.07897194708329	-591.4542722492066
sub-14	reg_NAc_R	reg_NAc_R	126.08590633130298	150.77017871626242	-618.279077713629	-744.364984044932	-769.0492564298914	-24.684272384959442	-396.8667644074254
sub-14	reg_PAG_sphere	reg_PAG_sphere	-102.45167985276939	1429.0585912900435	848.0848215551675	950.536501407937	-580.973769734876	-1531.5102711428128	-1056.2420204388445
sub-14	reg_SMA_preSMA	reg_SMA_preSMA	95.52574296167596	-129.75703626844282	194.01197542824258	98.48623246656662	323.7690116966854	225.28277923011876	274.5258954634021
sub-14	reg_anterior_insula_L	reg_anterior_insula_L	-31.02891120686695	298.2820861800574	750.3214827672051	781.3503939740721	452.03939658714773	-329.3109973869243	61.364199600111704
sub-14	reg_anterior_insula_R	reg_anterior_insula_R	483.8827929933765	184.61136479895384	207.4692999836713	-276.4134930097052	22.857935184717462	299.27142819442264	161.06468168957002
sub-14	reg_caudate_L	reg_caudate_L	-558.5963866949212	100.1056554928209	-223.1787911826214	335.4175955122998	-323.2844466754423	-658.7020421877421	-490.9932444315922
sub-14	reg_caudate_R	reg_caudate_R	-166.989320230695	26.249866978366477	-22.539931293889094	144.44938893680592	-48.78979827225557	-193.23918720906147	-121.01449274065851
sub-14	reg_dlPFC_IFJ_L	reg_dlPFC_IFJ_L	175.59423795495587	228.1593893930132	334.03797389185263	158.44373593689676	105.87858449883942	-52.56515143805734	26.656716530391037
sub-14	reg_dlPFC_IFJ_R	reg_dlPFC_IFJ_R	-232.28328580370817	103.27497164188883	-177.40689083303582	54.87639497067235	-280.6818624749246	-335.558257445597	-308.12005996026085
sub-14	reg_mOFC	reg_mOFC	118.27542711160818	-162.44624494716277	117.94374115334156	-0.3316859582666183	280.3899861005043	280.72167205877093	280.55582907963765
sub-14	reg_pgACC_rACC	reg_pgACC_rACC	193.17849691826422	104.99002503550383	5.751354881785528	-187.4271420364787	-99.2386701537183	88.18847188276038	-5.525099135478968
sub-14	reg_putamen_L	reg_putamen_L	455.62635947139506	10.353691611504066	-300.1380802593932	-755.7644397307882	-310.49177187089725	445.272667859891	67.39044799449688
sub-14	reg_putamen_R	reg_putamen_R	386.1945448772899	94.86075360655097	-1152.4307129730314	-1538.6252578503213	-1247.2914665795824	291.3337912707389	-477.97883765442174
sub-14	reg_vmPFC	reg_vmPFC	64.93515799996008	46.27779248474405	-457.93998798693957	-522.8751459868996	-504.2177804716836	18.657365515216036	-242.7802074782338
sub-14	reg_vmPFC_mOFC	reg_vmPFC_mOFC	93.92831935126317	-67.17438531535029	-144.9177600036526	-238.8460793549158	-77.74337468830231	161.10270466661348	41.679664989155576
sub-14	sensory_S1_L	sensory_S1_L	-1001.2853772581184	-504.37104237110367	-11.231401577687757	990.0539756804307	493.13964079341594	-496.9143348870147	-1.8873470467993911
sub-14	sensory_S1_R	sensory_S1_R	-389.4289965482551	-279.0567443267856	117.8912222871257	507.3202188353808	396.94796661391126	-110.37225222146952	143.28785719622087
sub-14	sensory_S2_operculum_L	sensory_S2_operculum_L	241.51545836570796	391.21901712818124	1060.2766618492094	818.7612034835015	669.0576447210282	-149.70355876247328	259.6770429792774
sub-14	sensory_S2_operculum_R	sensory_S2_operculum_R	449.62839322641673	198.406659582267	618.0066385809749	168.3782453545582	419.5999789987079	251.22173364414974	335.4108563214288
sub-14	sensory_dACC_MCC	sensory_dACC_MCC	-148.66733576811197	176.6171508307271	528.3909653147488	677.0583010828607	351.77381448402167	-325.28448659883907	13.244663942591302
sub-14	sensory_insula_all_L	sensory_insula_all_L	228.64904770913267	221.24701831528213	595.4514406668761	366.80239295774345	374.20442235159396	7.40202939385054	190.80322587272227
sub-14	sensory_insula_all_R	sensory_insula_all_R	-187.90579874227163	96.92536178592465	-18.35014612582763	169.555652616444	-115.27550791175229	-284.8311605281963	-200.05333421997426
sub-14	sensory_posterior_insula_L	sensory_posterior_insula_L	251.88964041116205	295.81602131923705	953.9287629379945	702.0391225268324	658.1127416187575	-43.926380908075004	307.09318035534125
sub-14	sensory_posterior_insula_R	sensory_posterior_insula_R	-470.86193638127986	-29.641235769014024	-249.94117490731952	220.92076147396034	-220.2999391383055	-441.22070061226583	-330.7603198752857
sub-14	sensory_thalamus_L	sensory_thalamus_L	-414.0875630214815	-65.56488295963632	375.38673817056673	789.4743011920482	440.9516211302031	-348.5226800618452	46.21447053417893
sub-14	sensory_thalamus_R	sensory_thalamus_R	209.05484054639055	22.119248250966926	463.48542730363806	254.4305867572475	441.36617905267116	186.93559229542362	314.1508856740474
sub-15	expl_amygdala_L	expl_amygdala_L	-429.485317598404	-391.62660627175	-22.785002878234707	406.7003147201693	368.8416033935153	-37.858711326653975	165.49144603343066
sub-15	expl_amygdala_R	expl_amygdala_R	-92.84531422128472	-398.72349865391755	-208.1521004099679	-115.30678618868316	190.57139824394966	305.8781844326328	248.22479133829125
sub-15	expl_hippocampus_L	expl_hippocampus_L	-640.8051845540522	-306.91704894190195	-148.28939980103993	492.5157847530122	158.62764914086202	-333.8881356121502	-87.63024323564412
sub-15	expl_hippocampus_R	expl_hippocampus_R	-29.40205776544949	-84.38579860850668	-80.9704812408258	-51.56842347537631	3.4153173676808706	54.983740843057184	29.199529105369024
sub-15	expl_hypothalamus	expl_hypothalamus	-1025.008546516924	383.6267639909079	287.84871509251764	1312.8572616094416	-95.77804889839024	-1408.635310507832	-752.2066797031111
sub-15	reg_NAc_L	reg_NAc_L	491.194927749817	147.60786734750556	129.51698832784902	-361.67793942196795	-18.09087901965654	343.5870604023114	162.74809069132746
sub-15	reg_NAc_R	reg_NAc_R	579.6204040276243	6.000997839651772	221.44887120120012	-358.1715328264242	215.44787336154835	573.6194061879726	394.53363977476045
sub-15	reg_PAG_sphere	reg_PAG_sphere	2956.7898769396843	551.8374576550353	569.7610723780043	-2387.02880456168	17.923614722968978	2404.952419284649	1211.438017003809
sub-15	reg_SMA_preSMA	reg_SMA_preSMA	50.14868423779344	51.164887478174535	-4.1312320303244405	-54.27991626811788	-55.296119508498975	-1.0162032403810954	-28.156161374440035
sub-15	reg_anterior_insula_L	reg_anterior_insula_L	111.43135128152646	656.7884152669603	521.4073764153634	409.9760251338369	-135.38103885159694	-545.3570639854339	-340.3690514185154
sub-15	reg_anterior_insula_R	reg_anterior_insula_R	444.38613116368754	766.7133200977379	484.01786723324665	39.63173606955911	-282.69545286449124	-322.32718893405035	-302.5113208992708
sub-15	reg_caudate_L	reg_caudate_L	-192.74955655785016	213.37635858729712	186.99447609288453	379.74403265073465	-26.381882494412594	-406.12591514514725	-216.25389881977992
sub-15	reg_caudate_R	reg_caudate_R	516.6394048300344	186.45702284424397	196.9747585474669	-319.66464628256756	10.51773570322294	330.18238198579047	170.3500588445067
sub-15	reg_dlPFC_IFJ_L	reg_dlPFC_IFJ_L	166.03698410312182	409.4034753131885	406.9740971040452	240.93711300092338	-2.4293782091432945	-243.36649121006667	-122.89793470960495
sub-15	reg_dlPFC_IFJ_R	reg_dlPFC_IFJ_R	-280.0676474862004	319.1425972806759	-117.00329926751802	163.06434821868243	-436.1458965481939	-599.2102447668763	-517.678070657535
sub-15	reg_mOFC	reg_mOFC	-263.658926961601	300.48457418816116	136.9379846572086	400.5969116188096	-163.54658953095256	-564.1435011497622	-363.8450453403574
sub-15	reg_pgACC_rACC	reg_pgACC_rACC	-276.17500084968185	309.08898346903635	-290.6687348069723	-14.49373395729043	-599.7577182760086	-585.2639843187183	-592.5108512973634
sub-15	reg_putamen_L	reg_putamen_L	72.21339851434607	-306.50386025798355	-62.15234757570245	-134.3657460900485	244.3515126822811	378.7172587723296	311.53438572730533
sub-15	reg_putamen_R	reg_putamen_R	0.6735330282609511	168.18497265995086	128.04453652143326	127.37100349317231	-40.1404361385176	-167.5114396316899	-103.82593788510376
sub-15	reg_vmPFC	reg_vmPFC	-92.03354430820238	119.08533214176799	-22.165899566252886	69.86764474194949	-141.25123170802087	-211.11887644997037	-176.18505407899562
sub-15	reg_vmPFC_mOFC	reg_vmPFC_mOFC	-185.32070791126222	217.68508765944574	64.31518993209785	249.63589784336006	-153.3698977273479	-403.00579557070796	-278.1878466490279
sub-15	sensory_S1_L	sensory_S1_L	-824.9569048825986	-477.4654280428376	-769.944471549208	55.01243333339062	-292.4790435063704	-347.491476839761	-319.9852601730657
sub-15	sensory_S1_R	sensory_S1_R	-434.24072711329006	-73.59739939796634	203.79407106430014	638.0347981775902	277.3914704622665	-360.6433277153237	-41.62592862652862
sub-15	sensory_S2_operculum_L	sensory_S2_operculum_L	1183.9235365013587	1349.8063549377498	1423.8005975889337	239.87706108757493	73.99424265118387	-165.88281843639106	-45.9442878926036
sub-15	sensory_S2_operculum_R	sensory_S2_operculum_R	1267.3547509288574	1843.6729517706513	1795.5551979952052	528.2004470663478	-48.11775377544609	-576.3182008417939	-312.21797730862
sub-15	sensory_dACC_MCC	sensory_dACC_MCC	-228.69490537228702	415.47406033479183	313.7586682010043	542.4535735732914	-101.71539213378753	-644.1689657070789	-372.9421789204332
sub-15	sensory_insula_all_L	sensory_insula_all_L	138.4947537049473	690.2308944485118	460.0227488589433	321.527995153996	-230.20814558956846	-551.7361407435644	-390.97214316656647
sub-15	sensory_insula_all_R	sensory_insula_all_R	312.4479514107938	832.3660092388674	631.2527629641228	318.804811553329	-201.1132462747446	-519.9180578280736	-360.5156520514091
sub-15	sensory_posterior_insula_L	sensory_posterior_insula_L	464.2217386351649	744.3768958681071	424.9570227393066	-39.26471589585833	-319.41987312880053	-280.1551572329422	-299.78751518087137
sub-15	sensory_posterior_insula_R	sensory_posterior_insula_R	705.8838802727603	1121.6575430743824	1151.2391986447826	445.35531837202234	29.581655570400244	-415.7736628016221	-193.09600361561093
sub-15	sensory_thalamus_L	sensory_thalamus_L	292.8876810201301	218.88459848977053	272.36190174078524	-20.525779279344874	53.47730325101472	74.00308253035959	63.740192890687155
sub-15	sensory_thalamus_R	sensory_thalamus_R	782.2392503521903	401.9415657890135	275.73314082619135	-506.50610952599897	-126.20842496282216	380.2976845631768	127.04462980017735
sub-16	expl_amygdala_L	expl_amygdala_L	-253.48508846680897	101.43417650097787	321.1693282774303	574.6544167442393	219.73515177645243	-354.91926496778683	-67.59205659566722
sub-16	expl_amygdala_R	expl_amygdala_R	-452.4160784285008	-72.36138256318675	720.9833248278985	1173.3994032563992	793.3447073910853	-380.05469586531405	206.6450057628856
sub-16	expl_hippocampus_L	expl_hippocampus_L	-125.78365555096711	-387.09904499147916	607.5824053153228	733.3660608662899	994.6814503068019	261.31538944051204	627.998419873657
sub-16	expl_hippocampus_R	expl_hippocampus_R	-463.8827354318331	-295.5126051791388	652.1936646086295	1116.0764000404627	947.7062697877684	-168.3701302526943	389.668069767537
sub-16	expl_hypothalamus	expl_hypothalamus	-465.98329388437725	-184.59803653345855	-491.721187806763	-25.73789392238575	-307.1231512733044	-281.38525735091866	-294.2542043121116
sub-16	reg_NAc_L	reg_NAc_L	133.54975932533338	36.248978527223144	-94.09016476606993	-227.63992409140332	-130.3391432932931	97.30078079811024	-16.51918124759142
sub-16	reg_NAc_R	reg_NAc_R	-747.7919717705323	-249.07648273179754	-102.05129609592659	645.7406756746058	147.02518663587097	-498.71548903873475	-175.8451512014319
sub-16	reg_PAG_sphere	reg_PAG_sphere	874.0544329314786	240.83526112659484	11.120565273116881	-862.9338676583617	-229.71469585347796	633.2191718048837	201.75223797570288
sub-16	reg_SMA_preSMA	reg_SMA_preSMA	135.98933780004361	23.245336727508768	-252.901261612121	-388.89059941216465	-276.14659833962975	112.74400107253484	-81.70129863354747
sub-16	reg_anterior_insula_L	reg_anterior_insula_L	824.2899317554084	780.5356823926695	1271.5332740161016	447.2433422606932	490.9975916234321	43.75424936273885	267.37592049308546
sub-16	reg_anterior_insula_R	reg_anterior_insula_R	-288.56516931904446	1449.8159312207492	1135.4438937282425	1424.0090630472869	-314.3720374925067	-1738.3811005397938	-1026.3765690161501
sub-16	reg_caudate_L	reg_caudate_L	592.5739789945151	255.89440389749234	130.60537351186935	-461.9686054826457	-125.289030385623	336.67957509702273	105.6952723556999
sub-16	reg_caudate_R	reg_caudate_R	352.4132230552103	-44.31236177656608	139.1898309899428	-213.22339206526752	183.50219276650887	396.7255848317764	290.11388879914267
sub-16	reg_dlPFC_IFJ_L	reg_dlPFC_IFJ_L	240.75500375343594	-39.97150446676745	817.341489370418	576.586485616982	857.3129938371854	280.7265082202034	569.0197510286944
sub-16	reg_dlPFC_IFJ_R	reg_dlPFC_IFJ_R	0.46747395977140516	-151.27651648995564	-632.3957200862194	-632.8631940459908	-481.1192035962638	151.74399044972705	-164.68760657326837
sub-16	reg_mOFC	reg_mOFC	141.4633662060438	-114.28407397687702	-141.69244677106593	-283.1558129771097	-27.408372794188907	255.7474401829208	114.16953369436595
sub-16	reg_pgACC_rACC	reg_pgACC_rACC	385.98064403328186	-174.32487711516214	433.1236412641796	47.14299723089772	607.4485183793417	560.305521148444	583.8770197638929
sub-16	reg_putamen_L	reg_putamen_L	-194.40081081409704	-842.8800192152714	-1007.0755284867162	-812.6747176726192	-164.19550927144473	648.4792084011744	242.14184956486486
sub-16	reg_putamen_R	reg_putamen_R	950.7686894101178	-0.1477906965743828	944.445349584474	-6.323339825643757	944.5931402810484	950.9164801066921	947.7548101938702
sub-16	reg_vmPFC	reg_vmPFC	-268.50811771909764	-744.2011348988065	-42.33510250613081	226.17301521296685	701.8660323926756	475.6930171797088	588.7795247861923
sub-16	reg_vmPFC_mOFC	reg_vmPFC_mOFC	-45.667671263931354	-401.80903059534745	-96.3408951593442	-50.673223895412846	305.46813543600325	356.1413593314161	330.8047473837097
sub-16	sensory_S1_L	sensory_S1_L	-2028.5675685796537	-1488.747562450858	-2146.014606656568	-117.4470380769144	-657.2670442057101	-539.8200061287957	-598.5435251672529
sub-16	sensory_S1_R	sensory_S1_R	-662.3822401801249	-240.8211792217195	-763.4601856442238	-101.07794546409889	-522.6390064225043	-421.5610609584054	-472.1000336904548
sub-16	sensory_S2_operculum_L	sensory_S2_operculum_L	-810.0212441273919	-108.93042001908896	-743.4828118064024	66.5384323209895	-634.5523917873135	-701.090824108303	-667.8216079478083
sub-16	sensory_S2_operculum_R	sensory_S2_operculum_R	235.42775710764334	1094.192423353813	870.2970085269726	634.8692514193292	-223.89541482684035	-858.7646662461696	-541.330040536505
sub-16	sensory_dACC_MCC	sensory_dACC_MCC	235.42949291474383	-150.32930810334554	173.04260955250953	-62.3868833622343	323.3719176558551	385.75880101808934	354.5653593369722
sub-16	sensory_insula_all_L	sensory_insula_all_L	420.02093383524715	387.40933572265817	753.7693314639762	333.74839762872904	366.359995741318	32.61159811258898	199.48579692695353
sub-16	sensory_insula_all_R	sensory_insula_all_R	-184.440821855538	1014.1792695520828	1223.5596074024236	1408.0004292579615	209.38033785034077	-1198.6200914076207	-494.61987677864
sub-16	sensory_posterior_insula_L	sensory_posterior_insula_L	-101.19779443685039	201.40139778429733	620.6408420998619	721.8386365367122	419.2394443155645	-302.59919222114775	58.32012604720842
sub-16	sensory_posterior_insula_R	sensory_posterior_insula_R	83.86058977523007	811.1960226357279	1385.494865284396	1301.634275509166	574.298842648668	-727.3354328604978	-76.51829510591494
sub-16	sensory_thalamus_L	sensory_thalamus_L	-368.8719354504666	-276.8495709105858	-375.81410903520725	-6.942173584740658	-98.96453812462147	-92.02236453988081	-95.49345133225114
sub-16	sensory_thalamus_R	sensory_thalamus_R	311.26090546585	78.39887819029632	-302.5371194795225	-613.7980249453725	-380.93599766981885	232.86202727555366	-74.03698519713258
sub-17	expl_amygdala_L	expl_amygdala_L	191.72858547384467	63.611217940224286	187.059184947769	-4.669400526075663	123.44796700754472	128.11736753362038	125.78266727058255
sub-17	expl_amygdala_R	expl_amygdala_R	477.44166693581263	-309.39929254493404	-58.85713991751345	-536.2988068533261	250.5421526274206	786.8409594807467	518.6915560540837
sub-17	expl_hippocampus_L	expl_hippocampus_L	-97.8438525150289	56.36491137368426	1331.7221707933465	1429.5660233083754	1275.3572594196623	-154.20876388871315	560.5742477654746
sub-17	expl_hippocampus_R	expl_hippocampus_R	-134.36445643326994	-42.21185076686102	1046.4844900530084	1180.8489464862782	1088.6963408198694	-92.15260566640892	498.27186757673024
sub-17	expl_hypothalamus	expl_hypothalamus	-715.6487152473444	643.6963764746461	679.9378953272457	1395.58661057459	36.2415188525996	-1359.3450917219905	-661.5517864346955
sub-17	reg_NAc_L	reg_NAc_L	-249.32514949223614	49.62127411158185	667.4445987902352	916.7697482824714	617.8233246786533	-298.946423603818	159.43845053741768
sub-17	reg_NAc_R	reg_NAc_R	840.1126130829307	322.22904529898705	691.707345612251	-148.40526747067975	369.4783003132639	517.8835677839436	443.6809340486038
sub-17	reg_PAG_sphere	reg_PAG_sphere	184.75365176123032	-421.09605487030433	888.9530947088002	704.1994429475699	1310.0491495791046	605.8497066315347	957.9494281053196
sub-17	reg_SMA_preSMA	reg_SMA_preSMA	37.631639945316785	134.0870695502545	-525.8597000290903	-563.4913399744071	-659.9467695793448	-96.45542960493773	-378.20109959214125
sub-17	reg_anterior_insula_L	reg_anterior_insula_L	490.05680202775363	1049.8447757205956	956.4600191522353	466.40321712448167	-93.38475656836033	-559.787973692842	-326.58636513060117
sub-17	reg_anterior_insula_R	reg_anterior_insula_R	789.0577430386888	1052.1063779166286	714.9906940923483	-74.06704894634049	-337.11568382428027	-263.0486348779398	-300.08215935111
sub-17	reg_caudate_L	reg_caudate_L	212.80201980268936	366.5454739773891	398.7625713486653	185.96055154597593	32.21709737127617	-153.74345417469976	-60.7631784017118
sub-17	reg_caudate_R	reg_caudate_R	379.1711995616587	242.07525279304673	602.1998256666548	223.02862610499608	360.12457287360803	137.09594676861195	248.61025982111
sub-17	reg_dlPFC_IFJ_L	reg_dlPFC_IFJ_L	218.9921091277819	49.744943549728895	-53.46281408039977	-272.45492320818164	-103.20775763012867	169.247165578053	33.01970397396217
sub-17	reg_dlPFC_IFJ_R	reg_dlPFC_IFJ_R	459.67467703611237	-21.582285870277694	-658.7374630678545	-1118.412140103967	-637.1551771975768	481.2569629063901	-77.94910714559336
sub-17	reg_mOFC	reg_mOFC	294.07694630080005	76.77658270384622	282.55345796758627	-11.523488333213777	205.77687526374007	217.30036359695384	211.53861943034696
sub-17	reg_pgACC_rACC	reg_pgACC_rACC	-83.02979487245729	228.72930475863333	780.5481830357843	863.5779779082416	551.8188782771509	-311.75909963109063	120.02988932303018
sub-17	reg_putamen_L	reg_putamen_L	-297.377178524864	-152.99620568671253	-1355.4134223183646	-1058.0362437935005	-1202.417216631652	-144.38097283815148	-673.3990947349018
sub-17	reg_putamen_R	reg_putamen_R	-430.40227627761914	445.2651046314787	-735.7467551228281	-305.3444788452089	-1181.011859754307	-875.6673809090978	-1028.3396203317025
sub-17	reg_vmPFC	reg_vmPFC	-687.7880616536814	-12.580242639297404	1252.5422456584074	1940.3303073120887	1265.1224882977049	-675.2078190143841	294.9573346416604
sub-17	reg_vmPFC_mOFC	reg_vmPFC_mOFC	-154.09426754777886	35.98975706564651	725.3037840073711	879.3980515551499	689.3140269417246	-190.08402461342536	249.61500116414962
sub-17	sensory_S1_L	sensory_S1_L	-586.5451069481448	-936.9570671840133	-1062.601006848536	-476.05589990039107	-125.64393966452258	350.4119602358685	112.38401028567296
sub-17	sensory_S1_R	sensory_S1_R	-582.2614237618832	-223.80484381403556	-640.1004503402787	-57.83902657839553	-416.29560652624315	-358.4565799478476	-387.3760932370454
sub-17	sensory_S2_operculum_L	sensory_S2_operculum_L	1103.1222696631453	639.7179917155792	724.3200103263256	-378.8022593368197	84.60201861074643	463.40427794756613	274.00314827915633
sub-17	sensory_S2_operculum_R	sensory_S2_operculum_R	828.5963770353125	494.0184296074771	215.58845137628177	-613.0079256590307	-278.4299782311954	334.57794742783534	28.07398459832001
sub-17	sensory_dACC_MCC	sensory_dACC_MCC	-42.89796817981265	318.47305326639713	546.9311096261182	589.8290778059309	228.45805635972107	-361.3710214462098	-66.45648254324436
sub-17	sensory_insula_all_L	sensory_insula_all_L	702.4807080623835	743.8900749627367	398.5050853075445	-303.97562275483904	-345.38498965519216	-41.40936690035312	-193.39717827777258
sub-17	sensory_insula_all_R	sensory_insula_all_R	662.9228326791495	883.5212617664873	283.8812716132067	-379.04156106594274	-599.6399901532807	-220.59842908733788	-410.1192096203092
sub-17	sensory_posterior_insula_L	sensory_posterior_insula_L	1098.1856170902315	736.2644145340691	291.69534099521616	-806.4902760950154	-444.569073538853	361.92120255616237	-41.32393549134531
sub-17	sensory_posterior_insula_R	sensory_posterior_insula_R	998.8245306597564	941.0514531401893	11.594696986538839	-987.2298336732176	-929.4567561536505	57.773077519567096	-435.8418393170417
sub-17	sensory_thalamus_L	sensory_thalamus_L	-124.2752896312949	-162.10331738306846	222.1438623829321	346.419152014227	384.24717976600056	37.82802775177356	211.03760375888706
sub-17	sensory_thalamus_R	sensory_thalamus_R	76.06500393148126	80.43442687273696	495.4115933372983	419.34658940581704	414.9771664645614	-4.369422941255706	205.3038717616528
sub-18	expl_amygdala_L	expl_amygdala_L	17.11675174440588	-80.36139378475745	20.649406209462903	3.5326544650570213	101.01079999422035	97.47814552916333	99.24447276169184
sub-18	expl_amygdala_R	expl_amygdala_R	98.26179916711473	149.02662562521238	-115.00580456927727	-213.267603736392	-264.0324301944896	-50.764826458097644	-157.39862832629365
sub-18	expl_hippocampus_L	expl_hippocampus_L	137.82733626513533	13.017402757997795	-4.82172718468455	-142.6490634498199	-17.839129942682344	124.80993350713753	53.48540178222759
sub-18	expl_hippocampus_R	expl_hippocampus_R	-129.4147461224274	-191.6645755845008	255.6374902055261	385.0522363279535	447.30206579002686	62.24982946207339	254.77594762605014
sub-18	expl_hypothalamus	expl_hypothalamus	75.51830493414691	51.04952925783142	1070.929604579295	995.4112996451481	1019.8800753214637	24.468775676315488	522.1744254988896
sub-18	reg_NAc_L	reg_NAc_L	775.9674214431077	110.23952751442815	540.5550433033472	-235.41237813976045	430.31551578891913	665.7278939286796	548.0217048587994
sub-18	reg_NAc_R	reg_NAc_R	448.74393825290406	28.151104829750246	2.9746767943086185	-445.76926145859545	-25.176428035441628	420.5928334231538	197.7082026938561
sub-18	reg_PAG_sphere	reg_PAG_sphere	1081.6339413894023	-58.97896199205317	-1152.6123119282843	-2234.2462533176868	-1093.633349936231	1140.6129033814555	23.489776722612163
sub-18	reg_SMA_preSMA	reg_SMA_preSMA	345.7280487112463	257.4065641142766	3.079011418421601	-342.6490372928247	-254.327552695855	88.3214845969697	-83.00303404944265
sub-18	reg_anterior_insula_L	reg_anterior_insula_L	578.5467422003221	423.5813186336658	359.6080999055424	-218.9386422947797	-63.973218728123356	154.96542356665634	45.49610241926649
sub-18	reg_anterior_insula_R	reg_anterior_insula_R	1952.4292010014276	227.68848304808537	565.7523624730997	-1386.676838528328	338.0638794250143	1724.7407179533423	1031.4022986891782
sub-18	reg_caudate_L	reg_caudate_L	196.74196255241267	97.12602520986971	-117.22037363364286	-313.96233618605555	-214.3463988435126	99.61593734254296	-57.365230750484805
sub-18	reg_caudate_R	reg_caudate_R	95.34010136988994	-26.62700181116804	-273.3490913161245	-368.6891926860144	-246.72208950495644	121.96710318105798	-62.37749316194923
sub-18	reg_dlPFC_IFJ_L	reg_dlPFC_IFJ_L	-39.525901247520416	212.0575834020247	-342.0600239522108	-302.5341227046904	-554.1176073542356	-251.5834846495451	-402.85054600189034
sub-18	reg_dlPFC_IFJ_R	reg_dlPFC_IFJ_R	12.632415506716688	207.71062092034907	-210.10488691235065	-222.73730241906733	-417.8155078326997	-195.0782054136324	-306.44685662316607
sub-18	reg_mOFC	reg_mOFC	-208.17859882862905	-45.15746157522893	155.89841204904138	364.07701087767043	201.0558736242703	-163.02113725340013	19.017368185435096
sub-18	reg_pgACC_rACC	reg_pgACC_rACC	179.80442687860742	255.8982633063864	393.7299681113085	213.92554123270108	137.83170480492208	-76.093836427779	30.86893418857153
sub-18	reg_putamen_L	reg_putamen_L	-684.6646715802534	-219.39695451277734	-1231.8974245308455	-547.232752950592	-1012.5004700180681	-465.26771706747604	-738.8840935427721
sub-18	reg_putamen_R	reg_putamen_R	-290.4723902921287	-61.55544234614254	-365.6471177859038	-75.1747274937751	-304.0916754397613	-228.91694794598615	-266.50431169287367
sub-18	reg_vmPFC	reg_vmPFC	-96.15663662411626	104.60188614798545	182.90398511164636	279.06062173576265	78.30209896366091	-200.7585227721017	-61.2282119042204
sub-18	reg_vmPFC_mOFC	reg_vmPFC_mOFC	-157.04629614734495	23.200029638480782	168.2250764704056	325.27137261775056	145.02504683192484	-180.24632578582572	-17.61063947695045
sub-18	sensory_S1_L	sensory_S1_L	-1011.9753928156384	-428.0333928709449	-1078.9899953734198	-67.01460255778136	-650.9566025024749	-583.9419999446935	-617.4493012235841
sub-18	sensory_S1_R	sensory_S1_R	-427.1118897965398	131.78860543930915	-286.85583561543706	140.25605418110274	-418.6444410547462	-558.9004952358489	-488.7724681452976
sub-18	sensory_S2_operculum_L	sensory_S2_operculum_L	-68.39895718882406	638.034480476891	-428.9453589448135	-360.54640175598945	-1066.9798394217046	-706.433437665715	-886.7066385437097
sub-18	sensory_S2_operculum_R	sensory_S2_operculum_R	887.1859560961162	1316.3103770206235	806.8793195126979	-80.30663658341837	-509.43105750792563	-429.12442092450726	-469.27773921621645
sub-18	sensory_dACC_MCC	sensory_dACC_MCC	201.3011967837998	89.02460944271532	-154.34347669090337	-355.64467347470315	-243.3680861336187	112.2765873410845	-65.5457493962671
sub-18	sensory_insula_all_L	sensory_insula_all_L	670.3307618683604	520.9022517399347	201.95908746653987	-468.3716744018205	-318.94316427339487	149.42851012842561	-84.7573270724846
sub-18	sensory_insula_all_R	sensory_insula_all_R	1066.2531477402274	446.3389731338283	507.8057634367482	-558.4473843034792	61.46679030291989	619.9141746063991	340.69048245465945
sub-18	sensory_posterior_insula_L	sensory_posterior_insula_L	550.6197756726506	650.2880090292317	619.8503034443199	69.23052777166936	-30.437705584911782	-99.66823335658114	-65.05296947074646
sub-18	sensory_posterior_insula_R	sensory_posterior_insula_R	534.5843449180616	620.709878889786	546.5781250519218	11.993780133860241	-74.13175383786415	-86.1255339717244	-80.12864390479433
sub-18	sensory_thalamus_L	sensory_thalamus_L	180.0185249191924	-179.96995498678265	-565.5700250082422	-745.5885499274345	-385.6000700214595	359.98847990597505	-12.805795057742245
sub-18	sensory_thalamus_R	sensory_thalamus_R	220.89818396091877	-94.02384819278544	-282.2683009375118	-503.16648489843055	-188.24445274472637	314.9220321537042	63.33878970448892
sub-19	expl_amygdala_L	expl_amygdala_L	2112.3294205495354	147.01773675484577	107.56044918562591	-2004.7689713639095	-39.45728756921986	1965.3116837946895	962.9271981127349
sub-19	expl_amygdala_R	expl_amygdala_R	1007.3388224822154	324.6131531340656	-151.96724264215752	-1159.306065124373	-476.5803957762231	682.7256693481497	103.07263678596331
sub-19	expl_hippocampus_L	expl_hippocampus_L	770.5326347460856	-62.966714704642925	-100.13689476451037	-870.669529510596	-37.17018005986745	833.4993494507285	398.1645846954305
sub-19	expl_hippocampus_R	expl_hippocampus_R	370.1422153815828	420.980221069685	51.78237766521736	-318.3598377163654	-369.1978434044676	-50.838005688102214	-210.01792454628492
sub-19	expl_hypothalamus	expl_hypothalamus	-808.0652067186356	480.9515120609665	870.9193187161642	1678.9845254347997	389.9678066551977	-1289.0167187796021	-449.5244560622022
sub-19	reg_NAc_L	reg_NAc_L	930.3610286656091	270.8182693885242	-176.29329828151452	-1106.6543269471235	-447.1115676700387	659.5427592770849	106.21559580352312
sub-19	reg_NAc_R	reg_NAc_R	1253.561997245996	367.6587829029528	116.35266140253393	-1137.2093358434622	-251.30612150041887	885.9032143430433	317.29854642131215
sub-19	reg_PAG_sphere	reg_PAG_sphere	-113.58332507280011	-334.18417238425116	-1494.7579398665603	-1381.1746147937602	-1160.573767482309	220.60084731145105	-469.98646008542903
sub-19	reg_SMA_preSMA	reg_SMA_preSMA	1041.635630566836	53.55240104638501	-211.1526411035771	-1252.788271670413	-264.70504214996214	988.0832295204509	361.6890936852444
sub-19	reg_anterior_insula_L	reg_anterior_insula_L	429.2531006861861	869.2186594205282	433.8268809391152	4.573780252929112	-435.391778481413	-439.9655587343421	-437.6786686078775
sub-19	reg_anterior_insula_R	reg_anterior_insula_R	-4199.612233539028	2008.5826262605933	1424.251064027389	5623.863297566417	-584.3315622332043	-6208.194859799622	-3396.263211016413
sub-19	reg_caudate_L	reg_caudate_L	1389.609575507105	54.39207970122199	277.10307984336913	-1112.506495663736	222.71100014214716	1335.2174958058831	778.9642479740152
sub-19	reg_caudate_R	reg_caudate_R	783.7828764230937	29.845148449067295	-125.58622931470889	-909.3691057378027	-155.4313777637762	753.9377279740264	299.25317510512514
sub-19	reg_dlPFC_IFJ_L	reg_dlPFC_IFJ_L	375.8592320373203	-726.6327649041122	-242.23082731769063	-618.0900593550109	484.4019375864215	1102.4919969414325	793.446967263927
sub-19	reg_dlPFC_IFJ_R	reg_dlPFC_IFJ_R	-891.2973317606964	-153.95484790015618	170.2473978118645	1061.5447295725608	324.20224571202067	-737.3424838605401	-206.57011907425974
sub-19	reg_mOFC	reg_mOFC	866.4098715744955	243.63918054000862	-323.09731163937033	-1189.5071832138658	-566.736492179379	622.7706910344868	28.017099427553944
sub-19	reg_pgACC_rACC	reg_pgACC_rACC	1260.80866556945	233.56112327175435	-90.50189629518434	-1351.3105618646346	-324.0630195669387	1027.2475422976959	351.5922613653785
sub-19	reg_putamen_L	reg_putamen_L	1299.5451543772208	-125.4423210848267	399.8427622956797	-899.7023920815411	525.2850833805064	1424.9874754620475	975.136279421277
sub-19	reg_putamen_R	reg_putamen_R	1745.0636849396003	20.608060555281796	488.645103329802	-1256.4185816097984	468.0370427745202	1724.4556243843185	1096.2463335794193
sub-19	reg_vmPFC	reg_vmPFC	237.09754851309427	-123.95544995367617	-981.5983165581017	-1218.695865071196	-857.6428666044255	361.0529984667704	-248.29493406882756
sub-19	reg_vmPFC_mOFC	reg_vmPFC_mOFC	579.1609468940457	75.85101167982947	-623.6693783736126	-1202.8303252676583	-699.520390053442	503.3099352142162	-98.10522741961296
sub-19	sensory_S1_L	sensory_S1_L	211.62539765183047	-144.8941493110816	-310.97041052053197	-522.5958081723625	-166.07626120945037	356.51954696291205	95.22164287673085
sub-19	sensory_S1_R	sensory_S1_R	418.13507710435954	47.706544981489316	-661.8823784153469	-1080.0174555197063	-709.5889233968362	370.42853212287025	-169.580195636983
sub-19	sensory_S2_operculum_L	sensory_S2_operculum_L	1881.5031227725624	1021.2386075894833	1285.725389981315	-595.7777327912474	264.48678239183164	860.2645151830791	562.3756487874552
sub-19	sensory_S2_operculum_R	sensory_S2_operculum_R	1783.8418714484746	1326.43759235012	1360.468002999709	-423.37386844876573	34.03041064958893	457.40427909835466	245.7173448739718
sub-19	sensory_dACC_MCC	sensory_dACC_MCC	1039.2709021656854	24.758210455284956	151.39405436725718	-887.8768477984281	126.63584391197223	1014.5126917104004	570.5742678111864
sub-19	sensory_insula_all_L	sensory_insula_all_L	1550.2180746584204	549.8653304286526	433.20082735451723	-1117.017247303903	-116.66450307413533	1000.3527442297678	441.8441205778163
sub-19	sensory_insula_all_R	sensory_insula_all_R	-1214.1308818423713	1509.235322227358	1086.4648103885434	2300.5956922309147	-422.7705118388146	-2723.366204069729	-1573.068357954272
sub-19	sensory_posterior_insula_L	sensory_posterior_insula_L	2622.035367143873	449.7906022803938	261.22605357379734	-2360.8093135700756	-188.56454870659644	2172.2447648634793	991.8401080784413
sub-19	sensory_posterior_insula_R	sensory_posterior_insula_R	-508.3077958499315	1242.3153405150244	868.3613362827546	1376.6691321326862	-373.9540042322699	-1750.6231363649558	-1062.288570298613
sub-19	sensory_thalamus_L	sensory_thalamus_L	-73.76859462763066	-166.4366983097862	-50.87038772288663	22.89820690474403	115.56631058689958	92.66810368215555	104.11720713452756
sub-19	sensory_thalamus_R	sensory_thalamus_R	246.96969446390054	-121.16690527504197	-40.396045189929666	-287.3657396538302	80.7708600851123	368.1365997389425	224.45372991202743
sub-20	expl_amygdala_L	expl_amygdala_L	-1090.1467048427605	115.57194874566564	625.0552290231462	1715.2019338659068	509.4832802774806	-1205.7186535884262	-348.11768665547277
sub-20	expl_amygdala_R	expl_amygdala_R	-463.9138619940792	-7.726953488043671	83.21840931560806	547.1322713096872	90.94536280365173	-456.18690850603554	-182.6207728511919
sub-20	expl_hippocampus_L	expl_hippocampus_L	875.8175724433277	438.16150362191917	-148.24469241256057	-1024.0622648558883	-586.4061960344798	437.6560688214085	-74.3750636065356
sub-20	expl_hippocampus_R	expl_hippocampus_R	355.1885342401086	166.03407818616924	-177.89018196035676	-533.0787162004654	-343.92426014652597	189.15445605393936	-77.38490204629332
sub-20	expl_hypothalamus	expl_hypothalamus	-58.959773835547864	-155.87645941817726	533.9209387507199	592.8807125862677	689.7973981688972	96.9166855826294	393.35704187576323
sub-20	reg_NAc_L	reg_NAc_L	-2057.9207233867523	-248.81237775784172	458.42444949786767	2516.34517288462	707.2368272557094	-1809.1083456289107	-550.9357591866005
sub-20	reg_NAc_R	reg_NAc_R	-689.5101863651383	-126.13753937666219	408.72645095145083	1098.2366373165892	534.863990328113	-563.3726469884762	-14.254328330181565
sub-20	reg_PAG_sphere	reg_PAG_sphere	-586.4526519971205	-500.82447978053557	-896.8627646116213	-310.4101126145008	-396.0382848310857	-85.62817221658491	-240.83322852383532
sub-20	reg_SMA_preSMA	reg_SMA_preSMA	-1206.5495157790747	-795.3699219212604	-875.068039034194	331.48147674488064	-79.69811711293369	-411.1795938578143	-245.438855485374
sub-20	reg_anterior_insula_L	reg_anterior_insula_L	-922.2019799765123	343.0843969179686	207.34040727976972	1129.5423872562822	-135.74398963819888	-1265.286376894481	-700.5151832663399
sub-20	reg_anterior_insula_R	reg_anterior_insula_R	-156.24852634041628	334.0783581232061	1094.1870414125635	1250.4355677529798	760.1086832893575	-490.3268844636224	134.89089941286755
sub-20	reg_caudate_L	reg_caudate_L	-1775.2155664083148	-704.982520312502	-435.55908029946085	1339.6564861088539	269.4234400130411	-1070.2330460958128	-400.4048030413858
sub-20	reg_caudate_R	reg_caudate_R	-863.5208163067402	-527.202750885789	-126.27386560180022	737.24695070494	400.92888528398873	-336.31806542095126	32.30540993151874
sub-20	reg_dlPFC_IFJ_L	reg_dlPFC_IFJ_L	-1253.442435940055	-431.0711291327627	-303.6377840271315	949.8046519129235	127.43334510563119	-822.3713068072923	-347.46898085083063
sub-20	reg_dlPFC_IFJ_R	reg_dlPFC_IFJ_R	-1365.2718334656588	-667.1465159940124	-590.2204251638221	775.0514083018367	76.92609083019022	-698.1253174716464	-310.59961332072817
sub-20	reg_mOFC	reg_mOFC	-321.1314443558754	-104.09178072290317	189.14678182708275	510.2782261829581	293.2385625499859	-217.0396636329722	38.099449458506854
sub-20	reg_pgACC_rACC	reg_pgACC_rACC	193.17825435004647	24.70130358091674	72.18937677006315	-120.98887757998332	47.488073189146405	168.47695076912973	107.98251197913808
sub-20	reg_putamen_L	reg_putamen_L	-1963.6445241241922	-707.0648115436463	-847.2284022575466	1116.4161218666457	-140.16359071390025	-1256.579712580546	-698.371651647223
sub-20	reg_putamen_R	reg_putamen_R	-1712.412902909414	-908.9044949932163	-352.2631789350713	1360.1497239743426	556.641316058145	-803.5084079161977	-123.43354592902642
sub-20	reg_vmPFC	reg_vmPFC	258.2419289534707	193.61155986000026	-93.524938476854	-351.7668674303247	-287.1364983368543	64.63036909347042	-111.25306462169192
sub-20	reg_vmPFC_mOFC	reg_vmPFC_mOFC	-56.677098917356076	31.794584953545407	60.121582860895124	116.7986817782512	28.326997907349718	-88.47168387090149	-30.072342981775883
sub-20	sensory_S1_L	sensory_S1_L	-2119.034031503433	-863.2688457303049	-1278.1914075642544	840.8426239391788	-414.92256183394954	-1255.7651857731285	-835.3438738035389
sub-20	sensory_S1_R	sensory_S1_R	-1922.0279883823155	-676.5458833038768	-975.182669067736	946.8453193145795	-298.63678576385917	-1245.4821050784385	-772.0594454211488
sub-20	sensory_S2_operculum_L	sensory_S2_operculum_L	-497.0077099923659	-144.4166443842081	-863.2161457299638	-366.20843573759794	-718.7995013457557	-352.5910656081578	-535.6952834769568
sub-20	sensory_S2_operculum_R	sensory_S2_operculum_R	-235.61068090662488	415.14623548445263	20.85894537286531	256.46962627949017	-394.2872901115873	-650.7569163910775	-522.5221032513324
sub-20	sensory_dACC_MCC	sensory_dACC_MCC	-451.6929183724209	-407.43134534349883	-403.51015093672476	48.18276743569612	3.9211944067740774	-44.261573028922044	-20.170189311073955
sub-20	sensory_insula_all_L	sensory_insula_all_L	-656.1584656368127	88.12804578354634	387.3973565453276	1043.5558221821402	299.2693107617813	-744.286511420359	-222.50860032928887
sub-20	sensory_insula_all_R	sensory_insula_all_R	-144.52719039207085	367.5925716289766	439.870706494855	584.3978968869259	72.27813486587843	-512.1197620210474	-219.9208135775845
sub-20	sensory_posterior_insula_L	sensory_posterior_insula_L	-425.20088712951565	-68.64801703466766	244.4664445958646	669.6673317253802	313.1144616305323	-356.552870094848	-21.719204232157864
sub-20	sensory_posterior_insula_R	sensory_posterior_insula_R	-296.95043512740295	312.8310221556002	-178.14722622663558	118.80320890076737	-490.97824838223573	-609.7814572830032	-550.3798528326195
sub-20	sensory_thalamus_L	sensory_thalamus_L	-792.6255684719656	-402.59330665599265	-495.06223451397875	297.56333395798686	-92.4689278579861	-390.03226181597296	-241.2505948369796
sub-20	sensory_thalamus_R	sensory_thalamus_R	-537.3799618462932	-170.69680382988793	-212.17325475261435	325.20670709367886	-41.47645092272643	-366.6831580164053	-204.07980446956583
sub-21	expl_amygdala_L	expl_amygdala_L	816.689506773846	103.04738641216363	1159.6019390251972	342.9124322513512	1056.5545526130336	713.6421203616824	885.098336487358
sub-21	expl_amygdala_R	expl_amygdala_R	599.7665658331491	-77.24021976613237	889.7207850635183	289.9542192303692	966.9610048296506	677.0067855992814	821.9838952144661
sub-21	expl_hippocampus_L	expl_hippocampus_L	-795.6217681114238	-308.22787221434794	409.31886646571155	1204.9406345771354	717.5467386800594	-487.3938958970758	115.07642139149183
sub-21	expl_hippocampus_R	expl_hippocampus_R	-55.47746165243668	-140.17793161665614	474.77687791964246	530.2543395720792	614.9548095362986	84.70046996421945	349.82763975025904
sub-21	expl_hypothalamus	expl_hypothalamus	-371.0413444082169	117.99826846122842	381.3146630882416	752.3560074964585	263.3163946270132	-489.0396128694453	-112.86160912121606
sub-21	reg_NAc_L	reg_NAc_L	0.2805657151502601	-233.92108795379653	-1034.9241962426893	-1035.2047619578395	-801.0031082888927	234.2016536689468	-283.400727309973
sub-21	reg_NAc_R	reg_NAc_R	391.2389377296778	-97.56114498631185	401.90608759417046	10.667149864492671	499.4672325804823	488.8000827159896	494.13365764823595
sub-21	reg_PAG_sphere	reg_PAG_sphere	-1382.3828810542875	481.512057920801	-486.9210451999973	895.4618358542903	-968.4331031207983	-1863.8949389750885	-1416.1640210479434
sub-21	reg_SMA_preSMA	reg_SMA_preSMA	-202.2065418342062	-5.195266816279349	-110.47259206817614	91.73394976603007	-105.2773252518968	-197.01127501792686	-151.14430013491182
sub-21	reg_anterior_insula_L	reg_anterior_insula_L	485.42604830971214	557.9713516820485	147.17278796035927	-338.2532603493529	-410.7985637216892	-72.54530337233638	-241.67193354701283
sub-21	reg_anterior_insula_R	reg_anterior_insula_R	1990.5247377328099	552.9633546685149	1860.1694365203252	-130.35530121248462	1307.2060818518103	1437.5613830642951	1372.3837324580527
sub-21	reg_caudate_L	reg_caudate_L	-36.49680642493722	-499.57184033019996	109.25837571418042	145.75518213911764	608.8302160443803	463.0750339052627	535.9526249748216
sub-21	reg_caudate_R	reg_caudate_R	525.9459411892096	-559.411912071631	450.0140613070107	-75.93187988219893	1009.4259733786417	1085.3578532608408	1047.3919133197412
sub-21	reg_dlPFC_IFJ_L	reg_dlPFC_IFJ_L	-195.52622906907027	146.74141622674844	259.8006879438244	455.3269170128947	113.05927171707597	-342.26764529581874	-114.60418678937137
sub-21	reg_dlPFC_IFJ_R	reg_dlPFC_IFJ_R	-37.935248828583994	8.199115104468115	-661.4103012359758	-623.4750524073918	-669.6094163404439	-46.13436393305211	-357.871890136748
sub-21	reg_mOFC	reg_mOFC	304.05188680428597	126.28438445904638	-59.9226538209762	-363.9745406252622	-186.20703828002257	177.7675023452396	-4.2197679673914905
sub-21	reg_pgACC_rACC	reg_pgACC_rACC	204.90783977166058	301.6203284305197	595.1796700662986	390.27183029463805	293.55934163577894	-96.71248865885912	98.42342648845994
sub-21	reg_putamen_L	reg_putamen_L	198.5289971500033	-424.6628232006103	-350.36047072586496	-548.8894678758683	74.30235247474536	623.1918203506136	348.7470864126795
sub-21	reg_putamen_R	reg_putamen_R	-10.647180264643339	-355.41490874500613	346.8544401628607	357.50162042750406	702.2693489078669	344.7677284803628	523.5185386941148
sub-21	reg_vmPFC	reg_vmPFC	170.47432879143759	124.91668882211336	344.1469852823342	173.6726564908966	219.2302964602208	45.55763996932423	132.39396821477254
sub-21	reg_vmPFC_mOFC	reg_vmPFC_mOFC	243.08055588551642	125.66010127468392	124.51449300590045	-118.56606287961597	-1.1456082687834765	117.4204546108325	58.13742317102451
sub-21	sensory_S1_L	sensory_S1_L	-816.1717209128193	-326.0406412289201	-190.57692841707626	625.594792495743	135.46371281184383	-490.1310796838992	-177.33368343602768
sub-21	sensory_S1_R	sensory_S1_R	-606.9539203073905	-118.6115191116321	223.86640458298808	830.8203248903785	342.4779236946202	-488.3424011957584	-72.9322387505691
sub-21	sensory_S2_operculum_L	sensory_S2_operculum_L	669.8818302159648	223.3537061561976	77.44186318611283	-592.4399670298519	-145.91184297008476	446.52812405976715	150.30814054484122
sub-21	sensory_S2_operculum_R	sensory_S2_operculum_R	671.6393574328393	683.8061808525028	881.5457004419948	209.90634300915542	197.73951958949192	-12.166823419663501	92.78634808491415
sub-21	sensory_dACC_MCC	sensory_dACC_MCC	-117.63656345890331	173.67435267403425	216.41743636582902	334.05399982473233	42.743083691794766	-291.31091613293756	-124.2839162205714
sub-21	sensory_insula_all_L	sensory_insula_all_L	593.270391828255	524.3130443078738	353.4518055600891	-239.81858626816592	-170.86123874778474	68.95734752038118	-50.95194561370181
sub-21	sensory_insula_all_R	sensory_insula_all_R	1387.731800018997	544.7781113243996	1071.185515511257	-316.54628450774	526.4074041868575	842.9536886945975	684.6805464407275
sub-21	sensory_posterior_insula_L	sensory_posterior_insula_L	-46.806390625178395	315.1673607795731	-160.31484660179325	-113.50845597661485	-475.4822073813663	-361.97375140475145	-418.7279793930589
sub-21	sensory_posterior_insula_R	sensory_posterior_insula_R	1099.2876586117864	545.7827821413701	546.8322468871405	-552.4554117246458	1.049464745770365	553.5048764704162	277.27717060809334
sub-21	sensory_thalamus_L	sensory_thalamus_L	-180.6273653295155	-122.89135990024756	-113.05893414474278	67.56843118477272	9.832425755504786	-57.736005429267934	-23.95178983688156
sub-21	sensory_thalamus_R	sensory_thalamus_R	27.962275152256495	-17.16073537210987	-20.598130584446245	-48.56040573670274	-3.4373952123363765	45.123010524366364	20.842807656014994
sub-22	expl_amygdala_L	expl_amygdala_L	787.1215264637492	52.651322626695396	-805.3864205583965	-1592.5079470221458	-858.0377431850919	734.4702038370538	-61.783769674019034
sub-22	expl_amygdala_R	expl_amygdala_R	-728.1719273790519	194.26739239962413	-266.61941430311174	461.55251307594017	-460.88680670273584	-922.439319778676	-691.6630632407059
sub-22	expl_hippocampus_L	expl_hippocampus_L	-441.7673223955335	-619.5178795714875	-771.6992649325728	-329.9319425370393	-152.1813853610853	177.750557175954	12.784585907434348
sub-22	expl_hippocampus_R	expl_hippocampus_R	-309.25844155323296	-468.6111708967133	-916.7063420280432	-607.4479004748102	-448.0951711313299	159.35272934348035	-144.37122089392477
sub-22	expl_hypothalamus	expl_hypothalamus	-152.63292121314356	-557.0489975505444	-528.4318915172255	-375.79897030408193	28.61710603331892	404.41607633740085	216.51659118535986
sub-22	reg_NAc_L	reg_NAc_L	-21.298808017456214	-193.37622469946973	-1102.274622401598	-1080.9758143841418	-908.8983977021282	172.0774166820135	-368.41049051005734
sub-22	reg_NAc_R	reg_NAc_R	13.971685298398802	54.91193494942146	-797.3496718964949	-811.3213571948937	-852.2616068459164	-40.940249651022654	-446.6009282484695
sub-22	reg_PAG_sphere	reg_PAG_sphere	1736.0833867416573	-1405.080777738487	-1115.9408737770796	-2852.024260518737	289.1399039614075	3141.1641644801443	1715.152034220776
sub-22	reg_SMA_preSMA	reg_SMA_preSMA	18.45723654299884	-469.13500575426474	291.83154232022	273.3743057772212	760.9665480744848	487.59224229726357	624.2793951858741
sub-22	reg_anterior_insula_L	reg_anterior_insula_L	-221.3545516263408	483.1221047594195	238.58289367608631	459.93744530242714	-244.5392110833332	-704.4766563857603	-474.5079337345468
sub-22	reg_anterior_insula_R	reg_anterior_insula_R	347.3575400814381	1173.599461387864	1901.274337282211	1553.9167972007729	727.674875894347	-826.2419213064259	-49.28352270603955
sub-22	reg_caudate_L	reg_caudate_L	-134.03000780004942	-68.1585439901245	-685.6900619510914	-551.660054151042	-617.5315179609669	-65.87146380992492	-341.7014908854459
sub-22	reg_caudate_R	reg_caudate_R	-797.9166749400001	-31.822321100358614	-957.5796791580157	-159.66300421801554	-925.757358057657	-766.0943538396415	-845.9258559486492
sub-22	reg_dlPFC_IFJ_L	reg_dlPFC_IFJ_L	-652.3802858526276	-352.61959888476304	-374.61792877674424	277.76235707588336	-21.9983298919812	-299.76068696786456	-160.8795084299229
sub-22	reg_dlPFC_IFJ_R	reg_dlPFC_IFJ_R	-1824.0658208986576	21.138384723395024	-749.5252799266258	1074.540540972032	-770.6636646500208	-1845.2042056220528	-1307.9339351360368
sub-22	reg_mOFC	reg_mOFC	-199.47317007643272	-85.71110397300374	-176.13688541511237	23.33628466132035	-90.42578144210863	-113.76206610342898	-102.0939237727688
sub-22	reg_pgACC_rACC	reg_pgACC_rACC	-17.68920099785392	-191.56439496295877	-13.250045848631043	4.439155149222877	178.31434911432774	173.87519396510484	176.0947715397163
sub-22	reg_putamen_L	reg_putamen_L	-300.7339045969067	-907.8800790798043	-780.4842631792083	-479.75035858230154	127.39581590059606	607.1461744828975	367.2709951917468
sub-22	reg_putamen_R	reg_putamen_R	354.88628418998485	-149.93105546310179	313.28701731716234	-41.59926687282251	463.21807278026415	504.8173396530866	484.0177062166754
sub-22	reg_vmPFC	reg_vmPFC	-319.5495622578988	-431.14626619293864	-441.1576540191348	-121.60809176123598	-10.011387826196142	111.59670393503984	50.79265805442185
sub-22	reg_vmPFC_mOFC	reg_vmPFC_mOFC	-254.28190855123498	-243.38460766635885	-297.105326695861	-42.823418144626004	-53.720719029502135	-10.897300884876131	-32.30900995718915
sub-22	sensory_S1_L	sensory_S1_L	-821.0461078748962	-1471.0635423076149	-1123.1767691989928	-302.13066132409665	347.88677310862204	650.0174344327187	498.9521037706704
sub-22	sensory_S1_R	sensory_S1_R	-477.06626184451795	-726.7899378321429	-372.3822029346824	104.68405890983553	354.40773489746044	249.72367598762492	302.0657054425427
sub-22	sensory_S2_operculum_L	sensory_S2_operculum_L	-110.01548352942139	-633.5910818535963	308.1629977661244	418.1784812955458	941.7540796197206	523.5755983241748	732.6648389719478
sub-22	sensory_S2_operculum_R	sensory_S2_operculum_R	895.748950175933	358.29211655436484	1024.5476611721513	128.79871099621823	666.2555446177864	537.4568336215682	601.8561891196773
sub-22	sensory_dACC_MCC	sensory_dACC_MCC	-246.5701299153164	-318.1834671877552	-371.83269235415287	-125.26256243883648	-53.649225166397684	71.6133372724388	8.982056053020585
sub-22	sensory_insula_all_L	sensory_insula_all_L	678.1727878355076	462.7460218941377	78.22015001062701	-599.9526378248806	-384.5258718835107	215.42676594136992	-84.5495529710704
sub-22	sensory_insula_all_R	sensory_insula_all_R	558.2247630997582	752.1458319263078	1035.5128864428086	477.2881233430504	283.36705451650084	-193.92106882654957	44.72299284497569
sub-22	sensory_posterior_insula_L	sensory_posterior_insula_L	1479.0228489238073	600.5576284169637	73.97774693562648	-1405.0451019881807	-526.5798814813372	878.4652205068436	175.94266951275324
sub-22	sensory_posterior_insula_R	sensory_posterior_insula_R	823.5235589967336	619.8218126623849	813.6151790793352	-9.908379917398406	193.79336641695033	203.70174633434874	198.74755637564954
sub-22	sensory_thalamus_L	sensory_thalamus_L	-560.0843549614419	-596.1500676089902	-797.4500585465646	-237.36570358512267	-201.29999093757442	36.06571264754825	-82.61713914501308
sub-22	sensory_thalamus_R	sensory_thalamus_R	-750.4673343817033	-356.7966299669569	-361.8670619842577	388.60027239744556	-5.070432017300789	-393.67070441474635	-199.3705682160235
sub-23	expl_amygdala_L	expl_amygdala_L	232.61626132248034	503.75692204461006	1053.329305906403	820.7130445839227	549.572383861793	-271.1406607221297	139.21586156983165
sub-23	expl_amygdala_R	expl_amygdala_R	-102.65954524794533	133.50106389823316	572.7316988921557	675.391244140101	439.23063499392254	-236.1606091461785	101.53501292387202
sub-23	expl_hippocampus_L	expl_hippocampus_L	-500.07286251969583	-128.26769866016937	101.18694978458373	601.2598123042795	229.4546484447531	-371.8051638595265	-71.17525770738669
sub-23	expl_hippocampus_R	expl_hippocampus_R	-386.1108392470642	-191.97861898319462	126.93061027013091	513.0414495171951	318.9092292533255	-194.13222026386956	62.38850449472798
sub-23	expl_hypothalamus	expl_hypothalamus	454.8678906680504	-150.813669203724	854.5092691366033	399.6413784685529	1005.3229383403273	605.6815598717744	805.5022491060508
sub-23	reg_NAc_L	reg_NAc_L	255.76382527455462	504.2646528587261	899.608481572053	643.8446562974984	395.34382871332696	-248.50082758417147	73.42150056457774
sub-23	reg_NAc_R	reg_NAc_R	404.5223077882966	200.7150537537337	751.6914462426496	347.169138454353	550.9763924889158	203.80725403456287	377.3918232617393
sub-23	reg_PAG_sphere	reg_PAG_sphere	1757.5283250860753	139.11610962332446	123.27265669997105	-1634.2556683861042	-15.84345292335341	1618.4122154627507	801.2843812696988
sub-23	reg_SMA_preSMA	reg_SMA_preSMA	364.8270598188758	-26.220428475376234	806.3280753740328	441.501015555157	832.548503849409	391.04748829425205	611.7979960718305
sub-23	reg_anterior_insula_L	reg_anterior_insula_L	400.1067196767384	564.4074304179761	794.9943204548174	394.887600778079	230.58689003684128	-164.3007107412377	33.14308964780173
sub-23	reg_anterior_insula_R	reg_anterior_insula_R	118.48197833576664	186.09403938362468	1119.879542065474	1001.3975637297074	933.7855026818493	-67.61206104785803	433.0867208169956
sub-23	reg_caudate_L	reg_caudate_L	286.813882430141	267.7693146074442	355.43745314523653	68.62357071509552	87.66813853779234	19.04456782269682	53.35635318024458
sub-23	reg_caudate_R	reg_caudate_R	203.68512528616057	188.47993396685217	646.4026762567778	442.71755097061725	457.9227422899256	15.205191319308398	236.563966804617
sub-23	reg_dlPFC_IFJ_L	reg_dlPFC_IFJ_L	109.24764272852539	-98.02372530669331	89.13617322216814	-20.111469506357253	187.15989852886145	207.2713680352187	197.21563328204007
sub-23	reg_dlPFC_IFJ_R	reg_dlPFC_IFJ_R	-287.3523142524656	-426.6268935018739	-610.3713042573684	-323.0189900049028	-183.74441075549447	139.2745792494083	-22.234915753043083
sub-23	reg_mOFC	reg_mOFC	-28.425997335853197	297.7141710695979	411.7273666026416	440.1533639384948	114.0131955330437	-326.1401684054511	-106.0634864362037
sub-23	reg_pgACC_rACC	reg_pgACC_rACC	-63.286927862436734	251.3970227790702	862.9291149582426	926.2160428206794	611.5320921791724	-314.68395064150695	148.42407076883273
sub-23	reg_putamen_L	reg_putamen_L	165.12122102246838	404.729784784274	661.9009476543374	496.77972663186904	257.1711628700634	-239.6085637618056	8.781299554128907
sub-23	reg_putamen_R	reg_putamen_R	-156.46792466646292	155.29011677298843	681.5483057489179	838.0162304153807	526.2581889759294	-311.75804143945135	107.25007376823908
sub-23	reg_vmPFC	reg_vmPFC	-247.72110748177198	419.00638770778266	563.1758599756582	810.8969674574303	144.16947226787556	-666.7274951895547	-261.27901146083957
sub-23	reg_vmPFC_mOFC	reg_vmPFC_mOFC	-128.5230115984178	353.07787129389516	480.8558665090977	609.3788781075156	127.77799521520257	-481.60088289231294	-176.91144383855521
sub-23	sensory_S1_L	sensory_S1_L	-290.00045711744514	-285.57768609853497	174.52706422806378	464.52752134550894	460.1047503265987	-4.4227710189101686	227.8409896538443
sub-23	sensory_S1_R	sensory_S1_R	13.478279500882014	-131.93489047408104	362.6657420953446	349.1874625944626	494.60063256942567	145.41316997496307	320.00690127219434
sub-23	sensory_S2_operculum_L	sensory_S2_operculum_L	573.3753083107242	831.0119832263856	1442.322026687699	868.9467183769748	611.3100434613134	-257.6366749156614	176.836684272826
sub-23	sensory_S2_operculum_R	sensory_S2_operculum_R	896.2241087282764	681.7041421321912	1224.9146726137676	328.6905638854912	543.2105304815764	214.51996659608517	378.8652485388309
sub-23	sensory_dACC_MCC	sensory_dACC_MCC	188.01781406809897	-30.283050635622406	537.8949458683153	349.8771318002163	568.1779965039377	218.30086470372137	393.23943060382953
sub-23	sensory_insula_all_L	sensory_insula_all_L	929.6014651036336	927.8402639215366	1456.5719444758765	526.970479372243	528.73168055434	1.761201182097011	265.24644086821843
sub-23	sensory_insula_all_R	sensory_insula_all_R	378.53099954947913	512.3825886605172	1599.3818908968128	1220.8508913473338	1086.9993022362955	-133.85158911103804	476.57385656262875
sub-23	sensory_posterior_insula_L	sensory_posterior_insula_L	1178.525599862592	1292.637351306428	1952.4166174873885	773.8910176247966	659.7792661809606	-114.11175144383606	272.8337573685624
sub-23	sensory_posterior_insula_R	sensory_posterior_insula_R	558.1306457333009	778.5532052750985	1262.4512041227244	704.3205583894236	483.8979988476259	-220.42255954179768	131.73771965291405
sub-23	sensory_thalamus_L	sensory_thalamus_L	-65.58216594775281	82.86742467237582	123.7695854030543	189.3517513508071	40.902160730678474	-148.44959062012862	-53.77371494472508
sub-23	sensory_thalamus_R	sensory_thalamus_R	292.8698980181649	155.72846759489164	108.8654412706821	-184.00445674748283	-46.86302632420954	137.14143042327328	45.13920204953186
sub-24	expl_amygdala_L	expl_amygdala_L	-693.8430975867421	-25.934334234084357	540.3686989430225	1234.2117965297648	566.3030331771068	-667.9087633526578	-50.802865087775444
sub-24	expl_amygdala_R	expl_amygdala_R	-75.77157798809176	112.96075573555248	185.75305275737665	261.5246307454684	72.79229702182417	-188.73233372364425	-57.97001835091004
sub-24	expl_hippocampus_L	expl_hippocampus_L	258.66870299813957	168.1938587648451	623.1168834067951	364.4481804086555	454.92302464194995	90.47484423329448	272.69893443762226
sub-24	expl_hippocampus_R	expl_hippocampus_R	-677.277534653584	-170.3655801417509	217.33262666876803	894.610161322352	387.69820681051897	-506.9119545118331	-59.60687385065705
sub-24	expl_hypothalamus	expl_hypothalamus	-201.3282002211804	92.87989569138007	-324.5956118454295	-123.26741162424912	-417.4755075368096	-294.20809591256045	-355.841801724685
sub-24	reg_NAc_L	reg_NAc_L	124.90670041686153	209.45801715842688	309.0479525214401	184.14125210457857	99.58993536301321	-84.55131674156536	7.519309310723912
sub-24	reg_NAc_R	reg_NAc_R	567.6345294001538	262.45517603886884	903.6043353934904	335.96980599333654	641.1491593546216	305.179353361285	473.1642563579532
sub-24	reg_PAG_sphere	reg_PAG_sphere	-5091.2671869695605	-547.6599702368309	2852.567109078696	7943.834296048257	3400.2270793155267	-4543.607216732729	-571.6900687086014
sub-24	reg_SMA_preSMA	reg_SMA_preSMA	-64.76617896681037	-140.91125498968134	22.55617438427864	87.32235335108902	163.46742937396	76.14507602287097	119.80625269841548
sub-24	reg_anterior_insula_L	reg_anterior_insula_L	734.596720734967	711.0873201959715	1070.376883462299	335.780162727332	359.2895632663275	23.509400538995465	191.39948190266148
sub-24	reg_anterior_insula_R	reg_anterior_insula_R	1585.2605991377052	811.6077325064379	-196.6647524383432	-1781.9253515760483	-1008.2724849447811	773.6528666312673	-117.30980915675684
sub-24	reg_caudate_L	reg_caudate_L	932.0293744284676	430.80867906199984	130.9510493938563	-801.0783250346112	-299.85762966814355	501.22069536646774	100.68153284916212
sub-24	reg_caudate_R	reg_caudate_R	457.88072437579467	53.308815236108266	279.6115505737504	-178.2691738020443	226.3027353376421	404.5719091396864	315.43732223866425
sub-24	reg_dlPFC_IFJ_L	reg_dlPFC_IFJ_L	-464.5419777010481	-414.0245044869946	-17.317596280790234	447.2243814202579	396.7069082062044	-50.517473214053496	173.09471749607545
sub-24	reg_dlPFC_IFJ_R	reg_dlPFC_IFJ_R	-620.0289041003581	-240.85826068558214	-418.2756445885523	201.75325951180577	-177.4173839029702	-379.17064341477595	-278.2940136588731
sub-24	reg_mOFC	reg_mOFC	-387.21852024500424	-190.00054194349565	-34.11647384723835	353.1020463977659	155.8840680962573	-197.2179783015086	-20.66695510262565
sub-24	reg_pgACC_rACC	reg_pgACC_rACC	-3.4920430470998554	-19.173582533774667	-159.5455338556181	-156.05349080851823	-140.37195132184343	15.681539486674811	-62.34520591758431
sub-24	reg_putamen_L	reg_putamen_L	211.64339896807468	-534.2863909215745	601.1968790767764	389.55348010870176	1135.4832699983508	745.9297898896491	940.7065299440001
sub-24	reg_putamen_R	reg_putamen_R	564.6615160617966	-288.03034973628775	814.8905436959096	250.22902763411298	1102.9208934321973	852.6918657980843	977.8063796151409
sub-24	reg_vmPFC	reg_vmPFC	-507.4243124596027	-59.60436921748677	-346.9834489177093	160.44086354189335	-287.3790797002226	-447.8199432421159	-367.59951147116925
sub-24	reg_vmPFC_mOFC	reg_vmPFC_mOFC	-442.08632322403156	-130.4813508750965	-176.92426397572214	265.16205924830945	-46.442913100625645	-311.60497234893506	-179.02394272478034
sub-24	sensory_S1_L	sensory_S1_L	-1620.3761575212334	-593.5239181468677	-992.6703160449579	627.7058414762755	-399.1463978980902	-1026.8522393743656	-712.9993186362279
sub-24	sensory_S1_R	sensory_S1_R	-1163.0454924664093	-288.77029029105427	-1071.679936520334	91.36555594607535	-782.9096462292797	-874.275202175355	-828.5924242023174
sub-24	sensory_S2_operculum_L	sensory_S2_operculum_L	-564.3547022907395	214.82112967053854	-37.9624599344917	526.3922423562478	-252.78358960503024	-779.175831961278	-515.9797107831541
sub-24	sensory_S2_operculum_R	sensory_S2_operculum_R	-371.2649140903338	406.8743959889048	151.04172087153842	522.3066349618722	-255.83267511736636	-778.1393100792386	-516.9859925983025
sub-24	sensory_dACC_MCC	sensory_dACC_MCC	-571.1512642741791	-118.31160887867291	-418.1873163317594	152.96394794241968	-299.8757074530865	-452.83965539550616	-376.3576814242963
sub-24	sensory_insula_all_L	sensory_insula_all_L	-71.04857654930666	421.343566628119	920.9585000227593	992.0070765720659	499.6149333946403	-492.3921431774256	3.6113951086073257
sub-24	sensory_insula_all_R	sensory_insula_all_R	162.97180302208182	618.4353075032428	12.350881937974554	-150.62092108410727	-606.0844255652682	-455.463504481161	-530.7739650232146
sub-24	sensory_posterior_insula_L	sensory_posterior_insula_L	-47.92668249571475	399.1224390518388	956.3700877122494	1004.2967702079642	557.2476486604106	-447.04912154755357	55.099263556428525
sub-24	sensory_posterior_insula_R	sensory_posterior_insula_R	-1011.4851118333654	595.648070772364	-106.82007168448202	904.6650401488833	-702.4681424568461	-1607.1331826057294	-1154.8006625312878
sub-24	sensory_thalamus_L	sensory_thalamus_L	-532.981291266556	-234.6375914045	-458.5159109105889	74.46538035596711	-223.8783195060889	-298.34369986205604	-261.1110096840724
sub-24	sensory_thalamus_R	sensory_thalamus_R	-911.0988989863938	-54.092985662447205	-203.14299952493383	707.9558994614599	-149.05001386248662	-857.0059133239466	-503.02796359321667
sub-25	expl_amygdala_L	expl_amygdala_L	388.82669348327016	480.8500957780261	968.2951348238942	579.4684413406239	487.44503904586804	-92.02340229475595	197.71081837555607
sub-25	expl_amygdala_R	expl_amygdala_R	939.8551376565589	381.4155876995511	829.0730511910297	-110.78208646552923	447.65746349147855	558.4395499570078	503.0485067242431
sub-25	expl_hippocampus_L	expl_hippocampus_L	710.3116335770256	350.6092766686188	-134.11871675435225	-844.4303503313779	-484.72799342297105	359.70235690840684	-62.512818257282106
sub-25	expl_hippocampus_R	expl_hippocampus_R	792.9653916887903	17.244304776870564	-1263.3060639261844	-2056.271455614975	-1280.550368703055	775.7210869119198	-252.4146408955676
sub-25	expl_hypothalamus	expl_hypothalamus	-547.5669926714302	984.3837573425909	-1931.8849684154738	-1384.3179757440437	-2916.2687257580646	-1531.9507500140212	-2224.1097378860427
sub-25	reg_NAc_L	reg_NAc_L	607.0689882726697	114.38110490461416	-196.7402064580252	-803.8091947306949	-311.12131136263935	492.6878833680555	90.78328600270807
sub-25	reg_NAc_R	reg_NAc_R	200.72314860699785	-12.14243003381812	-472.4303446719049	-673.1534932789027	-460.28791463808676	212.86557864081598	-123.71116799863542
sub-25	reg_PAG_sphere	reg_PAG_sphere	5487.950630537848	-196.51872782973967	-293.3171176633932	-5781.267748201241	-96.79838983365354	5684.469358367588	2793.8354842669673
sub-25	reg_SMA_preSMA	reg_SMA_preSMA	-74.46521453487091	-157.13533609398954	235.75954507440366	310.22475960927454	392.8948811683932	82.67012155911863	237.7825013637559
sub-25	reg_anterior_insula_L	reg_anterior_insula_L	1416.3715206938655	688.231634856892	218.9975232828032	-1197.3739974110622	-469.23411157408884	728.1398858369735	129.45288713144237
sub-25	reg_anterior_insula_R	reg_anterior_insula_R	1315.4600134773295	1077.0041870239445	2111.251158456879	795.7911449795492	1034.2469714329343	238.45582645338504	636.3513989431597
sub-25	reg_caudate_L	reg_caudate_L	-414.8457056425751	-97.05725166352337	557.0884810868962	971.9341867294713	654.1457327504196	-317.7884539790517	168.1786393856839
sub-25	reg_caudate_R	reg_caudate_R	-877.3665432130907	-349.11083849511726	-70.60337670495322	806.7631665081375	278.50746179016403	-528.2557047179735	-124.87412146390471
sub-25	reg_dlPFC_IFJ_L	reg_dlPFC_IFJ_L	270.83709240785686	-4.800373561642624	790.9909697392402	520.1538773313833	795.7913433008828	275.6374659694995	535.7144046351912
sub-25	reg_dlPFC_IFJ_R	reg_dlPFC_IFJ_R	330.63160091368434	18.13949552349306	612.4520045956913	281.82040368200694	594.3125090721982	312.4921053901913	453.40230723119475
sub-25	reg_mOFC	reg_mOFC	438.42549501753217	200.84476428019104	-582.9762814059246	-1021.4017764234568	-783.8210456861157	237.58073073734113	-273.12015747438727
sub-25	reg_pgACC_rACC	reg_pgACC_rACC	309.66342164938976	303.93521485018607	-125.4614285491266	-435.12485019851636	-429.39664339931267	5.72820679920369	-211.8342183000545
sub-25	reg_putamen_L	reg_putamen_L	-503.24257638243546	-661.2826853730746	-75.68889914415706	427.5536772382784	585.5937862289176	158.04010899063917	371.81694760977837
sub-25	reg_putamen_R	reg_putamen_R	-1359.2754920376535	-768.2107045059979	189.44652171543925	1548.7220137530928	957.6572262214372	-591.0647875316556	183.2962193448908
sub-25	reg_vmPFC	reg_vmPFC	832.7079561452185	697.1793353084929	275.8866782461759	-556.8212778990426	-421.292657062317	135.52862083672562	-142.88201811279566
sub-25	reg_vmPFC_mOFC	reg_vmPFC_mOFC	618.3952951134964	427.39613882827194	-190.94921858313288	-809.3445136966293	-618.3453574114048	190.9991562852245	-213.67310056309014
sub-25	sensory_S1_L	sensory_S1_L	178.94739899806183	-199.8317386117244	-816.975615123177	-995.9230141212388	-617.1438765114526	378.77913760978623	-119.18236945083322
sub-25	sensory_S1_R	sensory_S1_R	1258.3402602978324	336.31514494968354	-389.40468703423284	-1647.7449473320653	-725.7198319839164	922.0251153481488	98.15264168211621
sub-25	sensory_S2_operculum_L	sensory_S2_operculum_L	1291.1430865811385	690.5340273709909	237.55013115567164	-1053.592955425467	-452.98389621531925	600.6090592101476	73.81258149741416
sub-25	sensory_S2_operculum_R	sensory_S2_operculum_R	1849.9796600604084	1643.4888117373575	1482.6627245724392	-367.3169354879692	-160.82608716491836	206.49084832305084	22.83238057906624
sub-25	sensory_dACC_MCC	sensory_dACC_MCC	710.6312929394651	10.522695390089618	-39.262244099114056	-749.8935370385791	-49.78493948920367	700.1085975493754	325.1618290300859
sub-25	sensory_insula_all_L	sensory_insula_all_L	1595.1721781076521	810.8185432694166	473.76231995919716	-1121.409858148455	-337.0562233102195	784.3536348382355	223.648705764008
sub-25	sensory_insula_all_R	sensory_insula_all_R	1750.823459615281	1155.4609506814095	1504.0273100923466	-246.79614952293446	348.56635941093714	595.3625089338716	471.96443417240425
sub-25	sensory_posterior_insula_L	sensory_posterior_insula_L	1817.3645700900809	882.9145690464973	281.8896826313359	-1535.474887458745	-601.0248864151613	934.4500010435836	166.71255731421115
sub-25	sensory_posterior_insula_R	sensory_posterior_insula_R	2215.496742512133	1607.655616635571	1383.2878225462866	-832.2089199658465	-224.36779408928442	607.841125876562	191.7366658936387
sub-25	sensory_thalamus_L	sensory_thalamus_L	-689.3028969360349	-426.54072118090886	-167.45893998376283	521.843956952272	259.08178119714603	-262.76217575512607	-1.840197278990047
sub-25	sensory_thalamus_R	sensory_thalamus_R	342.0489230329102	27.677292676761084	176.39674294067396	-165.65218009223622	148.71945026391288	314.3716303561491	231.545540310031
sub-26	expl_amygdala_L	expl_amygdala_L	-98.52487699872783	-94.58544385915133	48.65836835407426	147.1832453528021	143.2438122132256	-3.939433139576508	69.65218953682454
sub-26	expl_amygdala_R	expl_amygdala_R	-930.3291187729328	-428.8525852837168	-734.3353209284231	195.9937978445097	-305.48273564470634	-501.476533489216	-403.47963456696124
sub-26	expl_hippocampus_L	expl_hippocampus_L	-650.6762635174402	166.66257388749108	427.1644703738654	1077.8407338913057	260.50189648637433	-817.3388374049314	-278.4184704592785
sub-26	expl_hippocampus_R	expl_hippocampus_R	-375.1640871066651	201.61104464538093	63.496353602557406	438.6604407092225	-138.11469104282352	-576.775131752046	-357.4449113974348
sub-26	expl_hypothalamus	expl_hypothalamus	-551.5577827372072	222.15555966897992	872.3061924093005	1423.8639751465075	650.1506327403206	-773.713342406187	-61.78135483293326
sub-26	reg_NAc_L	reg_NAc_L	304.9963743768565	8.343800402625769	-42.881941594493625	-347.87831597135016	-51.22574199711939	296.65257397423073	122.71341598855567
sub-26	reg_NAc_R	reg_NAc_R	243.70928434760245	19.15988458937879	4.361552094341619	-239.34773225326083	-14.798332495037172	224.54939975822367	104.87553363159324
sub-26	reg_PAG_sphere	reg_PAG_sphere	509.0822723822289	-118.97867137730503	769.0680187929263	259.9857464106974	888.0466901702314	628.060943759534	758.0538169648826
sub-26	reg_SMA_preSMA	reg_SMA_preSMA	217.93859679203487	-54.7005208552541	350.8506029594138	132.9120061673789	405.5511238146679	272.63911764728897	339.09512073097846
sub-26	reg_anterior_insula_L	reg_anterior_insula_L	-211.97299857043072	70.33456712622048	268.8651893114073	480.838187881838	198.53062218518681	-282.3075656966512	-41.8884717557322
sub-26	reg_anterior_insula_R	reg_anterior_insula_R	74.86206804754966	-318.1411603739465	99.78030525804374	24.918237210494084	417.92146563199026	393.00322842149615	405.4623470267432
sub-26	reg_caudate_L	reg_caudate_L	-296.09026322112976	-463.76658487275466	-218.3753722796054	77.71489094152437	245.39121259314928	167.6763216516249	206.53376712238708
sub-26	reg_caudate_R	reg_caudate_R	-142.75127292949736	-173.48202052491845	-144.25596495975964	-1.5046920302622766	29.226055565158816	30.730747595421093	29.978401580289955
sub-26	reg_dlPFC_IFJ_L	reg_dlPFC_IFJ_L	39.10678584224397	-229.74583937793088	241.3733766958566	202.26659085361263	471.11921607378747	268.85262522017484	369.9859206469812
sub-26	reg_dlPFC_IFJ_R	reg_dlPFC_IFJ_R	46.69547477048697	-204.80561768223694	56.03327631035086	9.33780153986389	260.8388939925878	251.50109245272392	256.1699932226559
sub-26	reg_mOFC	reg_mOFC	-40.694475136248606	187.2459941650519	-150.7648996400358	-110.0704245037872	-338.0108938050877	-227.9404693013005	-282.97568155319414
sub-26	reg_pgACC_rACC	reg_pgACC_rACC	46.356682402619114	30.091698867265873	-44.47474068776991	-90.83142309038902	-74.56643955503579	16.26498353535324	-29.15072800984127
sub-26	reg_putamen_L	reg_putamen_L	20.55575061647171	-721.9860215319812	-412.12692726933255	-432.68267788580425	309.8590942626487	742.541772148453	526.2004332055508
sub-26	reg_putamen_R	reg_putamen_R	194.1630287780885	-182.15266705820406	-300.7054643275857	-494.86849310567413	-118.55279726938161	376.31569583629255	128.88144928345548
sub-26	reg_vmPFC	reg_vmPFC	260.26504305351403	150.44092973668833	-103.34392830111747	-363.60897135463154	-253.7848580378058	109.8241133168257	-71.98037236049005
sub-26	reg_vmPFC_mOFC	reg_vmPFC_mOFC	96.67816926360392	170.44636257924145	-129.11964890325936	-225.7978181668633	-299.5660114825008	-73.76819331563753	-186.66710239906917
sub-26	sensory_S1_L	sensory_S1_L	-914.4731869207928	-336.88691608713776	-149.7507890099692	764.7223979108237	187.13612707716857	-577.5862708336551	-195.22507187824323
sub-26	sensory_S1_R	sensory_S1_R	138.1352020282933	409.93999669773916	456.63626006517296	318.50105803687967	46.6962633674338	-271.80479466944587	-112.55426565100606
sub-26	sensory_S2_operculum_L	sensory_S2_operculum_L	-225.8976165069107	-66.86712639493771	317.3303327409702	543.2279492478809	384.19745913590793	-159.030490111973	112.58348451196747
sub-26	sensory_S2_operculum_R	sensory_S2_operculum_R	464.24177617149655	890.0774085152228	1302.2027365877989	837.9609604163023	412.12532807257605	-425.8356323437263	-6.8551521355751674
sub-26	sensory_dACC_MCC	sensory_dACC_MCC	-87.70562239388187	-154.1847309194263	313.7949422146047	401.50056460848657	467.97967313403103	66.47910852554443	267.2293908297877
sub-26	sensory_insula_all_L	sensory_insula_all_L	81.99110451101083	194.8365204030683	191.6512184318645	109.66011392085366	-3.1853019712038133	-112.84541589205747	-58.01535893163063
sub-26	sensory_insula_all_R	sensory_insula_all_R	78.52984594275748	-166.41324343643578	514.8196411296789	436.2897951869214	681.2328845661146	244.94308937919325	463.08798697265394
sub-26	sensory_posterior_insula_L	sensory_posterior_insula_L	210.79435289189823	459.15344332008306	179.63661863609713	-31.157734255801103	-279.51682468398593	-248.35909042818483	-263.9379575560854
sub-26	sensory_posterior_insula_R	sensory_posterior_insula_R	-227.84924243166262	-301.2390869206898	815.216980693305	1043.0662231249676	1116.4560676139947	73.38984448902715	594.9229560515109
sub-26	sensory_thalamus_L	sensory_thalamus_L	-59.54563697659908	-198.49110946189148	235.29330969515587	294.83894667175497	433.78441915704735	138.9454724852924	286.3649458211699
sub-26	sensory_thalamus_R	sensory_thalamus_R	112.80746748792149	-20.036950455294022	379.3409438704496	266.53347638252814	399.3778943257436	132.84441794321552	266.1111561344796
sub-27	expl_amygdala_L	expl_amygdala_L	791.5553377640946	109.94208779119543	76.95132109498154	-714.6040166691131	-32.990766696213896	681.6132499728992	324.3112416383426
sub-27	expl_amygdala_R	expl_amygdala_R	864.5186986293014	165.0937172772982	650.2099267579118	-214.30877187138958	485.11620948061363	699.4249813520032	592.2705954163084
sub-27	expl_hippocampus_L	expl_hippocampus_L	1193.4086565063858	-6.5327340385351285	-164.33986387886233	-1357.7485203852482	-157.8071298403272	1199.941390544921	521.0671303522969
sub-27	expl_hippocampus_R	expl_hippocampus_R	229.32624766242233	54.50697931271938	-90.77737917429627	-320.1036268367186	-145.28435848701565	174.81926834970295	14.76745493134365
sub-27	expl_hypothalamus	expl_hypothalamus	-82.55409526602406	111.37821302471504	-34.80593137512947	47.748163890894595	-146.1841443998445	-193.93230829073912	-170.0582263452918
sub-27	reg_NAc_L	reg_NAc_L	856.5553134200225	-141.4141035496698	-633.7819651740167	-1490.3372785940392	-492.3678616243469	997.9694169696922	252.80077767267267
sub-27	reg_NAc_R	reg_NAc_R	185.34001789562458	126.3569770423912	-239.44506736528137	-424.78508526090593	-365.80204440767255	58.98304085323339	-153.4095017772196
sub-27	reg_PAG_sphere	reg_PAG_sphere	-320.70096567893313	619.5492974860754	910.3569429193358	1231.057908598269	290.8076454332604	-940.2502631650085	-324.72130886587405
sub-27	reg_SMA_preSMA	reg_SMA_preSMA	-71.77803783122131	-105.85519766919056	213.23995201148347	285.01798984270476	319.095149680674	34.07715983796925	176.58615475932163
sub-27	reg_anterior_insula_L	reg_anterior_insula_L	792.7674913270796	308.7920217445746	887.1996842181792	94.43219289109959	578.4076624736047	483.975469582505	531.1915660280547
sub-27	reg_anterior_insula_R	reg_anterior_insula_R	642.7953630273455	786.0977700929448	240.11130952677414	-402.6840535005714	-545.9864605661706	-143.30240706559925	-344.64443381588495
sub-27	reg_caudate_L	reg_caudate_L	406.899118236805	-140.62054667555662	-190.15517749363175	-597.0542957304367	-49.53463081807513	547.5196649123616	248.99251704714325
sub-27	reg_caudate_R	reg_caudate_R	411.1999426518064	39.990522209475344	144.78889257615293	-266.41105007565346	104.79837036667759	371.20942044233107	238.0038954045043
sub-27	reg_dlPFC_IFJ_L	reg_dlPFC_IFJ_L	-246.14664706616105	-89.89819539247868	-345.6371990458767	-99.49055197971563	-255.73900365339802	-156.24845167368238	-205.9937276635402
sub-27	reg_dlPFC_IFJ_R	reg_dlPFC_IFJ_R	-763.598656903938	-26.05492995171174	-569.6195966915077	193.97906021243034	-543.5646667397959	-737.5437269522263	-640.5541968460111
sub-27	reg_mOFC	reg_mOFC	252.83779823479728	212.89557900519944	-161.01118832785647	-413.84898656265375	-373.9067673330559	39.94221922959784	-166.98227405172904
sub-27	reg_pgACC_rACC	reg_pgACC_rACC	50.281607654290745	70.31920159946769	148.02724246349567	97.74563480920492	77.70804086402798	-20.037593945176944	28.83522345942552
sub-27	reg_putamen_L	reg_putamen_L	-930.647345551213	-1065.055094690457	403.5058628689816	1334.1532084201945	1468.5609575594385	134.40774913924406	801.4843533493413
sub-27	reg_putamen_R	reg_putamen_R	102.45357377178235	-303.57335375815364	186.07816152493052	83.62458775314818	489.65151528308417	406.02692752993596	447.8392214065101
sub-27	reg_vmPFC	reg_vmPFC	694.1350758103612	107.6149127986575	562.3814059552892	-131.75366985507196	454.7664931566317	586.5201630117036	520.6433280841677
sub-27	reg_vmPFC_mOFC	reg_vmPFC_mOFC	454.2674601097577	164.84033354241393	169.1805737193139	-285.08688639044374	4.340240176899982	289.42712656734375	146.88368337212188
sub-27	sensory_S1_L	sensory_S1_L	-965.648377719159	-704.9706816123755	-520.6460279308283	445.0023497883308	184.32465368154726	-260.6776961067835	-38.17652121261813
sub-27	sensory_S1_R	sensory_S1_R	-348.10819389591757	65.51623713766746	318.3890020628357	666.4971959587533	252.8727649251682	-413.62443103358504	-80.3758330542084
sub-27	sensory_S2_operculum_L	sensory_S2_operculum_L	-702.9650557028692	-221.86529838154684	-212.12871779261877	490.83633791025045	9.736580588928064	-481.0997573213224	-235.68158836619716
sub-27	sensory_S2_operculum_R	sensory_S2_operculum_R	168.1941984471217	717.7154376224381	394.1320637473174	225.93786530019568	-323.58337387512074	-549.5212391753164	-436.55230652521857
sub-27	sensory_dACC_MCC	sensory_dACC_MCC	-118.29902842912838	-41.9535798794072	140.88490340708202	259.1839318362104	182.83848328648924	-76.34544854972118	53.24651736838402
sub-27	sensory_insula_all_L	sensory_insula_all_L	487.15110022166357	314.35011121479124	542.6669105620806	55.51581034041703	228.31679934728936	172.80098900687233	200.5588941770809
sub-27	sensory_insula_all_R	sensory_insula_all_R	472.8020433742894	768.1725790909899	513.6288720233654	40.82682864907599	-254.5437070676245	-295.3705357167005	-274.9571213921625
sub-27	sensory_posterior_insula_L	sensory_posterior_insula_L	528.9904426768587	511.8744841333672	410.7538743338676	-118.23656834299112	-101.12060979949962	17.1159585434915	-42.00232562800409
sub-27	sensory_posterior_insula_R	sensory_posterior_insula_R	257.31824272961995	966.6890934158948	725.9939615480566	468.6757188184367	-240.6951318678382	-709.3708506862749	-475.03299127705657
sub-27	sensory_thalamus_L	sensory_thalamus_L	262.10355984218756	-262.8562041458945	-130.2687236330709	-392.3722834752584	132.5874805128236	524.959763988082	328.77362225045283
sub-27	sensory_thalamus_R	sensory_thalamus_R	261.71990506443456	53.78099728065862	159.74092429413153	-101.97898077030302	105.9599270134729	207.93890778377593	156.94941739862443
sub-28	expl_amygdala_L	expl_amygdala_L	513.4428265069596	875.3166758517576	-136.72949025865546	-650.172316765615	-1012.0461661104131	-361.87384934479803	-686.9600077276056
sub-28	expl_amygdala_R	expl_amygdala_R	586.5168853313336	210.72182556215537	661.074479346063	74.55759401472937	450.3526537839076	375.79505976917824	413.0738567765429
sub-28	expl_hippocampus_L	expl_hippocampus_L	138.11358547065907	380.5010906317099	229.7205770178701	91.60699154721104	-150.78051361383982	-242.38750516105085	-196.58400938744535
sub-28	expl_hippocampus_R	expl_hippocampus_R	358.52726407565444	205.01279683321604	203.65970110198273	-154.8675629736717	-1.35309573123331	153.5144672424384	76.08068575560253
sub-28	expl_hypothalamus	expl_hypothalamus	695.2110411689285	124.53882180367037	858.2544691002589	163.04342793133037	733.7156472965885	570.6722193652581	652.1939333309233
sub-28	reg_NAc_L	reg_NAc_L	103.94452383754222	139.34163524108428	-298.2219283911569	-402.1664522286991	-437.5635636322412	-35.397111403542056	-236.4803375178916
sub-28	reg_NAc_R	reg_NAc_R	22.812152331344542	98.09001384055755	-406.3618468204515	-429.173999151796	-504.45186066100905	-75.27786150921301	-289.86486108511104
sub-28	reg_PAG_sphere	reg_PAG_sphere	1725.4388060581655	768.101421274402	862.3716373666908	-863.0671686914746	94.27021609228882	957.3373847837635	525.8038004380261
sub-28	reg_SMA_preSMA	reg_SMA_preSMA	581.0781362108219	-36.59238331384386	49.46689252958413	-531.6112436812377	86.059275843428	617.6705195246657	351.86489768404687
sub-28	reg_anterior_insula_L	reg_anterior_insula_L	809.2130719788732	412.1493646183329	143.51547985623534	-665.6975921226378	-268.6338847620976	397.0637073605403	64.2149112992214
sub-28	reg_anterior_insula_R	reg_anterior_insula_R	470.09130463078964	356.25317728330066	-453.33638571195354	-923.4276903427432	-809.5895629952543	113.83812734748898	-347.8757178238826
sub-28	reg_caudate_L	reg_caudate_L	43.95002039064154	-84.2856590995215	-437.8995694329422	-481.84958982358376	-353.6139103334207	128.23567949016302	-112.68911542162883
sub-28	reg_caudate_R	reg_caudate_R	141.7778008793383	35.16911301898646	-661.805133825717	-803.5829347050553	-696.9742468447034	106.60868786035184	-295.1827794921758
sub-28	reg_dlPFC_IFJ_L	reg_dlPFC_IFJ_L	587.590118501302	5.638813151779468	358.7946530623967	-228.79546543890524	353.15583991061726	581.9513053495225	467.5535726300699
sub-28	reg_dlPFC_IFJ_R	reg_dlPFC_IFJ_R	593.4548296255246	14.869383204239726	-143.5147816834199	-736.9696113089444	-158.38416488765964	578.5854464212848	210.1006407668126
sub-28	reg_mOFC	reg_mOFC	-60.61072347576108	-144.7687755316548	278.86312524772956	339.4738487234906	423.63190077938435	84.15805205589372	253.89497641763904
sub-28	reg_pgACC_rACC	reg_pgACC_rACC	91.3735045961025	182.0527073304568	-133.5439409476012	-224.9174455437037	-315.59664827805796	-90.67920273435429	-203.13792550620613
sub-28	reg_putamen_L	reg_putamen_L	-204.02800600976525	-120.39238896066183	-665.408162451278	-461.3801564415128	-545.0157734906162	-83.63561704910342	-314.3256952698598
sub-28	reg_putamen_R	reg_putamen_R	385.6250281339984	118.80432708443611	-139.03226596946678	-524.6572941034651	-257.8365930539029	266.8207010495623	4.4920539978297
sub-28	reg_vmPFC	reg_vmPFC	71.80235908477103	307.13941018782765	319.3384875564363	247.53612847166528	12.199077368608641	-235.33705110305664	-111.568986867224
sub-28	reg_vmPFC_mOFC	reg_vmPFC_mOFC	-0.1709161093601324	61.504223812665664	297.338060304896	297.5089764142561	235.83383649223032	-61.6751399220258	87.07934828510227
sub-28	sensory_S1_L	sensory_S1_L	-536.5146131350285	-623.3143533848606	-1346.8140862335113	-810.2994730984827	-723.4997328486506	86.7997402498321	-318.3499962994092
sub-28	sensory_S1_R	sensory_S1_R	-210.2286071096004	-172.37862042294526	-460.2481538518667	-250.01954674226627	-287.8695334289214	-37.84998668665514	-162.8597600577883
sub-28	sensory_S2_operculum_L	sensory_S2_operculum_L	-329.57121275834305	582.4924540533152	-184.08916896159243	145.48204379675062	-766.5816230149077	-912.0636668116583	-839.3226449132829
sub-28	sensory_S2_operculum_R	sensory_S2_operculum_R	1257.599545249694	1430.491516789827	553.3740697171395	-704.2254755325546	-877.1174470726876	-172.891971540133	-525.0047093064103
sub-28	sensory_dACC_MCC	sensory_dACC_MCC	316.84315471262255	131.33601264525234	-30.634404290062776	-347.4775590026853	-161.97041693531511	185.5071420673702	11.768362566027548
sub-28	sensory_insula_all_L	sensory_insula_all_L	796.1933446486635	651.0988039076185	113.26637309708005	-682.9269715515834	-537.8324308105384	145.09454074104497	-196.36894503474673
sub-28	sensory_insula_all_R	sensory_insula_all_R	597.2390369120801	607.3880150255486	397.648241670696	-199.59079524138411	-209.73977335485262	-10.148978113468502	-109.94437573416053
sub-28	sensory_posterior_insula_L	sensory_posterior_insula_L	1021.8052086876648	804.6339732751286	69.17781609059381	-952.6273925970711	-735.4561571845347	217.17123541253625	-259.1424608859993
sub-28	sensory_posterior_insula_R	sensory_posterior_insula_R	836.9678743333241	661.9608593137436	805.0706021248012	-31.89727220852285	143.10974281105757	175.00701501958042	159.05837891531905
sub-28	sensory_thalamus_L	sensory_thalamus_L	-79.67143009532995	-86.6787749875539	-311.00676197848554	-231.3353318831556	-224.32798699093166	7.007344892223941	-108.66032104935384
sub-28	sensory_thalamus_R	sensory_thalamus_R	55.1011342104923	147.96676915427585	-241.67322947820486	-296.7743636886972	-389.6399986324807	-92.86563494378356	-241.25281678813212
sub-29	expl_amygdala_L	expl_amygdala_L	691.4481841233979	-501.8071175226766	460.92028645116704	-230.5278976722309	962.7274039738436	1193.2553016460745	1077.9913528099592
sub-29	expl_amygdala_R	expl_amygdala_R	-1083.955137704051	-791.7411072085387	-1082.944831989415	1.0103057146359333	-291.2037247808763	-292.21403049551225	-291.7088776381944
sub-29	expl_hippocampus_L	expl_hippocampus_L	-78.14607430581047	268.5874578264991	422.10533996677185	500.25141427258234	153.51788214027277	-346.73353213230956	-96.6078249960184
sub-29	expl_hippocampus_R	expl_hippocampus_R	-299.78716284574284	185.83320654657862	503.753655032993	803.5408178787359	317.92044848641433	-485.62036939232144	-83.84996045295355
sub-29	expl_hypothalamus	expl_hypothalamus	7.9974505113144	-134.3396696316312	-1224.6632905234685	-1232.6607410347829	-1090.3236208918372	142.33712014294562	-473.9932503744459
sub-29	reg_NAc_L	reg_NAc_L	-65.96140867168478	33.72746236937159	-870.7394250959671	-804.7780164242823	-904.4668874653387	-99.68887104105636	-502.0778792531976
sub-29	reg_NAc_R	reg_NAc_R	249.43529801978266	-176.3736904666315	-1564.9895446414296	-1814.4248426612123	-1388.6158541747982	425.80898848641414	-481.4034328441919
sub-29	reg_PAG_sphere	reg_PAG_sphere	-483.4060511233218	-90.77893031288079	3367.7311627065637	3851.1372138298857	3458.5100930194444	-392.627120810441	1532.9414861045016
sub-29	reg_SMA_preSMA	reg_SMA_preSMA	58.208479449674904	-593.9178354795051	66.07084292389122	7.862363474216316	659.9886784033963	652.12631492918	656.0574966662882
sub-29	reg_anterior_insula_L	reg_anterior_insula_L	644.4208014841204	24.58424731703697	-266.4375891654371	-910.8583906495575	-291.02183648247404	619.8365541670834	164.4073588423047
sub-29	reg_anterior_insula_R	reg_anterior_insula_R	581.9676087777158	-406.7814725439885	113.573171473916	-468.3944373037998	520.3546440179045	988.7490813217044	754.5518626698044
sub-29	reg_caudate_L	reg_caudate_L	376.0972706319347	-414.2171385064819	-1572.0273338054617	-1948.1246044373963	-1157.8101952989798	790.3144091384165	-183.74789308028164
sub-29	reg_caudate_R	reg_caudate_R	-130.9359899138069	-740.5033627904078	-1475.9210213146823	-1344.9850314008754	-735.4176585242745	609.5673728766009	-62.925142823836836
sub-29	reg_dlPFC_IFJ_L	reg_dlPFC_IFJ_L	48.936903394235166	-141.2970642830498	-359.5225238804785	-408.4594272747137	-218.2254595974287	190.23396767728497	-13.995745960071872
sub-29	reg_dlPFC_IFJ_R	reg_dlPFC_IFJ_R	22.342361612083327	-278.3079879879558	-31.419191754075825	-53.76155336615915	246.88879623388	300.65034960003914	273.7695729169596
sub-29	reg_mOFC	reg_mOFC	160.12049541563167	517.3044237170084	683.7579306005189	523.6374351848872	166.4535068835105	-357.1839283013767	-95.36521070893309
sub-29	reg_pgACC_rACC	reg_pgACC_rACC	247.3658602521262	288.53276081727756	-105.5347247833851	-352.9005850355113	-394.0674856006627	-41.166900565151366	-217.61719308290702
sub-29	reg_putamen_L	reg_putamen_L	221.55345095256342	-348.7970386183837	-1670.3737914302455	-1891.927242382809	-1321.5767528118618	570.350489570947	-375.61313162045735
sub-29	reg_putamen_R	reg_putamen_R	1283.460444165021	-485.8669142937152	-1140.400513305747	-2423.860957470768	-654.5335990120318	1769.3273584587362	557.3968797233522
sub-29	reg_vmPFC	reg_vmPFC	-155.26070203662712	858.2063253566146	-353.3197259382264	-198.05902390159926	-1211.526051294841	-1013.4670273932417	-1112.4965393440414
sub-29	reg_vmPFC_mOFC	reg_vmPFC_mOFC	16.16509121843659	672.90872555418	210.38496341992558	194.21987220148898	-462.5237621342544	-656.7436343357434	-559.633698234999
sub-29	sensory_S1_L	sensory_S1_L	-865.4092804163649	-292.53523130288124	1228.0062489793847	2093.4155293957497	1520.541480282266	-572.8740491134837	473.83371558439114
sub-29	sensory_S1_R	sensory_S1_R	-310.2568778258784	70.64802183087652	976.4287391121057	1286.6856169379842	905.7807172812293	-380.90489965675494	262.43790881223714
sub-29	sensory_S2_operculum_L	sensory_S2_operculum_L	-748.2888458512401	-7.4642420987834335	708.812859052452	1457.1017049036923	716.2771011512355	-740.8246037524567	-12.27375130061061
sub-29	sensory_S2_operculum_R	sensory_S2_operculum_R	799.7110711692924	302.0353473398066	1748.192123699857	948.4810525305645	1446.1567763600503	497.6757238294858	971.916250094768
sub-29	sensory_dACC_MCC	sensory_dACC_MCC	195.40429136061732	-40.91105758659964	143.25762677130808	-52.14666458930924	184.16868435790772	236.31534894721696	210.24201665256234
sub-29	sensory_insula_all_L	sensory_insula_all_L	215.53533810743951	70.05940901648906	234.94210365488829	19.40676554744877	164.88269463839924	145.47592909095044	155.17931186467484
sub-29	sensory_insula_all_R	sensory_insula_all_R	656.3410432076871	-303.2533464370161	618.5729245217392	-37.76811868594791	921.8262709587552	959.5943896447031	940.7103303017293
sub-29	sensory_posterior_insula_L	sensory_posterior_insula_L	206.07418516891545	241.5425004136598	1096.2572472788684	890.183062109953	854.7147468652086	-35.46831524474436	409.62321581023207
sub-29	sensory_posterior_insula_R	sensory_posterior_insula_R	387.20418424175347	-392.90732105894364	197.34981717335512	-189.85436706839835	590.2571382322988	780.1115053006971	685.184321766498
sub-29	sensory_thalamus_L	sensory_thalamus_L	345.2220818631943	-29.327178563554003	7.186558111674026	-338.0355237515203	36.51373667522803	374.54926042674833	205.53149855098818
sub-29	sensory_thalamus_R	sensory_thalamus_R	293.33165396534383	34.51657480827728	-40.760876359511144	-334.092530324855	-75.27745116778843	258.8150791570666	91.76881399463906
sub-30	expl_amygdala_L	expl_amygdala_L	-580.9617867409611	17.460368227385697	-245.5842394637181	335.377547277243	-263.0446076911038	-598.4221549683468	-430.73338132972526
sub-30	expl_amygdala_R	expl_amygdala_R	231.20003539808604	108.1952943478829	-1038.0788646608312	-1269.2789000589173	-1146.2741590087142	123.00474105020314	-511.6347089792555
sub-30	expl_hippocampus_L	expl_hippocampus_L	-715.8787235899439	211.77515173647973	-236.84975631393223	479.02896727601166	-448.62490805041193	-927.6538753264236	-688.1393916884178
sub-30	expl_hippocampus_R	expl_hippocampus_R	-441.37385395827476	-99.62898423421132	-507.3687294211213	-65.99487546284655	-407.73974518691	-341.74486972406345	-374.74230745548675
sub-30	expl_hypothalamus	expl_hypothalamus	258.571434675312	371.0499102747099	1.9078939105110293	-256.663540764801	-369.14201636419887	-112.47847559939788	-240.81024598179837
sub-30	reg_NAc_L	reg_NAc_L	341.617008401455	95.66351009320562	-206.19131199600253	-547.8083203974575	-301.85482208920814	245.95349830824938	-27.95066189047938
sub-30	reg_NAc_R	reg_NAc_R	783.5727031916819	44.590471463856865	-45.8767765590856	-829.4494797507674	-90.46724802294247	738.982231727825	324.25749185244126
sub-30	reg_PAG_sphere	reg_PAG_sphere	1009.6275993167965	601.8693421236046	-680.9874568447867	-1690.6150561615832	-1282.8567989683913	407.75825719319187	-437.54927088759973
sub-30	reg_SMA_preSMA	reg_SMA_preSMA	155.12201602194358	131.96829612078793	463.22630219093287	308.1042861689893	331.2580060701449	23.153719901155654	177.20586298565027
sub-30	reg_anterior_insula_L	reg_anterior_insula_L	1233.563102987991	1143.3070322181254	1179.4745645351372	-54.088538452853754	36.16753231701182	90.25607076986557	63.211801543438696
sub-30	reg_anterior_insula_R	reg_anterior_insula_R	1698.6631129273478	1500.7794123271017	1876.8630299004421	178.19991697309433	376.08361757334046	197.88370060024613	286.9836590867933
sub-30	reg_caudate_L	reg_caudate_L	1145.9642314871753	195.94361491999626	584.1440124250698	-561.8202190621055	388.20039750507357	950.0206165671791	669.1105070361264
sub-30	reg_caudate_R	reg_caudate_R	1175.9140889353653	177.226025955992	580.1018733793168	-595.8122155560485	402.8758474233248	998.6880629793733	700.781955201349
sub-30	reg_dlPFC_IFJ_L	reg_dlPFC_IFJ_L	75.41925698848263	-40.81193861277636	548.1774007059121	472.75814371742945	588.9893393186884	116.23119560125899	352.6102674599737
sub-30	reg_dlPFC_IFJ_R	reg_dlPFC_IFJ_R	884.1442776302831	250.2310875576549	632.2353809824801	-251.90889664780298	382.0042934248253	633.9131900726283	507.95874174872677
sub-30	reg_mOFC	reg_mOFC	64.85031346599968	332.7251314484169	224.12988261613663	159.27956915013695	-108.59524883228028	-267.8748179824172	-188.23503340734874
sub-30	reg_pgACC_rACC	reg_pgACC_rACC	146.71514781132666	3.8304749137741787	95.8408842434367	-50.874263567889955	92.01040932966252	142.8846728975525	117.4475411136075
sub-30	reg_putamen_L	reg_putamen_L	-149.82474626611014	-83.08858652147485	-808.7045021460003	-658.8797558798901	-725.6159156245254	-66.73615974463529	-396.1760376845804
sub-30	reg_putamen_R	reg_putamen_R	-178.51058733456978	22.951434618316192	-362.8382981065237	-184.32771077195395	-385.7897327248399	-201.46202195288598	-293.6258773388629
sub-30	reg_vmPFC	reg_vmPFC	-348.8973643392434	16.571534557185295	-129.6061999648074	219.291164374436	-146.17773452199268	-365.4688988964287	-255.82331670921067
sub-30	reg_vmPFC_mOFC	reg_vmPFC_mOFC	-124.00436358912926	188.41716636825598	62.66743286185183	186.67179645098108	-125.74973350640414	-312.42152995738525	-219.0856317318947
sub-30	sensory_S1_L	sensory_S1_L	-707.1341577732512	-337.7371481725233	-134.72629510046573	572.4078626727855	203.01085307205756	-369.3970096007279	-83.19307826433516
sub-30	sensory_S1_R	sensory_S1_R	-565.1534362971541	-344.34528628943957	288.50007056616494	853.6535068633191	632.8453568556045	-220.80815000771457	206.01860342394497
sub-30	sensory_S2_operculum_L	sensory_S2_operculum_L	118.55057898808181	417.825915414384	38.1389537583975	-80.41162522968432	-379.68696165598647	-299.27533642630215	-339.48114904114436
sub-30	sensory_S2_operculum_R	sensory_S2_operculum_R	657.9270843606389	1128.8059933237455	1260.099400148363	602.1723157877241	131.29340682461748	-470.8789089631066	-169.79275106924456
sub-30	sensory_dACC_MCC	sensory_dACC_MCC	294.89053888892266	122.68535126521056	354.11169147398715	59.22115258506449	231.4263402087766	172.2051876237121	201.81576391624435
sub-30	sensory_insula_all_L	sensory_insula_all_L	805.7793958073573	1087.0674465820541	523.1253274698455	-282.65406833751183	-563.9421191122086	-281.2880507746968	-422.61508494345276
sub-30	sensory_insula_all_R	sensory_insula_all_R	748.1826723086357	1403.5786364792978	820.9763023685421	72.79363005990638	-582.6023341107557	-655.3959641706621	-618.9991491407088
sub-30	sensory_posterior_insula_L	sensory_posterior_insula_L	653.7763242919633	1260.4993877087954	-32.88670193421124	-686.6630262261746	-1293.3860896430067	-606.7230634168321	-950.0545765299194
sub-30	sensory_posterior_insula_R	sensory_posterior_insula_R	649.4667213470923	1387.9077052655712	-34.71229513007336	-684.1790164771656	-1422.6200003956446	-738.4409839184789	-1080.5304921570616
sub-30	sensory_thalamus_L	sensory_thalamus_L	-333.68537783530564	-103.52476578529004	-374.6016179862315	-40.91624015092583	-271.0768522009414	-230.1606120500156	-250.61873212547854
sub-30	sensory_thalamus_R	sensory_thalamus_R	-133.30237739125977	133.20219777313156	-176.12290257540826	-42.820525184148494	-309.3251003485398	-266.5045751643913	-287.91483775646554
sub-31	expl_amygdala_L	expl_amygdala_L	712.7194102246351	-53.042759783113496	-298.422620552091	-1011.1420307767262	-245.37986076897752	765.7621700077486	260.19115461938554
sub-31	expl_amygdala_R	expl_amygdala_R	134.85801679442426	-121.20040716239475	-153.31722513158434	-288.1752419260086	-32.11681796918958	256.058423956819	111.97080299381471
sub-31	expl_hippocampus_L	expl_hippocampus_L	-105.68365143151004	223.2062008251517	-24.684710621937768	80.99894080957228	-247.89091144708948	-328.88985225666175	-288.39038185187565
sub-31	expl_hippocampus_R	expl_hippocampus_R	15.854180164408353	40.921747941864886	142.69197622789846	126.83779606349012	101.77022828603359	-25.06756777745653	38.35133025428852
sub-31	expl_hypothalamus	expl_hypothalamus	152.74060365987293	300.5818176383843	189.04789340595897	36.30728974608604	-111.5339242324253	-147.84121397851135	-129.68756910546833
sub-31	reg_NAc_L	reg_NAc_L	-109.7630967033136	454.9593409943707	797.8291775958621	907.5922742991758	342.86983660149144	-564.7224376976843	-110.92630054809644
sub-31	reg_NAc_R	reg_NAc_R	-253.00885500499663	338.5726529644398	181.28909169781588	434.2979467028125	-157.2835612666239	-591.5815079694364	-374.43253461803016
sub-31	reg_PAG_sphere	reg_PAG_sphere	831.9825300247855	435.26838375706814	-1097.8657776049022	-1929.8483076296877	-1533.1341613619702	396.7141462677174	-568.2100075471265
sub-31	reg_SMA_preSMA	reg_SMA_preSMA	176.14666816754595	381.7608332422803	190.35661334187907	14.209945174333114	-191.40421990040122	-205.61416507473433	-198.50919248756776
sub-31	reg_anterior_insula_L	reg_anterior_insula_L	247.24593427270565	916.9647803529115	547.7634558456884	300.5175215729828	-369.20132450722303	-669.7188460802058	-519.4600852937144
sub-31	reg_anterior_insula_R	reg_anterior_insula_R	87.09534194425132	941.7735756749813	1489.3653611425282	1402.270019198277	547.5917854675469	-854.67823373073	-153.54322413159161
sub-31	reg_caudate_L	reg_caudate_L	121.15254210766054	51.591519816871774	185.33387082593305	64.18132871827251	133.74235100906128	69.56102229078877	101.65168664992501
sub-31	reg_caudate_R	reg_caudate_R	-136.54884685133646	-69.47926591255136	522.1155665789628	658.6644134302992	591.5948324915141	-67.06958093878511	262.26262577636453
sub-31	reg_dlPFC_IFJ_L	reg_dlPFC_IFJ_L	-112.76740729106112	-383.7919207052684	294.80385054326956	407.5712578343307	678.595771248538	271.02451341420726	474.8101423313726
sub-31	reg_dlPFC_IFJ_R	reg_dlPFC_IFJ_R	18.01317049079671	-544.8226903444396	45.249132352131255	27.235961861334545	590.0718226965708	562.8358608352363	576.4538417659036
sub-31	reg_mOFC	reg_mOFC	158.72544235730408	13.087323910089097	-116.0796263405845	-274.8050686978886	-129.1669502506736	145.638118447215	8.235584098270692
sub-31	reg_pgACC_rACC	reg_pgACC_rACC	1.9461193549927487	122.1911007128561	183.3056451466401	181.35952579164734	61.114544433784005	-120.24498135786335	-29.565218462039667
sub-31	reg_putamen_L	reg_putamen_L	-461.0795421891859	-106.87403818977639	295.58691807140497	756.6664602605908	402.46095626118137	-354.2055039994095	24.127726130885932
sub-31	reg_putamen_R	reg_putamen_R	-363.70832534235535	-26.3377513166306	820.1949625405399	1183.9032878828953	846.5327138571705	-337.37057402572475	254.58106991572288
sub-31	reg_vmPFC	reg_vmPFC	-257.4278291703023	-134.88005944846887	-130.674581910112	126.75324726019028	4.20547753835686	-122.54776972183342	-59.17114609173828
sub-31	reg_vmPFC_mOFC	reg_vmPFC_mOFC	-31.227265333257357	-54.45222712040484	-122.74147791964643	-91.51421258638908	-68.28925079924159	23.224961787147485	-22.532144506047047
sub-31	sensory_S1_L	sensory_S1_L	-225.55788741096163	-216.85639033913793	-245.37720742790398	-19.819320016942356	-28.52081708876605	-8.701497071823695	-18.611157080294873
sub-31	sensory_S1_R	sensory_S1_R	238.4301763100767	-115.90602155463208	-76.56294310553234	-314.99311941560904	39.343078449099735	354.33619786470877	196.83963815690424
sub-31	sensory_S2_operculum_L	sensory_S2_operculum_L	261.683818193159	890.3116268181781	382.9227279204896	121.23890972733057	-507.3888988976885	-628.627808625019	-568.0083537613538
sub-31	sensory_S2_operculum_R	sensory_S2_operculum_R	1116.9107527812507	700.3950201805272	933.4587589471159	-183.45199383413478	233.0637387665887	416.5157326007235	324.7897356836562
sub-31	sensory_dACC_MCC	sensory_dACC_MCC	362.2659925540198	384.57122940706114	388.8304113506332	26.56441879661338	4.2591819435720595	-22.305236853041322	-9.023027454734631
sub-31	sensory_insula_all_L	sensory_insula_all_L	22.402061504810764	720.5985171870201	506.2004789895477	483.79841748473694	-214.39803819747237	-698.1964556822094	-456.2972469398409
sub-31	sensory_insula_all_R	sensory_insula_all_R	213.82073434030093	651.845439080973	1318.6343477876055	1104.8136134473045	666.7889087066325	-438.0247047406721	114.3821019829802
sub-31	sensory_posterior_insula_L	sensory_posterior_insula_L	-192.9908799063814	725.9427183770114	700.2608671994319	893.2517471058134	-25.68185117757946	-918.9335982833927	-472.30772473048614
sub-31	sensory_posterior_insula_R	sensory_posterior_insula_R	242.8386684501228	557.7609662133477	987.4228204765426	744.5841520264198	429.66185426319487	-314.92229776322495	57.36977824998496
sub-31	sensory_thalamus_L	sensory_thalamus_L	-399.56331363959475	191.2744709933049	73.96225402057186	473.52556766016664	-117.31221697273304	-590.8377846328997	-354.07500080281636
sub-31	sensory_thalamus_R	sensory_thalamus_R	-244.89605327112204	204.63458088816904	99.01189925121234	343.90795252233437	-105.6226816369567	-449.5306341592911	-277.5766578981239
sub-32	expl_amygdala_L	expl_amygdala_L	135.94847208118279	245.79571178671378	-276.22100096401095	-412.16947304519374	-522.0167127507248	-109.847239705531	-315.93197622812784
sub-32	expl_amygdala_R	expl_amygdala_R	883.6143450009198	248.6859454964575	-651.9104489949804	-1535.5247939959002	-900.5963944914379	634.9283995044623	-132.83399749348777
sub-32	expl_hippocampus_L	expl_hippocampus_L	345.63030488734154	274.09212451694583	-244.3250992624002	-589.9554041497418	-518.417223779346	71.53818037039571	-223.43952170447517
sub-32	expl_hippocampus_R	expl_hippocampus_R	104.11349795349042	251.93930386726103	-100.368772826668	-204.48227078015844	-352.308076693929	-147.8258059137706	-250.06694130384983
sub-32	expl_hypothalamus	expl_hypothalamus	-117.95617654288233	-1.5795595551004393	445.91280178263116	563.8689783255135	447.4923613377316	-116.37661698778189	165.55787217497488
sub-32	reg_NAc_L	reg_NAc_L	638.2579025920425	-17.09962912151618	-175.85961189940616	-814.1175144914487	-158.75998277788997	655.3575317135586	248.29877446783433
sub-32	reg_NAc_R	reg_NAc_R	411.3473298110119	239.93382744383283	13.878800281398776	-397.46852952961314	-226.05502716243404	171.41350236717906	-27.320762397627504
sub-32	reg_PAG_sphere	reg_PAG_sphere	1143.8452711713169	476.6143466366896	90.23267859903244	-1053.6125925722845	-386.38166803765716	667.2309245346273	140.42462824848502
sub-32	reg_SMA_preSMA	reg_SMA_preSMA	215.41192915791257	-246.85980401629735	259.5751803364425	44.16325117852992	506.43498435273983	462.2717331742099	484.3533587634749
sub-32	reg_anterior_insula_L	reg_anterior_insula_L	194.19599592369508	498.53975342549984	87.6851180497007	-106.51087787399437	-410.85463537579915	-304.34375750180476	-357.599196438802
sub-32	reg_anterior_insula_R	reg_anterior_insula_R	-189.2418981395309	100.16379183208797	216.12718436332335	405.3690825028542	115.96339253123539	-289.40568997161887	-86.72114872019174
sub-32	reg_caudate_L	reg_caudate_L	652.9944213620577	53.38523132687072	-35.097255652392036	-688.0916770144497	-88.48248697926276	599.6091900351869	255.56335152796208
sub-32	reg_caudate_R	reg_caudate_R	1115.734266960364	429.97214956630387	529.3836606446062	-586.3506063157579	99.41151107830228	685.7621173940602	392.5868142361812
sub-32	reg_dlPFC_IFJ_L	reg_dlPFC_IFJ_L	895.4548248834587	280.92612119903913	1442.611118387064	547.1562935036052	1161.6849971880247	614.5287036844196	888.1068504362221
sub-32	reg_dlPFC_IFJ_R	reg_dlPFC_IFJ_R	-270.4185521887704	-327.3191138832898	59.269934144827275	329.68848633359767	386.5890480281171	56.90056169451941	221.74480486131824
sub-32	reg_mOFC	reg_mOFC	586.0652479361609	359.73529768551856	476.11524923969	-109.94999869647086	116.37995155417144	226.3299502506423	171.35495090240687
sub-32	reg_pgACC_rACC	reg_pgACC_rACC	72.46983817698538	130.65885106402143	189.50380615328004	117.03396797629466	58.844955089258605	-58.18901288703606	0.3279711011112738
sub-32	reg_putamen_L	reg_putamen_L	-896.954042426747	47.55575357212986	-223.8308004395971	673.1232419871499	-271.38655401172696	-944.5097959988769	-607.948175005302
sub-32	reg_putamen_R	reg_putamen_R	-408.0007054609884	72.09761277493794	53.59028416409588	461.59098962508426	-18.507328610842066	-480.09831823592634	-249.3028234233842
sub-32	reg_vmPFC	reg_vmPFC	425.02194877783523	356.32002193011374	534.980986736844	109.95903795900875	178.66096480673025	68.7019268477215	123.68144582722584
sub-32	reg_vmPFC_mOFC	reg_vmPFC_mOFC	512.5572093756098	358.17639878544844	502.98445102861467	-9.572758346995101	144.80805224316623	154.38081059016133	149.59443141666378
sub-32	sensory_S1_L	sensory_S1_L	-865.4153826371901	-496.57852843296934	136.9285310899136	1002.3439137271037	633.507059522883	-368.83685420422074	132.33510265933108
sub-32	sensory_S1_R	sensory_S1_R	-473.6755645464612	-260.67754317649076	9.279454011120333	482.9550185575815	269.9569971876111	-212.99802136997044	28.479487908820317
sub-32	sensory_S2_operculum_L	sensory_S2_operculum_L	90.53962875283305	355.57437960238616	-48.47084660767257	-139.0104753605056	-404.04522621005873	-265.0347508495531	-334.5399885298059
sub-32	sensory_S2_operculum_R	sensory_S2_operculum_R	923.9641142914548	450.8534395517805	645.6804233627737	-278.28369092868115	194.82698381099317	473.1106747396743	333.96882927533375
sub-32	sensory_dACC_MCC	sensory_dACC_MCC	-80.73856085884263	-157.212294062012	157.79215727229706	238.53071813113968	315.00445133430907	76.47373320316937	195.73909226873923
sub-32	sensory_insula_all_L	sensory_insula_all_L	13.745248975422067	295.9812631984136	276.47704192270413	262.7317929472821	-19.504221275709483	-282.23601422299157	-150.87011774935053
sub-32	sensory_insula_all_R	sensory_insula_all_R	-18.929116774266323	88.23892416105656	317.61313798937834	336.5422547636447	229.37421382832179	-107.16804093532288	61.10308644649945
sub-32	sensory_posterior_insula_L	sensory_posterior_insula_L	266.6686882921708	114.12552887804847	401.7330275794511	135.0643392872803	287.6074987014026	152.54315941412236	220.0753290577625
sub-32	sensory_posterior_insula_R	sensory_posterior_insula_R	98.4048287870867	185.8318332819727	670.3593281723236	571.9544993852369	484.52749489035085	-87.427004494886	198.5502451977324
sub-32	sensory_thalamus_L	sensory_thalamus_L	-54.11041130127455	-73.77517787190247	-288.70486529307976	-234.5944539918052	-214.92968742117728	19.66476657062792	-97.63246042527469
sub-32	sensory_thalamus_R	sensory_thalamus_R	233.04470012678195	-124.47471950172732	-25.050021505603944	-258.09472163238587	99.42469799612337	357.51941962850924	228.47205881231633
sub-33	expl_amygdala_L	expl_amygdala_L	177.60324053444754	-198.58713810519575	-616.1637782911322	-793.7670188255797	-417.5766401859364	376.1903786396433	-20.693130773146578
sub-33	expl_amygdala_R	expl_amygdala_R	31.169153142720894	238.22270298773086	-248.7958803374745	-279.9650334801954	-487.0185833252053	-207.05354984500997	-347.0360665851077
sub-33	expl_hippocampus_L	expl_hippocampus_L	436.5336267463401	-110.16194854735424	-309.6164787887776	-746.1501055351177	-199.45453024142336	546.6955752936943	173.62052252613546
sub-33	expl_hippocampus_R	expl_hippocampus_R	206.47628059030475	-251.98226748287414	-485.18355673306013	-691.6598373233649	-233.201289250186	458.4585480731789	112.62862941149643
sub-33	expl_hypothalamus	expl_hypothalamus	732.102099215666	227.45955324488966	470.23105557393535	-261.8710436417307	242.7715023290457	504.6425459707764	373.70702414991104
sub-33	reg_NAc_L	reg_NAc_L	641.7833568972235	105.66898761716205	-647.6017746680029	-1289.3851315652264	-753.270762285165	536.1143692800614	-108.57819650255176
sub-33	reg_NAc_R	reg_NAc_R	567.8212307962688	167.90002304163053	-830.7929619628609	-1398.6141927591298	-998.6929850044914	399.9212077546382	-299.38588862492657
sub-33	reg_PAG_sphere	reg_PAG_sphere	-4047.6923840728136	-617.8044270340437	-860.9903961942728	3186.701987878541	-243.1859691602291	-3429.88795703877	-1836.5369630994996
sub-33	reg_SMA_preSMA	reg_SMA_preSMA	131.93899822883196	-72.14014731320958	-593.2504938384172	-725.1894920672491	-521.1103465252077	204.07914554204154	-158.51560049158306
sub-33	reg_anterior_insula_L	reg_anterior_insula_L	1482.6990607022049	490.4456543517678	-847.9086517397711	-2330.607712441976	-1338.354306091539	992.253406350437	-173.05044987055095
sub-33	reg_anterior_insula_R	reg_anterior_insula_R	1742.4968726672348	693.3903471446264	-221.26747260811788	-1963.7643452753528	-914.6578197527442	1049.1065255226085	67.22435288493205
sub-33	reg_caudate_L	reg_caudate_L	239.84682505741966	-44.72503503383178	-770.9378272732267	-1010.7846523306464	-726.212792239395	284.57186009125144	-220.82046607407176
sub-33	reg_caudate_R	reg_caudate_R	-235.67680172888996	-0.2771145992200241	-591.1478470416085	-355.4710453127186	-590.8707324423885	-235.39968712966993	-413.13520978602924
sub-33	reg_dlPFC_IFJ_L	reg_dlPFC_IFJ_L	336.378289841233	-78.3641892821752	-451.3393274172786	-787.7176172585116	-372.9751381351034	414.7424791234082	20.883670494152426
sub-33	reg_dlPFC_IFJ_R	reg_dlPFC_IFJ_R	539.3966619899401	37.493022272862326	-1169.5958165487077	-1708.992478538648	-1207.08883882157	501.90363971707774	-352.59259955224616
sub-33	reg_mOFC	reg_mOFC	-231.0487021125867	66.96002872702772	-289.949192528367	-58.9004904157803	-356.90922125539475	-298.00873083961443	-327.4589760475046
sub-33	reg_pgACC_rACC	reg_pgACC_rACC	183.66746686065835	60.1135385777675	-621.292544512341	-804.9600113729994	-681.4060830901085	123.55392828289085	-278.9260774036088
sub-33	reg_putamen_L	reg_putamen_L	880.1503915983667	-190.43225359523294	-552.139865480771	-1432.2902570791377	-361.7076118855381	1070.5826451935995	354.4375166540308
sub-33	reg_putamen_R	reg_putamen_R	618.4454336133433	6.0127350060386835	-937.3259822119946	-1555.771415825338	-943.3387172180334	612.4326986073046	-165.45300930536436
sub-33	reg_vmPFC	reg_vmPFC	-209.44836964067608	-44.079791679726526	-1100.9649031680583	-891.5165335273822	-1056.8851114883319	-165.36857796094955	-611.1268447246406
sub-33	reg_vmPFC_mOFC	reg_vmPFC_mOFC	-221.189253873733	16.276023599995316	-660.1364306344254	-438.9471767606924	-676.4124542344208	-237.46527747372832	-456.93886585407455
sub-33	sensory_S1_L	sensory_S1_L	-773.0809803096512	-1075.0709325904613	-1254.71628060927	-481.63530029961873	-179.6453480188086	301.98995228081014	61.17230213100083
sub-33	sensory_S1_R	sensory_S1_R	-226.10161952377194	-212.91409726280352	-449.61362205495334	-223.5120025311814	-236.69952479214982	-13.187522260968422	-124.94352352655909
sub-33	sensory_S2_operculum_L	sensory_S2_operculum_L	-401.652891149721	-512.836679881961	-1473.839839454577	-1072.186948304856	-961.003159572616	111.18378873224003	-424.909685420188
sub-33	sensory_S2_operculum_R	sensory_S2_operculum_R	396.8213783305733	347.19218067051656	-316.3955455391662	-713.2169238697395	-663.5877262096828	49.62919766005672	-306.97926427481303
sub-33	sensory_dACC_MCC	sensory_dACC_MCC	97.35800870749571	-172.325326639475	-571.2900046253396	-668.6480133328354	-398.9646779858646	269.6833353469707	-64.64067131944694
sub-33	sensory_insula_all_L	sensory_insula_all_L	926.995519303515	324.3873954741868	-515.9102672163211	-1442.905786519836	-840.2976626905079	602.6081238293282	-118.84476943058985
sub-33	sensory_insula_all_R	sensory_insula_all_R	1141.098563830788	500.3111291487558	-275.7456900637518	-1416.8442538945396	-776.0568192125077	640.7874346820322	-67.63469226523773
sub-33	sensory_posterior_insula_L	sensory_posterior_insula_L	726.1288267026429	278.3775297708588	-145.47333589085693	-871.6021625934998	-423.8508656617157	447.75129693178405	11.95021563503417
sub-33	sensory_posterior_insula_R	sensory_posterior_insula_R	481.4290582844402	186.55667754611304	-327.532847401748	-808.9619056861882	-514.089524947861	294.87238073832714	-109.60857210476692
sub-33	sensory_thalamus_L	sensory_thalamus_L	51.917620803374234	-415.91114253723094	-1016.304073814367	-1068.2216946177414	-600.3929312771361	467.8287633406052	-66.28208396826545
sub-33	sensory_thalamus_R	sensory_thalamus_R	63.814860730850775	-173.68002690414772	-640.2637268203655	-704.0785875512163	-466.58369991621777	237.4948876349985	-114.54440614060962
