subject	run	run_label	status	n_trials	n_rois_extracted	out_file	bold	events_file
sub-01	1	run-01	OK	11	32	<PROJECT_ROOT>/derivatives/trialwise_ROI_FC_EC_analysis/per_run/sub-01_run-01_roi_lss.tsv	<PROJECT_ROOT>/derivatives/fmriprep/sub-01/func/sub-01_task-heatpainwithregulationandratings_run-01_space-MNI152NLin2009cAsym_desc-preproc_bold.nii.gz	<PROJECT_ROOT>/derivatives/first_level_inputs_analysis/sub-01/run-01/events_stim.tsv
sub-01	2	run-02	OK	11	32	<PROJECT_ROOT>/derivatives/trialwise_ROI_FC_EC_analysis/per_run/sub-01_run-02_roi_lss.tsv	<PROJECT_ROOT>/derivatives/fmriprep/sub-01/func/sub-01_task-heatpainwithregulationandratings_run-02_space-MNI152NLin2009cAsym_desc-preproc_bold.nii.gz	<PROJECT_ROOT>/derivatives/first_level_inputs_analysis/sub-01/run-02/events_stim.tsv
sub-01	3	run-03	OK	10	32	<PROJECT_ROOT>/derivatives/trialwise_ROI_FC_EC_analysis/per_run/sub-01_run-03_roi_lss.tsv	<PROJECT_ROOT>/derivatives/fmriprep/sub-01/func/sub-01_task-heatpainwithregulationandratings_run-03_space-MNI152NLin2009cAsym_desc-preproc_bold.nii.gz	<PROJECT_ROOT>/derivatives/first_level_inputs_analysis/sub-01/run-03/events_stim.tsv
sub-01	4	run-04	OK	11	32	<PROJECT_ROOT>/derivatives/trialwise_ROI_FC_EC_analysis/per_run/sub-01_run-04_roi_lss.tsv	<PROJECT_ROOT>/derivatives/fmriprep/sub-01/func/sub-01_task-heatpainwithregulationandratings_run-04_space-MNI152NLin2009cAsym_desc-preproc_bold.nii.gz	<PROJECT_ROOT>/derivatives/first_level_inputs_analysis/sub-01/run-04/events_stim.tsv
sub-01	5	run-05	OK	11	32	<PROJECT_ROOT>/derivatives/trialwise_ROI_FC_EC_analysis/per_run/sub-01_run-05_roi_lss.tsv	<PROJECT_ROOT>/derivatives/fmriprep/sub-01/func/sub-01_task-heatpainwithregulationandratings_run-05_space-MNI152NLin2009cAsym_desc-preproc_bold.nii.gz	<PROJECT_ROOT>/derivatives/first_level_inputs_analysis/sub-01/run-05/events_stim.tsv
sub-01	6	run-06	OK	11	32	<PROJECT_ROOT>/derivatives/trialwise_ROI_FC_EC_analysis/per_run/sub-01_run-06_roi_lss.tsv	<PROJECT_ROOT>/derivatives/fmriprep/sub-01/func/sub-01_task-heatpainwithregulationandratings_run-06_space-MNI152NLin2009cAsym_desc-preproc_bold.nii.gz	<PROJECT_ROOT>/derivatives/first_level_inputs_analysis/sub-01/run-06/events_stim.tsv
sub-01	7	run-07	OK	10	32	<PROJECT_ROOT>/derivatives/trialwise_ROI_FC_EC_analysis/per_run/sub-01_run-07_roi_lss.tsv	<PROJECT_ROOT>/derivatives/fmriprep/sub-01/func/sub-01_task-heatpainwithregulationandratings_run-07_space-MNI152NLin2009cAsym_desc-preproc_bold.nii.gz	<PROJECT_ROOT>/derivatives/first_level_inputs_analysis/sub-01/run-07/events_stim.tsv
sub-01	8	run-08	OK	11	32	<PROJECT_ROOT>/derivatives/trialwise_ROI_FC_EC_analysis/per_run/sub-01_run-08_roi_lss.tsv	<PROJECT_ROOT>/derivatives/fmriprep/sub-01/func/sub-01_task-heatpainwithregulationandratings_run-08_space-MNI152NLin2009cAsym_desc-preproc_bold.nii.gz	<PROJECT_ROOT>/derivatives/first_level_inputs_analysis/sub-01/run-08/events_stim.tsv
sub-01	9	run-09	OK	11	32	<PROJECT_ROOT>/derivatives/trialwise_ROI_FC_EC_analysis/per_run/sub-01_run-09_roi_lss.tsv	<PROJECT_ROOT>/derivatives/fmriprep/sub-01/func/sub-01_task-heatpainwithregulationandratings_run-09_space-MNI152NLin2009cAsym_desc-preproc_bold.nii.gz	<PROJECT_ROOT>/derivatives/first_level_inputs_analysis/sub-01/run-09/events_stim.tsv
sub-02	1	run-01	OK	11	32	<PROJECT_ROOT>/derivatives/trialwise_ROI_FC_EC_analysis/per_run/sub-02_run-01_roi_lss.tsv	<PROJECT_ROOT>/derivatives/fmriprep/sub-02/func/sub-02_task-heatpainwithregulationandratings_run-01_space-MNI152NLin2009cAsym_desc-preproc_bold.nii.gz	<PROJECT_ROOT>/derivatives/first_level_inputs_analysis/sub-02/run-01/events_stim.tsv
sub-02	2	run-02	OK	11	32	<PROJECT_ROOT>/derivatives/trialwise_ROI_FC_EC_analysis/per_run/sub-02_run-02_roi_lss.tsv	<PROJECT_ROOT>/derivatives/fmriprep/sub-02/func/sub-02_task-heatpainwithregulationandratings_run-02_space-MNI152NLin2009cAsym_desc-preproc_bold.nii.gz	<PROJECT_ROOT>/derivatives/first_level_inputs_analysis/sub-02/run-02/events_stim.tsv
sub-02	3	run-03	OK	10	32	<PROJECT_ROOT>/derivatives/trialwise_ROI_FC_EC_analysis/per_run/sub-02_run-03_roi_lss.tsv	<PROJECT_ROOT>/derivatives/fmriprep/sub-02/func/sub-02_task-heatpainwithregulationandratings_run-03_space-MNI152NLin2009cAsym_desc-preproc_bold.nii.gz	<PROJECT_ROOT>/derivatives/first_level_inputs_analysis/sub-02/run-03/events_stim.tsv
sub-02	4	run-04	OK	11	32	<PROJECT_ROOT>/derivatives/trialwise_ROI_FC_EC_analysis/per_run/sub-02_run-04_roi_lss.tsv	<PROJECT_ROOT>/derivatives/fmriprep/sub-02/func/sub-02_task-heatpainwithregulationandratings_run-04_space-MNI152NLin2009cAsym_desc-preproc_bold.nii.gz	<PROJECT_ROOT>/derivatives/first_level_inputs_analysis/sub-02/run-04/events_stim.tsv
sub-02	6	run-06	OK	11	32	<PROJECT_ROOT>/derivatives/trialwise_ROI_FC_EC_analysis/per_run/sub-02_run-06_roi_lss.tsv	<PROJECT_ROOT>/derivatives/fmriprep/sub-02/func/sub-02_task-heatpainwithregulationandratings_run-06_space-MNI152NLin2009cAsym_desc-preproc_bold.nii.gz	<PROJECT_ROOT>/derivatives/first_level_inputs_analysis/sub-02/run-06/events_stim.tsv
sub-02	7	run-07	OK	10	32	<PROJECT_ROOT>/derivatives/trialwise_ROI_FC_EC_analysis/per_run/sub-02_run-07_roi_lss.tsv	<PROJECT_ROOT>/derivatives/fmriprep/sub-02/func/sub-02_task-heatpainwithregulationandratings_run-07_space-MNI152NLin2009cAsym_desc-preproc_bold.nii.gz	<PROJECT_ROOT>/derivatives/first_level_inputs_analysis/sub-02/run-07/events_stim.tsv
sub-02	9	run-09	OK	11	32	<PROJECT_ROOT>/derivatives/trialwise_ROI_FC_EC_analysis/per_run/sub-02_run-09_roi_lss.tsv	<PROJECT_ROOT>/derivatives/fmriprep/sub-02/func/sub-02_task-heatpainwithregulationandratings_run-09_space-MNI152NLin2009cAsym_desc-preproc_bold.nii.gz	<PROJECT_ROOT>/derivatives/first_level_inputs_analysis/sub-02/run-09/events_stim.tsv
sub-03	1	run-01	OK	11	32	<PROJECT_ROOT>/derivatives/trialwise_ROI_FC_EC_analysis/per_run/sub-03_run-01_roi_lss.tsv	<PROJECT_ROOT>/derivatives/fmriprep/sub-03/func/sub-03_task-heatpainwithregulationandratings_run-01_space-MNI152NLin2009cAsym_desc-preproc_bold.nii.gz	<PROJECT_ROOT>/derivatives/first_level_inputs_analysis/sub-03/run-01/events_stim.tsv
sub-03	2	run-02	OK	11	32	<PROJECT_ROOT>/derivatives/trialwise_ROI_FC_EC_analysis/per_run/sub-03_run-02_roi_lss.tsv	<PROJECT_ROOT>/derivatives/fmriprep/sub-03/func/sub-03_task-heatpainwithregulationandratings_run-02_space-MNI152NLin2009cAsym_desc-preproc_bold.nii.gz	<PROJECT_ROOT>/derivatives/first_level_inputs_analysis/sub-03/run-02/events_stim.tsv
sub-03	3	run-03	OK	10	32	<PROJECT_ROOT>/derivatives/trialwise_ROI_FC_EC_analysis/per_run/sub-03_run-03_roi_lss.tsv	<PROJECT_ROOT>/derivatives/fmriprep/sub-03/func/sub-03_task-heatpainwithregulationandratings_run-03_space-MNI152NLin2009cAsym_desc-preproc_bold.nii.gz	<PROJECT_ROOT>/derivatives/first_level_inputs_analysis/sub-03/run-03/events_stim.tsv
sub-03	4	run-04	OK	11	32	<PROJECT_ROOT>/derivatives/trialwise_ROI_FC_EC_analysis/per_run/sub-03_run-04_roi_lss.tsv	<PROJECT_ROOT>/derivatives/fmriprep/sub-03/func/sub-03_task-heatpainwithregulationandratings_run-04_space-MNI152NLin2009cAsym_desc-preproc_bold.nii.gz	<PROJECT_ROOT>/derivatives/first_level_inputs_analysis/sub-03/run-04/events_stim.tsv
sub-03	5	run-05	OK	11	32	<PROJECT_ROOT>/derivatives/trialwise_ROI_FC_EC_analysis/per_run/sub-03_run-05_roi_lss.tsv	<PROJECT_ROOT>/derivatives/fmriprep/sub-03/func/sub-03_task-heatpainwithregulationandratings_run-05_space-MNI152NLin2009cAsym_desc-preproc_bold.nii.gz	<PROJECT_ROOT>/derivatives/first_level_inputs_analysis/sub-03/run-05/events_stim.tsv
sub-03	6	run-06	OK	11	32	<PROJECT_ROOT>/derivatives/trialwise_ROI_FC_EC_analysis/per_run/sub-03_run-06_roi_lss.tsv	<PROJECT_ROOT>/derivatives/fmriprep/sub-03/func/sub-03_task-heatpainwithregulationandratings_run-06_space-MNI152NLin2009cAsym_desc-preproc_bold.nii.gz	<PROJECT_ROOT>/derivatives/first_level_inputs_analysis/sub-03/run-06/events_stim.tsv
sub-03	7	run-07	OK	10	32	<PROJECT_ROOT>/derivatives/trialwise_ROI_FC_EC_analysis/per_run/sub-03_run-07_roi_lss.tsv	<PROJECT_ROOT>/derivatives/fmriprep/sub-03/func/sub-03_task-heatpainwithregulationandratings_run-07_space-MNI152NLin2009cAsym_desc-preproc_bold.nii.gz	<PROJECT_ROOT>/derivatives/first_level_inputs_analysis/sub-03/run-07/events_stim.tsv
sub-03	8	run-08	OK	11	32	<PROJECT_ROOT>/derivatives/trialwise_ROI_FC_EC_analysis/per_run/sub-03_run-08_roi_lss.tsv	<PROJECT_ROOT>/derivatives/fmriprep/sub-03/func/sub-03_task-heatpainwithregulationandratings_run-08_space-MNI152NLin2009cAsym_desc-preproc_bold.nii.gz	<PROJECT_ROOT>/derivatives/first_level_inputs_analysis/sub-03/run-08/events_stim.tsv
sub-03	9	run-09	OK	11	32	<PROJECT_ROOT>/derivatives/trialwise_ROI_FC_EC_analysis/per_run/sub-03_run-09_roi_lss.tsv	<PROJECT_ROOT>/derivatives/fmriprep/sub-03/func/sub-03_task-heatpainwithregulationandratings_run-09_space-MNI152NLin2009cAsym_desc-preproc_bold.nii.gz	<PROJECT_ROOT>/derivatives/first_level_inputs_analysis/sub-03/run-09/events_stim.tsv
sub-04	1	run-01	OK	11	32	<PROJECT_ROOT>/derivatives/trialwise_ROI_FC_EC_analysis/per_run/sub-04_run-01_roi_lss.tsv	<PROJECT_ROOT>/derivatives/fmriprep/sub-04/func/sub-04_task-heatpainwithregulationandratings_run-01_space-MNI152NLin2009cAsym_desc-preproc_bold.nii.gz	<PROJECT_ROOT>/derivatives/first_level_inputs_analysis/sub-04/run-01/events_stim.tsv
sub-04	2	run-02	OK	11	32	<PROJECT_ROOT>/derivatives/trialwise_ROI_FC_EC_analysis/per_run/sub-04_run-02_roi_lss.tsv	<PROJECT_ROOT>/derivatives/fmriprep/sub-04/func/sub-04_task-heatpainwithregulationandratings_run-02_space-MNI152NLin2009cAsym_desc-preproc_bold.nii.gz	<PROJECT_ROOT>/derivatives/first_level_inputs_analysis/sub-04/run-02/events_stim.tsv
sub-04	3	run-03	OK	10	32	<PROJECT_ROOT>/derivatives/trialwise_ROI_FC_EC_analysis/per_run/sub-04_run-03_roi_lss.tsv	<PROJECT_ROOT>/derivatives/fmriprep/sub-04/func/sub-04_task-heatpainwithregulationandratings_run-03_space-MNI152NLin2009cAsym_desc-preproc_bold.nii.gz	<PROJECT_ROOT>/derivatives/first_level_inputs_analysis/sub-04/run-03/events_stim.tsv
sub-04	4	run-04	OK	11	32	<PROJECT_ROOT>/derivatives/trialwise_ROI_FC_EC_analysis/per_run/sub-04_run-04_roi_lss.tsv	<PROJECT_ROOT>/derivatives/fmriprep/sub-04/func/sub-04_task-heatpainwithregulationandratings_run-04_space-MNI152NLin2009cAsym_desc-preproc_bold.nii.gz	<PROJECT_ROOT>/derivatives/first_level_inputs_analysis/sub-04/run-04/events_stim.tsv
sub-04	6	run-06	OK	11	32	<PROJECT_ROOT>/derivatives/trialwise_ROI_FC_EC_analysis/per_run/sub-04_run-06_roi_lss.tsv	<PROJECT_ROOT>/derivatives/fmriprep/sub-04/func/sub-04_task-heatpainwithregulationandratings_run-06_space-MNI152NLin2009cAsym_desc-preproc_bold.nii.gz	<PROJECT_ROOT>/derivatives/first_level_inputs_analysis/sub-04/run-06/events_stim.tsv
sub-04	7	run-07	OK	10	32	<PROJECT_ROOT>/derivatives/trialwise_ROI_FC_EC_analysis/per_run/sub-04_run-07_roi_lss.tsv	<PROJECT_ROOT>/derivatives/fmriprep/sub-04/func/sub-04_task-heatpainwithregulationandratings_run-07_space-MNI152NLin2009cAsym_desc-preproc_bold.nii.gz	<PROJECT_ROOT>/derivatives/first_level_inputs_analysis/sub-04/run-07/events_stim.tsv
sub-04	8	run-08	OK	11	32	<PROJECT_ROOT>/derivatives/trialwise_ROI_FC_EC_analysis/per_run/sub-04_run-08_roi_lss.tsv	<PROJECT_ROOT>/derivatives/fmriprep/sub-04/func/sub-04_task-heatpainwithregulationandratings_run-08_space-MNI152NLin2009cAsym_desc-preproc_bold.nii.gz	<PROJECT_ROOT>/derivatives/first_level_inputs_analysis/sub-04/run-08/events_stim.tsv
sub-05	1	run-01	OK	11	32	<PROJECT_ROOT>/derivatives/trialwise_ROI_FC_EC_analysis/per_run/sub-05_run-01_roi_lss.tsv	<PROJECT_ROOT>/derivatives/fmriprep/sub-05/func/sub-05_task-heatpainwithregulationandratings_run-01_space-MNI152NLin2009cAsym_desc-preproc_bold.nii.gz	<PROJECT_ROOT>/derivatives/first_level_inputs_analysis/sub-05/run-01/events_stim.tsv
sub-05	2	run-02	OK	11	32	<PROJECT_ROOT>/derivatives/trialwise_ROI_FC_EC_analysis/per_run/sub-05_run-02_roi_lss.tsv	<PROJECT_ROOT>/derivatives/fmriprep/sub-05/func/sub-05_task-heatpainwithregulationandratings_run-02_space-MNI152NLin2009cAsym_desc-preproc_bold.nii.gz	<PROJECT_ROOT>/derivatives/first_level_inputs_analysis/sub-05/run-02/events_stim.tsv
sub-05	3	run-03	OK	10	32	<PROJECT_ROOT>/derivatives/trialwise_ROI_FC_EC_analysis/per_run/sub-05_run-03_roi_lss.tsv	<PROJECT_ROOT>/derivatives/fmriprep/sub-05/func/sub-05_task-heatpainwithregulationandratings_run-03_space-MNI152NLin2009cAsym_desc-preproc_bold.nii.gz	<PROJECT_ROOT>/derivatives/first_level_inputs_analysis/sub-05/run-03/events_stim.tsv
sub-05	4	run-04	OK	11	32	<PROJECT_ROOT>/derivatives/trialwise_ROI_FC_EC_analysis/per_run/sub-05_run-04_roi_lss.tsv	<PROJECT_ROOT>/derivatives/fmriprep/sub-05/func/sub-05_task-heatpainwithregulationandratings_run-04_space-MNI152NLin2009cAsym_desc-preproc_bold.nii.gz	<PROJECT_ROOT>/derivatives/first_level_inputs_analysis/sub-05/run-04/events_stim.tsv
sub-05	5	run-05	OK	11	32	<PROJECT_ROOT>/derivatives/trialwise_ROI_FC_EC_analysis/per_run/sub-05_run-05_roi_lss.tsv	<PROJECT_ROOT>/derivatives/fmriprep/sub-05/func/sub-05_task-heatpainwithregulationandratings_run-05_space-MNI152NLin2009cAsym_desc-preproc_bold.nii.gz	<PROJECT_ROOT>/derivatives/first_level_inputs_analysis/sub-05/run-05/events_stim.tsv
sub-05	6	run-06	OK	11	32	<PROJECT_ROOT>/derivatives/trialwise_ROI_FC_EC_analysis/per_run/sub-05_run-06_roi_lss.tsv	<PROJECT_ROOT>/derivatives/fmriprep/sub-05/func/sub-05_task-heatpainwithregulationandratings_run-06_space-MNI152NLin2009cAsym_desc-preproc_bold.nii.gz	<PROJECT_ROOT>/derivatives/first_level_inputs_analysis/sub-05/run-06/events_stim.tsv
sub-05	7	run-07	OK	10	32	<PROJECT_ROOT>/derivatives/trialwise_ROI_FC_EC_analysis/per_run/sub-05_run-07_roi_lss.tsv	<PROJECT_ROOT>/derivatives/fmriprep/sub-05/func/sub-05_task-heatpainwithregulationandratings_run-07_space-MNI152NLin2009cAsym_desc-preproc_bold.nii.gz	<PROJECT_ROOT>/derivatives/first_level_inputs_analysis/sub-05/run-07/events_stim.tsv
sub-05	8	run-08	OK	11	32	<PROJECT_ROOT>/derivatives/trialwise_ROI_FC_EC_analysis/per_run/sub-05_run-08_roi_lss.tsv	<PROJECT_ROOT>/derivatives/fmriprep/sub-05/func/sub-05_task-heatpainwithregulationandratings_run-08_space-MNI152NLin2009cAsym_desc-preproc_bold.nii.gz	<PROJECT_ROOT>/derivatives/first_level_inputs_analysis/sub-05/run-08/events_stim.tsv
sub-05	9	run-09	OK	11	32	<PROJECT_ROOT>/derivatives/trialwise_ROI_FC_EC_analysis/per_run/sub-05_run-09_roi_lss.tsv	<PROJECT_ROOT>/derivatives/fmriprep/sub-05/func/sub-05_task-heatpainwithregulationandratings_run-09_space-MNI152NLin2009cAsym_desc-preproc_bold.nii.gz	<PROJECT_ROOT>/derivatives/first_level_inputs_analysis/sub-05/run-09/events_stim.tsv
sub-06	1	run-01	OK	11	32	<PROJECT_ROOT>/derivatives/trialwise_ROI_FC_EC_analysis/per_run/sub-06_run-01_roi_lss.tsv	<PROJECT_ROOT>/derivatives/fmriprep/sub-06/func/sub-06_task-heatpainwithregulationandratings_run-01_space-MNI152NLin2009cAsym_desc-preproc_bold.nii.gz	<PROJECT_ROOT>/derivatives/first_level_inputs_analysis/sub-06/run-01/events_stim.tsv
sub-06	2	run-02	OK	11	32	<PROJECT_ROOT>/derivatives/trialwise_ROI_FC_EC_analysis/per_run/sub-06_run-02_roi_lss.tsv	<PROJECT_ROOT>/derivatives/fmriprep/sub-06/func/sub-06_task-heatpainwithregulationandratings_run-02_space-MNI152NLin2009cAsym_desc-preproc_bold.nii.gz	<PROJECT_ROOT>/derivatives/first_level_inputs_analysis/sub-06/run-02/events_stim.tsv
sub-06	3	run-03	OK	10	32	<PROJECT_ROOT>/derivatives/trialwise_ROI_FC_EC_analysis/per_run/sub-06_run-03_roi_lss.tsv	<PROJECT_ROOT>/derivatives/fmriprep/sub-06/func/sub-06_task-heatpainwithregulationandratings_run-03_space-MNI152NLin2009cAsym_desc-preproc_bold.nii.gz	<PROJECT_ROOT>/derivatives/first_level_inputs_analysis/sub-06/run-03/events_stim.tsv
sub-06	4	run-04	OK	11	32	<PROJECT_ROOT>/derivatives/trialwise_ROI_FC_EC_analysis/per_run/sub-06_run-04_roi_lss.tsv	<PROJECT_ROOT>/derivatives/fmriprep/sub-06/func/sub-06_task-heatpainwithregulationandratings_run-04_space-MNI152NLin2009cAsym_desc-preproc_bold.nii.gz	<PROJECT_ROOT>/derivatives/first_level_inputs_analysis/sub-06/run-04/events_stim.tsv
sub-06	5	run-05	OK	11	32	<PROJECT_ROOT>/derivatives/trialwise_ROI_FC_EC_analysis/per_run/sub-06_run-05_roi_lss.tsv	<PROJECT_ROOT>/derivatives/fmriprep/sub-06/func/sub-06_task-heatpainwithregulationandratings_run-05_space-MNI152NLin2009cAsym_desc-preproc_bold.nii.gz	<PROJECT_ROOT>/derivatives/first_level_inputs_analysis/sub-06/run-05/events_stim.tsv
sub-06	6	run-06	OK	11	32	<PROJECT_ROOT>/derivatives/trialwise_ROI_FC_EC_analysis/per_run/sub-06_run-06_roi_lss.tsv	<PROJECT_ROOT>/derivatives/fmriprep/sub-06/func/sub-06_task-heatpainwithregulationandratings_run-06_space-MNI152NLin2009cAsym_desc-preproc_bold.nii.gz	<PROJECT_ROOT>/derivatives/first_level_inputs_analysis/sub-06/run-06/events_stim.tsv
sub-06	7	run-07	OK	10	32	<PROJECT_ROOT>/derivatives/trialwise_ROI_FC_EC_analysis/per_run/sub-06_run-07_roi_lss.tsv	<PROJECT_ROOT>/derivatives/fmriprep/sub-06/func/sub-06_task-heatpainwithregulationandratings_run-07_space-MNI152NLin2009cAsym_desc-preproc_bold.nii.gz	<PROJECT_ROOT>/derivatives/first_level_inputs_analysis/sub-06/run-07/events_stim.tsv
sub-06	9	run-09	OK	11	32	<PROJECT_ROOT>/derivatives/trialwise_ROI_FC_EC_analysis/per_run/sub-06_run-09_roi_lss.tsv	<PROJECT_ROOT>/derivatives/fmriprep/sub-06/func/sub-06_task-heatpainwithregulationandratings_run-09_space-MNI152NLin2009cAsym_desc-preproc_bold.nii.gz	<PROJECT_ROOT>/derivatives/first_level_inputs_analysis/sub-06/run-09/events_stim.tsv
sub-07	1	run-01	OK	11	32	<PROJECT_ROOT>/derivatives/trialwise_ROI_FC_EC_analysis/per_run/sub-07_run-01_roi_lss.tsv	<PROJECT_ROOT>/derivatives/fmriprep/sub-07/func/sub-07_task-heatpainwithregulationandratings_run-01_space-MNI152NLin2009cAsym_desc-preproc_bold.nii.gz	<PROJECT_ROOT>/derivatives/first_level_inputs_analysis/sub-07/run-01/events_stim.tsv
sub-07	2	run-02	OK	11	32	<PROJECT_ROOT>/derivatives/trialwise_ROI_FC_EC_analysis/per_run/sub-07_run-02_roi_lss.tsv	<PROJECT_ROOT>/derivatives/fmriprep/sub-07/func/sub-07_task-heatpainwithregulationandratings_run-02_space-MNI152NLin2009cAsym_desc-preproc_bold.nii.gz	<PROJECT_ROOT>/derivatives/first_level_inputs_analysis/sub-07/run-02/events_stim.tsv
sub-07	3	run-03	OK	10	32	<PROJECT_ROOT>/derivatives/trialwise_ROI_FC_EC_analysis/per_run/sub-07_run-03_roi_lss.tsv	<PROJECT_ROOT>/derivatives/fmriprep/sub-07/func/sub-07_task-heatpainwithregulationandratings_run-03_space-MNI152NLin2009cAsym_desc-preproc_bold.nii.gz	<PROJECT_ROOT>/derivatives/first_level_inputs_analysis/sub-07/run-03/events_stim.tsv
sub-07	4	run-04	OK	11	32	<PROJECT_ROOT>/derivatives/trialwise_ROI_FC_EC_analysis/per_run/sub-07_run-04_roi_lss.tsv	<PROJECT_ROOT>/derivatives/fmriprep/sub-07/func/sub-07_task-heatpainwithregulationandratings_run-04_space-MNI152NLin2009cAsym_desc-preproc_bold.nii.gz	<PROJECT_ROOT>/derivatives/first_level_inputs_analysis/sub-07/run-04/events_stim.tsv
sub-07	5	run-05	OK	11	32	<PROJECT_ROOT>/derivatives/trialwise_ROI_FC_EC_analysis/per_run/sub-07_run-05_roi_lss.tsv	<PROJECT_ROOT>/derivatives/fmriprep/sub-07/func/sub-07_task-heatpainwithregulationandratings_run-05_space-MNI152NLin2009cAsym_desc-preproc_bold.nii.gz	<PROJECT_ROOT>/derivatives/first_level_inputs_analysis/sub-07/run-05/events_stim.tsv
sub-07	6	run-06	OK	11	32	<PROJECT_ROOT>/derivatives/trialwise_ROI_FC_EC_analysis/per_run/sub-07_run-06_roi_lss.tsv	<PROJECT_ROOT>/derivatives/fmriprep/sub-07/func/sub-07_task-heatpainwithregulationandratings_run-06_space-MNI152NLin2009cAsym_desc-preproc_bold.nii.gz	<PROJECT_ROOT>/derivatives/first_level_inputs_analysis/sub-07/run-06/events_stim.tsv
sub-07	7	run-07	OK	10	32	<PROJECT_ROOT>/derivatives/trialwise_ROI_FC_EC_analysis/per_run/sub-07_run-07_roi_lss.tsv	<PROJECT_ROOT>/derivatives/fmriprep/sub-07/func/sub-07_task-heatpainwithregulationandratings_run-07_space-MNI152NLin2009cAsym_desc-preproc_bold.nii.gz	<PROJECT_ROOT>/derivatives/first_level_inputs_analysis/sub-07/run-07/events_stim.tsv
sub-07	8	run-08	OK	11	32	<PROJECT_ROOT>/derivatives/trialwise_ROI_FC_EC_analysis/per_run/sub-07_run-08_roi_lss.tsv	<PROJECT_ROOT>/derivatives/fmriprep/sub-07/func/sub-07_task-heatpainwithregulationandratings_run-08_space-MNI152NLin2009cAsym_desc-preproc_bold.nii.gz	<PROJECT_ROOT>/derivatives/first_level_inputs_analysis/sub-07/run-08/events_stim.tsv
sub-07	9	run-09	OK	11	32	<PROJECT_ROOT>/derivatives/trialwise_ROI_FC_EC_analysis/per_run/sub-07_run-09_roi_lss.tsv	<PROJECT_ROOT>/derivatives/fmriprep/sub-07/func/sub-07_task-heatpainwithregulationandratings_run-09_space-MNI152NLin2009cAsym_desc-preproc_bold.nii.gz	<PROJECT_ROOT>/derivatives/first_level_inputs_analysis/sub-07/run-09/events_stim.tsv
sub-08	1	run-01	OK	11	32	<PROJECT_ROOT>/derivatives/trialwise_ROI_FC_EC_analysis/per_run/sub-08_run-01_roi_lss.tsv	<PROJECT_ROOT>/derivatives/fmriprep/sub-08/func/sub-08_task-heatpainwithregulationandratings_run-01_space-MNI152NLin2009cAsym_desc-preproc_bold.nii.gz	<PROJECT_ROOT>/derivatives/first_level_inputs_analysis/sub-08/run-01/events_stim.tsv
sub-08	2	run-02	OK	11	32	<PROJECT_ROOT>/derivatives/trialwise_ROI_FC_EC_analysis/per_run/sub-08_run-02_roi_lss.tsv	<PROJECT_ROOT>/derivatives/fmriprep/sub-08/func/sub-08_task-heatpainwithregulationandratings_run-02_space-MNI152NLin2009cAsym_desc-preproc_bold.nii.gz	<PROJECT_ROOT>/derivatives/first_level_inputs_analysis/sub-08/run-02/events_stim.tsv
sub-08	3	run-03	OK	10	32	<PROJECT_ROOT>/derivatives/trialwise_ROI_FC_EC_analysis/per_run/sub-08_run-03_roi_lss.tsv	<PROJECT_ROOT>/derivatives/fmriprep/sub-08/func/sub-08_task-heatpainwithregulationandratings_run-03_space-MNI152NLin2009cAsym_desc-preproc_bold.nii.gz	<PROJECT_ROOT>/derivatives/first_level_inputs_analysis/sub-08/run-03/events_stim.tsv
sub-08	4	run-04	OK	11	32	<PROJECT_ROOT>/derivatives/trialwise_ROI_FC_EC_analysis/per_run/sub-08_run-04_roi_lss.tsv	<PROJECT_ROOT>/derivatives/fmriprep/sub-08/func/sub-08_task-heatpainwithregulationandratings_run-04_space-MNI152NLin2009cAsym_desc-preproc_bold.nii.gz	<PROJECT_ROOT>/derivatives/first_level_inputs_analysis/sub-08/run-04/events_stim.tsv
sub-08	5	run-05	OK	11	32	<PROJECT_ROOT>/derivatives/trialwise_ROI_FC_EC_analysis/per_run/sub-08_run-05_roi_lss.tsv	<PROJECT_ROOT>/derivatives/fmriprep/sub-08/func/sub-08_task-heatpainwithregulationandratings_run-05_space-MNI152NLin2009cAsym_desc-preproc_bold.nii.gz	<PROJECT_ROOT>/derivatives/first_level_inputs_analysis/sub-08/run-05/events_stim.tsv
sub-08	6	run-06	OK	11	32	<PROJECT_ROOT>/derivatives/trialwise_ROI_FC_EC_analysis/per_run/sub-08_run-06_roi_lss.tsv	<PROJECT_ROOT>/derivatives/fmriprep/sub-08/func/sub-08_task-heatpainwithregulationandratings_run-06_space-MNI152NLin2009cAsym_desc-preproc_bold.nii.gz	<PROJECT_ROOT>/derivatives/first_level_inputs_analysis/sub-08/run-06/events_stim.tsv
sub-08	7	run-07	OK	10	32	<PROJECT_ROOT>/derivatives/trialwise_ROI_FC_EC_analysis/per_run/sub-08_run-07_roi_lss.tsv	<PROJECT_ROOT>/derivatives/fmriprep/sub-08/func/sub-08_task-heatpainwithregulationandratings_run-07_space-MNI152NLin2009cAsym_desc-preproc_bold.nii.gz	<PROJECT_ROOT>/derivatives/first_level_inputs_analysis/sub-08/run-07/events_stim.tsv
sub-08	8	run-08	OK	11	32	<PROJECT_ROOT>/derivatives/trialwise_ROI_FC_EC_analysis/per_run/sub-08_run-08_roi_lss.tsv	<PROJECT_ROOT>/derivatives/fmriprep/sub-08/func/sub-08_task-heatpainwithregulationandratings_run-08_space-MNI152NLin2009cAsym_desc-preproc_bold.nii.gz	<PROJECT_ROOT>/derivatives/first_level_inputs_analysis/sub-08/run-08/events_stim.tsv
sub-08	9	run-09	OK	11	32	<PROJECT_ROOT>/derivatives/trialwise_ROI_FC_EC_analysis/per_run/sub-08_run-09_roi_lss.tsv	<PROJECT_ROOT>/derivatives/fmriprep/sub-08/func/sub-08_task-heatpainwithregulationandratings_run-09_space-MNI152NLin2009cAsym_desc-preproc_bold.nii.gz	<PROJECT_ROOT>/derivatives/first_level_inputs_analysis/sub-08/run-09/events_stim.tsv
sub-09	1	run-01	OK	11	32	<PROJECT_ROOT>/derivatives/trialwise_ROI_FC_EC_analysis/per_run/sub-09_run-01_roi_lss.tsv	<PROJECT_ROOT>/derivatives/fmriprep/sub-09/func/sub-09_task-heatpainwithregulationandratings_run-01_space-MNI152NLin2009cAsym_desc-preproc_bold.nii.gz	<PROJECT_ROOT>/derivatives/first_level_inputs_analysis/sub-09/run-01/events_stim.tsv
sub-09	2	run-02	OK	11	32	<PROJECT_ROOT>/derivatives/trialwise_ROI_FC_EC_analysis/per_run/sub-09_run-02_roi_lss.tsv	<PROJECT_ROOT>/derivatives/fmriprep/sub-09/func/sub-09_task-heatpainwithregulationandratings_run-02_space-MNI152NLin2009cAsym_desc-preproc_bold.nii.gz	<PROJECT_ROOT>/derivatives/first_level_inputs_analysis/sub-09/run-02/events_stim.tsv
sub-09	3	run-03	OK	10	32	<PROJECT_ROOT>/derivatives/trialwise_ROI_FC_EC_analysis/per_run/sub-09_run-03_roi_lss.tsv	<PROJECT_ROOT>/derivatives/fmriprep/sub-09/func/sub-09_task-heatpainwithregulationandratings_run-03_space-MNI152NLin2009cAsym_desc-preproc_bold.nii.gz	<PROJECT_ROOT>/derivatives/first_level_inputs_analysis/sub-09/run-03/events_stim.tsv
sub-09	4	run-04	OK	11	32	<PROJECT_ROOT>/derivatives/trialwise_ROI_FC_EC_analysis/per_run/sub-09_run-04_roi_lss.tsv	<PROJECT_ROOT>/derivatives/fmriprep/sub-09/func/sub-09_task-heatpainwithregulationandratings_run-04_space-MNI152NLin2009cAsym_desc-preproc_bold.nii.gz	<PROJECT_ROOT>/derivatives/first_level_inputs_analysis/sub-09/run-04/events_stim.tsv
sub-09	5	run-05	OK	11	32	<PROJECT_ROOT>/derivatives/trialwise_ROI_FC_EC_analysis/per_run/sub-09_run-05_roi_lss.tsv	<PROJECT_ROOT>/derivatives/fmriprep/sub-09/func/sub-09_task-heatpainwithregulationandratings_run-05_space-MNI152NLin2009cAsym_desc-preproc_bold.nii.gz	<PROJECT_ROOT>/derivatives/first_level_inputs_analysis/sub-09/run-05/events_stim.tsv
sub-09	6	run-06	OK	11	32	<PROJECT_ROOT>/derivatives/trialwise_ROI_FC_EC_analysis/per_run/sub-09_run-06_roi_lss.tsv	<PROJECT_ROOT>/derivatives/fmriprep/sub-09/func/sub-09_task-heatpainwithregulationandratings_run-06_space-MNI152NLin2009cAsym_desc-preproc_bold.nii.gz	<PROJECT_ROOT>/derivatives/first_level_inputs_analysis/sub-09/run-06/events_stim.tsv
sub-09	7	run-07	OK	10	32	<PROJECT_ROOT>/derivatives/trialwise_ROI_FC_EC_analysis/per_run/sub-09_run-07_roi_lss.tsv	<PROJECT_ROOT>/derivatives/fmriprep/sub-09/func/sub-09_task-heatpainwithregulationandratings_run-07_space-MNI152NLin2009cAsym_desc-preproc_bold.nii.gz	<PROJECT_ROOT>/derivatives/first_level_inputs_analysis/sub-09/run-07/events_stim.tsv
sub-09	8	run-08	OK	11	32	<PROJECT_ROOT>/derivatives/trialwise_ROI_FC_EC_analysis/per_run/sub-09_run-08_roi_lss.tsv	<PROJECT_ROOT>/derivatives/fmriprep/sub-09/func/sub-09_task-heatpainwithregulationandratings_run-08_space-MNI152NLin2009cAsym_desc-preproc_bold.nii.gz	<PROJECT_ROOT>/derivatives/first_level_inputs_analysis/sub-09/run-08/events_stim.tsv
sub-09	9	run-09	OK	11	32	<PROJECT_ROOT>/derivatives/trialwise_ROI_FC_EC_analysis/per_run/sub-09_run-09_roi_lss.tsv	<PROJECT_ROOT>/derivatives/fmriprep/sub-09/func/sub-09_task-heatpainwithregulationandratings_run-09_space-MNI152NLin2009cAsym_desc-preproc_bold.nii.gz	<PROJECT_ROOT>/derivatives/first_level_inputs_analysis/sub-09/run-09/events_stim.tsv
sub-10	1	run-01	OK	11	32	<PROJECT_ROOT>/derivatives/trialwise_ROI_FC_EC_analysis/per_run/sub-10_run-01_roi_lss.tsv	<PROJECT_ROOT>/derivatives/fmriprep/sub-10/func/sub-10_task-heatpainwithregulationandratings_run-01_space-MNI152NLin2009cAsym_desc-preproc_bold.nii.gz	<PROJECT_ROOT>/derivatives/first_level_inputs_analysis/sub-10/run-01/events_stim.tsv
sub-10	3	run-03	OK	10	32	<PROJECT_ROOT>/derivatives/trialwise_ROI_FC_EC_analysis/per_run/sub-10_run-03_roi_lss.tsv	<PROJECT_ROOT>/derivatives/fmriprep/sub-10/func/sub-10_task-heatpainwithregulationandratings_run-03_space-MNI152NLin2009cAsym_desc-preproc_bold.nii.gz	<PROJECT_ROOT>/derivatives/first_level_inputs_analysis/sub-10/run-03/events_stim.tsv
sub-10	4	run-04	OK	11	32	<PROJECT_ROOT>/derivatives/trialwise_ROI_FC_EC_analysis/per_run/sub-10_run-04_roi_lss.tsv	<PROJECT_ROOT>/derivatives/fmriprep/sub-10/func/sub-10_task-heatpainwithregulationandratings_run-04_space-MNI152NLin2009cAsym_desc-preproc_bold.nii.gz	<PROJECT_ROOT>/derivatives/first_level_inputs_analysis/sub-10/run-04/events_stim.tsv
sub-10	7	run-07	OK	10	32	<PROJECT_ROOT>/derivatives/trialwise_ROI_FC_EC_analysis/per_run/sub-10_run-07_roi_lss.tsv	<PROJECT_ROOT>/derivatives/fmriprep/sub-10/func/sub-10_task-heatpainwithregulationandratings_run-07_space-MNI152NLin2009cAsym_desc-preproc_bold.nii.gz	<PROJECT_ROOT>/derivatives/first_level_inputs_analysis/sub-10/run-07/events_stim.tsv
sub-10	8	run-08	OK	11	32	<PROJECT_ROOT>/derivatives/trialwise_ROI_FC_EC_analysis/per_run/sub-10_run-08_roi_lss.tsv	<PROJECT_ROOT>/derivatives/fmriprep/sub-10/func/sub-10_task-heatpainwithregulationandratings_run-08_space-MNI152NLin2009cAsym_desc-preproc_bold.nii.gz	<PROJECT_ROOT>/derivatives/first_level_inputs_analysis/sub-10/run-08/events_stim.tsv
sub-10	9	run-09	OK	11	32	<PROJECT_ROOT>/derivatives/trialwise_ROI_FC_EC_analysis/per_run/sub-10_run-09_roi_lss.tsv	<PROJECT_ROOT>/derivatives/fmriprep/sub-10/func/sub-10_task-heatpainwithregulationandratings_run-09_space-MNI152NLin2009cAsym_desc-preproc_bold.nii.gz	<PROJECT_ROOT>/derivatives/first_level_inputs_analysis/sub-10/run-09/events_stim.tsv
sub-11	1	run-01	OK	11	32	<PROJECT_ROOT>/derivatives/trialwise_ROI_FC_EC_analysis/per_run/sub-11_run-01_roi_lss.tsv	<PROJECT_ROOT>/derivatives/fmriprep/sub-11/func/sub-11_task-heatpainwithregulationandratings_run-01_space-MNI152NLin2009cAsym_desc-preproc_bold.nii.gz	<PROJECT_ROOT>/derivatives/first_level_inputs_analysis/sub-11/run-01/events_stim.tsv
sub-11	2	run-02	OK	11	32	<PROJECT_ROOT>/derivatives/trialwise_ROI_FC_EC_analysis/per_run/sub-11_run-02_roi_lss.tsv	<PROJECT_ROOT>/derivatives/fmriprep/sub-11/func/sub-11_task-heatpainwithregulationandratings_run-02_space-MNI152NLin2009cAsym_desc-preproc_bold.nii.gz	<PROJECT_ROOT>/derivatives/first_level_inputs_analysis/sub-11/run-02/events_stim.tsv
sub-11	3	run-03	OK	10	32	<PROJECT_ROOT>/derivatives/trialwise_ROI_FC_EC_analysis/per_run/sub-11_run-03_roi_lss.tsv	<PROJECT_ROOT>/derivatives/fmriprep/sub-11/func/sub-11_task-heatpainwithregulationandratings_run-03_space-MNI152NLin2009cAsym_desc-preproc_bold.nii.gz	<PROJECT_ROOT>/derivatives/first_level_inputs_analysis/sub-11/run-03/events_stim.tsv
sub-11	4	run-04	OK	11	32	<PROJECT_ROOT>/derivatives/trialwise_ROI_FC_EC_analysis/per_run/sub-11_run-04_roi_lss.tsv	<PROJECT_ROOT>/derivatives/fmriprep/sub-11/func/sub-11_task-heatpainwithregulationandratings_run-04_space-MNI152NLin2009cAsym_desc-preproc_bold.nii.gz	<PROJECT_ROOT>/derivatives/first_level_inputs_analysis/sub-11/run-04/events_stim.tsv
sub-11	5	run-05	OK	11	32	<PROJECT_ROOT>/derivatives/trialwise_ROI_FC_EC_analysis/per_run/sub-11_run-05_roi_lss.tsv	<PROJECT_ROOT>/derivatives/fmriprep/sub-11/func/sub-11_task-heatpainwithregulationandratings_run-05_space-MNI152NLin2009cAsym_desc-preproc_bold.nii.gz	<PROJECT_ROOT>/derivatives/first_level_inputs_analysis/sub-11/run-05/events_stim.tsv
sub-11	6	run-06	OK	11	32	<PROJECT_ROOT>/derivatives/trialwise_ROI_FC_EC_analysis/per_run/sub-11_run-06_roi_lss.tsv	<PROJECT_ROOT>/derivatives/fmriprep/sub-11/func/sub-11_task-heatpainwithregulationandratings_run-06_space-MNI152NLin2009cAsym_desc-preproc_bold.nii.gz	<PROJECT_ROOT>/derivatives/first_level_inputs_analysis/sub-11/run-06/events_stim.tsv
sub-11	7	run-07	OK	10	32	<PROJECT_ROOT>/derivatives/trialwise_ROI_FC_EC_analysis/per_run/sub-11_run-07_roi_lss.tsv	<PROJECT_ROOT>/derivatives/fmriprep/sub-11/func/sub-11_task-heatpainwithregulationandratings_run-07_space-MNI152NLin2009cAsym_desc-preproc_bold.nii.gz	<PROJECT_ROOT>/derivatives/first_level_inputs_analysis/sub-11/run-07/events_stim.tsv
sub-11	8	run-08	OK	11	32	<PROJECT_ROOT>/derivatives/trialwise_ROI_FC_EC_analysis/per_run/sub-11_run-08_roi_lss.tsv	<PROJECT_ROOT>/derivatives/fmriprep/sub-11/func/sub-11_task-heatpainwithregulationandratings_run-08_space-MNI152NLin2009cAsym_desc-preproc_bold.nii.gz	<PROJECT_ROOT>/derivatives/first_level_inputs_analysis/sub-11/run-08/events_stim.tsv
sub-11	9	run-09	OK	11	32	<PROJECT_ROOT>/derivatives/trialwise_ROI_FC_EC_analysis/per_run/sub-11_run-09_roi_lss.tsv	<PROJECT_ROOT>/derivatives/fmriprep/sub-11/func/sub-11_task-heatpainwithregulationandratings_run-09_space-MNI152NLin2009cAsym_desc-preproc_bold.nii.gz	<PROJECT_ROOT>/derivatives/first_level_inputs_analysis/sub-11/run-09/events_stim.tsv
sub-12	1	run-01	OK	11	32	<PROJECT_ROOT>/derivatives/trialwise_ROI_FC_EC_analysis/per_run/sub-12_run-01_roi_lss.tsv	<PROJECT_ROOT>/derivatives/fmriprep/sub-12/func/sub-12_task-heatpainwithregulationandratings_run-01_space-MNI152NLin2009cAsym_desc-preproc_bold.nii.gz	<PROJECT_ROOT>/derivatives/first_level_inputs_analysis/sub-12/run-01/events_stim.tsv
sub-12	2	run-02	OK	11	32	<PROJECT_ROOT>/derivatives/trialwise_ROI_FC_EC_analysis/per_run/sub-12_run-02_roi_lss.tsv	<PROJECT_ROOT>/derivatives/fmriprep/sub-12/func/sub-12_task-heatpainwithregulationandratings_run-02_space-MNI152NLin2009cAsym_desc-preproc_bold.nii.gz	<PROJECT_ROOT>/derivatives/first_level_inputs_analysis/sub-12/run-02/events_stim.tsv
sub-12	3	run-03	OK	10	32	<PROJECT_ROOT>/derivatives/trialwise_ROI_FC_EC_analysis/per_run/sub-12_run-03_roi_lss.tsv	<PROJECT_ROOT>/derivatives/fmriprep/sub-12/func/sub-12_task-heatpainwithregulationandratings_run-03_space-MNI152NLin2009cAsym_desc-preproc_bold.nii.gz	<PROJECT_ROOT>/derivatives/first_level_inputs_analysis/sub-12/run-03/events_stim.tsv
sub-12	4	run-04	OK	11	32	<PROJECT_ROOT>/derivatives/trialwise_ROI_FC_EC_analysis/per_run/sub-12_run-04_roi_lss.tsv	<PROJECT_ROOT>/derivatives/fmriprep/sub-12/func/sub-12_task-heatpainwithregulationandratings_run-04_space-MNI152NLin2009cAsym_desc-preproc_bold.nii.gz	<PROJECT_ROOT>/derivatives/first_level_inputs_analysis/sub-12/run-04/events_stim.tsv
sub-12	5	run-05	OK	11	32	<PROJECT_ROOT>/derivatives/trialwise_ROI_FC_EC_analysis/per_run/sub-12_run-05_roi_lss.tsv	<PROJECT_ROOT>/derivatives/fmriprep/sub-12/func/sub-12_task-heatpainwithregulationandratings_run-05_space-MNI152NLin2009cAsym_desc-preproc_bold.nii.gz	<PROJECT_ROOT>/derivatives/first_level_inputs_analysis/sub-12/run-05/events_stim.tsv
sub-12	6	run-06	OK	11	32	<PROJECT_ROOT>/derivatives/trialwise_ROI_FC_EC_analysis/per_run/sub-12_run-06_roi_lss.tsv	<PROJECT_ROOT>/derivatives/fmriprep/sub-12/func/sub-12_task-heatpainwithregulationandratings_run-06_space-MNI152NLin2009cAsym_desc-preproc_bold.nii.gz	<PROJECT_ROOT>/derivatives/first_level_inputs_analysis/sub-12/run-06/events_stim.tsv
sub-12	7	run-07	OK	10	32	<PROJECT_ROOT>/derivatives/trialwise_ROI_FC_EC_analysis/per_run/sub-12_run-07_roi_lss.tsv	<PROJECT_ROOT>/derivatives/fmriprep/sub-12/func/sub-12_task-heatpainwithregulationandratings_run-07_space-MNI152NLin2009cAsym_desc-preproc_bold.nii.gz	<PROJECT_ROOT>/derivatives/first_level_inputs_analysis/sub-12/run-07/events_stim.tsv
sub-12	8	run-08	OK	11	32	<PROJECT_ROOT>/derivatives/trialwise_ROI_FC_EC_analysis/per_run/sub-12_run-08_roi_lss.tsv	<PROJECT_ROOT>/derivatives/fmriprep/sub-12/func/sub-12_task-heatpainwithregulationandratings_run-08_space-MNI152NLin2009cAsym_desc-preproc_bold.nii.gz	<PROJECT_ROOT>/derivatives/first_level_inputs_analysis/sub-12/run-08/events_stim.tsv
sub-12	9	run-09	OK	11	32	<PROJECT_ROOT>/derivatives/trialwise_ROI_FC_EC_analysis/per_run/sub-12_run-09_roi_lss.tsv	<PROJECT_ROOT>/derivatives/fmriprep/sub-12/func/sub-12_task-heatpainwithregulationandratings_run-09_space-MNI152NLin2009cAsym_desc-preproc_bold.nii.gz	<PROJECT_ROOT>/derivatives/first_level_inputs_analysis/sub-12/run-09/events_stim.tsv
sub-13	1	run-01	OK	11	32	<PROJECT_ROOT>/derivatives/trialwise_ROI_FC_EC_analysis/per_run/sub-13_run-01_roi_lss.tsv	<PROJECT_ROOT>/derivatives/fmriprep/sub-13/func/sub-13_task-heatpainwithregulationandratings_run-01_space-MNI152NLin2009cAsym_desc-preproc_bold.nii.gz	<PROJECT_ROOT>/derivatives/first_level_inputs_analysis/sub-13/run-01/events_stim.tsv
sub-13	2	run-02	OK	11	32	<PROJECT_ROOT>/derivatives/trialwise_ROI_FC_EC_analysis/per_run/sub-13_run-02_roi_lss.tsv	<PROJECT_ROOT>/derivatives/fmriprep/sub-13/func/sub-13_task-heatpainwithregulationandratings_run-02_space-MNI152NLin2009cAsym_desc-preproc_bold.nii.gz	<PROJECT_ROOT>/derivatives/first_level_inputs_analysis/sub-13/run-02/events_stim.tsv
sub-13	3	run-03	OK	10	32	<PROJECT_ROOT>/derivatives/trialwise_ROI_FC_EC_analysis/per_run/sub-13_run-03_roi_lss.tsv	<PROJECT_ROOT>/derivatives/fmriprep/sub-13/func/sub-13_task-heatpainwithregulationandratings_run-03_space-MNI152NLin2009cAsym_desc-preproc_bold.nii.gz	<PROJECT_ROOT>/derivatives/first_level_inputs_analysis/sub-13/run-03/events_stim.tsv
sub-13	4	run-04	OK	11	32	<PROJECT_ROOT>/derivatives/trialwise_ROI_FC_EC_analysis/per_run/sub-13_run-04_roi_lss.tsv	<PROJECT_ROOT>/derivatives/fmriprep/sub-13/func/sub-13_task-heatpainwithregulationandratings_run-04_space-MNI152NLin2009cAsym_desc-preproc_bold.nii.gz	<PROJECT_ROOT>/derivatives/first_level_inputs_analysis/sub-13/run-04/events_stim.tsv
sub-13	5	run-05	OK	11	32	<PROJECT_ROOT>/derivatives/trialwise_ROI_FC_EC_analysis/per_run/sub-13_run-05_roi_lss.tsv	<PROJECT_ROOT>/derivatives/fmriprep/sub-13/func/sub-13_task-heatpainwithregulationandratings_run-05_space-MNI152NLin2009cAsym_desc-preproc_bold.nii.gz	<PROJECT_ROOT>/derivatives/first_level_inputs_analysis/sub-13/run-05/events_stim.tsv
sub-13	6	run-06	OK	11	32	<PROJECT_ROOT>/derivatives/trialwise_ROI_FC_EC_analysis/per_run/sub-13_run-06_roi_lss.tsv	<PROJECT_ROOT>/derivatives/fmriprep/sub-13/func/sub-13_task-heatpainwithregulationandratings_run-06_space-MNI152NLin2009cAsym_desc-preproc_bold.nii.gz	<PROJECT_ROOT>/derivatives/first_level_inputs_analysis/sub-13/run-06/events_stim.tsv
sub-13	7	run-07	OK	10	32	<PROJECT_ROOT>/derivatives/trialwise_ROI_FC_EC_analysis/per_run/sub-13_run-07_roi_lss.tsv	<PROJECT_ROOT>/derivatives/fmriprep/sub-13/func/sub-13_task-heatpainwithregulationandratings_run-07_space-MNI152NLin2009cAsym_desc-preproc_bold.nii.gz	<PROJECT_ROOT>/derivatives/first_level_inputs_analysis/sub-13/run-07/events_stim.tsv
sub-13	8	run-08	OK	11	32	<PROJECT_ROOT>/derivatives/trialwise_ROI_FC_EC_analysis/per_run/sub-13_run-08_roi_lss.tsv	<PROJECT_ROOT>/derivatives/fmriprep/sub-13/func/sub-13_task-heatpainwithregulationandratings_run-08_space-MNI152NLin2009cAsym_desc-preproc_bold.nii.gz	<PROJECT_ROOT>/derivatives/first_level_inputs_analysis/sub-13/run-08/events_stim.tsv
sub-13	9	run-09	OK	11	32	<PROJECT_ROOT>/derivatives/trialwise_ROI_FC_EC_analysis/per_run/sub-13_run-09_roi_lss.tsv	<PROJECT_ROOT>/derivatives/fmriprep/sub-13/func/sub-13_task-heatpainwithregulationandratings_run-09_space-MNI152NLin2009cAsym_desc-preproc_bold.nii.gz	<PROJECT_ROOT>/derivatives/first_level_inputs_analysis/sub-13/run-09/events_stim.tsv
sub-14	1	run-01	OK	11	32	<PROJECT_ROOT>/derivatives/trialwise_ROI_FC_EC_analysis/per_run/sub-14_run-01_roi_lss.tsv	<PROJECT_ROOT>/derivatives/fmriprep/sub-14/func/sub-14_task-heatpainwithregulationandratings_run-01_space-MNI152NLin2009cAsym_desc-preproc_bold.nii.gz	<PROJECT_ROOT>/derivatives/first_level_inputs_analysis/sub-14/run-01/events_stim.tsv
sub-14	2	run-02	OK	11	32	<PROJECT_ROOT>/derivatives/trialwise_ROI_FC_EC_analysis/per_run/sub-14_run-02_roi_lss.tsv	<PROJECT_ROOT>/derivatives/fmriprep/sub-14/func/sub-14_task-heatpainwithregulationandratings_run-02_space-MNI152NLin2009cAsym_desc-preproc_bold.nii.gz	<PROJECT_ROOT>/derivatives/first_level_inputs_analysis/sub-14/run-02/events_stim.tsv
sub-14	3	run-03	OK	10	32	<PROJECT_ROOT>/derivatives/trialwise_ROI_FC_EC_analysis/per_run/sub-14_run-03_roi_lss.tsv	<PROJECT_ROOT>/derivatives/fmriprep/sub-14/func/sub-14_task-heatpainwithregulationandratings_run-03_space-MNI152NLin2009cAsym_desc-preproc_bold.nii.gz	<PROJECT_ROOT>/derivatives/first_level_inputs_analysis/sub-14/run-03/events_stim.tsv
sub-14	4	run-04	OK	11	32	<PROJECT_ROOT>/derivatives/trialwise_ROI_FC_EC_analysis/per_run/sub-14_run-04_roi_lss.tsv	<PROJECT_ROOT>/derivatives/fmriprep/sub-14/func/sub-14_task-heatpainwithregulationandratings_run-04_space-MNI152NLin2009cAsym_desc-preproc_bold.nii.gz	<PROJECT_ROOT>/derivatives/first_level_inputs_analysis/sub-14/run-04/events_stim.tsv
sub-14	5	run-05	OK	11	32	<PROJECT_ROOT>/derivatives/trialwise_ROI_FC_EC_analysis/per_run/sub-14_run-05_roi_lss.tsv	<PROJECT_ROOT>/derivatives/fmriprep/sub-14/func/sub-14_task-heatpainwithregulationandratings_run-05_space-MNI152NLin2009cAsym_desc-preproc_bold.nii.gz	<PROJECT_ROOT>/derivatives/first_level_inputs_analysis/sub-14/run-05/events_stim.tsv
sub-14	6	run-06	OK	11	32	<PROJECT_ROOT>/derivatives/trialwise_ROI_FC_EC_analysis/per_run/sub-14_run-06_roi_lss.tsv	<PROJECT_ROOT>/derivatives/fmriprep/sub-14/func/sub-14_task-heatpainwithregulationandratings_run-06_space-MNI152NLin2009cAsym_desc-preproc_bold.nii.gz	<PROJECT_ROOT>/derivatives/first_level_inputs_analysis/sub-14/run-06/events_stim.tsv
sub-14	7	run-07	OK	10	32	<PROJECT_ROOT>/derivatives/trialwise_ROI_FC_EC_analysis/per_run/sub-14_run-07_roi_lss.tsv	<PROJECT_ROOT>/derivatives/fmriprep/sub-14/func/sub-14_task-heatpainwithregulationandratings_run-07_space-MNI152NLin2009cAsym_desc-preproc_bold.nii.gz	<PROJECT_ROOT>/derivatives/first_level_inputs_analysis/sub-14/run-07/events_stim.tsv
sub-14	8	run-08	OK	11	32	<PROJECT_ROOT>/derivatives/trialwise_ROI_FC_EC_analysis/per_run/sub-14_run-08_roi_lss.tsv	<PROJECT_ROOT>/derivatives/fmriprep/sub-14/func/sub-14_task-heatpainwithregulationandratings_run-08_space-MNI152NLin2009cAsym_desc-preproc_bold.nii.gz	<PROJECT_ROOT>/derivatives/first_level_inputs_analysis/sub-14/run-08/events_stim.tsv
sub-14	9	run-09	OK	11	32	<PROJECT_ROOT>/derivatives/trialwise_ROI_FC_EC_analysis/per_run/sub-14_run-09_roi_lss.tsv	<PROJECT_ROOT>/derivatives/fmriprep/sub-14/func/sub-14_task-heatpainwithregulationandratings_run-09_space-MNI152NLin2009cAsym_desc-preproc_bold.nii.gz	<PROJECT_ROOT>/derivatives/first_level_inputs_analysis/sub-14/run-09/events_stim.tsv
sub-15	1	run-01	OK	11	32	<PROJECT_ROOT>/derivatives/trialwise_ROI_FC_EC_analysis/per_run/sub-15_run-01_roi_lss.tsv	<PROJECT_ROOT>/derivatives/fmriprep/sub-15/func/sub-15_task-heatpainwithregulationandratings_run-01_space-MNI152NLin2009cAsym_desc-preproc_bold.nii.gz	<PROJECT_ROOT>/derivatives/first_level_inputs_analysis/sub-15/run-01/events_stim.tsv
sub-15	2	run-02	OK	11	32	<PROJECT_ROOT>/derivatives/trialwise_ROI_FC_EC_analysis/per_run/sub-15_run-02_roi_lss.tsv	<PROJECT_ROOT>/derivatives/fmriprep/sub-15/func/sub-15_task-heatpainwithregulationandratings_run-02_space-MNI152NLin2009cAsym_desc-preproc_bold.nii.gz	<PROJECT_ROOT>/derivatives/first_level_inputs_analysis/sub-15/run-02/events_stim.tsv
sub-15	3	run-03	OK	10	32	<PROJECT_ROOT>/derivatives/trialwise_ROI_FC_EC_analysis/per_run/sub-15_run-03_roi_lss.tsv	<PROJECT_ROOT>/derivatives/fmriprep/sub-15/func/sub-15_task-heatpainwithregulationandratings_run-03_space-MNI152NLin2009cAsym_desc-preproc_bold.nii.gz	<PROJECT_ROOT>/derivatives/first_level_inputs_analysis/sub-15/run-03/events_stim.tsv
sub-15	4	run-04	OK	11	32	<PROJECT_ROOT>/derivatives/trialwise_ROI_FC_EC_analysis/per_run/sub-15_run-04_roi_lss.tsv	<PROJECT_ROOT>/derivatives/fmriprep/sub-15/func/sub-15_task-heatpainwithregulationandratings_run-04_space-MNI152NLin2009cAsym_desc-preproc_bold.nii.gz	<PROJECT_ROOT>/derivatives/first_level_inputs_analysis/sub-15/run-04/events_stim.tsv
sub-15	5	run-05	OK	11	32	<PROJECT_ROOT>/derivatives/trialwise_ROI_FC_EC_analysis/per_run/sub-15_run-05_roi_lss.tsv	<PROJECT_ROOT>/derivatives/fmriprep/sub-15/func/sub-15_task-heatpainwithregulationandratings_run-05_space-MNI152NLin2009cAsym_desc-preproc_bold.nii.gz	<PROJECT_ROOT>/derivatives/first_level_inputs_analysis/sub-15/run-05/events_stim.tsv
sub-15	6	run-06	OK	11	32	<PROJECT_ROOT>/derivatives/trialwise_ROI_FC_EC_analysis/per_run/sub-15_run-06_roi_lss.tsv	<PROJECT_ROOT>/derivatives/fmriprep/sub-15/func/sub-15_task-heatpainwithregulationandratings_run-06_space-MNI152NLin2009cAsym_desc-preproc_bold.nii.gz	<PROJECT_ROOT>/derivatives/first_level_inputs_analysis/sub-15/run-06/events_stim.tsv
sub-15	7	run-07	OK	10	32	<PROJECT_ROOT>/derivatives/trialwise_ROI_FC_EC_analysis/per_run/sub-15_run-07_roi_lss.tsv	<PROJECT_ROOT>/derivatives/fmriprep/sub-15/func/sub-15_task-heatpainwithregulationandratings_run-07_space-MNI152NLin2009cAsym_desc-preproc_bold.nii.gz	<PROJECT_ROOT>/derivatives/first_level_inputs_analysis/sub-15/run-07/events_stim.tsv
sub-15	8	run-08	OK	11	32	<PROJECT_ROOT>/derivatives/trialwise_ROI_FC_EC_analysis/per_run/sub-15_run-08_roi_lss.tsv	<PROJECT_ROOT>/derivatives/fmriprep/sub-15/func/sub-15_task-heatpainwithregulationandratings_run-08_space-MNI152NLin2009cAsym_desc-preproc_bold.nii.gz	<PROJECT_ROOT>/derivatives/first_level_inputs_analysis/sub-15/run-08/events_stim.tsv
sub-15	9	run-09	OK	11	32	<PROJECT_ROOT>/derivatives/trialwise_ROI_FC_EC_analysis/per_run/sub-15_run-09_roi_lss.tsv	<PROJECT_ROOT>/derivatives/fmriprep/sub-15/func/sub-15_task-heatpainwithregulationandratings_run-09_space-MNI152NLin2009cAsym_desc-preproc_bold.nii.gz	<PROJECT_ROOT>/derivatives/first_level_inputs_analysis/sub-15/run-09/events_stim.tsv
sub-16	1	run-01	OK	11	32	<PROJECT_ROOT>/derivatives/trialwise_ROI_FC_EC_analysis/per_run/sub-16_run-01_roi_lss.tsv	<PROJECT_ROOT>/derivatives/fmriprep/sub-16/func/sub-16_task-heatpainwithregulationandratings_run-01_space-MNI152NLin2009cAsym_desc-preproc_bold.nii.gz	<PROJECT_ROOT>/derivatives/first_level_inputs_analysis/sub-16/run-01/events_stim.tsv
sub-16	2	run-02	OK	11	32	<PROJECT_ROOT>/derivatives/trialwise_ROI_FC_EC_analysis/per_run/sub-16_run-02_roi_lss.tsv	<PROJECT_ROOT>/derivatives/fmriprep/sub-16/func/sub-16_task-heatpainwithregulationandratings_run-02_space-MNI152NLin2009cAsym_desc-preproc_bold.nii.gz	<PROJECT_ROOT>/derivatives/first_level_inputs_analysis/sub-16/run-02/events_stim.tsv
sub-16	3	run-03	OK	10	32	<PROJECT_ROOT>/derivatives/trialwise_ROI_FC_EC_analysis/per_run/sub-16_run-03_roi_lss.tsv	<PROJECT_ROOT>/derivatives/fmriprep/sub-16/func/sub-16_task-heatpainwithregulationandratings_run-03_space-MNI152NLin2009cAsym_desc-preproc_bold.nii.gz	<PROJECT_ROOT>/derivatives/first_level_inputs_analysis/sub-16/run-03/events_stim.tsv
sub-16	4	run-04	OK	11	32	<PROJECT_ROOT>/derivatives/trialwise_ROI_FC_EC_analysis/per_run/sub-16_run-04_roi_lss.tsv	<PROJECT_ROOT>/derivatives/fmriprep/sub-16/func/sub-16_task-heatpainwithregulationandratings_run-04_space-MNI152NLin2009cAsym_desc-preproc_bold.nii.gz	<PROJECT_ROOT>/derivatives/first_level_inputs_analysis/sub-16/run-04/events_stim.tsv
sub-16	5	run-05	OK	11	32	<PROJECT_ROOT>/derivatives/trialwise_ROI_FC_EC_analysis/per_run/sub-16_run-05_roi_lss.tsv	<PROJECT_ROOT>/derivatives/fmriprep/sub-16/func/sub-16_task-heatpainwithregulationandratings_run-05_space-MNI152NLin2009cAsym_desc-preproc_bold.nii.gz	<PROJECT_ROOT>/derivatives/first_level_inputs_analysis/sub-16/run-05/events_stim.tsv
sub-16	6	run-06	OK	11	32	<PROJECT_ROOT>/derivatives/trialwise_ROI_FC_EC_analysis/per_run/sub-16_run-06_roi_lss.tsv	<PROJECT_ROOT>/derivatives/fmriprep/sub-16/func/sub-16_task-heatpainwithregulationandratings_run-06_space-MNI152NLin2009cAsym_desc-preproc_bold.nii.gz	<PROJECT_ROOT>/derivatives/first_level_inputs_analysis/sub-16/run-06/events_stim.tsv
sub-16	7	run-07	OK	10	32	<PROJECT_ROOT>/derivatives/trialwise_ROI_FC_EC_analysis/per_run/sub-16_run-07_roi_lss.tsv	<PROJECT_ROOT>/derivatives/fmriprep/sub-16/func/sub-16_task-heatpainwithregulationandratings_run-07_space-MNI152NLin2009cAsym_desc-preproc_bold.nii.gz	<PROJECT_ROOT>/derivatives/first_level_inputs_analysis/sub-16/run-07/events_stim.tsv
sub-16	8	run-08	OK	11	32	<PROJECT_ROOT>/derivatives/trialwise_ROI_FC_EC_analysis/per_run/sub-16_run-08_roi_lss.tsv	<PROJECT_ROOT>/derivatives/fmriprep/sub-16/func/sub-16_task-heatpainwithregulationandratings_run-08_space-MNI152NLin2009cAsym_desc-preproc_bold.nii.gz	<PROJECT_ROOT>/derivatives/first_level_inputs_analysis/sub-16/run-08/events_stim.tsv
sub-16	9	run-09	OK	11	32	<PROJECT_ROOT>/derivatives/trialwise_ROI_FC_EC_analysis/per_run/sub-16_run-09_roi_lss.tsv	<PROJECT_ROOT>/derivatives/fmriprep/sub-16/func/sub-16_task-heatpainwithregulationandratings_run-09_space-MNI152NLin2009cAsym_desc-preproc_bold.nii.gz	<PROJECT_ROOT>/derivatives/first_level_inputs_analysis/sub-16/run-09/events_stim.tsv
sub-17	1	run-01	OK	11	32	<PROJECT_ROOT>/derivatives/trialwise_ROI_FC_EC_analysis/per_run/sub-17_run-01_roi_lss.tsv	<PROJECT_ROOT>/derivatives/fmriprep/sub-17/func/sub-17_task-heatpainwithregulationandratings_run-01_space-MNI152NLin2009cAsym_desc-preproc_bold.nii.gz	<PROJECT_ROOT>/derivatives/first_level_inputs_analysis/sub-17/run-01/events_stim.tsv
sub-17	2	run-02	OK	11	32	<PROJECT_ROOT>/derivatives/trialwise_ROI_FC_EC_analysis/per_run/sub-17_run-02_roi_lss.tsv	<PROJECT_ROOT>/derivatives/fmriprep/sub-17/func/sub-17_task-heatpainwithregulationandratings_run-02_space-MNI152NLin2009cAsym_desc-preproc_bold.nii.gz	<PROJECT_ROOT>/derivatives/first_level_inputs_analysis/sub-17/run-02/events_stim.tsv
sub-17	3	run-03	OK	10	32	<PROJECT_ROOT>/derivatives/trialwise_ROI_FC_EC_analysis/per_run/sub-17_run-03_roi_lss.tsv	<PROJECT_ROOT>/derivatives/fmriprep/sub-17/func/sub-17_task-heatpainwithregulationandratings_run-03_space-MNI152NLin2009cAsym_desc-preproc_bold.nii.gz	<PROJECT_ROOT>/derivatives/first_level_inputs_analysis/sub-17/run-03/events_stim.tsv
sub-17	4	run-04	OK	11	32	<PROJECT_ROOT>/derivatives/trialwise_ROI_FC_EC_analysis/per_run/sub-17_run-04_roi_lss.tsv	<PROJECT_ROOT>/derivatives/fmriprep/sub-17/func/sub-17_task-heatpainwithregulationandratings_run-04_space-MNI152NLin2009cAsym_desc-preproc_bold.nii.gz	<PROJECT_ROOT>/derivatives/first_level_inputs_analysis/sub-17/run-04/events_stim.tsv
sub-17	5	run-05	OK	11	32	<PROJECT_ROOT>/derivatives/trialwise_ROI_FC_EC_analysis/per_run/sub-17_run-05_roi_lss.tsv	<PROJECT_ROOT>/derivatives/fmriprep/sub-17/func/sub-17_task-heatpainwithregulationandratings_run-05_space-MNI152NLin2009cAsym_desc-preproc_bold.nii.gz	<PROJECT_ROOT>/derivatives/first_level_inputs_analysis/sub-17/run-05/events_stim.tsv
sub-17	6	run-06	OK	11	32	<PROJECT_ROOT>/derivatives/trialwise_ROI_FC_EC_analysis/per_run/sub-17_run-06_roi_lss.tsv	<PROJECT_ROOT>/derivatives/fmriprep/sub-17/func/sub-17_task-heatpainwithregulationandratings_run-06_space-MNI152NLin2009cAsym_desc-preproc_bold.nii.gz	<PROJECT_ROOT>/derivatives/first_level_inputs_analysis/sub-17/run-06/events_stim.tsv
sub-17	7	run-07	OK	10	32	<PROJECT_ROOT>/derivatives/trialwise_ROI_FC_EC_analysis/per_run/sub-17_run-07_roi_lss.tsv	<PROJECT_ROOT>/derivatives/fmriprep/sub-17/func/sub-17_task-heatpainwithregulationandratings_run-07_space-MNI152NLin2009cAsym_desc-preproc_bold.nii.gz	<PROJECT_ROOT>/derivatives/first_level_inputs_analysis/sub-17/run-07/events_stim.tsv
sub-17	8	run-08	OK	11	32	<PROJECT_ROOT>/derivatives/trialwise_ROI_FC_EC_analysis/per_run/sub-17_run-08_roi_lss.tsv	<PROJECT_ROOT>/derivatives/fmriprep/sub-17/func/sub-17_task-heatpainwithregulationandratings_run-08_space-MNI152NLin2009cAsym_desc-preproc_bold.nii.gz	<PROJECT_ROOT>/derivatives/first_level_inputs_analysis/sub-17/run-08/events_stim.tsv
sub-17	9	run-09	OK	11	32	<PROJECT_ROOT>/derivatives/trialwise_ROI_FC_EC_analysis/per_run/sub-17_run-09_roi_lss.tsv	<PROJECT_ROOT>/derivatives/fmriprep/sub-17/func/sub-17_task-heatpainwithregulationandratings_run-09_space-MNI152NLin2009cAsym_desc-preproc_bold.nii.gz	<PROJECT_ROOT>/derivatives/first_level_inputs_analysis/sub-17/run-09/events_stim.tsv
sub-18	1	run-01	OK	11	32	<PROJECT_ROOT>/derivatives/trialwise_ROI_FC_EC_analysis/per_run/sub-18_run-01_roi_lss.tsv	<PROJECT_ROOT>/derivatives/fmriprep/sub-18/func/sub-18_task-heatpainwithregulationandratings_run-01_space-MNI152NLin2009cAsym_desc-preproc_bold.nii.gz	<PROJECT_ROOT>/derivatives/first_level_inputs_analysis/sub-18/run-01/events_stim.tsv
sub-18	2	run-02	OK	11	32	<PROJECT_ROOT>/derivatives/trialwise_ROI_FC_EC_analysis/per_run/sub-18_run-02_roi_lss.tsv	<PROJECT_ROOT>/derivatives/fmriprep/sub-18/func/sub-18_task-heatpainwithregulationandratings_run-02_space-MNI152NLin2009cAsym_desc-preproc_bold.nii.gz	<PROJECT_ROOT>/derivatives/first_level_inputs_analysis/sub-18/run-02/events_stim.tsv
sub-18	3	run-03	OK	10	32	<PROJECT_ROOT>/derivatives/trialwise_ROI_FC_EC_analysis/per_run/sub-18_run-03_roi_lss.tsv	<PROJECT_ROOT>/derivatives/fmriprep/sub-18/func/sub-18_task-heatpainwithregulationandratings_run-03_space-MNI152NLin2009cAsym_desc-preproc_bold.nii.gz	<PROJECT_ROOT>/derivatives/first_level_inputs_analysis/sub-18/run-03/events_stim.tsv
sub-18	4	run-04	OK	11	32	<PROJECT_ROOT>/derivatives/trialwise_ROI_FC_EC_analysis/per_run/sub-18_run-04_roi_lss.tsv	<PROJECT_ROOT>/derivatives/fmriprep/sub-18/func/sub-18_task-heatpainwithregulationandratings_run-04_space-MNI152NLin2009cAsym_desc-preproc_bold.nii.gz	<PROJECT_ROOT>/derivatives/first_level_inputs_analysis/sub-18/run-04/events_stim.tsv
sub-18	5	run-05	OK	11	32	<PROJECT_ROOT>/derivatives/trialwise_ROI_FC_EC_analysis/per_run/sub-18_run-05_roi_lss.tsv	<PROJECT_ROOT>/derivatives/fmriprep/sub-18/func/sub-18_task-heatpainwithregulationandratings_run-05_space-MNI152NLin2009cAsym_desc-preproc_bold.nii.gz	<PROJECT_ROOT>/derivatives/first_level_inputs_analysis/sub-18/run-05/events_stim.tsv
sub-18	6	run-06	OK	11	32	<PROJECT_ROOT>/derivatives/trialwise_ROI_FC_EC_analysis/per_run/sub-18_run-06_roi_lss.tsv	<PROJECT_ROOT>/derivatives/fmriprep/sub-18/func/sub-18_task-heatpainwithregulationandratings_run-06_space-MNI152NLin2009cAsym_desc-preproc_bold.nii.gz	<PROJECT_ROOT>/derivatives/first_level_inputs_analysis/sub-18/run-06/events_stim.tsv
sub-18	7	run-07	OK	10	32	<PROJECT_ROOT>/derivatives/trialwise_ROI_FC_EC_analysis/per_run/sub-18_run-07_roi_lss.tsv	<PROJECT_ROOT>/derivatives/fmriprep/sub-18/func/sub-18_task-heatpainwithregulationandratings_run-07_space-MNI152NLin2009cAsym_desc-preproc_bold.nii.gz	<PROJECT_ROOT>/derivatives/first_level_inputs_analysis/sub-18/run-07/events_stim.tsv
sub-18	8	run-08	OK	11	32	<PROJECT_ROOT>/derivatives/trialwise_ROI_FC_EC_analysis/per_run/sub-18_run-08_roi_lss.tsv	<PROJECT_ROOT>/derivatives/fmriprep/sub-18/func/sub-18_task-heatpainwithregulationandratings_run-08_space-MNI152NLin2009cAsym_desc-preproc_bold.nii.gz	<PROJECT_ROOT>/derivatives/first_level_inputs_analysis/sub-18/run-08/events_stim.tsv
sub-18	9	run-09	OK	11	32	<PROJECT_ROOT>/derivatives/trialwise_ROI_FC_EC_analysis/per_run/sub-18_run-09_roi_lss.tsv	<PROJECT_ROOT>/derivatives/fmriprep/sub-18/func/sub-18_task-heatpainwithregulationandratings_run-09_space-MNI152NLin2009cAsym_desc-preproc_bold.nii.gz	<PROJECT_ROOT>/derivatives/first_level_inputs_analysis/sub-18/run-09/events_stim.tsv
sub-19	1	run-01	OK	11	32	<PROJECT_ROOT>/derivatives/trialwise_ROI_FC_EC_analysis/per_run/sub-19_run-01_roi_lss.tsv	<PROJECT_ROOT>/derivatives/fmriprep/sub-19/func/sub-19_task-heatpainwithregulationandratings_run-01_space-MNI152NLin2009cAsym_desc-preproc_bold.nii.gz	<PROJECT_ROOT>/derivatives/first_level_inputs_analysis/sub-19/run-01/events_stim.tsv
sub-19	2	run-02	OK	11	32	<PROJECT_ROOT>/derivatives/trialwise_ROI_FC_EC_analysis/per_run/sub-19_run-02_roi_lss.tsv	<PROJECT_ROOT>/derivatives/fmriprep/sub-19/func/sub-19_task-heatpainwithregulationandratings_run-02_space-MNI152NLin2009cAsym_desc-preproc_bold.nii.gz	<PROJECT_ROOT>/derivatives/first_level_inputs_analysis/sub-19/run-02/events_stim.tsv
sub-19	3	run-03	OK	10	32	<PROJECT_ROOT>/derivatives/trialwise_ROI_FC_EC_analysis/per_run/sub-19_run-03_roi_lss.tsv	<PROJECT_ROOT>/derivatives/fmriprep/sub-19/func/sub-19_task-heatpainwithregulationandratings_run-03_space-MNI152NLin2009cAsym_desc-preproc_bold.nii.gz	<PROJECT_ROOT>/derivatives/first_level_inputs_analysis/sub-19/run-03/events_stim.tsv
sub-19	4	run-04	OK	11	32	<PROJECT_ROOT>/derivatives/trialwise_ROI_FC_EC_analysis/per_run/sub-19_run-04_roi_lss.tsv	<PROJECT_ROOT>/derivatives/fmriprep/sub-19/func/sub-19_task-heatpainwithregulationandratings_run-04_space-MNI152NLin2009cAsym_desc-preproc_bold.nii.gz	<PROJECT_ROOT>/derivatives/first_level_inputs_analysis/sub-19/run-04/events_stim.tsv
sub-19	5	run-05	OK	11	32	<PROJECT_ROOT>/derivatives/trialwise_ROI_FC_EC_analysis/per_run/sub-19_run-05_roi_lss.tsv	<PROJECT_ROOT>/derivatives/fmriprep/sub-19/func/sub-19_task-heatpainwithregulationandratings_run-05_space-MNI152NLin2009cAsym_desc-preproc_bold.nii.gz	<PROJECT_ROOT>/derivatives/first_level_inputs_analysis/sub-19/run-05/events_stim.tsv
sub-19	6	run-06	OK	11	32	<PROJECT_ROOT>/derivatives/trialwise_ROI_FC_EC_analysis/per_run/sub-19_run-06_roi_lss.tsv	<PROJECT_ROOT>/derivatives/fmriprep/sub-19/func/sub-19_task-heatpainwithregulationandratings_run-06_space-MNI152NLin2009cAsym_desc-preproc_bold.nii.gz	<PROJECT_ROOT>/derivatives/first_level_inputs_analysis/sub-19/run-06/events_stim.tsv
sub-19	7	run-07	OK	10	32	<PROJECT_ROOT>/derivatives/trialwise_ROI_FC_EC_analysis/per_run/sub-19_run-07_roi_lss.tsv	<PROJECT_ROOT>/derivatives/fmriprep/sub-19/func/sub-19_task-heatpainwithregulationandratings_run-07_space-MNI152NLin2009cAsym_desc-preproc_bold.nii.gz	<PROJECT_ROOT>/derivatives/first_level_inputs_analysis/sub-19/run-07/events_stim.tsv
sub-19	8	run-08	OK	11	32	<PROJECT_ROOT>/derivatives/trialwise_ROI_FC_EC_analysis/per_run/sub-19_run-08_roi_lss.tsv	<PROJECT_ROOT>/derivatives/fmriprep/sub-19/func/sub-19_task-heatpainwithregulationandratings_run-08_space-MNI152NLin2009cAsym_desc-preproc_bold.nii.gz	<PROJECT_ROOT>/derivatives/first_level_inputs_analysis/sub-19/run-08/events_stim.tsv
sub-19	9	run-09	OK	11	32	<PROJECT_ROOT>/derivatives/trialwise_ROI_FC_EC_analysis/per_run/sub-19_run-09_roi_lss.tsv	<PROJECT_ROOT>/derivatives/fmriprep/sub-19/func/sub-19_task-heatpainwithregulationandratings_run-09_space-MNI152NLin2009cAsym_desc-preproc_bold.nii.gz	<PROJECT_ROOT>/derivatives/first_level_inputs_analysis/sub-19/run-09/events_stim.tsv
sub-20	1	run-01	OK	11	32	<PROJECT_ROOT>/derivatives/trialwise_ROI_FC_EC_analysis/per_run/sub-20_run-01_roi_lss.tsv	<PROJECT_ROOT>/derivatives/fmriprep/sub-20/func/sub-20_task-heatpainwithregulationandratings_run-01_space-MNI152NLin2009cAsym_desc-preproc_bold.nii.gz	<PROJECT_ROOT>/derivatives/first_level_inputs_analysis/sub-20/run-01/events_stim.tsv
sub-20	2	run-02	OK	11	32	<PROJECT_ROOT>/derivatives/trialwise_ROI_FC_EC_analysis/per_run/sub-20_run-02_roi_lss.tsv	<PROJECT_ROOT>/derivatives/fmriprep/sub-20/func/sub-20_task-heatpainwithregulationandratings_run-02_space-MNI152NLin2009cAsym_desc-preproc_bold.nii.gz	<PROJECT_ROOT>/derivatives/first_level_inputs_analysis/sub-20/run-02/events_stim.tsv
sub-20	3	run-03	OK	10	32	<PROJECT_ROOT>/derivatives/trialwise_ROI_FC_EC_analysis/per_run/sub-20_run-03_roi_lss.tsv	<PROJECT_ROOT>/derivatives/fmriprep/sub-20/func/sub-20_task-heatpainwithregulationandratings_run-03_space-MNI152NLin2009cAsym_desc-preproc_bold.nii.gz	<PROJECT_ROOT>/derivatives/first_level_inputs_analysis/sub-20/run-03/events_stim.tsv
sub-20	4	run-04	OK	11	32	<PROJECT_ROOT>/derivatives/trialwise_ROI_FC_EC_analysis/per_run/sub-20_run-04_roi_lss.tsv	<PROJECT_ROOT>/derivatives/fmriprep/sub-20/func/sub-20_task-heatpainwithregulationandratings_run-04_space-MNI152NLin2009cAsym_desc-preproc_bold.nii.gz	<PROJECT_ROOT>/derivatives/first_level_inputs_analysis/sub-20/run-04/events_stim.tsv
sub-20	5	run-05	OK	11	32	<PROJECT_ROOT>/derivatives/trialwise_ROI_FC_EC_analysis/per_run/sub-20_run-05_roi_lss.tsv	<PROJECT_ROOT>/derivatives/fmriprep/sub-20/func/sub-20_task-heatpainwithregulationandratings_run-05_space-MNI152NLin2009cAsym_desc-preproc_bold.nii.gz	<PROJECT_ROOT>/derivatives/first_level_inputs_analysis/sub-20/run-05/events_stim.tsv
sub-20	6	run-06	OK	11	32	<PROJECT_ROOT>/derivatives/trialwise_ROI_FC_EC_analysis/per_run/sub-20_run-06_roi_lss.tsv	<PROJECT_ROOT>/derivatives/fmriprep/sub-20/func/sub-20_task-heatpainwithregulationandratings_run-06_space-MNI152NLin2009cAsym_desc-preproc_bold.nii.gz	<PROJECT_ROOT>/derivatives/first_level_inputs_analysis/sub-20/run-06/events_stim.tsv
sub-20	7	run-07	OK	10	32	<PROJECT_ROOT>/derivatives/trialwise_ROI_FC_EC_analysis/per_run/sub-20_run-07_roi_lss.tsv	<PROJECT_ROOT>/derivatives/fmriprep/sub-20/func/sub-20_task-heatpainwithregulationandratings_run-07_space-MNI152NLin2009cAsym_desc-preproc_bold.nii.gz	<PROJECT_ROOT>/derivatives/first_level_inputs_analysis/sub-20/run-07/events_stim.tsv
sub-20	8	run-08	OK	11	32	<PROJECT_ROOT>/derivatives/trialwise_ROI_FC_EC_analysis/per_run/sub-20_run-08_roi_lss.tsv	<PROJECT_ROOT>/derivatives/fmriprep/sub-20/func/sub-20_task-heatpainwithregulationandratings_run-08_space-MNI152NLin2009cAsym_desc-preproc_bold.nii.gz	<PROJECT_ROOT>/derivatives/first_level_inputs_analysis/sub-20/run-08/events_stim.tsv
sub-20	9	run-09	OK	11	32	<PROJECT_ROOT>/derivatives/trialwise_ROI_FC_EC_analysis/per_run/sub-20_run-09_roi_lss.tsv	<PROJECT_ROOT>/derivatives/fmriprep/sub-20/func/sub-20_task-heatpainwithregulationandratings_run-09_space-MNI152NLin2009cAsym_desc-preproc_bold.nii.gz	<PROJECT_ROOT>/derivatives/first_level_inputs_analysis/sub-20/run-09/events_stim.tsv
sub-21	1	run-01	OK	11	32	<PROJECT_ROOT>/derivatives/trialwise_ROI_FC_EC_analysis/per_run/sub-21_run-01_roi_lss.tsv	<PROJECT_ROOT>/derivatives/fmriprep/sub-21/func/sub-21_task-heatpainwithregulationandratings_run-01_space-MNI152NLin2009cAsym_desc-preproc_bold.nii.gz	<PROJECT_ROOT>/derivatives/first_level_inputs_analysis/sub-21/run-01/events_stim.tsv
sub-21	2	run-02	OK	11	32	<PROJECT_ROOT>/derivatives/trialwise_ROI_FC_EC_analysis/per_run/sub-21_run-02_roi_lss.tsv	<PROJECT_ROOT>/derivatives/fmriprep/sub-21/func/sub-21_task-heatpainwithregulationandratings_run-02_space-MNI152NLin2009cAsym_desc-preproc_bold.nii.gz	<PROJECT_ROOT>/derivatives/first_level_inputs_analysis/sub-21/run-02/events_stim.tsv
sub-21	3	run-03	OK	10	32	<PROJECT_ROOT>/derivatives/trialwise_ROI_FC_EC_analysis/per_run/sub-21_run-03_roi_lss.tsv	<PROJECT_ROOT>/derivatives/fmriprep/sub-21/func/sub-21_task-heatpainwithregulationandratings_run-03_space-MNI152NLin2009cAsym_desc-preproc_bold.nii.gz	<PROJECT_ROOT>/derivatives/first_level_inputs_analysis/sub-21/run-03/events_stim.tsv
sub-21	4	run-04	OK	11	32	<PROJECT_ROOT>/derivatives/trialwise_ROI_FC_EC_analysis/per_run/sub-21_run-04_roi_lss.tsv	<PROJECT_ROOT>/derivatives/fmriprep/sub-21/func/sub-21_task-heatpainwithregulationandratings_run-04_space-MNI152NLin2009cAsym_desc-preproc_bold.nii.gz	<PROJECT_ROOT>/derivatives/first_level_inputs_analysis/sub-21/run-04/events_stim.tsv
sub-21	5	run-05	OK	11	32	<PROJECT_ROOT>/derivatives/trialwise_ROI_FC_EC_analysis/per_run/sub-21_run-05_roi_lss.tsv	<PROJECT_ROOT>/derivatives/fmriprep/sub-21/func/sub-21_task-heatpainwithregulationandratings_run-05_space-MNI152NLin2009cAsym_desc-preproc_bold.nii.gz	<PROJECT_ROOT>/derivatives/first_level_inputs_analysis/sub-21/run-05/events_stim.tsv
sub-21	6	run-06	OK	11	32	<PROJECT_ROOT>/derivatives/trialwise_ROI_FC_EC_analysis/per_run/sub-21_run-06_roi_lss.tsv	<PROJECT_ROOT>/derivatives/fmriprep/sub-21/func/sub-21_task-heatpainwithregulationandratings_run-06_space-MNI152NLin2009cAsym_desc-preproc_bold.nii.gz	<PROJECT_ROOT>/derivatives/first_level_inputs_analysis/sub-21/run-06/events_stim.tsv
sub-21	7	run-07	OK	10	32	<PROJECT_ROOT>/derivatives/trialwise_ROI_FC_EC_analysis/per_run/sub-21_run-07_roi_lss.tsv	<PROJECT_ROOT>/derivatives/fmriprep/sub-21/func/sub-21_task-heatpainwithregulationandratings_run-07_space-MNI152NLin2009cAsym_desc-preproc_bold.nii.gz	<PROJECT_ROOT>/derivatives/first_level_inputs_analysis/sub-21/run-07/events_stim.tsv
sub-21	8	run-08	OK	11	32	<PROJECT_ROOT>/derivatives/trialwise_ROI_FC_EC_analysis/per_run/sub-21_run-08_roi_lss.tsv	<PROJECT_ROOT>/derivatives/fmriprep/sub-21/func/sub-21_task-heatpainwithregulationandratings_run-08_space-MNI152NLin2009cAsym_desc-preproc_bold.nii.gz	<PROJECT_ROOT>/derivatives/first_level_inputs_analysis/sub-21/run-08/events_stim.tsv
sub-21	9	run-09	OK	11	32	<PROJECT_ROOT>/derivatives/trialwise_ROI_FC_EC_analysis/per_run/sub-21_run-09_roi_lss.tsv	<PROJECT_ROOT>/derivatives/fmriprep/sub-21/func/sub-21_task-heatpainwithregulationandratings_run-09_space-MNI152NLin2009cAsym_desc-preproc_bold.nii.gz	<PROJECT_ROOT>/derivatives/first_level_inputs_analysis/sub-21/run-09/events_stim.tsv
sub-22	1	run-01	OK	11	32	<PROJECT_ROOT>/derivatives/trialwise_ROI_FC_EC_analysis/per_run/sub-22_run-01_roi_lss.tsv	<PROJECT_ROOT>/derivatives/fmriprep/sub-22/func/sub-22_task-heatpainwithregulationandratings_run-01_space-MNI152NLin2009cAsym_desc-preproc_bold.nii.gz	<PROJECT_ROOT>/derivatives/first_level_inputs_analysis/sub-22/run-01/events_stim.tsv
sub-22	2	run-02	OK	11	32	<PROJECT_ROOT>/derivatives/trialwise_ROI_FC_EC_analysis/per_run/sub-22_run-02_roi_lss.tsv	<PROJECT_ROOT>/derivatives/fmriprep/sub-22/func/sub-22_task-heatpainwithregulationandratings_run-02_space-MNI152NLin2009cAsym_desc-preproc_bold.nii.gz	<PROJECT_ROOT>/derivatives/first_level_inputs_analysis/sub-22/run-02/events_stim.tsv
sub-22	3	run-03	OK	10	32	<PROJECT_ROOT>/derivatives/trialwise_ROI_FC_EC_analysis/per_run/sub-22_run-03_roi_lss.tsv	<PROJECT_ROOT>/derivatives/fmriprep/sub-22/func/sub-22_task-heatpainwithregulationandratings_run-03_space-MNI152NLin2009cAsym_desc-preproc_bold.nii.gz	<PROJECT_ROOT>/derivatives/first_level_inputs_analysis/sub-22/run-03/events_stim.tsv
sub-22	4	run-04	OK	11	32	<PROJECT_ROOT>/derivatives/trialwise_ROI_FC_EC_analysis/per_run/sub-22_run-04_roi_lss.tsv	<PROJECT_ROOT>/derivatives/fmriprep/sub-22/func/sub-22_task-heatpainwithregulationandratings_run-04_space-MNI152NLin2009cAsym_desc-preproc_bold.nii.gz	<PROJECT_ROOT>/derivatives/first_level_inputs_analysis/sub-22/run-04/events_stim.tsv
sub-22	5	run-05	OK	11	32	<PROJECT_ROOT>/derivatives/trialwise_ROI_FC_EC_analysis/per_run/sub-22_run-05_roi_lss.tsv	<PROJECT_ROOT>/derivatives/fmriprep/sub-22/func/sub-22_task-heatpainwithregulationandratings_run-05_space-MNI152NLin2009cAsym_desc-preproc_bold.nii.gz	<PROJECT_ROOT>/derivatives/first_level_inputs_analysis/sub-22/run-05/events_stim.tsv
sub-22	6	run-06	OK	11	32	<PROJECT_ROOT>/derivatives/trialwise_ROI_FC_EC_analysis/per_run/sub-22_run-06_roi_lss.tsv	<PROJECT_ROOT>/derivatives/fmriprep/sub-22/func/sub-22_task-heatpainwithregulationandratings_run-06_space-MNI152NLin2009cAsym_desc-preproc_bold.nii.gz	<PROJECT_ROOT>/derivatives/first_level_inputs_analysis/sub-22/run-06/events_stim.tsv
sub-22	7	run-07	OK	10	32	<PROJECT_ROOT>/derivatives/trialwise_ROI_FC_EC_analysis/per_run/sub-22_run-07_roi_lss.tsv	<PROJECT_ROOT>/derivatives/fmriprep/sub-22/func/sub-22_task-heatpainwithregulationandratings_run-07_space-MNI152NLin2009cAsym_desc-preproc_bold.nii.gz	<PROJECT_ROOT>/derivatives/first_level_inputs_analysis/sub-22/run-07/events_stim.tsv
sub-22	8	run-08	OK	11	32	<PROJECT_ROOT>/derivatives/trialwise_ROI_FC_EC_analysis/per_run/sub-22_run-08_roi_lss.tsv	<PROJECT_ROOT>/derivatives/fmriprep/sub-22/func/sub-22_task-heatpainwithregulationandratings_run-08_space-MNI152NLin2009cAsym_desc-preproc_bold.nii.gz	<PROJECT_ROOT>/derivatives/first_level_inputs_analysis/sub-22/run-08/events_stim.tsv
sub-22	9	run-09	OK	11	32	<PROJECT_ROOT>/derivatives/trialwise_ROI_FC_EC_analysis/per_run/sub-22_run-09_roi_lss.tsv	<PROJECT_ROOT>/derivatives/fmriprep/sub-22/func/sub-22_task-heatpainwithregulationandratings_run-09_space-MNI152NLin2009cAsym_desc-preproc_bold.nii.gz	<PROJECT_ROOT>/derivatives/first_level_inputs_analysis/sub-22/run-09/events_stim.tsv
sub-23	1	run-01	OK	11	32	<PROJECT_ROOT>/derivatives/trialwise_ROI_FC_EC_analysis/per_run/sub-23_run-01_roi_lss.tsv	<PROJECT_ROOT>/derivatives/fmriprep/sub-23/func/sub-23_task-heatpainwithregulationandratings_run-01_space-MNI152NLin2009cAsym_desc-preproc_bold.nii.gz	<PROJECT_ROOT>/derivatives/first_level_inputs_analysis/sub-23/run-01/events_stim.tsv
sub-23	2	run-02	OK	11	32	<PROJECT_ROOT>/derivatives/trialwise_ROI_FC_EC_analysis/per_run/sub-23_run-02_roi_lss.tsv	<PROJECT_ROOT>/derivatives/fmriprep/sub-23/func/sub-23_task-heatpainwithregulationandratings_run-02_space-MNI152NLin2009cAsym_desc-preproc_bold.nii.gz	<PROJECT_ROOT>/derivatives/first_level_inputs_analysis/sub-23/run-02/events_stim.tsv
sub-23	3	run-03	OK	10	32	<PROJECT_ROOT>/derivatives/trialwise_ROI_FC_EC_analysis/per_run/sub-23_run-03_roi_lss.tsv	<PROJECT_ROOT>/derivatives/fmriprep/sub-23/func/sub-23_task-heatpainwithregulationandratings_run-03_space-MNI152NLin2009cAsym_desc-preproc_bold.nii.gz	<PROJECT_ROOT>/derivatives/first_level_inputs_analysis/sub-23/run-03/events_stim.tsv
sub-23	4	run-04	OK	11	32	<PROJECT_ROOT>/derivatives/trialwise_ROI_FC_EC_analysis/per_run/sub-23_run-04_roi_lss.tsv	<PROJECT_ROOT>/derivatives/fmriprep/sub-23/func/sub-23_task-heatpainwithregulationandratings_run-04_space-MNI152NLin2009cAsym_desc-preproc_bold.nii.gz	<PROJECT_ROOT>/derivatives/first_level_inputs_analysis/sub-23/run-04/events_stim.tsv
sub-23	5	run-05	OK	11	32	<PROJECT_ROOT>/derivatives/trialwise_ROI_FC_EC_analysis/per_run/sub-23_run-05_roi_lss.tsv	<PROJECT_ROOT>/derivatives/fmriprep/sub-23/func/sub-23_task-heatpainwithregulationandratings_run-05_space-MNI152NLin2009cAsym_desc-preproc_bold.nii.gz	<PROJECT_ROOT>/derivatives/first_level_inputs_analysis/sub-23/run-05/events_stim.tsv
sub-23	6	run-06	OK	11	32	<PROJECT_ROOT>/derivatives/trialwise_ROI_FC_EC_analysis/per_run/sub-23_run-06_roi_lss.tsv	<PROJECT_ROOT>/derivatives/fmriprep/sub-23/func/sub-23_task-heatpainwithregulationandratings_run-06_space-MNI152NLin2009cAsym_desc-preproc_bold.nii.gz	<PROJECT_ROOT>/derivatives/first_level_inputs_analysis/sub-23/run-06/events_stim.tsv
sub-23	7	run-07	OK	10	32	<PROJECT_ROOT>/derivatives/trialwise_ROI_FC_EC_analysis/per_run/sub-23_run-07_roi_lss.tsv	<PROJECT_ROOT>/derivatives/fmriprep/sub-23/func/sub-23_task-heatpainwithregulationandratings_run-07_space-MNI152NLin2009cAsym_desc-preproc_bold.nii.gz	<PROJECT_ROOT>/derivatives/first_level_inputs_analysis/sub-23/run-07/events_stim.tsv
sub-23	8	run-08	OK	11	32	<PROJECT_ROOT>/derivatives/trialwise_ROI_FC_EC_analysis/per_run/sub-23_run-08_roi_lss.tsv	<PROJECT_ROOT>/derivatives/fmriprep/sub-23/func/sub-23_task-heatpainwithregulationandratings_run-08_space-MNI152NLin2009cAsym_desc-preproc_bold.nii.gz	<PROJECT_ROOT>/derivatives/first_level_inputs_analysis/sub-23/run-08/events_stim.tsv
sub-23	9	run-09	OK	11	32	<PROJECT_ROOT>/derivatives/trialwise_ROI_FC_EC_analysis/per_run/sub-23_run-09_roi_lss.tsv	<PROJECT_ROOT>/derivatives/fmriprep/sub-23/func/sub-23_task-heatpainwithregulationandratings_run-09_space-MNI152NLin2009cAsym_desc-preproc_bold.nii.gz	<PROJECT_ROOT>/derivatives/first_level_inputs_analysis/sub-23/run-09/events_stim.tsv
sub-24	1	run-01	OK	11	32	<PROJECT_ROOT>/derivatives/trialwise_ROI_FC_EC_analysis/per_run/sub-24_run-01_roi_lss.tsv	<PROJECT_ROOT>/derivatives/fmriprep/sub-24/func/sub-24_task-heatpainwithregulationandratings_run-01_space-MNI152NLin2009cAsym_desc-preproc_bold.nii.gz	<PROJECT_ROOT>/derivatives/first_level_inputs_analysis/sub-24/run-01/events_stim.tsv
sub-24	2	run-02	OK	11	32	<PROJECT_ROOT>/derivatives/trialwise_ROI_FC_EC_analysis/per_run/sub-24_run-02_roi_lss.tsv	<PROJECT_ROOT>/derivatives/fmriprep/sub-24/func/sub-24_task-heatpainwithregulationandratings_run-02_space-MNI152NLin2009cAsym_desc-preproc_bold.nii.gz	<PROJECT_ROOT>/derivatives/first_level_inputs_analysis/sub-24/run-02/events_stim.tsv
sub-24	3	run-03	OK	10	32	<PROJECT_ROOT>/derivatives/trialwise_ROI_FC_EC_analysis/per_run/sub-24_run-03_roi_lss.tsv	<PROJECT_ROOT>/derivatives/fmriprep/sub-24/func/sub-24_task-heatpainwithregulationandratings_run-03_space-MNI152NLin2009cAsym_desc-preproc_bold.nii.gz	<PROJECT_ROOT>/derivatives/first_level_inputs_analysis/sub-24/run-03/events_stim.tsv
sub-24	4	run-04	OK	11	32	<PROJECT_ROOT>/derivatives/trialwise_ROI_FC_EC_analysis/per_run/sub-24_run-04_roi_lss.tsv	<PROJECT_ROOT>/derivatives/fmriprep/sub-24/func/sub-24_task-heatpainwithregulationandratings_run-04_space-MNI152NLin2009cAsym_desc-preproc_bold.nii.gz	<PROJECT_ROOT>/derivatives/first_level_inputs_analysis/sub-24/run-04/events_stim.tsv
sub-24	5	run-05	OK	11	32	<PROJECT_ROOT>/derivatives/trialwise_ROI_FC_EC_analysis/per_run/sub-24_run-05_roi_lss.tsv	<PROJECT_ROOT>/derivatives/fmriprep/sub-24/func/sub-24_task-heatpainwithregulationandratings_run-05_space-MNI152NLin2009cAsym_desc-preproc_bold.nii.gz	<PROJECT_ROOT>/derivatives/first_level_inputs_analysis/sub-24/run-05/events_stim.tsv
sub-24	6	run-06	OK	11	32	<PROJECT_ROOT>/derivatives/trialwise_ROI_FC_EC_analysis/per_run/sub-24_run-06_roi_lss.tsv	<PROJECT_ROOT>/derivatives/fmriprep/sub-24/func/sub-24_task-heatpainwithregulationandratings_run-06_space-MNI152NLin2009cAsym_desc-preproc_bold.nii.gz	<PROJECT_ROOT>/derivatives/first_level_inputs_analysis/sub-24/run-06/events_stim.tsv
sub-24	7	run-07	OK	10	32	<PROJECT_ROOT>/derivatives/trialwise_ROI_FC_EC_analysis/per_run/sub-24_run-07_roi_lss.tsv	<PROJECT_ROOT>/derivatives/fmriprep/sub-24/func/sub-24_task-heatpainwithregulationandratings_run-07_space-MNI152NLin2009cAsym_desc-preproc_bold.nii.gz	<PROJECT_ROOT>/derivatives/first_level_inputs_analysis/sub-24/run-07/events_stim.tsv
sub-24	8	run-08	OK	11	32	<PROJECT_ROOT>/derivatives/trialwise_ROI_FC_EC_analysis/per_run/sub-24_run-08_roi_lss.tsv	<PROJECT_ROOT>/derivatives/fmriprep/sub-24/func/sub-24_task-heatpainwithregulationandratings_run-08_space-MNI152NLin2009cAsym_desc-preproc_bold.nii.gz	<PROJECT_ROOT>/derivatives/first_level_inputs_analysis/sub-24/run-08/events_stim.tsv
sub-24	9	run-09	OK	11	32	<PROJECT_ROOT>/derivatives/trialwise_ROI_FC_EC_analysis/per_run/sub-24_run-09_roi_lss.tsv	<PROJECT_ROOT>/derivatives/fmriprep/sub-24/func/sub-24_task-heatpainwithregulationandratings_run-09_space-MNI152NLin2009cAsym_desc-preproc_bold.nii.gz	<PROJECT_ROOT>/derivatives/first_level_inputs_analysis/sub-24/run-09/events_stim.tsv
sub-25	2	run-02	OK	11	32	<PROJECT_ROOT>/derivatives/trialwise_ROI_FC_EC_analysis/per_run/sub-25_run-02_roi_lss.tsv	<PROJECT_ROOT>/derivatives/fmriprep/sub-25/func/sub-25_task-heatpainwithregulationandratings_run-02_space-MNI152NLin2009cAsym_desc-preproc_bold.nii.gz	<PROJECT_ROOT>/derivatives/first_level_inputs_analysis/sub-25/run-02/events_stim.tsv
sub-25	3	run-03	OK	10	32	<PROJECT_ROOT>/derivatives/trialwise_ROI_FC_EC_analysis/per_run/sub-25_run-03_roi_lss.tsv	<PROJECT_ROOT>/derivatives/fmriprep/sub-25/func/sub-25_task-heatpainwithregulationandratings_run-03_space-MNI152NLin2009cAsym_desc-preproc_bold.nii.gz	<PROJECT_ROOT>/derivatives/first_level_inputs_analysis/sub-25/run-03/events_stim.tsv
sub-25	4	run-04	OK	11	32	<PROJECT_ROOT>/derivatives/trialwise_ROI_FC_EC_analysis/per_run/sub-25_run-04_roi_lss.tsv	<PROJECT_ROOT>/derivatives/fmriprep/sub-25/func/sub-25_task-heatpainwithregulationandratings_run-04_space-MNI152NLin2009cAsym_desc-preproc_bold.nii.gz	<PROJECT_ROOT>/derivatives/first_level_inputs_analysis/sub-25/run-04/events_stim.tsv
sub-25	5	run-05	OK	11	32	<PROJECT_ROOT>/derivatives/trialwise_ROI_FC_EC_analysis/per_run/sub-25_run-05_roi_lss.tsv	<PROJECT_ROOT>/derivatives/fmriprep/sub-25/func/sub-25_task-heatpainwithregulationandratings_run-05_space-MNI152NLin2009cAsym_desc-preproc_bold.nii.gz	<PROJECT_ROOT>/derivatives/first_level_inputs_analysis/sub-25/run-05/events_stim.tsv
sub-25	6	run-06	OK	11	32	<PROJECT_ROOT>/derivatives/trialwise_ROI_FC_EC_analysis/per_run/sub-25_run-06_roi_lss.tsv	<PROJECT_ROOT>/derivatives/fmriprep/sub-25/func/sub-25_task-heatpainwithregulationandratings_run-06_space-MNI152NLin2009cAsym_desc-preproc_bold.nii.gz	<PROJECT_ROOT>/derivatives/first_level_inputs_analysis/sub-25/run-06/events_stim.tsv
sub-25	7	run-07	OK	10	32	<PROJECT_ROOT>/derivatives/trialwise_ROI_FC_EC_analysis/per_run/sub-25_run-07_roi_lss.tsv	<PROJECT_ROOT>/derivatives/fmriprep/sub-25/func/sub-25_task-heatpainwithregulationandratings_run-07_space-MNI152NLin2009cAsym_desc-preproc_bold.nii.gz	<PROJECT_ROOT>/derivatives/first_level_inputs_analysis/sub-25/run-07/events_stim.tsv
sub-25	8	run-08	OK	11	32	<PROJECT_ROOT>/derivatives/trialwise_ROI_FC_EC_analysis/per_run/sub-25_run-08_roi_lss.tsv	<PROJECT_ROOT>/derivatives/fmriprep/sub-25/func/sub-25_task-heatpainwithregulationandratings_run-08_space-MNI152NLin2009cAsym_desc-preproc_bold.nii.gz	<PROJECT_ROOT>/derivatives/first_level_inputs_analysis/sub-25/run-08/events_stim.tsv
sub-25	9	run-09	OK	11	32	<PROJECT_ROOT>/derivatives/trialwise_ROI_FC_EC_analysis/per_run/sub-25_run-09_roi_lss.tsv	<PROJECT_ROOT>/derivatives/fmriprep/sub-25/func/sub-25_task-heatpainwithregulationandratings_run-09_space-MNI152NLin2009cAsym_desc-preproc_bold.nii.gz	<PROJECT_ROOT>/derivatives/first_level_inputs_analysis/sub-25/run-09/events_stim.tsv
sub-26	1	run-01	OK	11	32	<PROJECT_ROOT>/derivatives/trialwise_ROI_FC_EC_analysis/per_run/sub-26_run-01_roi_lss.tsv	<PROJECT_ROOT>/derivatives/fmriprep/sub-26/func/sub-26_task-heatpainwithregulationandratings_run-01_space-MNI152NLin2009cAsym_desc-preproc_bold.nii.gz	<PROJECT_ROOT>/derivatives/first_level_inputs_analysis/sub-26/run-01/events_stim.tsv
sub-26	2	run-02	OK	11	32	<PROJECT_ROOT>/derivatives/trialwise_ROI_FC_EC_analysis/per_run/sub-26_run-02_roi_lss.tsv	<PROJECT_ROOT>/derivatives/fmriprep/sub-26/func/sub-26_task-heatpainwithregulationandratings_run-02_space-MNI152NLin2009cAsym_desc-preproc_bold.nii.gz	<PROJECT_ROOT>/derivatives/first_level_inputs_analysis/sub-26/run-02/events_stim.tsv
sub-26	3	run-03	OK	10	32	<PROJECT_ROOT>/derivatives/trialwise_ROI_FC_EC_analysis/per_run/sub-26_run-03_roi_lss.tsv	<PROJECT_ROOT>/derivatives/fmriprep/sub-26/func/sub-26_task-heatpainwithregulationandratings_run-03_space-MNI152NLin2009cAsym_desc-preproc_bold.nii.gz	<PROJECT_ROOT>/derivatives/first_level_inputs_analysis/sub-26/run-03/events_stim.tsv
sub-26	4	run-04	OK	11	32	<PROJECT_ROOT>/derivatives/trialwise_ROI_FC_EC_analysis/per_run/sub-26_run-04_roi_lss.tsv	<PROJECT_ROOT>/derivatives/fmriprep/sub-26/func/sub-26_task-heatpainwithregulationandratings_run-04_space-MNI152NLin2009cAsym_desc-preproc_bold.nii.gz	<PROJECT_ROOT>/derivatives/first_level_inputs_analysis/sub-26/run-04/events_stim.tsv
sub-26	5	run-05	OK	11	32	<PROJECT_ROOT>/derivatives/trialwise_ROI_FC_EC_analysis/per_run/sub-26_run-05_roi_lss.tsv	<PROJECT_ROOT>/derivatives/fmriprep/sub-26/func/sub-26_task-heatpainwithregulationandratings_run-05_space-MNI152NLin2009cAsym_desc-preproc_bold.nii.gz	<PROJECT_ROOT>/derivatives/first_level_inputs_analysis/sub-26/run-05/events_stim.tsv
sub-26	6	run-06	OK	11	32	<PROJECT_ROOT>/derivatives/trialwise_ROI_FC_EC_analysis/per_run/sub-26_run-06_roi_lss.tsv	<PROJECT_ROOT>/derivatives/fmriprep/sub-26/func/sub-26_task-heatpainwithregulationandratings_run-06_space-MNI152NLin2009cAsym_desc-preproc_bold.nii.gz	<PROJECT_ROOT>/derivatives/first_level_inputs_analysis/sub-26/run-06/events_stim.tsv
sub-26	7	run-07	OK	10	32	<PROJECT_ROOT>/derivatives/trialwise_ROI_FC_EC_analysis/per_run/sub-26_run-07_roi_lss.tsv	<PROJECT_ROOT>/derivatives/fmriprep/sub-26/func/sub-26_task-heatpainwithregulationandratings_run-07_space-MNI152NLin2009cAsym_desc-preproc_bold.nii.gz	<PROJECT_ROOT>/derivatives/first_level_inputs_analysis/sub-26/run-07/events_stim.tsv
sub-26	8	run-08	OK	11	32	<PROJECT_ROOT>/derivatives/trialwise_ROI_FC_EC_analysis/per_run/sub-26_run-08_roi_lss.tsv	<PROJECT_ROOT>/derivatives/fmriprep/sub-26/func/sub-26_task-heatpainwithregulationandratings_run-08_space-MNI152NLin2009cAsym_desc-preproc_bold.nii.gz	<PROJECT_ROOT>/derivatives/first_level_inputs_analysis/sub-26/run-08/events_stim.tsv
sub-26	9	run-09	OK	11	32	<PROJECT_ROOT>/derivatives/trialwise_ROI_FC_EC_analysis/per_run/sub-26_run-09_roi_lss.tsv	<PROJECT_ROOT>/derivatives/fmriprep/sub-26/func/sub-26_task-heatpainwithregulationandratings_run-09_space-MNI152NLin2009cAsym_desc-preproc_bold.nii.gz	<PROJECT_ROOT>/derivatives/first_level_inputs_analysis/sub-26/run-09/events_stim.tsv
sub-27	1	run-01	OK	11	32	<PROJECT_ROOT>/derivatives/trialwise_ROI_FC_EC_analysis/per_run/sub-27_run-01_roi_lss.tsv	<PROJECT_ROOT>/derivatives/fmriprep/sub-27/func/sub-27_task-heatpainwithregulationandratings_run-01_space-MNI152NLin2009cAsym_desc-preproc_bold.nii.gz	<PROJECT_ROOT>/derivatives/first_level_inputs_analysis/sub-27/run-01/events_stim.tsv
sub-27	2	run-02	OK	11	32	<PROJECT_ROOT>/derivatives/trialwise_ROI_FC_EC_analysis/per_run/sub-27_run-02_roi_lss.tsv	<PROJECT_ROOT>/derivatives/fmriprep/sub-27/func/sub-27_task-heatpainwithregulationandratings_run-02_space-MNI152NLin2009cAsym_desc-preproc_bold.nii.gz	<PROJECT_ROOT>/derivatives/first_level_inputs_analysis/sub-27/run-02/events_stim.tsv
sub-27	3	run-03	OK	10	32	<PROJECT_ROOT>/derivatives/trialwise_ROI_FC_EC_analysis/per_run/sub-27_run-03_roi_lss.tsv	<PROJECT_ROOT>/derivatives/fmriprep/sub-27/func/sub-27_task-heatpainwithregulationandratings_run-03_space-MNI152NLin2009cAsym_desc-preproc_bold.nii.gz	<PROJECT_ROOT>/derivatives/first_level_inputs_analysis/sub-27/run-03/events_stim.tsv
sub-27	4	run-04	OK	11	32	<PROJECT_ROOT>/derivatives/trialwise_ROI_FC_EC_analysis/per_run/sub-27_run-04_roi_lss.tsv	<PROJECT_ROOT>/derivatives/fmriprep/sub-27/func/sub-27_task-heatpainwithregulationandratings_run-04_space-MNI152NLin2009cAsym_desc-preproc_bold.nii.gz	<PROJECT_ROOT>/derivatives/first_level_inputs_analysis/sub-27/run-04/events_stim.tsv
sub-27	5	run-05	OK	11	32	<PROJECT_ROOT>/derivatives/trialwise_ROI_FC_EC_analysis/per_run/sub-27_run-05_roi_lss.tsv	<PROJECT_ROOT>/derivatives/fmriprep/sub-27/func/sub-27_task-heatpainwithregulationandratings_run-05_space-MNI152NLin2009cAsym_desc-preproc_bold.nii.gz	<PROJECT_ROOT>/derivatives/first_level_inputs_analysis/sub-27/run-05/events_stim.tsv
sub-27	6	run-06	OK	11	32	<PROJECT_ROOT>/derivatives/trialwise_ROI_FC_EC_analysis/per_run/sub-27_run-06_roi_lss.tsv	<PROJECT_ROOT>/derivatives/fmriprep/sub-27/func/sub-27_task-heatpainwithregulationandratings_run-06_space-MNI152NLin2009cAsym_desc-preproc_bold.nii.gz	<PROJECT_ROOT>/derivatives/first_level_inputs_analysis/sub-27/run-06/events_stim.tsv
sub-27	7	run-07	OK	10	32	<PROJECT_ROOT>/derivatives/trialwise_ROI_FC_EC_analysis/per_run/sub-27_run-07_roi_lss.tsv	<PROJECT_ROOT>/derivatives/fmriprep/sub-27/func/sub-27_task-heatpainwithregulationandratings_run-07_space-MNI152NLin2009cAsym_desc-preproc_bold.nii.gz	<PROJECT_ROOT>/derivatives/first_level_inputs_analysis/sub-27/run-07/events_stim.tsv
sub-27	8	run-08	OK	11	32	<PROJECT_ROOT>/derivatives/trialwise_ROI_FC_EC_analysis/per_run/sub-27_run-08_roi_lss.tsv	<PROJECT_ROOT>/derivatives/fmriprep/sub-27/func/sub-27_task-heatpainwithregulationandratings_run-08_space-MNI152NLin2009cAsym_desc-preproc_bold.nii.gz	<PROJECT_ROOT>/derivatives/first_level_inputs_analysis/sub-27/run-08/events_stim.tsv
sub-27	9	run-09	OK	11	32	<PROJECT_ROOT>/derivatives/trialwise_ROI_FC_EC_analysis/per_run/sub-27_run-09_roi_lss.tsv	<PROJECT_ROOT>/derivatives/fmriprep/sub-27/func/sub-27_task-heatpainwithregulationandratings_run-09_space-MNI152NLin2009cAsym_desc-preproc_bold.nii.gz	<PROJECT_ROOT>/derivatives/first_level_inputs_analysis/sub-27/run-09/events_stim.tsv
sub-28	1	run-01	OK	11	32	<PROJECT_ROOT>/derivatives/trialwise_ROI_FC_EC_analysis/per_run/sub-28_run-01_roi_lss.tsv	<PROJECT_ROOT>/derivatives/fmriprep/sub-28/func/sub-28_task-heatpainwithregulationandratings_run-01_space-MNI152NLin2009cAsym_desc-preproc_bold.nii.gz	<PROJECT_ROOT>/derivatives/first_level_inputs_analysis/sub-28/run-01/events_stim.tsv
sub-28	2	run-02	OK	11	32	<PROJECT_ROOT>/derivatives/trialwise_ROI_FC_EC_analysis/per_run/sub-28_run-02_roi_lss.tsv	<PROJECT_ROOT>/derivatives/fmriprep/sub-28/func/sub-28_task-heatpainwithregulationandratings_run-02_space-MNI152NLin2009cAsym_desc-preproc_bold.nii.gz	<PROJECT_ROOT>/derivatives/first_level_inputs_analysis/sub-28/run-02/events_stim.tsv
sub-28	3	run-03	OK	10	32	<PROJECT_ROOT>/derivatives/trialwise_ROI_FC_EC_analysis/per_run/sub-28_run-03_roi_lss.tsv	<PROJECT_ROOT>/derivatives/fmriprep/sub-28/func/sub-28_task-heatpainwithregulationandratings_run-03_space-MNI152NLin2009cAsym_desc-preproc_bold.nii.gz	<PROJECT_ROOT>/derivatives/first_level_inputs_analysis/sub-28/run-03/events_stim.tsv
sub-28	4	run-04	OK	11	32	<PROJECT_ROOT>/derivatives/trialwise_ROI_FC_EC_analysis/per_run/sub-28_run-04_roi_lss.tsv	<PROJECT_ROOT>/derivatives/fmriprep/sub-28/func/sub-28_task-heatpainwithregulationandratings_run-04_space-MNI152NLin2009cAsym_desc-preproc_bold.nii.gz	<PROJECT_ROOT>/derivatives/first_level_inputs_analysis/sub-28/run-04/events_stim.tsv
sub-28	5	run-05	OK	11	32	<PROJECT_ROOT>/derivatives/trialwise_ROI_FC_EC_analysis/per_run/sub-28_run-05_roi_lss.tsv	<PROJECT_ROOT>/derivatives/fmriprep/sub-28/func/sub-28_task-heatpainwithregulationandratings_run-05_space-MNI152NLin2009cAsym_desc-preproc_bold.nii.gz	<PROJECT_ROOT>/derivatives/first_level_inputs_analysis/sub-28/run-05/events_stim.tsv
sub-28	6	run-06	OK	11	32	<PROJECT_ROOT>/derivatives/trialwise_ROI_FC_EC_analysis/per_run/sub-28_run-06_roi_lss.tsv	<PROJECT_ROOT>/derivatives/fmriprep/sub-28/func/sub-28_task-heatpainwithregulationandratings_run-06_space-MNI152NLin2009cAsym_desc-preproc_bold.nii.gz	<PROJECT_ROOT>/derivatives/first_level_inputs_analysis/sub-28/run-06/events_stim.tsv
sub-28	7	run-07	OK	10	32	<PROJECT_ROOT>/derivatives/trialwise_ROI_FC_EC_analysis/per_run/sub-28_run-07_roi_lss.tsv	<PROJECT_ROOT>/derivatives/fmriprep/sub-28/func/sub-28_task-heatpainwithregulationandratings_run-07_space-MNI152NLin2009cAsym_desc-preproc_bold.nii.gz	<PROJECT_ROOT>/derivatives/first_level_inputs_analysis/sub-28/run-07/events_stim.tsv
sub-28	8	run-08	OK	11	32	<PROJECT_ROOT>/derivatives/trialwise_ROI_FC_EC_analysis/per_run/sub-28_run-08_roi_lss.tsv	<PROJECT_ROOT>/derivatives/fmriprep/sub-28/func/sub-28_task-heatpainwithregulationandratings_run-08_space-MNI152NLin2009cAsym_desc-preproc_bold.nii.gz	<PROJECT_ROOT>/derivatives/first_level_inputs_analysis/sub-28/run-08/events_stim.tsv
sub-28	9	run-09	OK	11	32	<PROJECT_ROOT>/derivatives/trialwise_ROI_FC_EC_analysis/per_run/sub-28_run-09_roi_lss.tsv	<PROJECT_ROOT>/derivatives/fmriprep/sub-28/func/sub-28_task-heatpainwithregulationandratings_run-09_space-MNI152NLin2009cAsym_desc-preproc_bold.nii.gz	<PROJECT_ROOT>/derivatives/first_level_inputs_analysis/sub-28/run-09/events_stim.tsv
sub-29	1	run-01	OK	11	32	<PROJECT_ROOT>/derivatives/trialwise_ROI_FC_EC_analysis/per_run/sub-29_run-01_roi_lss.tsv	<PROJECT_ROOT>/derivatives/fmriprep/sub-29/func/sub-29_task-heatpainwithregulationandratings_run-01_space-MNI152NLin2009cAsym_desc-preproc_bold.nii.gz	<PROJECT_ROOT>/derivatives/first_level_inputs_analysis/sub-29/run-01/events_stim.tsv
sub-29	2	run-02	OK	11	32	<PROJECT_ROOT>/derivatives/trialwise_ROI_FC_EC_analysis/per_run/sub-29_run-02_roi_lss.tsv	<PROJECT_ROOT>/derivatives/fmriprep/sub-29/func/sub-29_task-heatpainwithregulationandratings_run-02_space-MNI152NLin2009cAsym_desc-preproc_bold.nii.gz	<PROJECT_ROOT>/derivatives/first_level_inputs_analysis/sub-29/run-02/events_stim.tsv
sub-29	3	run-03	OK	10	32	<PROJECT_ROOT>/derivatives/trialwise_ROI_FC_EC_analysis/per_run/sub-29_run-03_roi_lss.tsv	<PROJECT_ROOT>/derivatives/fmriprep/sub-29/func/sub-29_task-heatpainwithregulationandratings_run-03_space-MNI152NLin2009cAsym_desc-preproc_bold.nii.gz	<PROJECT_ROOT>/derivatives/first_level_inputs_analysis/sub-29/run-03/events_stim.tsv
sub-29	4	run-04	OK	11	32	<PROJECT_ROOT>/derivatives/trialwise_ROI_FC_EC_analysis/per_run/sub-29_run-04_roi_lss.tsv	<PROJECT_ROOT>/derivatives/fmriprep/sub-29/func/sub-29_task-heatpainwithregulationandratings_run-04_space-MNI152NLin2009cAsym_desc-preproc_bold.nii.gz	<PROJECT_ROOT>/derivatives/first_level_inputs_analysis/sub-29/run-04/events_stim.tsv
sub-29	5	run-05	OK	11	32	<PROJECT_ROOT>/derivatives/trialwise_ROI_FC_EC_analysis/per_run/sub-29_run-05_roi_lss.tsv	<PROJECT_ROOT>/derivatives/fmriprep/sub-29/func/sub-29_task-heatpainwithregulationandratings_run-05_space-MNI152NLin2009cAsym_desc-preproc_bold.nii.gz	<PROJECT_ROOT>/derivatives/first_level_inputs_analysis/sub-29/run-05/events_stim.tsv
sub-29	6	run-06	OK	11	32	<PROJECT_ROOT>/derivatives/trialwise_ROI_FC_EC_analysis/per_run/sub-29_run-06_roi_lss.tsv	<PROJECT_ROOT>/derivatives/fmriprep/sub-29/func/sub-29_task-heatpainwithregulationandratings_run-06_space-MNI152NLin2009cAsym_desc-preproc_bold.nii.gz	<PROJECT_ROOT>/derivatives/first_level_inputs_analysis/sub-29/run-06/events_stim.tsv
sub-29	7	run-07	OK	10	32	<PROJECT_ROOT>/derivatives/trialwise_ROI_FC_EC_analysis/per_run/sub-29_run-07_roi_lss.tsv	<PROJECT_ROOT>/derivatives/fmriprep/sub-29/func/sub-29_task-heatpainwithregulationandratings_run-07_space-MNI152NLin2009cAsym_desc-preproc_bold.nii.gz	<PROJECT_ROOT>/derivatives/first_level_inputs_analysis/sub-29/run-07/events_stim.tsv
sub-29	8	run-08	OK	11	32	<PROJECT_ROOT>/derivatives/trialwise_ROI_FC_EC_analysis/per_run/sub-29_run-08_roi_lss.tsv	<PROJECT_ROOT>/derivatives/fmriprep/sub-29/func/sub-29_task-heatpainwithregulationandratings_run-08_space-MNI152NLin2009cAsym_desc-preproc_bold.nii.gz	<PROJECT_ROOT>/derivatives/first_level_inputs_analysis/sub-29/run-08/events_stim.tsv
sub-29	9	run-09	OK	11	32	<PROJECT_ROOT>/derivatives/trialwise_ROI_FC_EC_analysis/per_run/sub-29_run-09_roi_lss.tsv	<PROJECT_ROOT>/derivatives/fmriprep/sub-29/func/sub-29_task-heatpainwithregulationandratings_run-09_space-MNI152NLin2009cAsym_desc-preproc_bold.nii.gz	<PROJECT_ROOT>/derivatives/first_level_inputs_analysis/sub-29/run-09/events_stim.tsv
sub-30	1	run-01	OK	11	32	<PROJECT_ROOT>/derivatives/trialwise_ROI_FC_EC_analysis/per_run/sub-30_run-01_roi_lss.tsv	<PROJECT_ROOT>/derivatives/fmriprep/sub-30/func/sub-30_task-heatpainwithregulationandratings_run-01_space-MNI152NLin2009cAsym_desc-preproc_bold.nii.gz	<PROJECT_ROOT>/derivatives/first_level_inputs_analysis/sub-30/run-01/events_stim.tsv
sub-30	2	run-02	OK	11	32	<PROJECT_ROOT>/derivatives/trialwise_ROI_FC_EC_analysis/per_run/sub-30_run-02_roi_lss.tsv	<PROJECT_ROOT>/derivatives/fmriprep/sub-30/func/sub-30_task-heatpainwithregulationandratings_run-02_space-MNI152NLin2009cAsym_desc-preproc_bold.nii.gz	<PROJECT_ROOT>/derivatives/first_level_inputs_analysis/sub-30/run-02/events_stim.tsv
sub-30	3	run-03	OK	10	32	<PROJECT_ROOT>/derivatives/trialwise_ROI_FC_EC_analysis/per_run/sub-30_run-03_roi_lss.tsv	<PROJECT_ROOT>/derivatives/fmriprep/sub-30/func/sub-30_task-heatpainwithregulationandratings_run-03_space-MNI152NLin2009cAsym_desc-preproc_bold.nii.gz	<PROJECT_ROOT>/derivatives/first_level_inputs_analysis/sub-30/run-03/events_stim.tsv
sub-30	4	run-04	OK	11	32	<PROJECT_ROOT>/derivatives/trialwise_ROI_FC_EC_analysis/per_run/sub-30_run-04_roi_lss.tsv	<PROJECT_ROOT>/derivatives/fmriprep/sub-30/func/sub-30_task-heatpainwithregulationandratings_run-04_space-MNI152NLin2009cAsym_desc-preproc_bold.nii.gz	<PROJECT_ROOT>/derivatives/first_level_inputs_analysis/sub-30/run-04/events_stim.tsv
sub-30	5	run-05	OK	11	32	<PROJECT_ROOT>/derivatives/trialwise_ROI_FC_EC_analysis/per_run/sub-30_run-05_roi_lss.tsv	<PROJECT_ROOT>/derivatives/fmriprep/sub-30/func/sub-30_task-heatpainwithregulationandratings_run-05_space-MNI152NLin2009cAsym_desc-preproc_bold.nii.gz	<PROJECT_ROOT>/derivatives/first_level_inputs_analysis/sub-30/run-05/events_stim.tsv
sub-30	6	run-06	OK	11	32	<PROJECT_ROOT>/derivatives/trialwise_ROI_FC_EC_analysis/per_run/sub-30_run-06_roi_lss.tsv	<PROJECT_ROOT>/derivatives/fmriprep/sub-30/func/sub-30_task-heatpainwithregulationandratings_run-06_space-MNI152NLin2009cAsym_desc-preproc_bold.nii.gz	<PROJECT_ROOT>/derivatives/first_level_inputs_analysis/sub-30/run-06/events_stim.tsv
sub-30	7	run-07	OK	10	32	<PROJECT_ROOT>/derivatives/trialwise_ROI_FC_EC_analysis/per_run/sub-30_run-07_roi_lss.tsv	<PROJECT_ROOT>/derivatives/fmriprep/sub-30/func/sub-30_task-heatpainwithregulationandratings_run-07_space-MNI152NLin2009cAsym_desc-preproc_bold.nii.gz	<PROJECT_ROOT>/derivatives/first_level_inputs_analysis/sub-30/run-07/events_stim.tsv
sub-30	8	run-08	OK	11	32	<PROJECT_ROOT>/derivatives/trialwise_ROI_FC_EC_analysis/per_run/sub-30_run-08_roi_lss.tsv	<PROJECT_ROOT>/derivatives/fmriprep/sub-30/func/sub-30_task-heatpainwithregulationandratings_run-08_space-MNI152NLin2009cAsym_desc-preproc_bold.nii.gz	<PROJECT_ROOT>/derivatives/first_level_inputs_analysis/sub-30/run-08/events_stim.tsv
sub-30	9	run-09	OK	11	32	<PROJECT_ROOT>/derivatives/trialwise_ROI_FC_EC_analysis/per_run/sub-30_run-09_roi_lss.tsv	<PROJECT_ROOT>/derivatives/fmriprep/sub-30/func/sub-30_task-heatpainwithregulationandratings_run-09_space-MNI152NLin2009cAsym_desc-preproc_bold.nii.gz	<PROJECT_ROOT>/derivatives/first_level_inputs_analysis/sub-30/run-09/events_stim.tsv
sub-31	1	run-01	OK	11	32	<PROJECT_ROOT>/derivatives/trialwise_ROI_FC_EC_analysis/per_run/sub-31_run-01_roi_lss.tsv	<PROJECT_ROOT>/derivatives/fmriprep/sub-31/func/sub-31_task-heatpainwithregulationandratings_run-01_space-MNI152NLin2009cAsym_desc-preproc_bold.nii.gz	<PROJECT_ROOT>/derivatives/first_level_inputs_analysis/sub-31/run-01/events_stim.tsv
sub-31	2	run-02	OK	11	32	<PROJECT_ROOT>/derivatives/trialwise_ROI_FC_EC_analysis/per_run/sub-31_run-02_roi_lss.tsv	<PROJECT_ROOT>/derivatives/fmriprep/sub-31/func/sub-31_task-heatpainwithregulationandratings_run-02_space-MNI152NLin2009cAsym_desc-preproc_bold.nii.gz	<PROJECT_ROOT>/derivatives/first_level_inputs_analysis/sub-31/run-02/events_stim.tsv
sub-31	3	run-03	OK	10	32	<PROJECT_ROOT>/derivatives/trialwise_ROI_FC_EC_analysis/per_run/sub-31_run-03_roi_lss.tsv	<PROJECT_ROOT>/derivatives/fmriprep/sub-31/func/sub-31_task-heatpainwithregulationandratings_run-03_space-MNI152NLin2009cAsym_desc-preproc_bold.nii.gz	<PROJECT_ROOT>/derivatives/first_level_inputs_analysis/sub-31/run-03/events_stim.tsv
sub-31	4	run-04	OK	11	32	<PROJECT_ROOT>/derivatives/trialwise_ROI_FC_EC_analysis/per_run/sub-31_run-04_roi_lss.tsv	<PROJECT_ROOT>/derivatives/fmriprep/sub-31/func/sub-31_task-heatpainwithregulationandratings_run-04_space-MNI152NLin2009cAsym_desc-preproc_bold.nii.gz	<PROJECT_ROOT>/derivatives/first_level_inputs_analysis/sub-31/run-04/events_stim.tsv
sub-31	5	run-05	OK	11	32	<PROJECT_ROOT>/derivatives/trialwise_ROI_FC_EC_analysis/per_run/sub-31_run-05_roi_lss.tsv	<PROJECT_ROOT>/derivatives/fmriprep/sub-31/func/sub-31_task-heatpainwithregulationandratings_run-05_space-MNI152NLin2009cAsym_desc-preproc_bold.nii.gz	<PROJECT_ROOT>/derivatives/first_level_inputs_analysis/sub-31/run-05/events_stim.tsv
sub-31	6	run-06	OK	11	32	<PROJECT_ROOT>/derivatives/trialwise_ROI_FC_EC_analysis/per_run/sub-31_run-06_roi_lss.tsv	<PROJECT_ROOT>/derivatives/fmriprep/sub-31/func/sub-31_task-heatpainwithregulationandratings_run-06_space-MNI152NLin2009cAsym_desc-preproc_bold.nii.gz	<PROJECT_ROOT>/derivatives/first_level_inputs_analysis/sub-31/run-06/events_stim.tsv
sub-31	7	run-07	OK	10	32	<PROJECT_ROOT>/derivatives/trialwise_ROI_FC_EC_analysis/per_run/sub-31_run-07_roi_lss.tsv	<PROJECT_ROOT>/derivatives/fmriprep/sub-31/func/sub-31_task-heatpainwithregulationandratings_run-07_space-MNI152NLin2009cAsym_desc-preproc_bold.nii.gz	<PROJECT_ROOT>/derivatives/first_level_inputs_analysis/sub-31/run-07/events_stim.tsv
sub-31	8	run-08	OK	11	32	<PROJECT_ROOT>/derivatives/trialwise_ROI_FC_EC_analysis/per_run/sub-31_run-08_roi_lss.tsv	<PROJECT_ROOT>/derivatives/fmriprep/sub-31/func/sub-31_task-heatpainwithregulationandratings_run-08_space-MNI152NLin2009cAsym_desc-preproc_bold.nii.gz	<PROJECT_ROOT>/derivatives/first_level_inputs_analysis/sub-31/run-08/events_stim.tsv
sub-31	9	run-09	OK	11	32	<PROJECT_ROOT>/derivatives/trialwise_ROI_FC_EC_analysis/per_run/sub-31_run-09_roi_lss.tsv	<PROJECT_ROOT>/derivatives/fmriprep/sub-31/func/sub-31_task-heatpainwithregulationandratings_run-09_space-MNI152NLin2009cAsym_desc-preproc_bold.nii.gz	<PROJECT_ROOT>/derivatives/first_level_inputs_analysis/sub-31/run-09/events_stim.tsv
sub-32	1	run-01	OK	11	32	<PROJECT_ROOT>/derivatives/trialwise_ROI_FC_EC_analysis/per_run/sub-32_run-01_roi_lss.tsv	<PROJECT_ROOT>/derivatives/fmriprep/sub-32/func/sub-32_task-heatpainwithregulationandratings_run-01_space-MNI152NLin2009cAsym_desc-preproc_bold.nii.gz	<PROJECT_ROOT>/derivatives/first_level_inputs_analysis/sub-32/run-01/events_stim.tsv
sub-32	2	run-02	OK	11	32	<PROJECT_ROOT>/derivatives/trialwise_ROI_FC_EC_analysis/per_run/sub-32_run-02_roi_lss.tsv	<PROJECT_ROOT>/derivatives/fmriprep/sub-32/func/sub-32_task-heatpainwithregulationandratings_run-02_space-MNI152NLin2009cAsym_desc-preproc_bold.nii.gz	<PROJECT_ROOT>/derivatives/first_level_inputs_analysis/sub-32/run-02/events_stim.tsv
sub-32	3	run-03	OK	10	32	<PROJECT_ROOT>/derivatives/trialwise_ROI_FC_EC_analysis/per_run/sub-32_run-03_roi_lss.tsv	<PROJECT_ROOT>/derivatives/fmriprep/sub-32/func/sub-32_task-heatpainwithregulationandratings_run-03_space-MNI152NLin2009cAsym_desc-preproc_bold.nii.gz	<PROJECT_ROOT>/derivatives/first_level_inputs_analysis/sub-32/run-03/events_stim.tsv
sub-32	4	run-04	OK	11	32	<PROJECT_ROOT>/derivatives/trialwise_ROI_FC_EC_analysis/per_run/sub-32_run-04_roi_lss.tsv	<PROJECT_ROOT>/derivatives/fmriprep/sub-32/func/sub-32_task-heatpainwithregulationandratings_run-04_space-MNI152NLin2009cAsym_desc-preproc_bold.nii.gz	<PROJECT_ROOT>/derivatives/first_level_inputs_analysis/sub-32/run-04/events_stim.tsv
sub-32	5	run-05	OK	11	32	<PROJECT_ROOT>/derivatives/trialwise_ROI_FC_EC_analysis/per_run/sub-32_run-05_roi_lss.tsv	<PROJECT_ROOT>/derivatives/fmriprep/sub-32/func/sub-32_task-heatpainwithregulationandratings_run-05_space-MNI152NLin2009cAsym_desc-preproc_bold.nii.gz	<PROJECT_ROOT>/derivatives/first_level_inputs_analysis/sub-32/run-05/events_stim.tsv
sub-32	6	run-06	OK	11	32	<PROJECT_ROOT>/derivatives/trialwise_ROI_FC_EC_analysis/per_run/sub-32_run-06_roi_lss.tsv	<PROJECT_ROOT>/derivatives/fmriprep/sub-32/func/sub-32_task-heatpainwithregulationandratings_run-06_space-MNI152NLin2009cAsym_desc-preproc_bold.nii.gz	<PROJECT_ROOT>/derivatives/first_level_inputs_analysis/sub-32/run-06/events_stim.tsv
sub-32	7	run-07	OK	10	32	<PROJECT_ROOT>/derivatives/trialwise_ROI_FC_EC_analysis/per_run/sub-32_run-07_roi_lss.tsv	<PROJECT_ROOT>/derivatives/fmriprep/sub-32/func/sub-32_task-heatpainwithregulationandratings_run-07_space-MNI152NLin2009cAsym_desc-preproc_bold.nii.gz	<PROJECT_ROOT>/derivatives/first_level_inputs_analysis/sub-32/run-07/events_stim.tsv
sub-32	8	run-08	OK	11	32	<PROJECT_ROOT>/derivatives/trialwise_ROI_FC_EC_analysis/per_run/sub-32_run-08_roi_lss.tsv	<PROJECT_ROOT>/derivatives/fmriprep/sub-32/func/sub-32_task-heatpainwithregulationandratings_run-08_space-MNI152NLin2009cAsym_desc-preproc_bold.nii.gz	<PROJECT_ROOT>/derivatives/first_level_inputs_analysis/sub-32/run-08/events_stim.tsv
sub-32	9	run-09	OK	11	32	<PROJECT_ROOT>/derivatives/trialwise_ROI_FC_EC_analysis/per_run/sub-32_run-09_roi_lss.tsv	<PROJECT_ROOT>/derivatives/fmriprep/sub-32/func/sub-32_task-heatpainwithregulationandratings_run-09_space-MNI152NLin2009cAsym_desc-preproc_bold.nii.gz	<PROJECT_ROOT>/derivatives/first_level_inputs_analysis/sub-32/run-09/events_stim.tsv
sub-33	1	run-01	OK	11	32	<PROJECT_ROOT>/derivatives/trialwise_ROI_FC_EC_analysis/per_run/sub-33_run-01_roi_lss.tsv	<PROJECT_ROOT>/derivatives/fmriprep/sub-33/func/sub-33_task-heatpainwithregulationandratings_run-01_space-MNI152NLin2009cAsym_desc-preproc_bold.nii.gz	<PROJECT_ROOT>/derivatives/first_level_inputs_analysis/sub-33/run-01/events_stim.tsv
sub-33	2	run-02	OK	11	32	<PROJECT_ROOT>/derivatives/trialwise_ROI_FC_EC_analysis/per_run/sub-33_run-02_roi_lss.tsv	<PROJECT_ROOT>/derivatives/fmriprep/sub-33/func/sub-33_task-heatpainwithregulationandratings_run-02_space-MNI152NLin2009cAsym_desc-preproc_bold.nii.gz	<PROJECT_ROOT>/derivatives/first_level_inputs_analysis/sub-33/run-02/events_stim.tsv
sub-33	3	run-03	OK	10	32	<PROJECT_ROOT>/derivatives/trialwise_ROI_FC_EC_analysis/per_run/sub-33_run-03_roi_lss.tsv	<PROJECT_ROOT>/derivatives/fmriprep/sub-33/func/sub-33_task-heatpainwithregulationandratings_run-03_space-MNI152NLin2009cAsym_desc-preproc_bold.nii.gz	<PROJECT_ROOT>/derivatives/first_level_inputs_analysis/sub-33/run-03/events_stim.tsv
sub-33	4	run-04	OK	11	32	<PROJECT_ROOT>/derivatives/trialwise_ROI_FC_EC_analysis/per_run/sub-33_run-04_roi_lss.tsv	<PROJECT_ROOT>/derivatives/fmriprep/sub-33/func/sub-33_task-heatpainwithregulationandratings_run-04_space-MNI152NLin2009cAsym_desc-preproc_bold.nii.gz	<PROJECT_ROOT>/derivatives/first_level_inputs_analysis/sub-33/run-04/events_stim.tsv
sub-33	5	run-05	OK	11	32	<PROJECT_ROOT>/derivatives/trialwise_ROI_FC_EC_analysis/per_run/sub-33_run-05_roi_lss.tsv	<PROJECT_ROOT>/derivatives/fmriprep/sub-33/func/sub-33_task-heatpainwithregulationandratings_run-05_space-MNI152NLin2009cAsym_desc-preproc_bold.nii.gz	<PROJECT_ROOT>/derivatives/first_level_inputs_analysis/sub-33/run-05/events_stim.tsv
sub-33	6	run-06	OK	11	32	<PROJECT_ROOT>/derivatives/trialwise_ROI_FC_EC_analysis/per_run/sub-33_run-06_roi_lss.tsv	<PROJECT_ROOT>/derivatives/fmriprep/sub-33/func/sub-33_task-heatpainwithregulationandratings_run-06_space-MNI152NLin2009cAsym_desc-preproc_bold.nii.gz	<PROJECT_ROOT>/derivatives/first_level_inputs_analysis/sub-33/run-06/events_stim.tsv
sub-33	7	run-07	OK	10	32	<PROJECT_ROOT>/derivatives/trialwise_ROI_FC_EC_analysis/per_run/sub-33_run-07_roi_lss.tsv	<PROJECT_ROOT>/derivatives/fmriprep/sub-33/func/sub-33_task-heatpainwithregulationandratings_run-07_space-MNI152NLin2009cAsym_desc-preproc_bold.nii.gz	<PROJECT_ROOT>/derivatives/first_level_inputs_analysis/sub-33/run-07/events_stim.tsv
sub-33	8	run-08	OK	11	32	<PROJECT_ROOT>/derivatives/trialwise_ROI_FC_EC_analysis/per_run/sub-33_run-08_roi_lss.tsv	<PROJECT_ROOT>/derivatives/fmriprep/sub-33/func/sub-33_task-heatpainwithregulationandratings_run-08_space-MNI152NLin2009cAsym_desc-preproc_bold.nii.gz	<PROJECT_ROOT>/derivatives/first_level_inputs_analysis/sub-33/run-08/events_stim.tsv
sub-33	9	run-09	OK	11	32	<PROJECT_ROOT>/derivatives/trialwise_ROI_FC_EC_analysis/per_run/sub-33_run-09_roi_lss.tsv	<PROJECT_ROOT>/derivatives/fmriprep/sub-33/func/sub-33_task-heatpainwithregulationandratings_run-09_space-MNI152NLin2009cAsym_desc-preproc_bold.nii.gz	<PROJECT_ROOT>/derivatives/first_level_inputs_analysis/sub-33/run-09/events_stim.tsv
