subject	run	run_label	bold_smoothed	bold_unsmoothed	brain_mask	confounds_raw	analysis_decision	sensitivity_exclude_candidate	motion_flag	nuisance_burden_flag	file_flag	fd_mean	fd_max	pct_fd_gt_0p5	motion_outlier_volumes_pct	estimated_dof_after_nuisance_qc	n_vols	tr	events_run_duration_s	events_max_event_offset_s	events_min_event_onset_s	events_n_negative_onsets	events_n_events_after_run_plus_tolerance	events_timing_ok	n_trials_behavior	n_events_long	n_events_stim	events_long	events_stim	confounds_n_rows	confounds_n_cols	confounds_rank	confounds_condition_number	estimated_dof_after_confounds	estimated_dof_after_confounds_basic_task	confounds_rows_match_nvols	confounds_glm	confounds_glm_json	confound_strategy	confounds_include_cosine	confounds_n_acompcor	confounds_spike_mode	confounds_fd_spike_threshold	confounds_include_nonsteady	confounds_fd_spikes_used_n	confounds_fmriprep_spikes_available_n	confounds_fmriprep_spikes_used_n	confounds_nonsteady_used_n	pre_glm_flag	pre_glm_decision	status
sub-01	1	run-01	<PROJECT_ROOT>/derivatives/smoothed_fwhm6/sub-01/func/sub-01_task-heatpainwithregulationandratings_run-01_space-MNI152NLin2009cAsym_desc-smoothedFWHM6_bold.nii.gz	<PROJECT_ROOT>/derivatives/fmriprep/sub-01/func/sub-01_task-heatpainwithregulationandratings_run-01_space-MNI152NLin2009cAsym_desc-preproc_bold.nii.gz	<PROJECT_ROOT>/derivatives/fmriprep/sub-01/func/sub-01_task-heatpainwithregulationandratings_run-01_space-MNI152NLin2009cAsym_desc-brain_mask.nii.gz	<PROJECT_ROOT>/derivatives/fmriprep/sub-01/func/sub-01_task-heatpainwithregulationandratings_run-01_desc-confounds_timeseries.tsv	KEEP_WITH_WARNING	False	OK	WARN_OUTLIER_BURDEN	OK	0.1238630510781418	1.0965838803516106	1.9230769230769231	24.401913875598087	123	209	2.0	418.0	408.773	10.216	0	0	True	11	22	11	<PROJECT_ROOT>/derivatives/first_level_inputs_analysis/sub-01/run-01/events_long.tsv	<PROJECT_ROOT>/derivatives/first_level_inputs_analysis/sub-01/run-01/events_stim.tsv	209	35	35	60.24840245158279	173	169	True	<PROJECT_ROOT>/derivatives/first_level_inputs_analysis/sub-01/run-01/confounds_standard.tsv	<PROJECT_ROOT>/derivatives/first_level_inputs_analysis/sub-01/run-01/confounds_standard.json	standard	False	5	fd05	0.5	True	4	51	0	0	OK	READY	OK
sub-01	2	run-02	<PROJECT_ROOT>/derivatives/smoothed_fwhm6/sub-01/func/sub-01_task-heatpainwithregulationandratings_run-02_space-MNI152NLin2009cAsym_desc-smoothedFWHM6_bold.nii.gz	<PROJECT_ROOT>/derivatives/fmriprep/sub-01/func/sub-01_task-heatpainwithregulationandratings_run-02_space-MNI152NLin2009cAsym_desc-preproc_bold.nii.gz	<PROJECT_ROOT>/derivatives/fmriprep/sub-01/func/sub-01_task-heatpainwithregulationandratings_run-02_space-MNI152NLin2009cAsym_desc-brain_mask.nii.gz	<PROJECT_ROOT>/derivatives/fmriprep/sub-01/func/sub-01_task-heatpainwithregulationandratings_run-02_desc-confounds_timeseries.tsv	KEEP_FOR_MAIN_BUT_SENSITIVITY_EXCLUDE_CANDIDATE	True	OK	HIGH_OUTLIER_BURDEN,WARN_LOW_ESTIMATED_DOF	OK	0.1614945554034162	1.5523346460803988	4.326923076923077	51.19617224880383	67	209	2.0	418.0	410.768	10.216000000000008	0	0	True	11	22	11	<PROJECT_ROOT>/derivatives/first_level_inputs_analysis/sub-01/run-02/events_long.tsv	<PROJECT_ROOT>/derivatives/first_level_inputs_analysis/sub-01/run-02/events_stim.tsv	209	40	40	117.68246121867038	168	164	True	<PROJECT_ROOT>/derivatives/first_level_inputs_analysis/sub-01/run-02/confounds_standard.tsv	<PROJECT_ROOT>/derivatives/first_level_inputs_analysis/sub-01/run-02/confounds_standard.json	standard	False	5	fd05	0.5	True	9	107	0	0	OK	READY	OK
sub-01	3	run-03	<PROJECT_ROOT>/derivatives/smoothed_fwhm6/sub-01/func/sub-01_task-heatpainwithregulationandratings_run-03_space-MNI152NLin2009cAsym_desc-smoothedFWHM6_bold.nii.gz	<PROJECT_ROOT>/derivatives/fmriprep/sub-01/func/sub-01_task-heatpainwithregulationandratings_run-03_space-MNI152NLin2009cAsym_desc-preproc_bold.nii.gz	<PROJECT_ROOT>/derivatives/fmriprep/sub-01/func/sub-01_task-heatpainwithregulationandratings_run-03_space-MNI152NLin2009cAsym_desc-brain_mask.nii.gz	<PROJECT_ROOT>/derivatives/fmriprep/sub-01/func/sub-01_task-heatpainwithregulationandratings_run-03_desc-confounds_timeseries.tsv	KEEP_WITH_WARNING	False	WARN_FD_GT_0.5	WARN_OUTLIER_BURDEN	OK	0.1988766591101391	1.893410544255333	7.894736842105263	21.98952879581152	115	191	2.0	382.0	374.50299999999993	10.216000000000008	0	0	True	10	20	10	<PROJECT_ROOT>/derivatives/first_level_inputs_analysis/sub-01/run-03/events_long.tsv	<PROJECT_ROOT>/derivatives/first_level_inputs_analysis/sub-01/run-03/events_stim.tsv	191	46	46	368.2216643560825	144	140	True	<PROJECT_ROOT>/derivatives/first_level_inputs_analysis/sub-01/run-03/confounds_standard.tsv	<PROJECT_ROOT>/derivatives/first_level_inputs_analysis/sub-01/run-03/confounds_standard.json	standard	False	5	fd05	0.5	True	15	42	0	0	OK	READY	OK
sub-01	4	run-04	<PROJECT_ROOT>/derivatives/smoothed_fwhm6/sub-01/func/sub-01_task-heatpainwithregulationandratings_run-04_space-MNI152NLin2009cAsym_desc-smoothedFWHM6_bold.nii.gz	<PROJECT_ROOT>/derivatives/fmriprep/sub-01/func/sub-01_task-heatpainwithregulationandratings_run-04_space-MNI152NLin2009cAsym_desc-preproc_bold.nii.gz	<PROJECT_ROOT>/derivatives/fmriprep/sub-01/func/sub-01_task-heatpainwithregulationandratings_run-04_space-MNI152NLin2009cAsym_desc-brain_mask.nii.gz	<PROJECT_ROOT>/derivatives/fmriprep/sub-01/func/sub-01_task-heatpainwithregulationandratings_run-04_desc-confounds_timeseries.tsv	KEEP	False	OK	OK	OK	0.1367230112842614	1.0090806306119393	3.3653846153846154	12.91866028708134	147	209	2.0	418.0	407.7929999999999	10.215999999999894	0	0	True	11	22	11	<PROJECT_ROOT>/derivatives/first_level_inputs_analysis/sub-01/run-04/events_long.tsv	<PROJECT_ROOT>/derivatives/first_level_inputs_analysis/sub-01/run-04/events_stim.tsv	209	38	38	137.06497836628157	170	166	True	<PROJECT_ROOT>/derivatives/first_level_inputs_analysis/sub-01/run-04/confounds_standard.tsv	<PROJECT_ROOT>/derivatives/first_level_inputs_analysis/sub-01/run-04/confounds_standard.json	standard	False	5	fd05	0.5	True	7	27	0	0	OK	READY	OK
sub-01	5	run-05	<PROJECT_ROOT>/derivatives/smoothed_fwhm6/sub-01/func/sub-01_task-heatpainwithregulationandratings_run-05_space-MNI152NLin2009cAsym_desc-smoothedFWHM6_bold.nii.gz	<PROJECT_ROOT>/derivatives/fmriprep/sub-01/func/sub-01_task-heatpainwithregulationandratings_run-05_space-MNI152NLin2009cAsym_desc-preproc_bold.nii.gz	<PROJECT_ROOT>/derivatives/fmriprep/sub-01/func/sub-01_task-heatpainwithregulationandratings_run-05_space-MNI152NLin2009cAsym_desc-brain_mask.nii.gz	<PROJECT_ROOT>/derivatives/fmriprep/sub-01/func/sub-01_task-heatpainwithregulationandratings_run-05_desc-confounds_timeseries.tsv	KEEP_FOR_MAIN_BUT_SENSITIVITY_EXCLUDE_CANDIDATE	True	WARN_FD_MEAN,BAD_FD_GT_0.5,WARN_FD_MAX	WARN_OUTLIER_BURDEN	OK	0.2956433723760698	3.0020828201735816	12.01923076923077	28.708133971291865	109	209	2.0	418.0	408.72399999999993	10.215999999999894	0	0	True	11	22	11	<PROJECT_ROOT>/derivatives/first_level_inputs_analysis/sub-01/run-05/events_long.tsv	<PROJECT_ROOT>/derivatives/first_level_inputs_analysis/sub-01/run-05/events_stim.tsv	209	61	61	367.81024841750207	147	143	True	<PROJECT_ROOT>/derivatives/first_level_inputs_analysis/sub-01/run-05/confounds_standard.tsv	<PROJECT_ROOT>/derivatives/first_level_inputs_analysis/sub-01/run-05/confounds_standard.json	standard	False	5	fd05	0.5	True	25	60	0	5	OK	READY	OK
sub-01	6	run-06	<PROJECT_ROOT>/derivatives/smoothed_fwhm6/sub-01/func/sub-01_task-heatpainwithregulationandratings_run-06_space-MNI152NLin2009cAsym_desc-smoothedFWHM6_bold.nii.gz	<PROJECT_ROOT>/derivatives/fmriprep/sub-01/func/sub-01_task-heatpainwithregulationandratings_run-06_space-MNI152NLin2009cAsym_desc-preproc_bold.nii.gz	<PROJECT_ROOT>/derivatives/fmriprep/sub-01/func/sub-01_task-heatpainwithregulationandratings_run-06_space-MNI152NLin2009cAsym_desc-brain_mask.nii.gz	<PROJECT_ROOT>/derivatives/fmriprep/sub-01/func/sub-01_task-heatpainwithregulationandratings_run-06_desc-confounds_timeseries.tsv	KEEP_WITH_WARNING	False	WARN_FD_GT_0.5,WARN_FD_MAX	WARN_OUTLIER_BURDEN	OK	0.1968380353656947	3.282670755666233	5.769230769230769	33.97129186602871	103	209	2.0	418.0	410.752	10.217000000000098	0	0	True	11	22	11	<PROJECT_ROOT>/derivatives/first_level_inputs_analysis/sub-01/run-06/events_long.tsv	<PROJECT_ROOT>/derivatives/first_level_inputs_analysis/sub-01/run-06/events_stim.tsv	209	43	43	1103.4649224411964	165	161	True	<PROJECT_ROOT>/derivatives/first_level_inputs_analysis/sub-01/run-06/confounds_standard.tsv	<PROJECT_ROOT>/derivatives/first_level_inputs_analysis/sub-01/run-06/confounds_standard.json	standard	False	5	fd05	0.5	True	12	71	0	0	OK	READY	OK
sub-01	7	run-07	<PROJECT_ROOT>/derivatives/smoothed_fwhm6/sub-01/func/sub-01_task-heatpainwithregulationandratings_run-07_space-MNI152NLin2009cAsym_desc-smoothedFWHM6_bold.nii.gz	<PROJECT_ROOT>/derivatives/fmriprep/sub-01/func/sub-01_task-heatpainwithregulationandratings_run-07_space-MNI152NLin2009cAsym_desc-preproc_bold.nii.gz	<PROJECT_ROOT>/derivatives/fmriprep/sub-01/func/sub-01_task-heatpainwithregulationandratings_run-07_space-MNI152NLin2009cAsym_desc-brain_mask.nii.gz	<PROJECT_ROOT>/derivatives/fmriprep/sub-01/func/sub-01_task-heatpainwithregulationandratings_run-07_desc-confounds_timeseries.tsv	KEEP_FOR_MAIN_BUT_SENSITIVITY_EXCLUDE_CANDIDATE	True	OK	HIGH_OUTLIER_BURDEN,SEVERE_LOW_ESTIMATED_DOF	OK	0.1380519715617009	1.9603650471393927	2.631578947368421	56.54450261780105	49	191	2.0	382.0	373.5050000000001	10.215999999999894	0	0	True	10	20	10	<PROJECT_ROOT>/derivatives/first_level_inputs_analysis/sub-01/run-07/events_long.tsv	<PROJECT_ROOT>/derivatives/first_level_inputs_analysis/sub-01/run-07/events_stim.tsv	191	36	36	98.07654967738813	154	150	True	<PROJECT_ROOT>/derivatives/first_level_inputs_analysis/sub-01/run-07/confounds_standard.tsv	<PROJECT_ROOT>/derivatives/first_level_inputs_analysis/sub-01/run-07/confounds_standard.json	standard	False	5	fd05	0.5	True	5	108	0	0	OK	READY	OK
sub-01	8	run-08	<PROJECT_ROOT>/derivatives/smoothed_fwhm6/sub-01/func/sub-01_task-heatpainwithregulationandratings_run-08_space-MNI152NLin2009cAsym_desc-smoothedFWHM6_bold.nii.gz	<PROJECT_ROOT>/derivatives/fmriprep/sub-01/func/sub-01_task-heatpainwithregulationandratings_run-08_space-MNI152NLin2009cAsym_desc-preproc_bold.nii.gz	<PROJECT_ROOT>/derivatives/fmriprep/sub-01/func/sub-01_task-heatpainwithregulationandratings_run-08_space-MNI152NLin2009cAsym_desc-brain_mask.nii.gz	<PROJECT_ROOT>/derivatives/fmriprep/sub-01/func/sub-01_task-heatpainwithregulationandratings_run-08_desc-confounds_timeseries.tsv	KEEP_FOR_MAIN_BUT_SENSITIVITY_EXCLUDE_CANDIDATE	True	OK	HIGH_OUTLIER_BURDEN,WARN_LOW_ESTIMATED_DOF	OK	0.105795352561353	1.2396275719238334	1.4423076923076923	36.36363636363637	98	209	2.0	418.0	406.8119999999999	10.215999999999894	0	0	True	11	22	11	<PROJECT_ROOT>/derivatives/first_level_inputs_analysis/sub-01/run-08/events_long.tsv	<PROJECT_ROOT>/derivatives/first_level_inputs_analysis/sub-01/run-08/events_stim.tsv	209	34	34	241.07618162881033	174	170	True	<PROJECT_ROOT>/derivatives/first_level_inputs_analysis/sub-01/run-08/confounds_standard.tsv	<PROJECT_ROOT>/derivatives/first_level_inputs_analysis/sub-01/run-08/confounds_standard.json	standard	False	5	fd05	0.5	True	3	76	0	0	OK	READY	OK
sub-01	9	run-09	<PROJECT_ROOT>/derivatives/smoothed_fwhm6/sub-01/func/sub-01_task-heatpainwithregulationandratings_run-09_space-MNI152NLin2009cAsym_desc-smoothedFWHM6_bold.nii.gz	<PROJECT_ROOT>/derivatives/fmriprep/sub-01/func/sub-01_task-heatpainwithregulationandratings_run-09_space-MNI152NLin2009cAsym_desc-preproc_bold.nii.gz	<PROJECT_ROOT>/derivatives/fmriprep/sub-01/func/sub-01_task-heatpainwithregulationandratings_run-09_space-MNI152NLin2009cAsym_desc-brain_mask.nii.gz	<PROJECT_ROOT>/derivatives/fmriprep/sub-01/func/sub-01_task-heatpainwithregulationandratings_run-09_desc-confounds_timeseries.tsv	KEEP_FOR_MAIN_BUT_SENSITIVITY_EXCLUDE_CANDIDATE	True	OK	HIGH_OUTLIER_BURDEN,SEVERE_LOW_ESTIMATED_DOF	OK	0.1189472697680673	1.477572043273012	1.9230769230769231	62.20095693779905	44	209	2.0	418.0	408.75700000000006	10.215999999999894	0	0	True	11	22	11	<PROJECT_ROOT>/derivatives/first_level_inputs_analysis/sub-01/run-09/events_long.tsv	<PROJECT_ROOT>/derivatives/first_level_inputs_analysis/sub-01/run-09/events_stim.tsv	209	35	35	160.01119052338476	173	169	True	<PROJECT_ROOT>/derivatives/first_level_inputs_analysis/sub-01/run-09/confounds_standard.tsv	<PROJECT_ROOT>/derivatives/first_level_inputs_analysis/sub-01/run-09/confounds_standard.json	standard	False	5	fd05	0.5	True	4	130	0	0	OK	READY	OK
sub-02	1	run-01	<PROJECT_ROOT>/derivatives/smoothed_fwhm6/sub-02/func/sub-02_task-heatpainwithregulationandratings_run-01_space-MNI152NLin2009cAsym_desc-smoothedFWHM6_bold.nii.gz	<PROJECT_ROOT>/derivatives/fmriprep/sub-02/func/sub-02_task-heatpainwithregulationandratings_run-01_space-MNI152NLin2009cAsym_desc-preproc_bold.nii.gz	<PROJECT_ROOT>/derivatives/fmriprep/sub-02/func/sub-02_task-heatpainwithregulationandratings_run-01_space-MNI152NLin2009cAsym_desc-brain_mask.nii.gz	<PROJECT_ROOT>/derivatives/fmriprep/sub-02/func/sub-02_task-heatpainwithregulationandratings_run-01_desc-confounds_timeseries.tsv	KEEP_FOR_MAIN_BUT_SENSITIVITY_EXCLUDE_CANDIDATE	True	WARN_FD_MAX	HIGH_OUTLIER_BURDEN,WARN_LOW_ESTIMATED_DOF	OK	0.162652773612981	2.1989668048847504	2.403846153846154	57.41626794258373	54	209	2.0	418.0	410.785	10.216	0	0	True	11	22	11	<PROJECT_ROOT>/derivatives/first_level_inputs_analysis/sub-02/run-01/events_long.tsv	<PROJECT_ROOT>/derivatives/first_level_inputs_analysis/sub-02/run-01/events_stim.tsv	209	36	36	188.7901392353963	172	168	True	<PROJECT_ROOT>/derivatives/first_level_inputs_analysis/sub-02/run-01/confounds_standard.tsv	<PROJECT_ROOT>/derivatives/first_level_inputs_analysis/sub-02/run-01/confounds_standard.json	standard	False	5	fd05	0.5	True	5	120	0	0	OK	READY	OK
sub-02	2	run-02	<PROJECT_ROOT>/derivatives/smoothed_fwhm6/sub-02/func/sub-02_task-heatpainwithregulationandratings_run-02_space-MNI152NLin2009cAsym_desc-smoothedFWHM6_bold.nii.gz	<PROJECT_ROOT>/derivatives/fmriprep/sub-02/func/sub-02_task-heatpainwithregulationandratings_run-02_space-MNI152NLin2009cAsym_desc-preproc_bold.nii.gz	<PROJECT_ROOT>/derivatives/fmriprep/sub-02/func/sub-02_task-heatpainwithregulationandratings_run-02_space-MNI152NLin2009cAsym_desc-brain_mask.nii.gz	<PROJECT_ROOT>/derivatives/fmriprep/sub-02/func/sub-02_task-heatpainwithregulationandratings_run-02_desc-confounds_timeseries.tsv	KEEP_WITH_WARNING	False	OK	WARN_OUTLIER_BURDEN	OK	0.1148755133491545	0.4652603702683547	0.0	26.794258373205743	118	209	2.0	418.0	410.752	10.216000000000008	0	0	True	11	22	11	<PROJECT_ROOT>/derivatives/first_level_inputs_analysis/sub-02/run-02/events_long.tsv	<PROJECT_ROOT>/derivatives/first_level_inputs_analysis/sub-02/run-02/events_stim.tsv	209	31	31	15.41321495046287	177	173	True	<PROJECT_ROOT>/derivatives/first_level_inputs_analysis/sub-02/run-02/confounds_standard.tsv	<PROJECT_ROOT>/derivatives/first_level_inputs_analysis/sub-02/run-02/confounds_standard.json	standard	False	5	fd05	0.5	True	0	56	0	0	OK	READY	OK
sub-02	3	run-03	<PROJECT_ROOT>/derivatives/smoothed_fwhm6/sub-02/func/sub-02_task-heatpainwithregulationandratings_run-03_space-MNI152NLin2009cAsym_desc-smoothedFWHM6_bold.nii.gz	<PROJECT_ROOT>/derivatives/fmriprep/sub-02/func/sub-02_task-heatpainwithregulationandratings_run-03_space-MNI152NLin2009cAsym_desc-preproc_bold.nii.gz	<PROJECT_ROOT>/derivatives/fmriprep/sub-02/func/sub-02_task-heatpainwithregulationandratings_run-03_space-MNI152NLin2009cAsym_desc-brain_mask.nii.gz	<PROJECT_ROOT>/derivatives/fmriprep/sub-02/func/sub-02_task-heatpainwithregulationandratings_run-03_desc-confounds_timeseries.tsv	KEEP	False	OK	OK	OK	0.1160546655022019	0.395471711295933	0.0	15.18324607329843	128	191	2.0	382.0	372.4580000000001	10.216000000000008	0	0	True	10	20	10	<PROJECT_ROOT>/derivatives/first_level_inputs_analysis/sub-02/run-03/events_long.tsv	<PROJECT_ROOT>/derivatives/first_level_inputs_analysis/sub-02/run-03/events_stim.tsv	191	31	31	22.256430848464763	159	155	True	<PROJECT_ROOT>/derivatives/first_level_inputs_analysis/sub-02/run-03/confounds_standard.tsv	<PROJECT_ROOT>/derivatives/first_level_inputs_analysis/sub-02/run-03/confounds_standard.json	standard	False	5	fd05	0.5	True	0	29	0	0	OK	READY	OK
sub-02	4	run-04	<PROJECT_ROOT>/derivatives/smoothed_fwhm6/sub-02/func/sub-02_task-heatpainwithregulationandratings_run-04_space-MNI152NLin2009cAsym_desc-smoothedFWHM6_bold.nii.gz	<PROJECT_ROOT>/derivatives/fmriprep/sub-02/func/sub-02_task-heatpainwithregulationandratings_run-04_space-MNI152NLin2009cAsym_desc-preproc_bold.nii.gz	<PROJECT_ROOT>/derivatives/fmriprep/sub-02/func/sub-02_task-heatpainwithregulationandratings_run-04_space-MNI152NLin2009cAsym_desc-brain_mask.nii.gz	<PROJECT_ROOT>/derivatives/fmriprep/sub-02/func/sub-02_task-heatpainwithregulationandratings_run-04_desc-confounds_timeseries.tsv	KEEP	False	OK	OK	OK	0.0975078901686942	0.5332671112074303	0.4807692307692308	3.349282296650718	167	209	2.0	418.0	407.76	10.215999999999894	0	0	True	11	22	11	<PROJECT_ROOT>/derivatives/first_level_inputs_analysis/sub-02/run-04/events_long.tsv	<PROJECT_ROOT>/derivatives/first_level_inputs_analysis/sub-02/run-04/events_stim.tsv	209	32	32	27.638012254995427	176	172	True	<PROJECT_ROOT>/derivatives/first_level_inputs_analysis/sub-02/run-04/confounds_standard.tsv	<PROJECT_ROOT>/derivatives/first_level_inputs_analysis/sub-02/run-04/confounds_standard.json	standard	False	5	fd05	0.5	True	1	7	0	0	OK	READY	OK
sub-02	6	run-06	<PROJECT_ROOT>/derivatives/smoothed_fwhm6/sub-02/func/sub-02_task-heatpainwithregulationandratings_run-06_space-MNI152NLin2009cAsym_desc-smoothedFWHM6_bold.nii.gz	<PROJECT_ROOT>/derivatives/fmriprep/sub-02/func/sub-02_task-heatpainwithregulationandratings_run-06_space-MNI152NLin2009cAsym_desc-preproc_bold.nii.gz	<PROJECT_ROOT>/derivatives/fmriprep/sub-02/func/sub-02_task-heatpainwithregulationandratings_run-06_space-MNI152NLin2009cAsym_desc-brain_mask.nii.gz	<PROJECT_ROOT>/derivatives/fmriprep/sub-02/func/sub-02_task-heatpainwithregulationandratings_run-06_desc-confounds_timeseries.tsv	KEEP	False	OK	OK	OK	0.1175816251885565	0.9701967587722926	0.9615384615384616	5.741626794258373	162	209	2.0	418.0	410.8009999999999	10.215999999999894	0	0	True	11	22	11	<PROJECT_ROOT>/derivatives/first_level_inputs_analysis/sub-02/run-06/events_long.tsv	<PROJECT_ROOT>/derivatives/first_level_inputs_analysis/sub-02/run-06/events_stim.tsv	209	33	33	66.06561457401475	175	171	True	<PROJECT_ROOT>/derivatives/first_level_inputs_analysis/sub-02/run-06/confounds_standard.tsv	<PROJECT_ROOT>/derivatives/first_level_inputs_analysis/sub-02/run-06/confounds_standard.json	standard	False	5	fd05	0.5	True	2	12	0	0	OK	READY	OK
sub-02	7	run-07	<PROJECT_ROOT>/derivatives/smoothed_fwhm6/sub-02/func/sub-02_task-heatpainwithregulationandratings_run-07_space-MNI152NLin2009cAsym_desc-smoothedFWHM6_bold.nii.gz	<PROJECT_ROOT>/derivatives/fmriprep/sub-02/func/sub-02_task-heatpainwithregulationandratings_run-07_space-MNI152NLin2009cAsym_desc-preproc_bold.nii.gz	<PROJECT_ROOT>/derivatives/fmriprep/sub-02/func/sub-02_task-heatpainwithregulationandratings_run-07_space-MNI152NLin2009cAsym_desc-brain_mask.nii.gz	<PROJECT_ROOT>/derivatives/fmriprep/sub-02/func/sub-02_task-heatpainwithregulationandratings_run-07_desc-confounds_timeseries.tsv	KEEP_FOR_MAIN_BUT_SENSITIVITY_EXCLUDE_CANDIDATE	True	WARN_FD_MEAN,BAD_FD_GT_0.5	OK	OK	0.2682837772608473	1.311965945045666	10.526315789473683	14.659685863874344	129	191	2.0	382.0	373.5210000000002	10.215999999999894	0	0	True	10	20	10	<PROJECT_ROOT>/derivatives/first_level_inputs_analysis/sub-02/run-07/events_long.tsv	<PROJECT_ROOT>/derivatives/first_level_inputs_analysis/sub-02/run-07/events_stim.tsv	191	51	51	178.61176721643875	139	135	True	<PROJECT_ROOT>/derivatives/first_level_inputs_analysis/sub-02/run-07/confounds_standard.tsv	<PROJECT_ROOT>/derivatives/first_level_inputs_analysis/sub-02/run-07/confounds_standard.json	standard	False	5	fd05	0.5	True	20	28	0	0	OK	READY	OK
sub-02	9	run-09	<PROJECT_ROOT>/derivatives/smoothed_fwhm6/sub-02/func/sub-02_task-heatpainwithregulationandratings_run-09_space-MNI152NLin2009cAsym_desc-smoothedFWHM6_bold.nii.gz	<PROJECT_ROOT>/derivatives/fmriprep/sub-02/func/sub-02_task-heatpainwithregulationandratings_run-09_space-MNI152NLin2009cAsym_desc-preproc_bold.nii.gz	<PROJECT_ROOT>/derivatives/fmriprep/sub-02/func/sub-02_task-heatpainwithregulationandratings_run-09_space-MNI152NLin2009cAsym_desc-brain_mask.nii.gz	<PROJECT_ROOT>/derivatives/fmriprep/sub-02/func/sub-02_task-heatpainwithregulationandratings_run-09_desc-confounds_timeseries.tsv	KEEP_WITH_WARNING	False	WARN_FD_MEAN,WARN_FD_GT_0.5	OK	OK	0.224154029553043	1.5047037169616018	8.653846153846153	10.526315789473683	152	209	2.0	418.0	408.75700000000006	10.215999999999894	0	0	True	11	22	11	<PROJECT_ROOT>/derivatives/first_level_inputs_analysis/sub-02/run-09/events_long.tsv	<PROJECT_ROOT>/derivatives/first_level_inputs_analysis/sub-02/run-09/events_stim.tsv	209	49	49	218.36960293415586	159	155	True	<PROJECT_ROOT>/derivatives/first_level_inputs_analysis/sub-02/run-09/confounds_standard.tsv	<PROJECT_ROOT>/derivatives/first_level_inputs_analysis/sub-02/run-09/confounds_standard.json	standard	False	5	fd05	0.5	True	18	22	0	0	OK	READY	OK
sub-03	1	run-01	<PROJECT_ROOT>/derivatives/smoothed_fwhm6/sub-03/func/sub-03_task-heatpainwithregulationandratings_run-01_space-MNI152NLin2009cAsym_desc-smoothedFWHM6_bold.nii.gz	<PROJECT_ROOT>/derivatives/fmriprep/sub-03/func/sub-03_task-heatpainwithregulationandratings_run-01_space-MNI152NLin2009cAsym_desc-preproc_bold.nii.gz	<PROJECT_ROOT>/derivatives/fmriprep/sub-03/func/sub-03_task-heatpainwithregulationandratings_run-01_space-MNI152NLin2009cAsym_desc-brain_mask.nii.gz	<PROJECT_ROOT>/derivatives/fmriprep/sub-03/func/sub-03_task-heatpainwithregulationandratings_run-01_desc-confounds_timeseries.tsv	KEEP_WITH_WARNING	False	OK	WARN_OUTLIER_BURDEN	OK	0.1341858660685287	0.7163202117143899	1.4423076923076923	27.751196172248804	116	209	2.0	418.0	409.722	10.216	0	0	True	11	22	11	<PROJECT_ROOT>/derivatives/first_level_inputs_analysis/sub-03/run-01/events_long.tsv	<PROJECT_ROOT>/derivatives/first_level_inputs_analysis/sub-03/run-01/events_stim.tsv	209	34	34	31.147471176236035	174	170	True	<PROJECT_ROOT>/derivatives/first_level_inputs_analysis/sub-03/run-01/confounds_standard.tsv	<PROJECT_ROOT>/derivatives/first_level_inputs_analysis/sub-03/run-01/confounds_standard.json	standard	False	5	fd05	0.5	True	3	58	0	0	OK	READY	OK
sub-03	2	run-02	<PROJECT_ROOT>/derivatives/smoothed_fwhm6/sub-03/func/sub-03_task-heatpainwithregulationandratings_run-02_space-MNI152NLin2009cAsym_desc-smoothedFWHM6_bold.nii.gz	<PROJECT_ROOT>/derivatives/fmriprep/sub-03/func/sub-03_task-heatpainwithregulationandratings_run-02_space-MNI152NLin2009cAsym_desc-preproc_bold.nii.gz	<PROJECT_ROOT>/derivatives/fmriprep/sub-03/func/sub-03_task-heatpainwithregulationandratings_run-02_space-MNI152NLin2009cAsym_desc-brain_mask.nii.gz	<PROJECT_ROOT>/derivatives/fmriprep/sub-03/func/sub-03_task-heatpainwithregulationandratings_run-02_desc-confounds_timeseries.tsv	KEEP_FOR_MAIN_BUT_SENSITIVITY_EXCLUDE_CANDIDATE	True	OK	HIGH_OUTLIER_BURDEN,WARN_LOW_ESTIMATED_DOF	OK	0.1649413756259335	1.9452611702202047	2.8846153846153846	46.889952153110045	76	209	2.0	418.0	409.723	10.216999999999985	0	0	True	11	22	11	<PROJECT_ROOT>/derivatives/first_level_inputs_analysis/sub-03/run-02/events_long.tsv	<PROJECT_ROOT>/derivatives/first_level_inputs_analysis/sub-03/run-02/events_stim.tsv	209	37	37	153.89388998739813	171	167	True	<PROJECT_ROOT>/derivatives/first_level_inputs_analysis/sub-03/run-02/confounds_standard.tsv	<PROJECT_ROOT>/derivatives/first_level_inputs_analysis/sub-03/run-02/confounds_standard.json	standard	False	5	fd05	0.5	True	6	98	0	0	OK	READY	OK
sub-03	3	run-03	<PROJECT_ROOT>/derivatives/smoothed_fwhm6/sub-03/func/sub-03_task-heatpainwithregulationandratings_run-03_space-MNI152NLin2009cAsym_desc-smoothedFWHM6_bold.nii.gz	<PROJECT_ROOT>/derivatives/fmriprep/sub-03/func/sub-03_task-heatpainwithregulationandratings_run-03_space-MNI152NLin2009cAsym_desc-preproc_bold.nii.gz	<PROJECT_ROOT>/derivatives/fmriprep/sub-03/func/sub-03_task-heatpainwithregulationandratings_run-03_space-MNI152NLin2009cAsym_desc-brain_mask.nii.gz	<PROJECT_ROOT>/derivatives/fmriprep/sub-03/func/sub-03_task-heatpainwithregulationandratings_run-03_desc-confounds_timeseries.tsv	KEEP_WITH_WARNING	False	OK	WARN_OUTLIER_BURDEN	OK	0.1373699218395707	0.4872820502390572	0.0	22.5130890052356	114	191	2.0	382.0	371.462	10.216000000000008	0	0	True	10	20	10	<PROJECT_ROOT>/derivatives/first_level_inputs_analysis/sub-03/run-03/events_long.tsv	<PROJECT_ROOT>/derivatives/first_level_inputs_analysis/sub-03/run-03/events_stim.tsv	191	31	31	38.99332134083519	159	155	True	<PROJECT_ROOT>/derivatives/first_level_inputs_analysis/sub-03/run-03/confounds_standard.tsv	<PROJECT_ROOT>/derivatives/first_level_inputs_analysis/sub-03/run-03/confounds_standard.json	standard	False	5	fd05	0.5	True	0	43	0	0	OK	READY	OK
sub-03	4	run-04	<PROJECT_ROOT>/derivatives/smoothed_fwhm6/sub-03/func/sub-03_task-heatpainwithregulationandratings_run-04_space-MNI152NLin2009cAsym_desc-smoothedFWHM6_bold.nii.gz	<PROJECT_ROOT>/derivatives/fmriprep/sub-03/func/sub-03_task-heatpainwithregulationandratings_run-04_space-MNI152NLin2009cAsym_desc-preproc_bold.nii.gz	<PROJECT_ROOT>/derivatives/fmriprep/sub-03/func/sub-03_task-heatpainwithregulationandratings_run-04_space-MNI152NLin2009cAsym_desc-brain_mask.nii.gz	<PROJECT_ROOT>/derivatives/fmriprep/sub-03/func/sub-03_task-heatpainwithregulationandratings_run-04_desc-confounds_timeseries.tsv	KEEP_FOR_MAIN_BUT_SENSITIVITY_EXCLUDE_CANDIDATE	True	WARN_FD_MEAN,WARN_FD_GT_0.5	HIGH_OUTLIER_BURDEN,WARN_LOW_ESTIMATED_DOF	OK	0.2195462993342629	1.5089529038655192	6.25	39.71291866028708	91	209	2.0	418.0	407.71100000000007	10.215999999999894	0	0	True	11	22	11	<PROJECT_ROOT>/derivatives/first_level_inputs_analysis/sub-03/run-04/events_long.tsv	<PROJECT_ROOT>/derivatives/first_level_inputs_analysis/sub-03/run-04/events_stim.tsv	209	44	44	43.48684174888068	164	160	True	<PROJECT_ROOT>/derivatives/first_level_inputs_analysis/sub-03/run-04/confounds_standard.tsv	<PROJECT_ROOT>/derivatives/first_level_inputs_analysis/sub-03/run-04/confounds_standard.json	standard	False	5	fd05	0.5	True	13	83	0	0	OK	READY	OK
sub-03	5	run-05	<PROJECT_ROOT>/derivatives/smoothed_fwhm6/sub-03/func/sub-03_task-heatpainwithregulationandratings_run-05_space-MNI152NLin2009cAsym_desc-smoothedFWHM6_bold.nii.gz	<PROJECT_ROOT>/derivatives/fmriprep/sub-03/func/sub-03_task-heatpainwithregulationandratings_run-05_space-MNI152NLin2009cAsym_desc-preproc_bold.nii.gz	<PROJECT_ROOT>/derivatives/fmriprep/sub-03/func/sub-03_task-heatpainwithregulationandratings_run-05_space-MNI152NLin2009cAsym_desc-brain_mask.nii.gz	<PROJECT_ROOT>/derivatives/fmriprep/sub-03/func/sub-03_task-heatpainwithregulationandratings_run-05_desc-confounds_timeseries.tsv	KEEP_FOR_MAIN_BUT_SENSITIVITY_EXCLUDE_CANDIDATE	True	OK	HIGH_OUTLIER_BURDEN,WARN_LOW_ESTIMATED_DOF	OK	0.1748801864202376	1.0249954165188044	1.4423076923076923	49.76076555023924	70	209	2.0	418.0	408.7249999999999	10.215999999999894	0	0	True	11	22	11	<PROJECT_ROOT>/derivatives/first_level_inputs_analysis/sub-03/run-05/events_long.tsv	<PROJECT_ROOT>/derivatives/first_level_inputs_analysis/sub-03/run-05/events_stim.tsv	209	34	34	31.518500596900576	174	170	True	<PROJECT_ROOT>/derivatives/first_level_inputs_analysis/sub-03/run-05/confounds_standard.tsv	<PROJECT_ROOT>/derivatives/first_level_inputs_analysis/sub-03/run-05/confounds_standard.json	standard	False	5	fd05	0.5	True	3	104	0	0	OK	READY	OK
sub-03	6	run-06	<PROJECT_ROOT>/derivatives/smoothed_fwhm6/sub-03/func/sub-03_task-heatpainwithregulationandratings_run-06_space-MNI152NLin2009cAsym_desc-smoothedFWHM6_bold.nii.gz	<PROJECT_ROOT>/derivatives/fmriprep/sub-03/func/sub-03_task-heatpainwithregulationandratings_run-06_space-MNI152NLin2009cAsym_desc-preproc_bold.nii.gz	<PROJECT_ROOT>/derivatives/fmriprep/sub-03/func/sub-03_task-heatpainwithregulationandratings_run-06_space-MNI152NLin2009cAsym_desc-brain_mask.nii.gz	<PROJECT_ROOT>/derivatives/fmriprep/sub-03/func/sub-03_task-heatpainwithregulationandratings_run-06_desc-confounds_timeseries.tsv	KEEP_WITH_WARNING	False	WARN_FD_MAX	OK	OK	0.1978534604258807	2.3614777261253725	3.3653846153846154	15.311004784688995	142	209	2.0	418.0	406.781	10.217000000000098	0	0	True	11	22	11	<PROJECT_ROOT>/derivatives/first_level_inputs_analysis/sub-03/run-06/events_long.tsv	<PROJECT_ROOT>/derivatives/first_level_inputs_analysis/sub-03/run-06/events_stim.tsv	209	38	38	44.39924662649805	170	166	True	<PROJECT_ROOT>/derivatives/first_level_inputs_analysis/sub-03/run-06/confounds_standard.tsv	<PROJECT_ROOT>/derivatives/first_level_inputs_analysis/sub-03/run-06/confounds_standard.json	standard	False	5	fd05	0.5	True	7	32	0	0	OK	READY	OK
sub-03	7	run-07	<PROJECT_ROOT>/derivatives/smoothed_fwhm6/sub-03/func/sub-03_task-heatpainwithregulationandratings_run-07_space-MNI152NLin2009cAsym_desc-smoothedFWHM6_bold.nii.gz	<PROJECT_ROOT>/derivatives/fmriprep/sub-03/func/sub-03_task-heatpainwithregulationandratings_run-07_space-MNI152NLin2009cAsym_desc-preproc_bold.nii.gz	<PROJECT_ROOT>/derivatives/fmriprep/sub-03/func/sub-03_task-heatpainwithregulationandratings_run-07_space-MNI152NLin2009cAsym_desc-brain_mask.nii.gz	<PROJECT_ROOT>/derivatives/fmriprep/sub-03/func/sub-03_task-heatpainwithregulationandratings_run-07_desc-confounds_timeseries.tsv	KEEP_WITH_WARNING	False	WARN_FD_MEAN,WARN_FD_GT_0.5,WARN_FD_MAX	WARN_OUTLIER_BURDEN	OK	0.2652091141122344	2.604987056837148	9.473684210526317	21.98952879581152	115	191	2.0	382.0	374.4699999999998	10.215999999999894	0	0	True	10	20	10	<PROJECT_ROOT>/derivatives/first_level_inputs_analysis/sub-03/run-07/events_long.tsv	<PROJECT_ROOT>/derivatives/first_level_inputs_analysis/sub-03/run-07/events_stim.tsv	191	49	49	121.2534719233486	141	137	True	<PROJECT_ROOT>/derivatives/first_level_inputs_analysis/sub-03/run-07/confounds_standard.tsv	<PROJECT_ROOT>/derivatives/first_level_inputs_analysis/sub-03/run-07/confounds_standard.json	standard	False	5	fd05	0.5	True	18	42	0	0	OK	READY	OK
sub-03	8	run-08	<PROJECT_ROOT>/derivatives/smoothed_fwhm6/sub-03/func/sub-03_task-heatpainwithregulationandratings_run-08_space-MNI152NLin2009cAsym_desc-smoothedFWHM6_bold.nii.gz	<PROJECT_ROOT>/derivatives/fmriprep/sub-03/func/sub-03_task-heatpainwithregulationandratings_run-08_space-MNI152NLin2009cAsym_desc-preproc_bold.nii.gz	<PROJECT_ROOT>/derivatives/fmriprep/sub-03/func/sub-03_task-heatpainwithregulationandratings_run-08_space-MNI152NLin2009cAsym_desc-brain_mask.nii.gz	<PROJECT_ROOT>/derivatives/fmriprep/sub-03/func/sub-03_task-heatpainwithregulationandratings_run-08_desc-confounds_timeseries.tsv	KEEP_FOR_MAIN_BUT_SENSITIVITY_EXCLUDE_CANDIDATE	True	WARN_FD_MEAN,BAD_FD_GT_0.5	WARN_OUTLIER_BURDEN	OK	0.2676992522100181	1.4497906249335668	12.980769230769232	29.1866028708134	113	209	2.0	418.0	409.739	10.215999999999894	0	0	True	11	22	11	<PROJECT_ROOT>/derivatives/first_level_inputs_analysis/sub-03/run-08/events_long.tsv	<PROJECT_ROOT>/derivatives/first_level_inputs_analysis/sub-03/run-08/events_stim.tsv	209	58	58	81.38481460681432	150	146	True	<PROJECT_ROOT>/derivatives/first_level_inputs_analysis/sub-03/run-08/confounds_standard.tsv	<PROJECT_ROOT>/derivatives/first_level_inputs_analysis/sub-03/run-08/confounds_standard.json	standard	False	5	fd05	0.5	True	27	61	0	0	OK	READY	OK
sub-03	9	run-09	<PROJECT_ROOT>/derivatives/smoothed_fwhm6/sub-03/func/sub-03_task-heatpainwithregulationandratings_run-09_space-MNI152NLin2009cAsym_desc-smoothedFWHM6_bold.nii.gz	<PROJECT_ROOT>/derivatives/fmriprep/sub-03/func/sub-03_task-heatpainwithregulationandratings_run-09_space-MNI152NLin2009cAsym_desc-preproc_bold.nii.gz	<PROJECT_ROOT>/derivatives/fmriprep/sub-03/func/sub-03_task-heatpainwithregulationandratings_run-09_space-MNI152NLin2009cAsym_desc-brain_mask.nii.gz	<PROJECT_ROOT>/derivatives/fmriprep/sub-03/func/sub-03_task-heatpainwithregulationandratings_run-09_desc-confounds_timeseries.tsv	KEEP_WITH_WARNING	False	OK	WARN_OUTLIER_BURDEN	OK	0.1802827064455669	1.4492638307955674	2.8846153846153846	34.44976076555024	102	209	2.0	418.0	409.7220000000002	10.215999999999894	0	0	True	11	22	11	<PROJECT_ROOT>/derivatives/first_level_inputs_analysis/sub-03/run-09/events_long.tsv	<PROJECT_ROOT>/derivatives/first_level_inputs_analysis/sub-03/run-09/events_stim.tsv	209	37	37	88.73852731746435	171	167	True	<PROJECT_ROOT>/derivatives/first_level_inputs_analysis/sub-03/run-09/confounds_standard.tsv	<PROJECT_ROOT>/derivatives/first_level_inputs_analysis/sub-03/run-09/confounds_standard.json	standard	False	5	fd05	0.5	True	6	72	0	0	OK	READY	OK
sub-04	1	run-01	<PROJECT_ROOT>/derivatives/smoothed_fwhm6/sub-04/func/sub-04_task-heatpainwithregulationandratings_run-01_space-MNI152NLin2009cAsym_desc-smoothedFWHM6_bold.nii.gz	<PROJECT_ROOT>/derivatives/fmriprep/sub-04/func/sub-04_task-heatpainwithregulationandratings_run-01_space-MNI152NLin2009cAsym_desc-preproc_bold.nii.gz	<PROJECT_ROOT>/derivatives/fmriprep/sub-04/func/sub-04_task-heatpainwithregulationandratings_run-01_space-MNI152NLin2009cAsym_desc-brain_mask.nii.gz	<PROJECT_ROOT>/derivatives/fmriprep/sub-04/func/sub-04_task-heatpainwithregulationandratings_run-01_desc-confounds_timeseries.tsv	KEEP_FOR_MAIN_BUT_SENSITIVITY_EXCLUDE_CANDIDATE	True	WARN_FD_MEAN,BAD_FD_GT_0.5,WARN_FD_MAX	HIGH_OUTLIER_BURDEN,WARN_LOW_ESTIMATED_DOF	OK	0.2834626891650417	3.4399876549099337	12.5	39.23444976076555	92	209	2.0	418.0	407.761	10.216	0	0	True	11	22	11	<PROJECT_ROOT>/derivatives/first_level_inputs_analysis/sub-04/run-01/events_long.tsv	<PROJECT_ROOT>/derivatives/first_level_inputs_analysis/sub-04/run-01/events_stim.tsv	209	57	57	175.57008778883426	151	147	True	<PROJECT_ROOT>/derivatives/first_level_inputs_analysis/sub-04/run-01/confounds_standard.tsv	<PROJECT_ROOT>/derivatives/first_level_inputs_analysis/sub-04/run-01/confounds_standard.json	standard	False	5	fd05	0.5	True	26	82	0	0	OK	READY	OK
sub-04	2	run-02	<PROJECT_ROOT>/derivatives/smoothed_fwhm6/sub-04/func/sub-04_task-heatpainwithregulationandratings_run-02_space-MNI152NLin2009cAsym_desc-smoothedFWHM6_bold.nii.gz	<PROJECT_ROOT>/derivatives/fmriprep/sub-04/func/sub-04_task-heatpainwithregulationandratings_run-02_space-MNI152NLin2009cAsym_desc-preproc_bold.nii.gz	<PROJECT_ROOT>/derivatives/fmriprep/sub-04/func/sub-04_task-heatpainwithregulationandratings_run-02_space-MNI152NLin2009cAsym_desc-brain_mask.nii.gz	<PROJECT_ROOT>/derivatives/fmriprep/sub-04/func/sub-04_task-heatpainwithregulationandratings_run-02_desc-confounds_timeseries.tsv	KEEP_FOR_MAIN_BUT_SENSITIVITY_EXCLUDE_CANDIDATE	True	WARN_FD_MEAN,BAD_FD_GT_0.5	WARN_OUTLIER_BURDEN	OK	0.2611299759712899	1.9718570136807765	12.980769230769232	29.66507177033493	112	209	2.0	418.0	408.709	10.216000000000008	0	0	True	11	22	11	<PROJECT_ROOT>/derivatives/first_level_inputs_analysis/sub-04/run-02/events_long.tsv	<PROJECT_ROOT>/derivatives/first_level_inputs_analysis/sub-04/run-02/events_stim.tsv	209	58	58	136.48502802679786	150	146	True	<PROJECT_ROOT>/derivatives/first_level_inputs_analysis/sub-04/run-02/confounds_standard.tsv	<PROJECT_ROOT>/derivatives/first_level_inputs_analysis/sub-04/run-02/confounds_standard.json	standard	False	5	fd05	0.5	True	27	62	0	0	OK	READY	OK
sub-04	3	run-03	<PROJECT_ROOT>/derivatives/smoothed_fwhm6/sub-04/func/sub-04_task-heatpainwithregulationandratings_run-03_space-MNI152NLin2009cAsym_desc-smoothedFWHM6_bold.nii.gz	<PROJECT_ROOT>/derivatives/fmriprep/sub-04/func/sub-04_task-heatpainwithregulationandratings_run-03_space-MNI152NLin2009cAsym_desc-preproc_bold.nii.gz	<PROJECT_ROOT>/derivatives/fmriprep/sub-04/func/sub-04_task-heatpainwithregulationandratings_run-03_space-MNI152NLin2009cAsym_desc-brain_mask.nii.gz	<PROJECT_ROOT>/derivatives/fmriprep/sub-04/func/sub-04_task-heatpainwithregulationandratings_run-03_desc-confounds_timeseries.tsv	KEEP_WITH_WARNING	False	WARN_FD_MEAN,WARN_FD_GT_0.5,WARN_FD_MAX	WARN_OUTLIER_BURDEN	OK	0.2515769693589086	2.878797500834482	9.473684210526317	20.418848167539267	118	191	2.0	382.0	372.509	10.216999999999985	0	0	True	10	20	10	<PROJECT_ROOT>/derivatives/first_level_inputs_analysis/sub-04/run-03/events_long.tsv	<PROJECT_ROOT>/derivatives/first_level_inputs_analysis/sub-04/run-03/events_stim.tsv	191	49	49	112.76663799524133	141	137	True	<PROJECT_ROOT>/derivatives/first_level_inputs_analysis/sub-04/run-03/confounds_standard.tsv	<PROJECT_ROOT>/derivatives/first_level_inputs_analysis/sub-04/run-03/confounds_standard.json	standard	False	5	fd05	0.5	True	18	39	0	0	OK	READY	OK
sub-04	4	run-04	<PROJECT_ROOT>/derivatives/smoothed_fwhm6/sub-04/func/sub-04_task-heatpainwithregulationandratings_run-04_space-MNI152NLin2009cAsym_desc-smoothedFWHM6_bold.nii.gz	<PROJECT_ROOT>/derivatives/fmriprep/sub-04/func/sub-04_task-heatpainwithregulationandratings_run-04_space-MNI152NLin2009cAsym_desc-preproc_bold.nii.gz	<PROJECT_ROOT>/derivatives/fmriprep/sub-04/func/sub-04_task-heatpainwithregulationandratings_run-04_space-MNI152NLin2009cAsym_desc-brain_mask.nii.gz	<PROJECT_ROOT>/derivatives/fmriprep/sub-04/func/sub-04_task-heatpainwithregulationandratings_run-04_desc-confounds_timeseries.tsv	KEEP_WITH_WARNING	False	WARN_FD_MEAN,WARN_FD_GT_0.5,WARN_FD_MAX	WARN_OUTLIER_BURDEN	OK	0.2320778511927774	4.604878207874693	5.769230769230769	26.794258373205743	118	209	2.0	418.0	408.742	10.215999999999894	0	0	True	11	22	11	<PROJECT_ROOT>/derivatives/first_level_inputs_analysis/sub-04/run-04/events_long.tsv	<PROJECT_ROOT>/derivatives/first_level_inputs_analysis/sub-04/run-04/events_stim.tsv	209	43	43	293.9159750557325	165	161	True	<PROJECT_ROOT>/derivatives/first_level_inputs_analysis/sub-04/run-04/confounds_standard.tsv	<PROJECT_ROOT>/derivatives/first_level_inputs_analysis/sub-04/run-04/confounds_standard.json	standard	False	5	fd05	0.5	True	12	56	0	0	OK	READY	OK
sub-04	6	run-06	<PROJECT_ROOT>/derivatives/smoothed_fwhm6/sub-04/func/sub-04_task-heatpainwithregulationandratings_run-06_space-MNI152NLin2009cAsym_desc-smoothedFWHM6_bold.nii.gz	<PROJECT_ROOT>/derivatives/fmriprep/sub-04/func/sub-04_task-heatpainwithregulationandratings_run-06_space-MNI152NLin2009cAsym_desc-preproc_bold.nii.gz	<PROJECT_ROOT>/derivatives/fmriprep/sub-04/func/sub-04_task-heatpainwithregulationandratings_run-06_space-MNI152NLin2009cAsym_desc-brain_mask.nii.gz	<PROJECT_ROOT>/derivatives/fmriprep/sub-04/func/sub-04_task-heatpainwithregulationandratings_run-06_desc-confounds_timeseries.tsv	KEEP_FOR_MAIN_BUT_SENSITIVITY_EXCLUDE_CANDIDATE	True	BAD_FD_MEAN,BAD_FD_GT_0.5,WARN_FD_MAX	WARN_OUTLIER_BURDEN	OK	0.4061835884233326	2.751070531939962	20.192307692307693	26.794258373205743	118	209	2.0	418.0	407.7779999999998	10.215999999999894	0	0	True	11	22	11	<PROJECT_ROOT>/derivatives/first_level_inputs_analysis/sub-04/run-06/events_long.tsv	<PROJECT_ROOT>/derivatives/first_level_inputs_analysis/sub-04/run-06/events_stim.tsv	209	73	73	167.46907446203824	135	131	True	<PROJECT_ROOT>/derivatives/first_level_inputs_analysis/sub-04/run-06/confounds_standard.tsv	<PROJECT_ROOT>/derivatives/first_level_inputs_analysis/sub-04/run-06/confounds_standard.json	standard	False	5	fd05	0.5	True	42	56	0	0	OK	READY	OK
sub-04	7	run-07	<PROJECT_ROOT>/derivatives/smoothed_fwhm6/sub-04/func/sub-04_task-heatpainwithregulationandratings_run-07_space-MNI152NLin2009cAsym_desc-smoothedFWHM6_bold.nii.gz	<PROJECT_ROOT>/derivatives/fmriprep/sub-04/func/sub-04_task-heatpainwithregulationandratings_run-07_space-MNI152NLin2009cAsym_desc-preproc_bold.nii.gz	<PROJECT_ROOT>/derivatives/fmriprep/sub-04/func/sub-04_task-heatpainwithregulationandratings_run-07_space-MNI152NLin2009cAsym_desc-brain_mask.nii.gz	<PROJECT_ROOT>/derivatives/fmriprep/sub-04/func/sub-04_task-heatpainwithregulationandratings_run-07_desc-confounds_timeseries.tsv	KEEP_FOR_MAIN_BUT_SENSITIVITY_EXCLUDE_CANDIDATE	True	BAD_FD_MEAN,BAD_FD_GT_0.5,WARN_FD_MAX	HIGH_OUTLIER_BURDEN,WARN_LOW_ESTIMATED_DOF	OK	0.478327725528658	4.953751309570592	22.63157894736842	35.07853403141361	90	191	2.0	382.0	373.5390000000002	10.215999999999894	0	0	True	10	20	10	<PROJECT_ROOT>/derivatives/first_level_inputs_analysis/sub-04/run-07/events_long.tsv	<PROJECT_ROOT>/derivatives/first_level_inputs_analysis/sub-04/run-07/events_stim.tsv	191	74	74	339.86302277754146	116	112	True	<PROJECT_ROOT>/derivatives/first_level_inputs_analysis/sub-04/run-07/confounds_standard.tsv	<PROJECT_ROOT>/derivatives/first_level_inputs_analysis/sub-04/run-07/confounds_standard.json	standard	False	5	fd05	0.5	True	43	67	0	0	OK	READY	OK
sub-04	8	run-08	<PROJECT_ROOT>/derivatives/smoothed_fwhm6/sub-04/func/sub-04_task-heatpainwithregulationandratings_run-08_space-MNI152NLin2009cAsym_desc-smoothedFWHM6_bold.nii.gz	<PROJECT_ROOT>/derivatives/fmriprep/sub-04/func/sub-04_task-heatpainwithregulationandratings_run-08_space-MNI152NLin2009cAsym_desc-preproc_bold.nii.gz	<PROJECT_ROOT>/derivatives/fmriprep/sub-04/func/sub-04_task-heatpainwithregulationandratings_run-08_space-MNI152NLin2009cAsym_desc-brain_mask.nii.gz	<PROJECT_ROOT>/derivatives/fmriprep/sub-04/func/sub-04_task-heatpainwithregulationandratings_run-08_desc-confounds_timeseries.tsv	KEEP_FOR_MAIN_BUT_SENSITIVITY_EXCLUDE_CANDIDATE	True	BAD_FD_MEAN,BAD_FD_GT_0.5,WARN_FD_MAX	HIGH_OUTLIER_BURDEN,WARN_LOW_ESTIMATED_DOF	OK	0.3164770646689777	2.412451433711272	13.942307692307692	40.19138755980861	90	209	2.0	418.0	409.77300000000014	10.217000000000098	0	0	True	11	22	11	<PROJECT_ROOT>/derivatives/first_level_inputs_analysis/sub-04/run-08/events_long.tsv	<PROJECT_ROOT>/derivatives/first_level_inputs_analysis/sub-04/run-08/events_stim.tsv	209	60	60	472.4193575944864	148	144	True	<PROJECT_ROOT>/derivatives/first_level_inputs_analysis/sub-04/run-08/confounds_standard.tsv	<PROJECT_ROOT>/derivatives/first_level_inputs_analysis/sub-04/run-08/confounds_standard.json	standard	False	5	fd05	0.5	True	29	84	0	0	OK	READY	OK
sub-05	1	run-01	<PROJECT_ROOT>/derivatives/smoothed_fwhm6/sub-05/func/sub-05_task-heatpainwithregulationandratings_run-01_space-MNI152NLin2009cAsym_desc-smoothedFWHM6_bold.nii.gz	<PROJECT_ROOT>/derivatives/fmriprep/sub-05/func/sub-05_task-heatpainwithregulationandratings_run-01_space-MNI152NLin2009cAsym_desc-preproc_bold.nii.gz	<PROJECT_ROOT>/derivatives/fmriprep/sub-05/func/sub-05_task-heatpainwithregulationandratings_run-01_space-MNI152NLin2009cAsym_desc-brain_mask.nii.gz	<PROJECT_ROOT>/derivatives/fmriprep/sub-05/func/sub-05_task-heatpainwithregulationandratings_run-01_desc-confounds_timeseries.tsv	KEEP_WITH_WARNING	False	OK	WARN_OUTLIER_BURDEN	OK	0.1317818906588913	0.6290132944921478	0.4807692307692308	21.5311004784689	129	209	2.0	418.0	408.692	10.216	0	0	True	11	22	11	<PROJECT_ROOT>/derivatives/first_level_inputs_analysis/sub-05/run-01/events_long.tsv	<PROJECT_ROOT>/derivatives/first_level_inputs_analysis/sub-05/run-01/events_stim.tsv	209	32	32	31.02357568563499	176	172	True	<PROJECT_ROOT>/derivatives/first_level_inputs_analysis/sub-05/run-01/confounds_standard.tsv	<PROJECT_ROOT>/derivatives/first_level_inputs_analysis/sub-05/run-01/confounds_standard.json	standard	False	5	fd05	0.5	True	1	45	0	0	OK	READY	OK
sub-05	2	run-02	<PROJECT_ROOT>/derivatives/smoothed_fwhm6/sub-05/func/sub-05_task-heatpainwithregulationandratings_run-02_space-MNI152NLin2009cAsym_desc-smoothedFWHM6_bold.nii.gz	<PROJECT_ROOT>/derivatives/fmriprep/sub-05/func/sub-05_task-heatpainwithregulationandratings_run-02_space-MNI152NLin2009cAsym_desc-preproc_bold.nii.gz	<PROJECT_ROOT>/derivatives/fmriprep/sub-05/func/sub-05_task-heatpainwithregulationandratings_run-02_space-MNI152NLin2009cAsym_desc-brain_mask.nii.gz	<PROJECT_ROOT>/derivatives/fmriprep/sub-05/func/sub-05_task-heatpainwithregulationandratings_run-02_desc-confounds_timeseries.tsv	KEEP	False	OK	OK	OK	0.1183861285963912	0.3056202415895444	0.0	6.220095693779904	161	209	2.0	418.0	406.76400000000007	10.216000000000008	0	0	True	11	22	11	<PROJECT_ROOT>/derivatives/first_level_inputs_analysis/sub-05/run-02/events_long.tsv	<PROJECT_ROOT>/derivatives/first_level_inputs_analysis/sub-05/run-02/events_stim.tsv	209	31	31	36.56799865223392	177	173	True	<PROJECT_ROOT>/derivatives/first_level_inputs_analysis/sub-05/run-02/confounds_standard.tsv	<PROJECT_ROOT>/derivatives/first_level_inputs_analysis/sub-05/run-02/confounds_standard.json	standard	False	5	fd05	0.5	True	0	13	0	0	OK	READY	OK
sub-05	3	run-03	<PROJECT_ROOT>/derivatives/smoothed_fwhm6/sub-05/func/sub-05_task-heatpainwithregulationandratings_run-03_space-MNI152NLin2009cAsym_desc-smoothedFWHM6_bold.nii.gz	<PROJECT_ROOT>/derivatives/fmriprep/sub-05/func/sub-05_task-heatpainwithregulationandratings_run-03_space-MNI152NLin2009cAsym_desc-preproc_bold.nii.gz	<PROJECT_ROOT>/derivatives/fmriprep/sub-05/func/sub-05_task-heatpainwithregulationandratings_run-03_space-MNI152NLin2009cAsym_desc-brain_mask.nii.gz	<PROJECT_ROOT>/derivatives/fmriprep/sub-05/func/sub-05_task-heatpainwithregulationandratings_run-03_desc-confounds_timeseries.tsv	KEEP_FOR_MAIN_BUT_SENSITIVITY_EXCLUDE_CANDIDATE	True	OK	HIGH_OUTLIER_BURDEN,WARN_LOW_ESTIMATED_DOF	OK	0.1151747974661275	0.2866668887592437	0.0	36.12565445026178	88	191	2.0	382.0	373.5229999999999	10.216000000000008	0	0	True	10	20	10	<PROJECT_ROOT>/derivatives/first_level_inputs_analysis/sub-05/run-03/events_long.tsv	<PROJECT_ROOT>/derivatives/first_level_inputs_analysis/sub-05/run-03/events_stim.tsv	191	31	31	12.200118003019437	159	155	True	<PROJECT_ROOT>/derivatives/first_level_inputs_analysis/sub-05/run-03/confounds_standard.tsv	<PROJECT_ROOT>/derivatives/first_level_inputs_analysis/sub-05/run-03/confounds_standard.json	standard	False	5	fd05	0.5	True	0	69	0	0	OK	READY	OK
sub-05	4	run-04	<PROJECT_ROOT>/derivatives/smoothed_fwhm6/sub-05/func/sub-05_task-heatpainwithregulationandratings_run-04_space-MNI152NLin2009cAsym_desc-smoothedFWHM6_bold.nii.gz	<PROJECT_ROOT>/derivatives/fmriprep/sub-05/func/sub-05_task-heatpainwithregulationandratings_run-04_space-MNI152NLin2009cAsym_desc-preproc_bold.nii.gz	<PROJECT_ROOT>/derivatives/fmriprep/sub-05/func/sub-05_task-heatpainwithregulationandratings_run-04_space-MNI152NLin2009cAsym_desc-brain_mask.nii.gz	<PROJECT_ROOT>/derivatives/fmriprep/sub-05/func/sub-05_task-heatpainwithregulationandratings_run-04_desc-confounds_timeseries.tsv	KEEP	False	OK	OK	OK	0.1179395107063916	0.285788514104437	0.0	10.526315789473683	152	209	2.0	418.0	410.769	10.215999999999894	0	0	True	11	22	11	<PROJECT_ROOT>/derivatives/first_level_inputs_analysis/sub-05/run-04/events_long.tsv	<PROJECT_ROOT>/derivatives/first_level_inputs_analysis/sub-05/run-04/events_stim.tsv	209	31	31	83.08780732396002	177	173	True	<PROJECT_ROOT>/derivatives/first_level_inputs_analysis/sub-05/run-04/confounds_standard.tsv	<PROJECT_ROOT>/derivatives/first_level_inputs_analysis/sub-05/run-04/confounds_standard.json	standard	False	5	fd05	0.5	True	0	22	0	0	OK	READY	OK
sub-05	5	run-05	<PROJECT_ROOT>/derivatives/smoothed_fwhm6/sub-05/func/sub-05_task-heatpainwithregulationandratings_run-05_space-MNI152NLin2009cAsym_desc-smoothedFWHM6_bold.nii.gz	<PROJECT_ROOT>/derivatives/fmriprep/sub-05/func/sub-05_task-heatpainwithregulationandratings_run-05_space-MNI152NLin2009cAsym_desc-preproc_bold.nii.gz	<PROJECT_ROOT>/derivatives/fmriprep/sub-05/func/sub-05_task-heatpainwithregulationandratings_run-05_space-MNI152NLin2009cAsym_desc-brain_mask.nii.gz	<PROJECT_ROOT>/derivatives/fmriprep/sub-05/func/sub-05_task-heatpainwithregulationandratings_run-05_desc-confounds_timeseries.tsv	KEEP	False	OK	OK	OK	0.1128630354726434	0.2840637867328728	0.0	15.311004784688995	142	209	2.0	418.0	409.722	10.215999999999894	0	0	True	11	22	11	<PROJECT_ROOT>/derivatives/first_level_inputs_analysis/sub-05/run-05/events_long.tsv	<PROJECT_ROOT>/derivatives/first_level_inputs_analysis/sub-05/run-05/events_stim.tsv	209	31	31	72.56033006301158	177	173	True	<PROJECT_ROOT>/derivatives/first_level_inputs_analysis/sub-05/run-05/confounds_standard.tsv	<PROJECT_ROOT>/derivatives/first_level_inputs_analysis/sub-05/run-05/confounds_standard.json	standard	False	5	fd05	0.5	True	0	32	0	0	OK	READY	OK
sub-05	6	run-06	<PROJECT_ROOT>/derivatives/smoothed_fwhm6/sub-05/func/sub-05_task-heatpainwithregulationandratings_run-06_space-MNI152NLin2009cAsym_desc-smoothedFWHM6_bold.nii.gz	<PROJECT_ROOT>/derivatives/fmriprep/sub-05/func/sub-05_task-heatpainwithregulationandratings_run-06_space-MNI152NLin2009cAsym_desc-preproc_bold.nii.gz	<PROJECT_ROOT>/derivatives/fmriprep/sub-05/func/sub-05_task-heatpainwithregulationandratings_run-06_space-MNI152NLin2009cAsym_desc-brain_mask.nii.gz	<PROJECT_ROOT>/derivatives/fmriprep/sub-05/func/sub-05_task-heatpainwithregulationandratings_run-06_desc-confounds_timeseries.tsv	KEEP_FOR_MAIN_BUT_SENSITIVITY_EXCLUDE_CANDIDATE	True	OK	HIGH_OUTLIER_BURDEN,WARN_LOW_ESTIMATED_DOF	OK	0.1111051412300517	0.3260597232197648	0.0	36.84210526315789	97	209	2.0	418.0	408.7420000000001	10.215999999999894	0	0	True	11	22	11	<PROJECT_ROOT>/derivatives/first_level_inputs_analysis/sub-05/run-06/events_long.tsv	<PROJECT_ROOT>/derivatives/first_level_inputs_analysis/sub-05/run-06/events_stim.tsv	209	31	31	59.08936663556367	177	173	True	<PROJECT_ROOT>/derivatives/first_level_inputs_analysis/sub-05/run-06/confounds_standard.tsv	<PROJECT_ROOT>/derivatives/first_level_inputs_analysis/sub-05/run-06/confounds_standard.json	standard	False	5	fd05	0.5	True	0	77	0	0	OK	READY	OK
sub-05	7	run-07	<PROJECT_ROOT>/derivatives/smoothed_fwhm6/sub-05/func/sub-05_task-heatpainwithregulationandratings_run-07_space-MNI152NLin2009cAsym_desc-smoothedFWHM6_bold.nii.gz	<PROJECT_ROOT>/derivatives/fmriprep/sub-05/func/sub-05_task-heatpainwithregulationandratings_run-07_space-MNI152NLin2009cAsym_desc-preproc_bold.nii.gz	<PROJECT_ROOT>/derivatives/fmriprep/sub-05/func/sub-05_task-heatpainwithregulationandratings_run-07_space-MNI152NLin2009cAsym_desc-brain_mask.nii.gz	<PROJECT_ROOT>/derivatives/fmriprep/sub-05/func/sub-05_task-heatpainwithregulationandratings_run-07_desc-confounds_timeseries.tsv	KEEP	False	OK	OK	OK	0.1276739963471242	0.3506820706637847	0.0	19.895287958115183	119	191	2.0	382.0	372.4920000000002	10.215999999999894	0	0	True	10	20	10	<PROJECT_ROOT>/derivatives/first_level_inputs_analysis/sub-05/run-07/events_long.tsv	<PROJECT_ROOT>/derivatives/first_level_inputs_analysis/sub-05/run-07/events_stim.tsv	191	31	31	152.09153478433745	159	155	True	<PROJECT_ROOT>/derivatives/first_level_inputs_analysis/sub-05/run-07/confounds_standard.tsv	<PROJECT_ROOT>/derivatives/first_level_inputs_analysis/sub-05/run-07/confounds_standard.json	standard	False	5	fd05	0.5	True	0	38	0	0	OK	READY	OK
sub-05	8	run-08	<PROJECT_ROOT>/derivatives/smoothed_fwhm6/sub-05/func/sub-05_task-heatpainwithregulationandratings_run-08_space-MNI152NLin2009cAsym_desc-smoothedFWHM6_bold.nii.gz	<PROJECT_ROOT>/derivatives/fmriprep/sub-05/func/sub-05_task-heatpainwithregulationandratings_run-08_space-MNI152NLin2009cAsym_desc-preproc_bold.nii.gz	<PROJECT_ROOT>/derivatives/fmriprep/sub-05/func/sub-05_task-heatpainwithregulationandratings_run-08_space-MNI152NLin2009cAsym_desc-brain_mask.nii.gz	<PROJECT_ROOT>/derivatives/fmriprep/sub-05/func/sub-05_task-heatpainwithregulationandratings_run-08_desc-confounds_timeseries.tsv	KEEP	False	OK	OK	OK	0.0944989284041966	0.1752319063609458	0.0	13.875598086124402	145	209	2.0	418.0	406.714	10.215999999999894	0	0	True	11	22	11	<PROJECT_ROOT>/derivatives/first_level_inputs_analysis/sub-05/run-08/events_long.tsv	<PROJECT_ROOT>/derivatives/first_level_inputs_analysis/sub-05/run-08/events_stim.tsv	209	31	31	39.17076163109994	177	173	True	<PROJECT_ROOT>/derivatives/first_level_inputs_analysis/sub-05/run-08/confounds_standard.tsv	<PROJECT_ROOT>/derivatives/first_level_inputs_analysis/sub-05/run-08/confounds_standard.json	standard	False	5	fd05	0.5	True	0	29	0	0	OK	READY	OK
sub-05	9	run-09	<PROJECT_ROOT>/derivatives/smoothed_fwhm6/sub-05/func/sub-05_task-heatpainwithregulationandratings_run-09_space-MNI152NLin2009cAsym_desc-smoothedFWHM6_bold.nii.gz	<PROJECT_ROOT>/derivatives/fmriprep/sub-05/func/sub-05_task-heatpainwithregulationandratings_run-09_space-MNI152NLin2009cAsym_desc-preproc_bold.nii.gz	<PROJECT_ROOT>/derivatives/fmriprep/sub-05/func/sub-05_task-heatpainwithregulationandratings_run-09_space-MNI152NLin2009cAsym_desc-brain_mask.nii.gz	<PROJECT_ROOT>/derivatives/fmriprep/sub-05/func/sub-05_task-heatpainwithregulationandratings_run-09_desc-confounds_timeseries.tsv	KEEP_FOR_MAIN_BUT_SENSITIVITY_EXCLUDE_CANDIDATE	True	OK	HIGH_OUTLIER_BURDEN,WARN_LOW_ESTIMATED_DOF	OK	0.0986317184534385	0.184026753503442	0.0	37.32057416267943	96	209	2.0	418.0	409.77300000000014	10.217000000000098	0	0	True	11	22	11	<PROJECT_ROOT>/derivatives/first_level_inputs_analysis/sub-05/run-09/events_long.tsv	<PROJECT_ROOT>/derivatives/first_level_inputs_analysis/sub-05/run-09/events_stim.tsv	209	31	31	68.17581616609142	177	173	True	<PROJECT_ROOT>/derivatives/first_level_inputs_analysis/sub-05/run-09/confounds_standard.tsv	<PROJECT_ROOT>/derivatives/first_level_inputs_analysis/sub-05/run-09/confounds_standard.json	standard	False	5	fd05	0.5	True	0	78	0	0	OK	READY	OK
sub-06	1	run-01	<PROJECT_ROOT>/derivatives/smoothed_fwhm6/sub-06/func/sub-06_task-heatpainwithregulationandratings_run-01_space-MNI152NLin2009cAsym_desc-smoothedFWHM6_bold.nii.gz	<PROJECT_ROOT>/derivatives/fmriprep/sub-06/func/sub-06_task-heatpainwithregulationandratings_run-01_space-MNI152NLin2009cAsym_desc-preproc_bold.nii.gz	<PROJECT_ROOT>/derivatives/fmriprep/sub-06/func/sub-06_task-heatpainwithregulationandratings_run-01_space-MNI152NLin2009cAsym_desc-brain_mask.nii.gz	<PROJECT_ROOT>/derivatives/fmriprep/sub-06/func/sub-06_task-heatpainwithregulationandratings_run-01_desc-confounds_timeseries.tsv	KEEP_FOR_MAIN_BUT_SENSITIVITY_EXCLUDE_CANDIDATE	True	BAD_FD_MEAN,BAD_FD_GT_0.5	WARN_OUTLIER_BURDEN	OK	0.3253668270045048	1.1160950658817363	13.942307692307692	32.057416267942585	107	209	2.0	418.0	410.704	10.216	0	0	True	11	22	11	<PROJECT_ROOT>/derivatives/first_level_inputs_analysis/sub-06/run-01/events_long.tsv	<PROJECT_ROOT>/derivatives/first_level_inputs_analysis/sub-06/run-01/events_stim.tsv	209	60	60	143.91628942441898	148	144	True	<PROJECT_ROOT>/derivatives/first_level_inputs_analysis/sub-06/run-01/confounds_standard.tsv	<PROJECT_ROOT>/derivatives/first_level_inputs_analysis/sub-06/run-01/confounds_standard.json	standard	False	5	fd05	0.5	True	29	67	0	0	OK	READY	OK
sub-06	2	run-02	<PROJECT_ROOT>/derivatives/smoothed_fwhm6/sub-06/func/sub-06_task-heatpainwithregulationandratings_run-02_space-MNI152NLin2009cAsym_desc-smoothedFWHM6_bold.nii.gz	<PROJECT_ROOT>/derivatives/fmriprep/sub-06/func/sub-06_task-heatpainwithregulationandratings_run-02_space-MNI152NLin2009cAsym_desc-preproc_bold.nii.gz	<PROJECT_ROOT>/derivatives/fmriprep/sub-06/func/sub-06_task-heatpainwithregulationandratings_run-02_space-MNI152NLin2009cAsym_desc-brain_mask.nii.gz	<PROJECT_ROOT>/derivatives/fmriprep/sub-06/func/sub-06_task-heatpainwithregulationandratings_run-02_desc-confounds_timeseries.tsv	KEEP_WITH_WARNING	False	WARN_FD_MEAN,WARN_FD_MAX	OK	OK	0.2565621592231207	2.022450977616109	3.3653846153846154	7.655502392344498	158	209	2.0	418.0	406.7480000000001	10.216000000000008	0	0	True	11	22	11	<PROJECT_ROOT>/derivatives/first_level_inputs_analysis/sub-06/run-02/events_long.tsv	<PROJECT_ROOT>/derivatives/first_level_inputs_analysis/sub-06/run-02/events_stim.tsv	209	38	38	65.46008601888884	170	166	True	<PROJECT_ROOT>/derivatives/first_level_inputs_analysis/sub-06/run-02/confounds_standard.tsv	<PROJECT_ROOT>/derivatives/first_level_inputs_analysis/sub-06/run-02/confounds_standard.json	standard	False	5	fd05	0.5	True	7	16	0	0	OK	READY	OK
sub-06	3	run-03	<PROJECT_ROOT>/derivatives/smoothed_fwhm6/sub-06/func/sub-06_task-heatpainwithregulationandratings_run-03_space-MNI152NLin2009cAsym_desc-smoothedFWHM6_bold.nii.gz	<PROJECT_ROOT>/derivatives/fmriprep/sub-06/func/sub-06_task-heatpainwithregulationandratings_run-03_space-MNI152NLin2009cAsym_desc-preproc_bold.nii.gz	<PROJECT_ROOT>/derivatives/fmriprep/sub-06/func/sub-06_task-heatpainwithregulationandratings_run-03_space-MNI152NLin2009cAsym_desc-brain_mask.nii.gz	<PROJECT_ROOT>/derivatives/fmriprep/sub-06/func/sub-06_task-heatpainwithregulationandratings_run-03_desc-confounds_timeseries.tsv	KEEP_WITH_WARNING	False	WARN_FD_MEAN	OK	OK	0.2288872961586764	1.9288080117373287	2.1052631578947367	18.32460732984293	122	191	2.0	382.0	373.474	10.216000000000008	0	0	True	10	20	10	<PROJECT_ROOT>/derivatives/first_level_inputs_analysis/sub-06/run-03/events_long.tsv	<PROJECT_ROOT>/derivatives/first_level_inputs_analysis/sub-06/run-03/events_stim.tsv	191	35	35	67.13819343311211	155	151	True	<PROJECT_ROOT>/derivatives/first_level_inputs_analysis/sub-06/run-03/confounds_standard.tsv	<PROJECT_ROOT>/derivatives/first_level_inputs_analysis/sub-06/run-03/confounds_standard.json	standard	False	5	fd05	0.5	True	4	35	0	0	OK	READY	OK
sub-06	4	run-04	<PROJECT_ROOT>/derivatives/smoothed_fwhm6/sub-06/func/sub-06_task-heatpainwithregulationandratings_run-04_space-MNI152NLin2009cAsym_desc-smoothedFWHM6_bold.nii.gz	<PROJECT_ROOT>/derivatives/fmriprep/sub-06/func/sub-06_task-heatpainwithregulationandratings_run-04_space-MNI152NLin2009cAsym_desc-preproc_bold.nii.gz	<PROJECT_ROOT>/derivatives/fmriprep/sub-06/func/sub-06_task-heatpainwithregulationandratings_run-04_space-MNI152NLin2009cAsym_desc-brain_mask.nii.gz	<PROJECT_ROOT>/derivatives/fmriprep/sub-06/func/sub-06_task-heatpainwithregulationandratings_run-04_desc-confounds_timeseries.tsv	KEEP_WITH_WARNING	False	WARN_FD_MEAN	OK	OK	0.2568879451517903	1.1830870496200458	3.3653846153846154	10.526315789473683	152	209	2.0	418.0	408.777	10.217000000000098	0	0	True	11	22	11	<PROJECT_ROOT>/derivatives/first_level_inputs_analysis/sub-06/run-04/events_long.tsv	<PROJECT_ROOT>/derivatives/first_level_inputs_analysis/sub-06/run-04/events_stim.tsv	209	38	38	31.963538912566104	170	166	True	<PROJECT_ROOT>/derivatives/first_level_inputs_analysis/sub-06/run-04/confounds_standard.tsv	<PROJECT_ROOT>/derivatives/first_level_inputs_analysis/sub-06/run-04/confounds_standard.json	standard	False	5	fd05	0.5	True	7	22	0	0	OK	READY	OK
sub-06	5	run-05	<PROJECT_ROOT>/derivatives/smoothed_fwhm6/sub-06/func/sub-06_task-heatpainwithregulationandratings_run-05_space-MNI152NLin2009cAsym_desc-smoothedFWHM6_bold.nii.gz	<PROJECT_ROOT>/derivatives/fmriprep/sub-06/func/sub-06_task-heatpainwithregulationandratings_run-05_space-MNI152NLin2009cAsym_desc-preproc_bold.nii.gz	<PROJECT_ROOT>/derivatives/fmriprep/sub-06/func/sub-06_task-heatpainwithregulationandratings_run-05_space-MNI152NLin2009cAsym_desc-brain_mask.nii.gz	<PROJECT_ROOT>/derivatives/fmriprep/sub-06/func/sub-06_task-heatpainwithregulationandratings_run-05_desc-confounds_timeseries.tsv	KEEP_FOR_MAIN_BUT_SENSITIVITY_EXCLUDE_CANDIDATE	True	BAD_FD_MEAN,BAD_FD_GT_0.5,WARN_FD_MAX	WARN_OUTLIER_BURDEN	OK	0.3425834903609344	4.773384826144162	12.5	25.358851674641148	121	209	2.0	418.0	408.777	10.217000000000098	0	0	True	11	22	11	<PROJECT_ROOT>/derivatives/first_level_inputs_analysis/sub-06/run-05/events_long.tsv	<PROJECT_ROOT>/derivatives/first_level_inputs_analysis/sub-06/run-05/events_stim.tsv	209	57	57	1042.9611267807013	151	147	True	<PROJECT_ROOT>/derivatives/first_level_inputs_analysis/sub-06/run-05/confounds_standard.tsv	<PROJECT_ROOT>/derivatives/first_level_inputs_analysis/sub-06/run-05/confounds_standard.json	standard	False	5	fd05	0.5	True	26	53	0	0	OK	READY	OK
sub-06	6	run-06	<PROJECT_ROOT>/derivatives/smoothed_fwhm6/sub-06/func/sub-06_task-heatpainwithregulationandratings_run-06_space-MNI152NLin2009cAsym_desc-smoothedFWHM6_bold.nii.gz	<PROJECT_ROOT>/derivatives/fmriprep/sub-06/func/sub-06_task-heatpainwithregulationandratings_run-06_space-MNI152NLin2009cAsym_desc-preproc_bold.nii.gz	<PROJECT_ROOT>/derivatives/fmriprep/sub-06/func/sub-06_task-heatpainwithregulationandratings_run-06_space-MNI152NLin2009cAsym_desc-brain_mask.nii.gz	<PROJECT_ROOT>/derivatives/fmriprep/sub-06/func/sub-06_task-heatpainwithregulationandratings_run-06_desc-confounds_timeseries.tsv	KEEP_WITH_WARNING	False	WARN_FD_MEAN,WARN_FD_GT_0.5	OK	OK	0.2475274840562817	0.7791749033305683	6.730769230769231	12.91866028708134	147	209	2.0	418.0	410.7710000000002	10.217000000000098	0	0	True	11	22	11	<PROJECT_ROOT>/derivatives/first_level_inputs_analysis/sub-06/run-06/events_long.tsv	<PROJECT_ROOT>/derivatives/first_level_inputs_analysis/sub-06/run-06/events_stim.tsv	209	45	45	25.781204623708273	163	159	True	<PROJECT_ROOT>/derivatives/first_level_inputs_analysis/sub-06/run-06/confounds_standard.tsv	<PROJECT_ROOT>/derivatives/first_level_inputs_analysis/sub-06/run-06/confounds_standard.json	standard	False	5	fd05	0.5	True	14	27	0	0	OK	READY	OK
sub-06	7	run-07	<PROJECT_ROOT>/derivatives/smoothed_fwhm6/sub-06/func/sub-06_task-heatpainwithregulationandratings_run-07_space-MNI152NLin2009cAsym_desc-smoothedFWHM6_bold.nii.gz	<PROJECT_ROOT>/derivatives/fmriprep/sub-06/func/sub-06_task-heatpainwithregulationandratings_run-07_space-MNI152NLin2009cAsym_desc-preproc_bold.nii.gz	<PROJECT_ROOT>/derivatives/fmriprep/sub-06/func/sub-06_task-heatpainwithregulationandratings_run-07_space-MNI152NLin2009cAsym_desc-brain_mask.nii.gz	<PROJECT_ROOT>/derivatives/fmriprep/sub-06/func/sub-06_task-heatpainwithregulationandratings_run-07_desc-confounds_timeseries.tsv	KEEP_FOR_MAIN_BUT_SENSITIVITY_EXCLUDE_CANDIDATE	True	BAD_FD_MEAN,WARN_FD_GT_0.5,WARN_FD_MAX	WARN_OUTLIER_BURDEN	OK	0.3003195488325171	2.959033308957887	6.315789473684211	25.654450261780102	108	191	2.0	382.0	375.502	10.217000000000098	0	0	True	10	20	10	<PROJECT_ROOT>/derivatives/first_level_inputs_analysis/sub-06/run-07/events_long.tsv	<PROJECT_ROOT>/derivatives/first_level_inputs_analysis/sub-06/run-07/events_stim.tsv	191	43	43	527.0937798771724	147	143	True	<PROJECT_ROOT>/derivatives/first_level_inputs_analysis/sub-06/run-07/confounds_standard.tsv	<PROJECT_ROOT>/derivatives/first_level_inputs_analysis/sub-06/run-07/confounds_standard.json	standard	False	5	fd05	0.5	True	12	49	0	0	OK	READY	OK
sub-06	9	run-09	<PROJECT_ROOT>/derivatives/smoothed_fwhm6/sub-06/func/sub-06_task-heatpainwithregulationandratings_run-09_space-MNI152NLin2009cAsym_desc-smoothedFWHM6_bold.nii.gz	<PROJECT_ROOT>/derivatives/fmriprep/sub-06/func/sub-06_task-heatpainwithregulationandratings_run-09_space-MNI152NLin2009cAsym_desc-preproc_bold.nii.gz	<PROJECT_ROOT>/derivatives/fmriprep/sub-06/func/sub-06_task-heatpainwithregulationandratings_run-09_space-MNI152NLin2009cAsym_desc-brain_mask.nii.gz	<PROJECT_ROOT>/derivatives/fmriprep/sub-06/func/sub-06_task-heatpainwithregulationandratings_run-09_desc-confounds_timeseries.tsv	KEEP_WITH_WARNING	False	WARN_FD_MEAN	WARN_OUTLIER_BURDEN	OK	0.2180267793918119	1.4878931369699857	2.8846153846153846	27.751196172248804	116	209	2.0	418.0	409.72400000000016	10.215999999999894	0	0	True	11	22	11	<PROJECT_ROOT>/derivatives/first_level_inputs_analysis/sub-06/run-09/events_long.tsv	<PROJECT_ROOT>/derivatives/first_level_inputs_analysis/sub-06/run-09/events_stim.tsv	209	37	37	158.57605395659485	171	167	True	<PROJECT_ROOT>/derivatives/first_level_inputs_analysis/sub-06/run-09/confounds_standard.tsv	<PROJECT_ROOT>/derivatives/first_level_inputs_analysis/sub-06/run-09/confounds_standard.json	standard	False	5	fd05	0.5	True	6	58	0	0	OK	READY	OK
sub-07	1	run-01	<PROJECT_ROOT>/derivatives/smoothed_fwhm6/sub-07/func/sub-07_task-heatpainwithregulationandratings_run-01_space-MNI152NLin2009cAsym_desc-smoothedFWHM6_bold.nii.gz	<PROJECT_ROOT>/derivatives/fmriprep/sub-07/func/sub-07_task-heatpainwithregulationandratings_run-01_space-MNI152NLin2009cAsym_desc-preproc_bold.nii.gz	<PROJECT_ROOT>/derivatives/fmriprep/sub-07/func/sub-07_task-heatpainwithregulationandratings_run-01_space-MNI152NLin2009cAsym_desc-brain_mask.nii.gz	<PROJECT_ROOT>/derivatives/fmriprep/sub-07/func/sub-07_task-heatpainwithregulationandratings_run-01_desc-confounds_timeseries.tsv	KEEP_WITH_WARNING	False	OK	WARN_OUTLIER_BURDEN	OK	0.1678626715341029	0.5603221666264644	0.9615384615384616	27.751196172248804	116	209	2.0	418.0	409.708	10.217	0	0	True	11	22	11	<PROJECT_ROOT>/derivatives/first_level_inputs_analysis/sub-07/run-01/events_long.tsv	<PROJECT_ROOT>/derivatives/first_level_inputs_analysis/sub-07/run-01/events_stim.tsv	209	33	33	30.99272250254931	175	171	True	<PROJECT_ROOT>/derivatives/first_level_inputs_analysis/sub-07/run-01/confounds_standard.tsv	<PROJECT_ROOT>/derivatives/first_level_inputs_analysis/sub-07/run-01/confounds_standard.json	standard	False	5	fd05	0.5	True	2	58	0	0	OK	READY	OK
sub-07	2	run-02	<PROJECT_ROOT>/derivatives/smoothed_fwhm6/sub-07/func/sub-07_task-heatpainwithregulationandratings_run-02_space-MNI152NLin2009cAsym_desc-smoothedFWHM6_bold.nii.gz	<PROJECT_ROOT>/derivatives/fmriprep/sub-07/func/sub-07_task-heatpainwithregulationandratings_run-02_space-MNI152NLin2009cAsym_desc-preproc_bold.nii.gz	<PROJECT_ROOT>/derivatives/fmriprep/sub-07/func/sub-07_task-heatpainwithregulationandratings_run-02_space-MNI152NLin2009cAsym_desc-brain_mask.nii.gz	<PROJECT_ROOT>/derivatives/fmriprep/sub-07/func/sub-07_task-heatpainwithregulationandratings_run-02_desc-confounds_timeseries.tsv	KEEP	False	OK	OK	OK	0.165801154865017	0.903850690685247	2.8846153846153846	13.875598086124402	145	209	2.0	418.0	409.758	10.216999999999985	0	0	True	11	22	11	<PROJECT_ROOT>/derivatives/first_level_inputs_analysis/sub-07/run-02/events_long.tsv	<PROJECT_ROOT>/derivatives/first_level_inputs_analysis/sub-07/run-02/events_stim.tsv	209	37	37	39.96069079674659	171	167	True	<PROJECT_ROOT>/derivatives/first_level_inputs_analysis/sub-07/run-02/confounds_standard.tsv	<PROJECT_ROOT>/derivatives/first_level_inputs_analysis/sub-07/run-02/confounds_standard.json	standard	False	5	fd05	0.5	True	6	29	0	0	OK	READY	OK
sub-07	3	run-03	<PROJECT_ROOT>/derivatives/smoothed_fwhm6/sub-07/func/sub-07_task-heatpainwithregulationandratings_run-03_space-MNI152NLin2009cAsym_desc-smoothedFWHM6_bold.nii.gz	<PROJECT_ROOT>/derivatives/fmriprep/sub-07/func/sub-07_task-heatpainwithregulationandratings_run-03_space-MNI152NLin2009cAsym_desc-preproc_bold.nii.gz	<PROJECT_ROOT>/derivatives/fmriprep/sub-07/func/sub-07_task-heatpainwithregulationandratings_run-03_space-MNI152NLin2009cAsym_desc-brain_mask.nii.gz	<PROJECT_ROOT>/derivatives/fmriprep/sub-07/func/sub-07_task-heatpainwithregulationandratings_run-03_desc-confounds_timeseries.tsv	KEEP_WITH_WARNING	False	WARN_FD_MEAN,WARN_FD_GT_0.5	WARN_OUTLIER_BURDEN	OK	0.2047780051614206	1.5297198489115784	8.947368421052632	21.46596858638744	116	191	2.0	382.0	375.4690000000001	10.216000000000008	0	0	True	10	20	10	<PROJECT_ROOT>/derivatives/first_level_inputs_analysis/sub-07/run-03/events_long.tsv	<PROJECT_ROOT>/derivatives/first_level_inputs_analysis/sub-07/run-03/events_stim.tsv	191	48	48	53.561187709942104	142	138	True	<PROJECT_ROOT>/derivatives/first_level_inputs_analysis/sub-07/run-03/confounds_standard.tsv	<PROJECT_ROOT>/derivatives/first_level_inputs_analysis/sub-07/run-03/confounds_standard.json	standard	False	5	fd05	0.5	True	17	41	0	0	OK	READY	OK
sub-07	4	run-04	<PROJECT_ROOT>/derivatives/smoothed_fwhm6/sub-07/func/sub-07_task-heatpainwithregulationandratings_run-04_space-MNI152NLin2009cAsym_desc-smoothedFWHM6_bold.nii.gz	<PROJECT_ROOT>/derivatives/fmriprep/sub-07/func/sub-07_task-heatpainwithregulationandratings_run-04_space-MNI152NLin2009cAsym_desc-preproc_bold.nii.gz	<PROJECT_ROOT>/derivatives/fmriprep/sub-07/func/sub-07_task-heatpainwithregulationandratings_run-04_space-MNI152NLin2009cAsym_desc-brain_mask.nii.gz	<PROJECT_ROOT>/derivatives/fmriprep/sub-07/func/sub-07_task-heatpainwithregulationandratings_run-04_desc-confounds_timeseries.tsv	KEEP	False	OK	OK	OK	0.1522933958148608	1.1674129197735923	4.326923076923077	7.177033492822966	159	209	2.0	418.0	409.7570000000001	10.215999999999894	0	0	True	11	22	11	<PROJECT_ROOT>/derivatives/first_level_inputs_analysis/sub-07/run-04/events_long.tsv	<PROJECT_ROOT>/derivatives/first_level_inputs_analysis/sub-07/run-04/events_stim.tsv	209	40	40	50.61242321514763	168	164	True	<PROJECT_ROOT>/derivatives/first_level_inputs_analysis/sub-07/run-04/confounds_standard.tsv	<PROJECT_ROOT>/derivatives/first_level_inputs_analysis/sub-07/run-04/confounds_standard.json	standard	False	5	fd05	0.5	True	9	15	0	0	OK	READY	OK
sub-07	5	run-05	<PROJECT_ROOT>/derivatives/smoothed_fwhm6/sub-07/func/sub-07_task-heatpainwithregulationandratings_run-05_space-MNI152NLin2009cAsym_desc-smoothedFWHM6_bold.nii.gz	<PROJECT_ROOT>/derivatives/fmriprep/sub-07/func/sub-07_task-heatpainwithregulationandratings_run-05_space-MNI152NLin2009cAsym_desc-preproc_bold.nii.gz	<PROJECT_ROOT>/derivatives/fmriprep/sub-07/func/sub-07_task-heatpainwithregulationandratings_run-05_space-MNI152NLin2009cAsym_desc-brain_mask.nii.gz	<PROJECT_ROOT>/derivatives/fmriprep/sub-07/func/sub-07_task-heatpainwithregulationandratings_run-05_desc-confounds_timeseries.tsv	KEEP_FOR_MAIN_BUT_SENSITIVITY_EXCLUDE_CANDIDATE	True	WARN_FD_MEAN,BAD_FD_GT_0.5,WARN_FD_MAX	WARN_OUTLIER_BURDEN	OK	0.2602858360099915	2.048680958161215	14.423076923076922	23.444976076555022	125	209	2.0	418.0	409.758	10.217000000000098	0	0	True	11	22	11	<PROJECT_ROOT>/derivatives/first_level_inputs_analysis/sub-07/run-05/events_long.tsv	<PROJECT_ROOT>/derivatives/first_level_inputs_analysis/sub-07/run-05/events_stim.tsv	209	61	61	189.65245445425091	147	143	True	<PROJECT_ROOT>/derivatives/first_level_inputs_analysis/sub-07/run-05/confounds_standard.tsv	<PROJECT_ROOT>/derivatives/first_level_inputs_analysis/sub-07/run-05/confounds_standard.json	standard	False	5	fd05	0.5	True	30	49	0	0	OK	READY	OK
sub-07	6	run-06	<PROJECT_ROOT>/derivatives/smoothed_fwhm6/sub-07/func/sub-07_task-heatpainwithregulationandratings_run-06_space-MNI152NLin2009cAsym_desc-smoothedFWHM6_bold.nii.gz	<PROJECT_ROOT>/derivatives/fmriprep/sub-07/func/sub-07_task-heatpainwithregulationandratings_run-06_space-MNI152NLin2009cAsym_desc-preproc_bold.nii.gz	<PROJECT_ROOT>/derivatives/fmriprep/sub-07/func/sub-07_task-heatpainwithregulationandratings_run-06_space-MNI152NLin2009cAsym_desc-brain_mask.nii.gz	<PROJECT_ROOT>/derivatives/fmriprep/sub-07/func/sub-07_task-heatpainwithregulationandratings_run-06_desc-confounds_timeseries.tsv	KEEP_FOR_MAIN_BUT_SENSITIVITY_EXCLUDE_CANDIDATE	True	WARN_FD_MEAN,BAD_FD_GT_0.5,WARN_FD_MAX	WARN_OUTLIER_BURDEN	OK	0.2828809814420906	2.252364258230067	14.423076923076922	32.53588516746412	106	209	2.0	418.0	410.7040000000002	10.215999999999894	0	0	True	11	22	11	<PROJECT_ROOT>/derivatives/first_level_inputs_analysis/sub-07/run-06/events_long.tsv	<PROJECT_ROOT>/derivatives/first_level_inputs_analysis/sub-07/run-06/events_stim.tsv	209	61	61	72.62567779185564	147	143	True	<PROJECT_ROOT>/derivatives/first_level_inputs_analysis/sub-07/run-06/confounds_standard.tsv	<PROJECT_ROOT>/derivatives/first_level_inputs_analysis/sub-07/run-06/confounds_standard.json	standard	False	5	fd05	0.5	True	30	68	0	0	OK	READY	OK
sub-07	7	run-07	<PROJECT_ROOT>/derivatives/smoothed_fwhm6/sub-07/func/sub-07_task-heatpainwithregulationandratings_run-07_space-MNI152NLin2009cAsym_desc-smoothedFWHM6_bold.nii.gz	<PROJECT_ROOT>/derivatives/fmriprep/sub-07/func/sub-07_task-heatpainwithregulationandratings_run-07_space-MNI152NLin2009cAsym_desc-preproc_bold.nii.gz	<PROJECT_ROOT>/derivatives/fmriprep/sub-07/func/sub-07_task-heatpainwithregulationandratings_run-07_space-MNI152NLin2009cAsym_desc-brain_mask.nii.gz	<PROJECT_ROOT>/derivatives/fmriprep/sub-07/func/sub-07_task-heatpainwithregulationandratings_run-07_desc-confounds_timeseries.tsv	KEEP_WITH_WARNING	False	WARN_FD_MEAN,WARN_FD_GT_0.5	OK	OK	0.2130936118112001	1.7803398076976429	8.421052631578947	13.612565445026178	131	191	2.0	382.0	374.5050000000001	10.217000000000098	0	0	True	10	20	10	<PROJECT_ROOT>/derivatives/first_level_inputs_analysis/sub-07/run-07/events_long.tsv	<PROJECT_ROOT>/derivatives/first_level_inputs_analysis/sub-07/run-07/events_stim.tsv	191	47	47	48.91559299170161	143	139	True	<PROJECT_ROOT>/derivatives/first_level_inputs_analysis/sub-07/run-07/confounds_standard.tsv	<PROJECT_ROOT>/derivatives/first_level_inputs_analysis/sub-07/run-07/confounds_standard.json	standard	False	5	fd05	0.5	True	16	26	0	0	OK	READY	OK
sub-07	8	run-08	<PROJECT_ROOT>/derivatives/smoothed_fwhm6/sub-07/func/sub-07_task-heatpainwithregulationandratings_run-08_space-MNI152NLin2009cAsym_desc-smoothedFWHM6_bold.nii.gz	<PROJECT_ROOT>/derivatives/fmriprep/sub-07/func/sub-07_task-heatpainwithregulationandratings_run-08_space-MNI152NLin2009cAsym_desc-preproc_bold.nii.gz	<PROJECT_ROOT>/derivatives/fmriprep/sub-07/func/sub-07_task-heatpainwithregulationandratings_run-08_space-MNI152NLin2009cAsym_desc-brain_mask.nii.gz	<PROJECT_ROOT>/derivatives/fmriprep/sub-07/func/sub-07_task-heatpainwithregulationandratings_run-08_desc-confounds_timeseries.tsv	KEEP_WITH_WARNING	False	WARN_FD_MEAN,WARN_FD_GT_0.5	WARN_OUTLIER_BURDEN	OK	0.2160744452206097	1.820756802217233	7.6923076923076925	26.31578947368421	119	209	2.0	418.0	409.72400000000016	10.215999999999894	0	0	True	11	22	11	<PROJECT_ROOT>/derivatives/first_level_inputs_analysis/sub-07/run-08/events_long.tsv	<PROJECT_ROOT>/derivatives/first_level_inputs_analysis/sub-07/run-08/events_stim.tsv	209	47	47	49.646399746847365	161	157	True	<PROJECT_ROOT>/derivatives/first_level_inputs_analysis/sub-07/run-08/confounds_standard.tsv	<PROJECT_ROOT>/derivatives/first_level_inputs_analysis/sub-07/run-08/confounds_standard.json	standard	False	5	fd05	0.5	True	16	55	0	0	OK	READY	OK
sub-07	9	run-09	<PROJECT_ROOT>/derivatives/smoothed_fwhm6/sub-07/func/sub-07_task-heatpainwithregulationandratings_run-09_space-MNI152NLin2009cAsym_desc-smoothedFWHM6_bold.nii.gz	<PROJECT_ROOT>/derivatives/fmriprep/sub-07/func/sub-07_task-heatpainwithregulationandratings_run-09_space-MNI152NLin2009cAsym_desc-preproc_bold.nii.gz	<PROJECT_ROOT>/derivatives/fmriprep/sub-07/func/sub-07_task-heatpainwithregulationandratings_run-09_space-MNI152NLin2009cAsym_desc-brain_mask.nii.gz	<PROJECT_ROOT>/derivatives/fmriprep/sub-07/func/sub-07_task-heatpainwithregulationandratings_run-09_desc-confounds_timeseries.tsv	KEEP_WITH_WARNING	False	WARN_FD_MEAN,WARN_FD_GT_0.5,WARN_FD_MAX	OK	OK	0.2084950138346495	2.521222326753991	8.173076923076923	18.66028708133972	135	209	2.0	418.0	408.7440000000002	10.217000000000098	0	0	True	11	22	11	<PROJECT_ROOT>/derivatives/first_level_inputs_analysis/sub-07/run-09/events_long.tsv	<PROJECT_ROOT>/derivatives/first_level_inputs_analysis/sub-07/run-09/events_stim.tsv	209	48	48	85.95603824889197	160	156	True	<PROJECT_ROOT>/derivatives/first_level_inputs_analysis/sub-07/run-09/confounds_standard.tsv	<PROJECT_ROOT>/derivatives/first_level_inputs_analysis/sub-07/run-09/confounds_standard.json	standard	False	5	fd05	0.5	True	17	39	0	0	OK	READY	OK
sub-08	1	run-01	<PROJECT_ROOT>/derivatives/smoothed_fwhm6/sub-08/func/sub-08_task-heatpainwithregulationandratings_run-01_space-MNI152NLin2009cAsym_desc-smoothedFWHM6_bold.nii.gz	<PROJECT_ROOT>/derivatives/fmriprep/sub-08/func/sub-08_task-heatpainwithregulationandratings_run-01_space-MNI152NLin2009cAsym_desc-preproc_bold.nii.gz	<PROJECT_ROOT>/derivatives/fmriprep/sub-08/func/sub-08_task-heatpainwithregulationandratings_run-01_space-MNI152NLin2009cAsym_desc-brain_mask.nii.gz	<PROJECT_ROOT>/derivatives/fmriprep/sub-08/func/sub-08_task-heatpainwithregulationandratings_run-01_desc-confounds_timeseries.tsv	KEEP	False	OK	OK	OK	0.0760419356121779	0.2584709045954088	0.0	13.875598086124402	145	209	2.0	418.0	408.758	10.216	0	0	True	11	22	11	<PROJECT_ROOT>/derivatives/first_level_inputs_analysis/sub-08/run-01/events_long.tsv	<PROJECT_ROOT>/derivatives/first_level_inputs_analysis/sub-08/run-01/events_stim.tsv	209	31	31	41.62938934221053	177	173	True	<PROJECT_ROOT>/derivatives/first_level_inputs_analysis/sub-08/run-01/confounds_standard.tsv	<PROJECT_ROOT>/derivatives/first_level_inputs_analysis/sub-08/run-01/confounds_standard.json	standard	False	5	fd05	0.5	True	0	29	0	0	OK	READY	OK
sub-08	2	run-02	<PROJECT_ROOT>/derivatives/smoothed_fwhm6/sub-08/func/sub-08_task-heatpainwithregulationandratings_run-02_space-MNI152NLin2009cAsym_desc-smoothedFWHM6_bold.nii.gz	<PROJECT_ROOT>/derivatives/fmriprep/sub-08/func/sub-08_task-heatpainwithregulationandratings_run-02_space-MNI152NLin2009cAsym_desc-preproc_bold.nii.gz	<PROJECT_ROOT>/derivatives/fmriprep/sub-08/func/sub-08_task-heatpainwithregulationandratings_run-02_space-MNI152NLin2009cAsym_desc-brain_mask.nii.gz	<PROJECT_ROOT>/derivatives/fmriprep/sub-08/func/sub-08_task-heatpainwithregulationandratings_run-02_desc-confounds_timeseries.tsv	KEEP	False	OK	OK	OK	0.0763401149208142	0.3184428933604715	0.0	1.9138755980861244	170	209	2.0	418.0	408.692	10.216000000000008	0	0	True	11	22	11	<PROJECT_ROOT>/derivatives/first_level_inputs_analysis/sub-08/run-02/events_long.tsv	<PROJECT_ROOT>/derivatives/first_level_inputs_analysis/sub-08/run-02/events_stim.tsv	209	31	31	29.82294321263782	177	173	True	<PROJECT_ROOT>/derivatives/first_level_inputs_analysis/sub-08/run-02/confounds_standard.tsv	<PROJECT_ROOT>/derivatives/first_level_inputs_analysis/sub-08/run-02/confounds_standard.json	standard	False	5	fd05	0.5	True	0	4	0	0	OK	READY	OK
sub-08	3	run-03	<PROJECT_ROOT>/derivatives/smoothed_fwhm6/sub-08/func/sub-08_task-heatpainwithregulationandratings_run-03_space-MNI152NLin2009cAsym_desc-smoothedFWHM6_bold.nii.gz	<PROJECT_ROOT>/derivatives/fmriprep/sub-08/func/sub-08_task-heatpainwithregulationandratings_run-03_space-MNI152NLin2009cAsym_desc-preproc_bold.nii.gz	<PROJECT_ROOT>/derivatives/fmriprep/sub-08/func/sub-08_task-heatpainwithregulationandratings_run-03_space-MNI152NLin2009cAsym_desc-brain_mask.nii.gz	<PROJECT_ROOT>/derivatives/fmriprep/sub-08/func/sub-08_task-heatpainwithregulationandratings_run-03_desc-confounds_timeseries.tsv	KEEP_WITH_WARNING	False	OK	WARN_OUTLIER_BURDEN	OK	0.0744717681327321	0.2082807294930176	0.0	26.701570680628272	106	191	2.0	382.0	372.493	10.216000000000008	0	0	True	10	20	10	<PROJECT_ROOT>/derivatives/first_level_inputs_analysis/sub-08/run-03/events_long.tsv	<PROJECT_ROOT>/derivatives/first_level_inputs_analysis/sub-08/run-03/events_stim.tsv	191	31	31	24.90198376683656	159	155	True	<PROJECT_ROOT>/derivatives/first_level_inputs_analysis/sub-08/run-03/confounds_standard.tsv	<PROJECT_ROOT>/derivatives/first_level_inputs_analysis/sub-08/run-03/confounds_standard.json	standard	False	5	fd05	0.5	True	0	51	0	0	OK	READY	OK
sub-08	4	run-04	<PROJECT_ROOT>/derivatives/smoothed_fwhm6/sub-08/func/sub-08_task-heatpainwithregulationandratings_run-04_space-MNI152NLin2009cAsym_desc-smoothedFWHM6_bold.nii.gz	<PROJECT_ROOT>/derivatives/fmriprep/sub-08/func/sub-08_task-heatpainwithregulationandratings_run-04_space-MNI152NLin2009cAsym_desc-preproc_bold.nii.gz	<PROJECT_ROOT>/derivatives/fmriprep/sub-08/func/sub-08_task-heatpainwithregulationandratings_run-04_space-MNI152NLin2009cAsym_desc-brain_mask.nii.gz	<PROJECT_ROOT>/derivatives/fmriprep/sub-08/func/sub-08_task-heatpainwithregulationandratings_run-04_desc-confounds_timeseries.tsv	KEEP	False	OK	OK	OK	0.0812391203422469	0.294392297011228	0.0	0.9569377990430622	172	209	2.0	418.0	410.78600000000006	10.215999999999894	0	0	True	11	22	11	<PROJECT_ROOT>/derivatives/first_level_inputs_analysis/sub-08/run-04/events_long.tsv	<PROJECT_ROOT>/derivatives/first_level_inputs_analysis/sub-08/run-04/events_stim.tsv	209	31	31	42.4133294833855	177	173	True	<PROJECT_ROOT>/derivatives/first_level_inputs_analysis/sub-08/run-04/confounds_standard.tsv	<PROJECT_ROOT>/derivatives/first_level_inputs_analysis/sub-08/run-04/confounds_standard.json	standard	False	5	fd05	0.5	True	0	2	0	0	OK	READY	OK
sub-08	5	run-05	<PROJECT_ROOT>/derivatives/smoothed_fwhm6/sub-08/func/sub-08_task-heatpainwithregulationandratings_run-05_space-MNI152NLin2009cAsym_desc-smoothedFWHM6_bold.nii.gz	<PROJECT_ROOT>/derivatives/fmriprep/sub-08/func/sub-08_task-heatpainwithregulationandratings_run-05_space-MNI152NLin2009cAsym_desc-preproc_bold.nii.gz	<PROJECT_ROOT>/derivatives/fmriprep/sub-08/func/sub-08_task-heatpainwithregulationandratings_run-05_space-MNI152NLin2009cAsym_desc-brain_mask.nii.gz	<PROJECT_ROOT>/derivatives/fmriprep/sub-08/func/sub-08_task-heatpainwithregulationandratings_run-05_desc-confounds_timeseries.tsv	KEEP	False	OK	OK	OK	0.0991907340790464	0.4477230018452066	0.0	2.8708133971291865	168	209	2.0	418.0	408.725	10.215999999999894	0	0	True	11	22	11	<PROJECT_ROOT>/derivatives/first_level_inputs_analysis/sub-08/run-05/events_long.tsv	<PROJECT_ROOT>/derivatives/first_level_inputs_analysis/sub-08/run-05/events_stim.tsv	209	31	31	71.05915316112718	177	173	True	<PROJECT_ROOT>/derivatives/first_level_inputs_analysis/sub-08/run-05/confounds_standard.tsv	<PROJECT_ROOT>/derivatives/first_level_inputs_analysis/sub-08/run-05/confounds_standard.json	standard	False	5	fd05	0.5	True	0	6	0	0	OK	READY	OK
sub-08	6	run-06	<PROJECT_ROOT>/derivatives/smoothed_fwhm6/sub-08/func/sub-08_task-heatpainwithregulationandratings_run-06_space-MNI152NLin2009cAsym_desc-smoothedFWHM6_bold.nii.gz	<PROJECT_ROOT>/derivatives/fmriprep/sub-08/func/sub-08_task-heatpainwithregulationandratings_run-06_space-MNI152NLin2009cAsym_desc-preproc_bold.nii.gz	<PROJECT_ROOT>/derivatives/fmriprep/sub-08/func/sub-08_task-heatpainwithregulationandratings_run-06_space-MNI152NLin2009cAsym_desc-brain_mask.nii.gz	<PROJECT_ROOT>/derivatives/fmriprep/sub-08/func/sub-08_task-heatpainwithregulationandratings_run-06_desc-confounds_timeseries.tsv	KEEP_FOR_MAIN_BUT_SENSITIVITY_EXCLUDE_CANDIDATE	True	OK	HIGH_OUTLIER_BURDEN,WARN_LOW_ESTIMATED_DOF	OK	0.096648478225038	0.2965461255455248	0.0	45.93301435406698	78	209	2.0	418.0	408.741	10.215000000000146	0	0	True	11	22	11	<PROJECT_ROOT>/derivatives/first_level_inputs_analysis/sub-08/run-06/events_long.tsv	<PROJECT_ROOT>/derivatives/first_level_inputs_analysis/sub-08/run-06/events_stim.tsv	209	31	31	67.03993909002565	177	173	True	<PROJECT_ROOT>/derivatives/first_level_inputs_analysis/sub-08/run-06/confounds_standard.tsv	<PROJECT_ROOT>/derivatives/first_level_inputs_analysis/sub-08/run-06/confounds_standard.json	standard	False	5	fd05	0.5	True	0	96	0	0	OK	READY	OK
sub-08	7	run-07	<PROJECT_ROOT>/derivatives/smoothed_fwhm6/sub-08/func/sub-08_task-heatpainwithregulationandratings_run-07_space-MNI152NLin2009cAsym_desc-smoothedFWHM6_bold.nii.gz	<PROJECT_ROOT>/derivatives/fmriprep/sub-08/func/sub-08_task-heatpainwithregulationandratings_run-07_space-MNI152NLin2009cAsym_desc-preproc_bold.nii.gz	<PROJECT_ROOT>/derivatives/fmriprep/sub-08/func/sub-08_task-heatpainwithregulationandratings_run-07_space-MNI152NLin2009cAsym_desc-brain_mask.nii.gz	<PROJECT_ROOT>/derivatives/fmriprep/sub-08/func/sub-08_task-heatpainwithregulationandratings_run-07_desc-confounds_timeseries.tsv	KEEP	False	OK	OK	OK	0.0859917302183162	0.2825916059638765	0.0	2.6178010471204187	152	191	2.0	382.0	372.52599999999984	10.215999999999894	0	0	True	10	20	10	<PROJECT_ROOT>/derivatives/first_level_inputs_analysis/sub-08/run-07/events_long.tsv	<PROJECT_ROOT>/derivatives/first_level_inputs_analysis/sub-08/run-07/events_stim.tsv	191	31	31	25.368033565613253	159	155	True	<PROJECT_ROOT>/derivatives/first_level_inputs_analysis/sub-08/run-07/confounds_standard.tsv	<PROJECT_ROOT>/derivatives/first_level_inputs_analysis/sub-08/run-07/confounds_standard.json	standard	False	5	fd05	0.5	True	0	5	0	0	OK	READY	OK
sub-08	8	run-08	<PROJECT_ROOT>/derivatives/smoothed_fwhm6/sub-08/func/sub-08_task-heatpainwithregulationandratings_run-08_space-MNI152NLin2009cAsym_desc-smoothedFWHM6_bold.nii.gz	<PROJECT_ROOT>/derivatives/fmriprep/sub-08/func/sub-08_task-heatpainwithregulationandratings_run-08_space-MNI152NLin2009cAsym_desc-preproc_bold.nii.gz	<PROJECT_ROOT>/derivatives/fmriprep/sub-08/func/sub-08_task-heatpainwithregulationandratings_run-08_space-MNI152NLin2009cAsym_desc-brain_mask.nii.gz	<PROJECT_ROOT>/derivatives/fmriprep/sub-08/func/sub-08_task-heatpainwithregulationandratings_run-08_desc-confounds_timeseries.tsv	KEEP	False	OK	OK	OK	0.1071068588526065	0.6128694882129436	0.9615384615384616	17.22488038277512	138	209	2.0	418.0	407.7779999999998	10.215999999999894	0	0	True	11	22	11	<PROJECT_ROOT>/derivatives/first_level_inputs_analysis/sub-08/run-08/events_long.tsv	<PROJECT_ROOT>/derivatives/first_level_inputs_analysis/sub-08/run-08/events_stim.tsv	209	33	33	39.882494352199885	175	171	True	<PROJECT_ROOT>/derivatives/first_level_inputs_analysis/sub-08/run-08/confounds_standard.tsv	<PROJECT_ROOT>/derivatives/first_level_inputs_analysis/sub-08/run-08/confounds_standard.json	standard	False	5	fd05	0.5	True	2	36	0	0	OK	READY	OK
sub-08	9	run-09	<PROJECT_ROOT>/derivatives/smoothed_fwhm6/sub-08/func/sub-08_task-heatpainwithregulationandratings_run-09_space-MNI152NLin2009cAsym_desc-smoothedFWHM6_bold.nii.gz	<PROJECT_ROOT>/derivatives/fmriprep/sub-08/func/sub-08_task-heatpainwithregulationandratings_run-09_space-MNI152NLin2009cAsym_desc-preproc_bold.nii.gz	<PROJECT_ROOT>/derivatives/fmriprep/sub-08/func/sub-08_task-heatpainwithregulationandratings_run-09_space-MNI152NLin2009cAsym_desc-brain_mask.nii.gz	<PROJECT_ROOT>/derivatives/fmriprep/sub-08/func/sub-08_task-heatpainwithregulationandratings_run-09_desc-confounds_timeseries.tsv	KEEP	False	OK	OK	OK	0.0967696512329487	0.6202943773201579	0.4807692307692308	3.827751196172249	166	209	2.0	418.0	408.7579999999998	10.215999999999894	0	0	True	11	22	11	<PROJECT_ROOT>/derivatives/first_level_inputs_analysis/sub-08/run-09/events_long.tsv	<PROJECT_ROOT>/derivatives/first_level_inputs_analysis/sub-08/run-09/events_stim.tsv	209	32	32	43.211501735535805	176	172	True	<PROJECT_ROOT>/derivatives/first_level_inputs_analysis/sub-08/run-09/confounds_standard.tsv	<PROJECT_ROOT>/derivatives/first_level_inputs_analysis/sub-08/run-09/confounds_standard.json	standard	False	5	fd05	0.5	True	1	8	0	0	OK	READY	OK
sub-09	1	run-01	<PROJECT_ROOT>/derivatives/smoothed_fwhm6/sub-09/func/sub-09_task-heatpainwithregulationandratings_run-01_space-MNI152NLin2009cAsym_desc-smoothedFWHM6_bold.nii.gz	<PROJECT_ROOT>/derivatives/fmriprep/sub-09/func/sub-09_task-heatpainwithregulationandratings_run-01_space-MNI152NLin2009cAsym_desc-preproc_bold.nii.gz	<PROJECT_ROOT>/derivatives/fmriprep/sub-09/func/sub-09_task-heatpainwithregulationandratings_run-01_space-MNI152NLin2009cAsym_desc-brain_mask.nii.gz	<PROJECT_ROOT>/derivatives/fmriprep/sub-09/func/sub-09_task-heatpainwithregulationandratings_run-01_desc-confounds_timeseries.tsv	KEEP_WITH_WARNING	False	OK	WARN_OUTLIER_BURDEN	OK	0.103322154384859	0.7265096990577398	0.4807692307692308	33.014354066985646	105	209	2.0	418.0	407.711	10.216	0	0	True	11	22	11	<PROJECT_ROOT>/derivatives/first_level_inputs_analysis/sub-09/run-01/events_long.tsv	<PROJECT_ROOT>/derivatives/first_level_inputs_analysis/sub-09/run-01/events_stim.tsv	209	32	32	28.384295350658693	176	172	True	<PROJECT_ROOT>/derivatives/first_level_inputs_analysis/sub-09/run-01/confounds_standard.tsv	<PROJECT_ROOT>/derivatives/first_level_inputs_analysis/sub-09/run-01/confounds_standard.json	standard	False	5	fd05	0.5	True	1	69	0	0	OK	READY	OK
sub-09	2	run-02	<PROJECT_ROOT>/derivatives/smoothed_fwhm6/sub-09/func/sub-09_task-heatpainwithregulationandratings_run-02_space-MNI152NLin2009cAsym_desc-smoothedFWHM6_bold.nii.gz	<PROJECT_ROOT>/derivatives/fmriprep/sub-09/func/sub-09_task-heatpainwithregulationandratings_run-02_space-MNI152NLin2009cAsym_desc-preproc_bold.nii.gz	<PROJECT_ROOT>/derivatives/fmriprep/sub-09/func/sub-09_task-heatpainwithregulationandratings_run-02_space-MNI152NLin2009cAsym_desc-brain_mask.nii.gz	<PROJECT_ROOT>/derivatives/fmriprep/sub-09/func/sub-09_task-heatpainwithregulationandratings_run-02_desc-confounds_timeseries.tsv	KEEP_WITH_WARNING	False	OK	WARN_OUTLIER_BURDEN	OK	0.0933176100529496	0.303220308325787	0.0	33.014354066985646	105	209	2.0	418.0	409.706	10.216000000000008	0	0	True	11	22	11	<PROJECT_ROOT>/derivatives/first_level_inputs_analysis/sub-09/run-02/events_long.tsv	<PROJECT_ROOT>/derivatives/first_level_inputs_analysis/sub-09/run-02/events_stim.tsv	209	31	31	71.92328410137391	177	173	True	<PROJECT_ROOT>/derivatives/first_level_inputs_analysis/sub-09/run-02/confounds_standard.tsv	<PROJECT_ROOT>/derivatives/first_level_inputs_analysis/sub-09/run-02/confounds_standard.json	standard	False	5	fd05	0.5	True	0	69	0	0	OK	READY	OK
sub-09	3	run-03	<PROJECT_ROOT>/derivatives/smoothed_fwhm6/sub-09/func/sub-09_task-heatpainwithregulationandratings_run-03_space-MNI152NLin2009cAsym_desc-smoothedFWHM6_bold.nii.gz	<PROJECT_ROOT>/derivatives/fmriprep/sub-09/func/sub-09_task-heatpainwithregulationandratings_run-03_space-MNI152NLin2009cAsym_desc-preproc_bold.nii.gz	<PROJECT_ROOT>/derivatives/fmriprep/sub-09/func/sub-09_task-heatpainwithregulationandratings_run-03_space-MNI152NLin2009cAsym_desc-brain_mask.nii.gz	<PROJECT_ROOT>/derivatives/fmriprep/sub-09/func/sub-09_task-heatpainwithregulationandratings_run-03_desc-confounds_timeseries.tsv	KEEP	False	OK	OK	OK	0.1302991114469154	1.3400073775750705	1.5789473684210529	10.99476439790576	136	191	2.0	382.0	372.492	10.216000000000008	0	0	True	10	20	10	<PROJECT_ROOT>/derivatives/first_level_inputs_analysis/sub-09/run-03/events_long.tsv	<PROJECT_ROOT>/derivatives/first_level_inputs_analysis/sub-09/run-03/events_stim.tsv	191	34	34	74.9054449088343	156	152	True	<PROJECT_ROOT>/derivatives/first_level_inputs_analysis/sub-09/run-03/confounds_standard.tsv	<PROJECT_ROOT>/derivatives/first_level_inputs_analysis/sub-09/run-03/confounds_standard.json	standard	False	5	fd05	0.5	True	3	21	0	0	OK	READY	OK
sub-09	4	run-04	<PROJECT_ROOT>/derivatives/smoothed_fwhm6/sub-09/func/sub-09_task-heatpainwithregulationandratings_run-04_space-MNI152NLin2009cAsym_desc-smoothedFWHM6_bold.nii.gz	<PROJECT_ROOT>/derivatives/fmriprep/sub-09/func/sub-09_task-heatpainwithregulationandratings_run-04_space-MNI152NLin2009cAsym_desc-preproc_bold.nii.gz	<PROJECT_ROOT>/derivatives/fmriprep/sub-09/func/sub-09_task-heatpainwithregulationandratings_run-04_space-MNI152NLin2009cAsym_desc-brain_mask.nii.gz	<PROJECT_ROOT>/derivatives/fmriprep/sub-09/func/sub-09_task-heatpainwithregulationandratings_run-04_desc-confounds_timeseries.tsv	KEEP	False	OK	OK	OK	0.1384779681473913	1.6548675919404316	3.3653846153846154	15.789473684210526	141	209	2.0	418.0	406.7470000000001	10.215999999999894	0	0	True	11	22	11	<PROJECT_ROOT>/derivatives/first_level_inputs_analysis/sub-09/run-04/events_long.tsv	<PROJECT_ROOT>/derivatives/first_level_inputs_analysis/sub-09/run-04/events_stim.tsv	209	38	38	137.133291762102	170	166	True	<PROJECT_ROOT>/derivatives/first_level_inputs_analysis/sub-09/run-04/confounds_standard.tsv	<PROJECT_ROOT>/derivatives/first_level_inputs_analysis/sub-09/run-04/confounds_standard.json	standard	False	5	fd05	0.5	True	7	33	0	0	OK	READY	OK
sub-09	5	run-05	<PROJECT_ROOT>/derivatives/smoothed_fwhm6/sub-09/func/sub-09_task-heatpainwithregulationandratings_run-05_space-MNI152NLin2009cAsym_desc-smoothedFWHM6_bold.nii.gz	<PROJECT_ROOT>/derivatives/fmriprep/sub-09/func/sub-09_task-heatpainwithregulationandratings_run-05_space-MNI152NLin2009cAsym_desc-preproc_bold.nii.gz	<PROJECT_ROOT>/derivatives/fmriprep/sub-09/func/sub-09_task-heatpainwithregulationandratings_run-05_space-MNI152NLin2009cAsym_desc-brain_mask.nii.gz	<PROJECT_ROOT>/derivatives/fmriprep/sub-09/func/sub-09_task-heatpainwithregulationandratings_run-05_desc-confounds_timeseries.tsv	KEEP_WITH_WARNING	False	OK	WARN_OUTLIER_BURDEN	OK	0.134898980859249	0.9741095350672008	3.3653846153846154	24.880382775119617	122	209	2.0	418.0	408.70900000000006	10.215999999999894	0	0	True	11	22	11	<PROJECT_ROOT>/derivatives/first_level_inputs_analysis/sub-09/run-05/events_long.tsv	<PROJECT_ROOT>/derivatives/first_level_inputs_analysis/sub-09/run-05/events_stim.tsv	209	38	38	121.65857144428256	170	166	True	<PROJECT_ROOT>/derivatives/first_level_inputs_analysis/sub-09/run-05/confounds_standard.tsv	<PROJECT_ROOT>/derivatives/first_level_inputs_analysis/sub-09/run-05/confounds_standard.json	standard	False	5	fd05	0.5	True	7	52	0	0	OK	READY	OK
sub-09	6	run-06	<PROJECT_ROOT>/derivatives/smoothed_fwhm6/sub-09/func/sub-09_task-heatpainwithregulationandratings_run-06_space-MNI152NLin2009cAsym_desc-smoothedFWHM6_bold.nii.gz	<PROJECT_ROOT>/derivatives/fmriprep/sub-09/func/sub-09_task-heatpainwithregulationandratings_run-06_space-MNI152NLin2009cAsym_desc-preproc_bold.nii.gz	<PROJECT_ROOT>/derivatives/fmriprep/sub-09/func/sub-09_task-heatpainwithregulationandratings_run-06_space-MNI152NLin2009cAsym_desc-brain_mask.nii.gz	<PROJECT_ROOT>/derivatives/fmriprep/sub-09/func/sub-09_task-heatpainwithregulationandratings_run-06_desc-confounds_timeseries.tsv	KEEP_FOR_MAIN_BUT_SENSITIVITY_EXCLUDE_CANDIDATE	True	WARN_FD_GT_0.5	HIGH_OUTLIER_BURDEN,WARN_LOW_ESTIMATED_DOF	OK	0.167725921058249	1.876296399452318	6.25	38.27751196172249	94	209	2.0	418.0	409.8049999999999	10.215999999999894	0	0	True	11	22	11	<PROJECT_ROOT>/derivatives/first_level_inputs_analysis/sub-09/run-06/events_long.tsv	<PROJECT_ROOT>/derivatives/first_level_inputs_analysis/sub-09/run-06/events_stim.tsv	209	44	44	106.66030781841941	164	160	True	<PROJECT_ROOT>/derivatives/first_level_inputs_analysis/sub-09/run-06/confounds_standard.tsv	<PROJECT_ROOT>/derivatives/first_level_inputs_analysis/sub-09/run-06/confounds_standard.json	standard	False	5	fd05	0.5	True	13	80	0	0	OK	READY	OK
sub-09	7	run-07	<PROJECT_ROOT>/derivatives/smoothed_fwhm6/sub-09/func/sub-09_task-heatpainwithregulationandratings_run-07_space-MNI152NLin2009cAsym_desc-smoothedFWHM6_bold.nii.gz	<PROJECT_ROOT>/derivatives/fmriprep/sub-09/func/sub-09_task-heatpainwithregulationandratings_run-07_space-MNI152NLin2009cAsym_desc-preproc_bold.nii.gz	<PROJECT_ROOT>/derivatives/fmriprep/sub-09/func/sub-09_task-heatpainwithregulationandratings_run-07_space-MNI152NLin2009cAsym_desc-brain_mask.nii.gz	<PROJECT_ROOT>/derivatives/fmriprep/sub-09/func/sub-09_task-heatpainwithregulationandratings_run-07_desc-confounds_timeseries.tsv	KEEP_FOR_MAIN_BUT_SENSITIVITY_EXCLUDE_CANDIDATE	True	WARN_FD_GT_0.5	WARN_OUTLIER_BURDEN,WARN_LOW_ESTIMATED_DOF	OK	0.1722051685248528	1.572653509620956	6.842105263157896	30.36649214659686	99	191	2.0	382.0	375.4839999999999	10.215999999999894	0	0	True	10	20	10	<PROJECT_ROOT>/derivatives/first_level_inputs_analysis/sub-09/run-07/events_long.tsv	<PROJECT_ROOT>/derivatives/first_level_inputs_analysis/sub-09/run-07/events_stim.tsv	191	44	44	70.37841320722848	146	142	True	<PROJECT_ROOT>/derivatives/first_level_inputs_analysis/sub-09/run-07/confounds_standard.tsv	<PROJECT_ROOT>/derivatives/first_level_inputs_analysis/sub-09/run-07/confounds_standard.json	standard	False	5	fd05	0.5	True	13	58	0	0	OK	READY	OK
sub-09	8	run-08	<PROJECT_ROOT>/derivatives/smoothed_fwhm6/sub-09/func/sub-09_task-heatpainwithregulationandratings_run-08_space-MNI152NLin2009cAsym_desc-smoothedFWHM6_bold.nii.gz	<PROJECT_ROOT>/derivatives/fmriprep/sub-09/func/sub-09_task-heatpainwithregulationandratings_run-08_space-MNI152NLin2009cAsym_desc-preproc_bold.nii.gz	<PROJECT_ROOT>/derivatives/fmriprep/sub-09/func/sub-09_task-heatpainwithregulationandratings_run-08_space-MNI152NLin2009cAsym_desc-brain_mask.nii.gz	<PROJECT_ROOT>/derivatives/fmriprep/sub-09/func/sub-09_task-heatpainwithregulationandratings_run-08_desc-confounds_timeseries.tsv	KEEP_WITH_WARNING	False	WARN_FD_MEAN,WARN_FD_GT_0.5,WARN_FD_MAX	WARN_OUTLIER_BURDEN	OK	0.2434311824606909	2.726945794151475	8.173076923076923	26.794258373205743	118	209	2.0	418.0	409.7220000000002	10.215999999999894	0	0	True	11	22	11	<PROJECT_ROOT>/derivatives/first_level_inputs_analysis/sub-09/run-08/events_long.tsv	<PROJECT_ROOT>/derivatives/first_level_inputs_analysis/sub-09/run-08/events_stim.tsv	209	48	48	158.23863241964335	160	156	True	<PROJECT_ROOT>/derivatives/first_level_inputs_analysis/sub-09/run-08/confounds_standard.tsv	<PROJECT_ROOT>/derivatives/first_level_inputs_analysis/sub-09/run-08/confounds_standard.json	standard	False	5	fd05	0.5	True	17	56	0	0	OK	READY	OK
sub-09	9	run-09	<PROJECT_ROOT>/derivatives/smoothed_fwhm6/sub-09/func/sub-09_task-heatpainwithregulationandratings_run-09_space-MNI152NLin2009cAsym_desc-smoothedFWHM6_bold.nii.gz	<PROJECT_ROOT>/derivatives/fmriprep/sub-09/func/sub-09_task-heatpainwithregulationandratings_run-09_space-MNI152NLin2009cAsym_desc-preproc_bold.nii.gz	<PROJECT_ROOT>/derivatives/fmriprep/sub-09/func/sub-09_task-heatpainwithregulationandratings_run-09_space-MNI152NLin2009cAsym_desc-brain_mask.nii.gz	<PROJECT_ROOT>/derivatives/fmriprep/sub-09/func/sub-09_task-heatpainwithregulationandratings_run-09_desc-confounds_timeseries.tsv	KEEP_WITH_WARNING	False	OK	WARN_OUTLIER_BURDEN	OK	0.1474840308257575	1.90042837698452	2.8846153846153846	22.48803827751196	127	209	2.0	418.0	407.74400000000014	10.215999999999894	0	0	True	11	22	11	<PROJECT_ROOT>/derivatives/first_level_inputs_analysis/sub-09/run-09/events_long.tsv	<PROJECT_ROOT>/derivatives/first_level_inputs_analysis/sub-09/run-09/events_stim.tsv	209	37	37	71.74756141583921	171	167	True	<PROJECT_ROOT>/derivatives/first_level_inputs_analysis/sub-09/run-09/confounds_standard.tsv	<PROJECT_ROOT>/derivatives/first_level_inputs_analysis/sub-09/run-09/confounds_standard.json	standard	False	5	fd05	0.5	True	6	47	0	0	OK	READY	OK
sub-10	1	run-01	<PROJECT_ROOT>/derivatives/smoothed_fwhm6/sub-10/func/sub-10_task-heatpainwithregulationandratings_run-01_space-MNI152NLin2009cAsym_desc-smoothedFWHM6_bold.nii.gz	<PROJECT_ROOT>/derivatives/fmriprep/sub-10/func/sub-10_task-heatpainwithregulationandratings_run-01_space-MNI152NLin2009cAsym_desc-preproc_bold.nii.gz	<PROJECT_ROOT>/derivatives/fmriprep/sub-10/func/sub-10_task-heatpainwithregulationandratings_run-01_space-MNI152NLin2009cAsym_desc-brain_mask.nii.gz	<PROJECT_ROOT>/derivatives/fmriprep/sub-10/func/sub-10_task-heatpainwithregulationandratings_run-01_desc-confounds_timeseries.tsv	KEEP_FOR_MAIN_BUT_SENSITIVITY_EXCLUDE_CANDIDATE	True	BAD_FD_MEAN,BAD_FD_GT_0.5,WARN_FD_MAX	OK	OK	0.3072720603277836	2.7423663304643906	12.980769230769232	19.138755980861244	134	209	2.0	418.0	408.758	10.216	0	0	True	11	22	11	<PROJECT_ROOT>/derivatives/first_level_inputs_analysis/sub-10/run-01/events_long.tsv	<PROJECT_ROOT>/derivatives/first_level_inputs_analysis/sub-10/run-01/events_stim.tsv	209	58	58	231.73565401218374	150	146	True	<PROJECT_ROOT>/derivatives/first_level_inputs_analysis/sub-10/run-01/confounds_standard.tsv	<PROJECT_ROOT>/derivatives/first_level_inputs_analysis/sub-10/run-01/confounds_standard.json	standard	False	5	fd05	0.5	True	27	40	0	0	OK	READY	OK
sub-10	3	run-03	<PROJECT_ROOT>/derivatives/smoothed_fwhm6/sub-10/func/sub-10_task-heatpainwithregulationandratings_run-03_space-MNI152NLin2009cAsym_desc-smoothedFWHM6_bold.nii.gz	<PROJECT_ROOT>/derivatives/fmriprep/sub-10/func/sub-10_task-heatpainwithregulationandratings_run-03_space-MNI152NLin2009cAsym_desc-preproc_bold.nii.gz	<PROJECT_ROOT>/derivatives/fmriprep/sub-10/func/sub-10_task-heatpainwithregulationandratings_run-03_space-MNI152NLin2009cAsym_desc-brain_mask.nii.gz	<PROJECT_ROOT>/derivatives/fmriprep/sub-10/func/sub-10_task-heatpainwithregulationandratings_run-03_desc-confounds_timeseries.tsv	KEEP_FOR_MAIN_BUT_SENSITIVITY_EXCLUDE_CANDIDATE	True	BAD_FD_MEAN,BAD_FD_GT_0.5,WARN_FD_MAX	OK	OK	0.4177688883716662	4.64360478441404	12.105263157894736	15.18324607329843	128	191	2.0	382.0	373.5229999999999	10.216000000000008	0	0	True	10	20	10	<PROJECT_ROOT>/derivatives/first_level_inputs_analysis/sub-10/run-03/events_long.tsv	<PROJECT_ROOT>/derivatives/first_level_inputs_analysis/sub-10/run-03/events_stim.tsv	191	54	54	257.15558117817363	136	132	True	<PROJECT_ROOT>/derivatives/first_level_inputs_analysis/sub-10/run-03/confounds_standard.tsv	<PROJECT_ROOT>/derivatives/first_level_inputs_analysis/sub-10/run-03/confounds_standard.json	standard	False	5	fd05	0.5	True	23	29	0	0	OK	READY	OK
sub-10	4	run-04	<PROJECT_ROOT>/derivatives/smoothed_fwhm6/sub-10/func/sub-10_task-heatpainwithregulationandratings_run-04_space-MNI152NLin2009cAsym_desc-smoothedFWHM6_bold.nii.gz	<PROJECT_ROOT>/derivatives/fmriprep/sub-10/func/sub-10_task-heatpainwithregulationandratings_run-04_space-MNI152NLin2009cAsym_desc-preproc_bold.nii.gz	<PROJECT_ROOT>/derivatives/fmriprep/sub-10/func/sub-10_task-heatpainwithregulationandratings_run-04_space-MNI152NLin2009cAsym_desc-brain_mask.nii.gz	<PROJECT_ROOT>/derivatives/fmriprep/sub-10/func/sub-10_task-heatpainwithregulationandratings_run-04_desc-confounds_timeseries.tsv	KEEP_FOR_MAIN_BUT_SENSITIVITY_EXCLUDE_CANDIDATE	True	BAD_FD_MEAN,BAD_FD_GT_0.5,WARN_FD_MAX	WARN_OUTLIER_BURDEN	OK	0.3831182197668538	4.2283534782729	20.673076923076923	26.31578947368421	119	209	2.0	418.0	407.76	10.215999999999894	0	0	True	11	22	11	<PROJECT_ROOT>/derivatives/first_level_inputs_analysis/sub-10/run-04/events_long.tsv	<PROJECT_ROOT>/derivatives/first_level_inputs_analysis/sub-10/run-04/events_stim.tsv	209	74	74	255.3037316625915	134	130	True	<PROJECT_ROOT>/derivatives/first_level_inputs_analysis/sub-10/run-04/confounds_standard.tsv	<PROJECT_ROOT>/derivatives/first_level_inputs_analysis/sub-10/run-04/confounds_standard.json	standard	False	5	fd05	0.5	True	43	55	0	0	OK	READY	OK
sub-10	7	run-07	<PROJECT_ROOT>/derivatives/smoothed_fwhm6/sub-10/func/sub-10_task-heatpainwithregulationandratings_run-07_space-MNI152NLin2009cAsym_desc-smoothedFWHM6_bold.nii.gz	<PROJECT_ROOT>/derivatives/fmriprep/sub-10/func/sub-10_task-heatpainwithregulationandratings_run-07_space-MNI152NLin2009cAsym_desc-preproc_bold.nii.gz	<PROJECT_ROOT>/derivatives/fmriprep/sub-10/func/sub-10_task-heatpainwithregulationandratings_run-07_space-MNI152NLin2009cAsym_desc-brain_mask.nii.gz	<PROJECT_ROOT>/derivatives/fmriprep/sub-10/func/sub-10_task-heatpainwithregulationandratings_run-07_desc-confounds_timeseries.tsv	KEEP_FOR_MAIN_BUT_SENSITIVITY_EXCLUDE_CANDIDATE	True	BAD_FD_MEAN,BAD_FD_GT_0.5,WARN_FD_MAX	WARN_OUTLIER_BURDEN	OK	0.3211266206259659	2.4945697232076496	16.842105263157894	26.701570680628272	106	191	2.0	382.0	373.462	10.215999999999894	0	0	True	10	20	10	<PROJECT_ROOT>/derivatives/first_level_inputs_analysis/sub-10/run-07/events_long.tsv	<PROJECT_ROOT>/derivatives/first_level_inputs_analysis/sub-10/run-07/events_stim.tsv	191	63	63	183.09817788727807	127	123	True	<PROJECT_ROOT>/derivatives/first_level_inputs_analysis/sub-10/run-07/confounds_standard.tsv	<PROJECT_ROOT>/derivatives/first_level_inputs_analysis/sub-10/run-07/confounds_standard.json	standard	False	5	fd05	0.5	True	32	51	0	0	OK	READY	OK
sub-10	8	run-08	<PROJECT_ROOT>/derivatives/smoothed_fwhm6/sub-10/func/sub-10_task-heatpainwithregulationandratings_run-08_space-MNI152NLin2009cAsym_desc-smoothedFWHM6_bold.nii.gz	<PROJECT_ROOT>/derivatives/fmriprep/sub-10/func/sub-10_task-heatpainwithregulationandratings_run-08_space-MNI152NLin2009cAsym_desc-preproc_bold.nii.gz	<PROJECT_ROOT>/derivatives/fmriprep/sub-10/func/sub-10_task-heatpainwithregulationandratings_run-08_space-MNI152NLin2009cAsym_desc-brain_mask.nii.gz	<PROJECT_ROOT>/derivatives/fmriprep/sub-10/func/sub-10_task-heatpainwithregulationandratings_run-08_desc-confounds_timeseries.tsv	KEEP_WITH_WARNING	False	WARN_FD_MEAN,WARN_FD_GT_0.5	WARN_OUTLIER_BURDEN	OK	0.2648673545367483	1.161494229416716	5.288461538461538	34.92822966507177	101	209	2.0	418.0	409.739	10.215999999999894	0	0	True	11	22	11	<PROJECT_ROOT>/derivatives/first_level_inputs_analysis/sub-10/run-08/events_long.tsv	<PROJECT_ROOT>/derivatives/first_level_inputs_analysis/sub-10/run-08/events_stim.tsv	209	42	42	72.29548063823131	166	162	True	<PROJECT_ROOT>/derivatives/first_level_inputs_analysis/sub-10/run-08/confounds_standard.tsv	<PROJECT_ROOT>/derivatives/first_level_inputs_analysis/sub-10/run-08/confounds_standard.json	standard	False	5	fd05	0.5	True	11	73	0	0	OK	READY	OK
sub-10	9	run-09	<PROJECT_ROOT>/derivatives/smoothed_fwhm6/sub-10/func/sub-10_task-heatpainwithregulationandratings_run-09_space-MNI152NLin2009cAsym_desc-smoothedFWHM6_bold.nii.gz	<PROJECT_ROOT>/derivatives/fmriprep/sub-10/func/sub-10_task-heatpainwithregulationandratings_run-09_space-MNI152NLin2009cAsym_desc-preproc_bold.nii.gz	<PROJECT_ROOT>/derivatives/fmriprep/sub-10/func/sub-10_task-heatpainwithregulationandratings_run-09_space-MNI152NLin2009cAsym_desc-brain_mask.nii.gz	<PROJECT_ROOT>/derivatives/fmriprep/sub-10/func/sub-10_task-heatpainwithregulationandratings_run-09_desc-confounds_timeseries.tsv	KEEP_FOR_MAIN_BUT_SENSITIVITY_EXCLUDE_CANDIDATE	True	BAD_FD_MEAN,WARN_FD_GT_0.5,WARN_FD_MAX	OK	OK	0.3324687157165947	2.5703776640517355	9.615384615384617	18.181818181818183	136	209	2.0	418.0	406.714	10.215999999999894	0	0	True	11	22	11	<PROJECT_ROOT>/derivatives/first_level_inputs_analysis/sub-10/run-09/events_long.tsv	<PROJECT_ROOT>/derivatives/first_level_inputs_analysis/sub-10/run-09/events_stim.tsv	209	51	51	266.4773611069038	157	153	True	<PROJECT_ROOT>/derivatives/first_level_inputs_analysis/sub-10/run-09/confounds_standard.tsv	<PROJECT_ROOT>/derivatives/first_level_inputs_analysis/sub-10/run-09/confounds_standard.json	standard	False	5	fd05	0.5	True	20	38	0	0	OK	READY	OK
sub-11	1	run-01	<PROJECT_ROOT>/derivatives/smoothed_fwhm6/sub-11/func/sub-11_task-heatpainwithregulationandratings_run-01_space-MNI152NLin2009cAsym_desc-smoothedFWHM6_bold.nii.gz	<PROJECT_ROOT>/derivatives/fmriprep/sub-11/func/sub-11_task-heatpainwithregulationandratings_run-01_space-MNI152NLin2009cAsym_desc-preproc_bold.nii.gz	<PROJECT_ROOT>/derivatives/fmriprep/sub-11/func/sub-11_task-heatpainwithregulationandratings_run-01_space-MNI152NLin2009cAsym_desc-brain_mask.nii.gz	<PROJECT_ROOT>/derivatives/fmriprep/sub-11/func/sub-11_task-heatpainwithregulationandratings_run-01_desc-confounds_timeseries.tsv	KEEP_WITH_WARNING	False	OK	WARN_OUTLIER_BURDEN	OK	0.0958302892676576	0.3335343568335999	0.0	24.880382775119617	122	209	2.0	418.0	410.77	10.216	0	0	True	11	22	11	<PROJECT_ROOT>/derivatives/first_level_inputs_analysis/sub-11/run-01/events_long.tsv	<PROJECT_ROOT>/derivatives/first_level_inputs_analysis/sub-11/run-01/events_stim.tsv	209	31	31	84.19856615708774	177	173	True	<PROJECT_ROOT>/derivatives/first_level_inputs_analysis/sub-11/run-01/confounds_standard.tsv	<PROJECT_ROOT>/derivatives/first_level_inputs_analysis/sub-11/run-01/confounds_standard.json	standard	False	5	fd05	0.5	True	0	52	0	0	OK	READY	OK
sub-11	2	run-02	<PROJECT_ROOT>/derivatives/smoothed_fwhm6/sub-11/func/sub-11_task-heatpainwithregulationandratings_run-02_space-MNI152NLin2009cAsym_desc-smoothedFWHM6_bold.nii.gz	<PROJECT_ROOT>/derivatives/fmriprep/sub-11/func/sub-11_task-heatpainwithregulationandratings_run-02_space-MNI152NLin2009cAsym_desc-preproc_bold.nii.gz	<PROJECT_ROOT>/derivatives/fmriprep/sub-11/func/sub-11_task-heatpainwithregulationandratings_run-02_space-MNI152NLin2009cAsym_desc-brain_mask.nii.gz	<PROJECT_ROOT>/derivatives/fmriprep/sub-11/func/sub-11_task-heatpainwithregulationandratings_run-02_desc-confounds_timeseries.tsv	KEEP_FOR_MAIN_BUT_SENSITIVITY_EXCLUDE_CANDIDATE	True	OK	HIGH_OUTLIER_BURDEN,SEVERE_LOW_ESTIMATED_DOF	OK	0.1071616062646918	0.5316105655018953	0.4807692307692308	65.55023923444976	37	209	2.0	418.0	407.678	10.216000000000008	0	0	True	11	22	11	<PROJECT_ROOT>/derivatives/first_level_inputs_analysis/sub-11/run-02/events_long.tsv	<PROJECT_ROOT>/derivatives/first_level_inputs_analysis/sub-11/run-02/events_stim.tsv	209	32	32	24.628236056628836	176	172	True	<PROJECT_ROOT>/derivatives/first_level_inputs_analysis/sub-11/run-02/confounds_standard.tsv	<PROJECT_ROOT>/derivatives/first_level_inputs_analysis/sub-11/run-02/confounds_standard.json	standard	False	5	fd05	0.5	True	1	137	0	0	OK	READY	OK
sub-11	3	run-03	<PROJECT_ROOT>/derivatives/smoothed_fwhm6/sub-11/func/sub-11_task-heatpainwithregulationandratings_run-03_space-MNI152NLin2009cAsym_desc-smoothedFWHM6_bold.nii.gz	<PROJECT_ROOT>/derivatives/fmriprep/sub-11/func/sub-11_task-heatpainwithregulationandratings_run-03_space-MNI152NLin2009cAsym_desc-preproc_bold.nii.gz	<PROJECT_ROOT>/derivatives/fmriprep/sub-11/func/sub-11_task-heatpainwithregulationandratings_run-03_space-MNI152NLin2009cAsym_desc-brain_mask.nii.gz	<PROJECT_ROOT>/derivatives/fmriprep/sub-11/func/sub-11_task-heatpainwithregulationandratings_run-03_desc-confounds_timeseries.tsv	KEEP_FOR_MAIN_BUT_SENSITIVITY_EXCLUDE_CANDIDATE	True	OK	WARN_OUTLIER_BURDEN,WARN_LOW_ESTIMATED_DOF	OK	0.1334368584867082	0.5419216834605673	1.0526315789473684	33.50785340314136	93	191	2.0	382.0	371.47800000000007	10.216000000000008	0	0	True	10	20	10	<PROJECT_ROOT>/derivatives/first_level_inputs_analysis/sub-11/run-03/events_long.tsv	<PROJECT_ROOT>/derivatives/first_level_inputs_analysis/sub-11/run-03/events_stim.tsv	191	33	33	87.3505468823775	157	153	True	<PROJECT_ROOT>/derivatives/first_level_inputs_analysis/sub-11/run-03/confounds_standard.tsv	<PROJECT_ROOT>/derivatives/first_level_inputs_analysis/sub-11/run-03/confounds_standard.json	standard	False	5	fd05	0.5	True	2	64	0	0	OK	READY	OK
sub-11	4	run-04	<PROJECT_ROOT>/derivatives/smoothed_fwhm6/sub-11/func/sub-11_task-heatpainwithregulationandratings_run-04_space-MNI152NLin2009cAsym_desc-smoothedFWHM6_bold.nii.gz	<PROJECT_ROOT>/derivatives/fmriprep/sub-11/func/sub-11_task-heatpainwithregulationandratings_run-04_space-MNI152NLin2009cAsym_desc-preproc_bold.nii.gz	<PROJECT_ROOT>/derivatives/fmriprep/sub-11/func/sub-11_task-heatpainwithregulationandratings_run-04_space-MNI152NLin2009cAsym_desc-brain_mask.nii.gz	<PROJECT_ROOT>/derivatives/fmriprep/sub-11/func/sub-11_task-heatpainwithregulationandratings_run-04_desc-confounds_timeseries.tsv	KEEP_FOR_MAIN_BUT_SENSITIVITY_EXCLUDE_CANDIDATE	True	OK	HIGH_OUTLIER_BURDEN,WARN_LOW_ESTIMATED_DOF	OK	0.1752465642345677	1.1372842753342736	4.807692307692308	36.84210526315789	97	209	2.0	418.0	407.7439999999999	10.215999999999894	0	0	True	11	22	11	<PROJECT_ROOT>/derivatives/first_level_inputs_analysis/sub-11/run-04/events_long.tsv	<PROJECT_ROOT>/derivatives/first_level_inputs_analysis/sub-11/run-04/events_stim.tsv	209	41	41	41.98178502739154	167	163	True	<PROJECT_ROOT>/derivatives/first_level_inputs_analysis/sub-11/run-04/confounds_standard.tsv	<PROJECT_ROOT>/derivatives/first_level_inputs_analysis/sub-11/run-04/confounds_standard.json	standard	False	5	fd05	0.5	True	10	77	0	0	OK	READY	OK
sub-11	5	run-05	<PROJECT_ROOT>/derivatives/smoothed_fwhm6/sub-11/func/sub-11_task-heatpainwithregulationandratings_run-05_space-MNI152NLin2009cAsym_desc-smoothedFWHM6_bold.nii.gz	<PROJECT_ROOT>/derivatives/fmriprep/sub-11/func/sub-11_task-heatpainwithregulationandratings_run-05_space-MNI152NLin2009cAsym_desc-preproc_bold.nii.gz	<PROJECT_ROOT>/derivatives/fmriprep/sub-11/func/sub-11_task-heatpainwithregulationandratings_run-05_space-MNI152NLin2009cAsym_desc-brain_mask.nii.gz	<PROJECT_ROOT>/derivatives/fmriprep/sub-11/func/sub-11_task-heatpainwithregulationandratings_run-05_desc-confounds_timeseries.tsv	KEEP_WITH_WARNING	False	WARN_FD_MEAN,WARN_FD_GT_0.5	WARN_OUTLIER_BURDEN	OK	0.2244273731553016	1.063305794127616	6.730769230769231	33.97129186602871	103	209	2.0	418.0	408.759	10.215999999999894	0	0	True	11	22	11	<PROJECT_ROOT>/derivatives/first_level_inputs_analysis/sub-11/run-05/events_long.tsv	<PROJECT_ROOT>/derivatives/first_level_inputs_analysis/sub-11/run-05/events_stim.tsv	209	45	45	40.76547466991266	163	159	True	<PROJECT_ROOT>/derivatives/first_level_inputs_analysis/sub-11/run-05/confounds_standard.tsv	<PROJECT_ROOT>/derivatives/first_level_inputs_analysis/sub-11/run-05/confounds_standard.json	standard	False	5	fd05	0.5	True	14	71	0	0	OK	READY	OK
sub-11	6	run-06	<PROJECT_ROOT>/derivatives/smoothed_fwhm6/sub-11/func/sub-11_task-heatpainwithregulationandratings_run-06_space-MNI152NLin2009cAsym_desc-smoothedFWHM6_bold.nii.gz	<PROJECT_ROOT>/derivatives/fmriprep/sub-11/func/sub-11_task-heatpainwithregulationandratings_run-06_space-MNI152NLin2009cAsym_desc-preproc_bold.nii.gz	<PROJECT_ROOT>/derivatives/fmriprep/sub-11/func/sub-11_task-heatpainwithregulationandratings_run-06_space-MNI152NLin2009cAsym_desc-brain_mask.nii.gz	<PROJECT_ROOT>/derivatives/fmriprep/sub-11/func/sub-11_task-heatpainwithregulationandratings_run-06_desc-confounds_timeseries.tsv	KEEP_FOR_MAIN_BUT_SENSITIVITY_EXCLUDE_CANDIDATE	True	OK	HIGH_OUTLIER_BURDEN,WARN_LOW_ESTIMATED_DOF	OK	0.1819379351855183	0.6961005454150467	3.3653846153846154	35.88516746411483	99	209	2.0	418.0	408.7249999999999	10.215999999999894	0	0	True	11	22	11	<PROJECT_ROOT>/derivatives/first_level_inputs_analysis/sub-11/run-06/events_long.tsv	<PROJECT_ROOT>/derivatives/first_level_inputs_analysis/sub-11/run-06/events_stim.tsv	209	38	38	30.971936102499928	170	166	True	<PROJECT_ROOT>/derivatives/first_level_inputs_analysis/sub-11/run-06/confounds_standard.tsv	<PROJECT_ROOT>/derivatives/first_level_inputs_analysis/sub-11/run-06/confounds_standard.json	standard	False	5	fd05	0.5	True	7	75	0	0	OK	READY	OK
sub-11	7	run-07	<PROJECT_ROOT>/derivatives/smoothed_fwhm6/sub-11/func/sub-11_task-heatpainwithregulationandratings_run-07_space-MNI152NLin2009cAsym_desc-smoothedFWHM6_bold.nii.gz	<PROJECT_ROOT>/derivatives/fmriprep/sub-11/func/sub-11_task-heatpainwithregulationandratings_run-07_space-MNI152NLin2009cAsym_desc-preproc_bold.nii.gz	<PROJECT_ROOT>/derivatives/fmriprep/sub-11/func/sub-11_task-heatpainwithregulationandratings_run-07_space-MNI152NLin2009cAsym_desc-brain_mask.nii.gz	<PROJECT_ROOT>/derivatives/fmriprep/sub-11/func/sub-11_task-heatpainwithregulationandratings_run-07_desc-confounds_timeseries.tsv	KEEP	False	OK	OK	OK	0.1337147554487095	0.701370393155019	1.0526315789473684	5.235602094240837	146	191	2.0	382.0	373.52300000000014	10.215999999999894	0	0	True	10	20	10	<PROJECT_ROOT>/derivatives/first_level_inputs_analysis/sub-11/run-07/events_long.tsv	<PROJECT_ROOT>/derivatives/first_level_inputs_analysis/sub-11/run-07/events_stim.tsv	191	34	34	64.46855734536798	156	152	True	<PROJECT_ROOT>/derivatives/first_level_inputs_analysis/sub-11/run-07/confounds_standard.tsv	<PROJECT_ROOT>/derivatives/first_level_inputs_analysis/sub-11/run-07/confounds_standard.json	standard	False	5	fd05	0.5	True	2	10	0	1	OK	READY	OK
sub-11	8	run-08	<PROJECT_ROOT>/derivatives/smoothed_fwhm6/sub-11/func/sub-11_task-heatpainwithregulationandratings_run-08_space-MNI152NLin2009cAsym_desc-smoothedFWHM6_bold.nii.gz	<PROJECT_ROOT>/derivatives/fmriprep/sub-11/func/sub-11_task-heatpainwithregulationandratings_run-08_space-MNI152NLin2009cAsym_desc-preproc_bold.nii.gz	<PROJECT_ROOT>/derivatives/fmriprep/sub-11/func/sub-11_task-heatpainwithregulationandratings_run-08_space-MNI152NLin2009cAsym_desc-brain_mask.nii.gz	<PROJECT_ROOT>/derivatives/fmriprep/sub-11/func/sub-11_task-heatpainwithregulationandratings_run-08_desc-confounds_timeseries.tsv	KEEP_WITH_WARNING	False	OK	WARN_OUTLIER_BURDEN	OK	0.125225709659995	0.4603022678458758	0.0	25.83732057416268	120	209	2.0	418.0	410.7689999999998	10.215999999999894	0	0	True	11	22	11	<PROJECT_ROOT>/derivatives/first_level_inputs_analysis/sub-11/run-08/events_long.tsv	<PROJECT_ROOT>/derivatives/first_level_inputs_analysis/sub-11/run-08/events_stim.tsv	209	31	31	42.894419035891495	177	173	True	<PROJECT_ROOT>/derivatives/first_level_inputs_analysis/sub-11/run-08/confounds_standard.tsv	<PROJECT_ROOT>/derivatives/first_level_inputs_analysis/sub-11/run-08/confounds_standard.json	standard	False	5	fd05	0.5	True	0	54	0	0	OK	READY	OK
sub-11	9	run-09	<PROJECT_ROOT>/derivatives/smoothed_fwhm6/sub-11/func/sub-11_task-heatpainwithregulationandratings_run-09_space-MNI152NLin2009cAsym_desc-smoothedFWHM6_bold.nii.gz	<PROJECT_ROOT>/derivatives/fmriprep/sub-11/func/sub-11_task-heatpainwithregulationandratings_run-09_space-MNI152NLin2009cAsym_desc-preproc_bold.nii.gz	<PROJECT_ROOT>/derivatives/fmriprep/sub-11/func/sub-11_task-heatpainwithregulationandratings_run-09_space-MNI152NLin2009cAsym_desc-brain_mask.nii.gz	<PROJECT_ROOT>/derivatives/fmriprep/sub-11/func/sub-11_task-heatpainwithregulationandratings_run-09_desc-confounds_timeseries.tsv	KEEP	False	OK	OK	OK	0.1310667107427501	0.4729019181527207	0.0	16.74641148325359	139	209	2.0	418.0	408.70899999999983	10.215999999999894	0	0	True	11	22	11	<PROJECT_ROOT>/derivatives/first_level_inputs_analysis/sub-11/run-09/events_long.tsv	<PROJECT_ROOT>/derivatives/first_level_inputs_analysis/sub-11/run-09/events_stim.tsv	209	31	31	25.916721395932402	177	173	True	<PROJECT_ROOT>/derivatives/first_level_inputs_analysis/sub-11/run-09/confounds_standard.tsv	<PROJECT_ROOT>/derivatives/first_level_inputs_analysis/sub-11/run-09/confounds_standard.json	standard	False	5	fd05	0.5	True	0	35	0	0	OK	READY	OK
sub-12	1	run-01	<PROJECT_ROOT>/derivatives/smoothed_fwhm6/sub-12/func/sub-12_task-heatpainwithregulationandratings_run-01_space-MNI152NLin2009cAsym_desc-smoothedFWHM6_bold.nii.gz	<PROJECT_ROOT>/derivatives/fmriprep/sub-12/func/sub-12_task-heatpainwithregulationandratings_run-01_space-MNI152NLin2009cAsym_desc-preproc_bold.nii.gz	<PROJECT_ROOT>/derivatives/fmriprep/sub-12/func/sub-12_task-heatpainwithregulationandratings_run-01_space-MNI152NLin2009cAsym_desc-brain_mask.nii.gz	<PROJECT_ROOT>/derivatives/fmriprep/sub-12/func/sub-12_task-heatpainwithregulationandratings_run-01_desc-confounds_timeseries.tsv	KEEP_WITH_WARNING	False	WARN_FD_MAX	OK	OK	0.1859949763722287	2.4202707011346267	3.8461538461538463	18.66028708133972	135	209	2.0	418.0	408.709	10.216	0	0	True	11	22	11	<PROJECT_ROOT>/derivatives/first_level_inputs_analysis/sub-12/run-01/events_long.tsv	<PROJECT_ROOT>/derivatives/first_level_inputs_analysis/sub-12/run-01/events_stim.tsv	209	39	39	92.74305304513416	169	165	True	<PROJECT_ROOT>/derivatives/first_level_inputs_analysis/sub-12/run-01/confounds_standard.tsv	<PROJECT_ROOT>/derivatives/first_level_inputs_analysis/sub-12/run-01/confounds_standard.json	standard	False	5	fd05	0.5	True	8	39	0	0	OK	READY	OK
sub-12	2	run-02	<PROJECT_ROOT>/derivatives/smoothed_fwhm6/sub-12/func/sub-12_task-heatpainwithregulationandratings_run-02_space-MNI152NLin2009cAsym_desc-smoothedFWHM6_bold.nii.gz	<PROJECT_ROOT>/derivatives/fmriprep/sub-12/func/sub-12_task-heatpainwithregulationandratings_run-02_space-MNI152NLin2009cAsym_desc-preproc_bold.nii.gz	<PROJECT_ROOT>/derivatives/fmriprep/sub-12/func/sub-12_task-heatpainwithregulationandratings_run-02_space-MNI152NLin2009cAsym_desc-brain_mask.nii.gz	<PROJECT_ROOT>/derivatives/fmriprep/sub-12/func/sub-12_task-heatpainwithregulationandratings_run-02_desc-confounds_timeseries.tsv	KEEP	False	OK	OK	OK	0.1221831263373388	0.69195848565472	0.9615384615384616	19.138755980861244	134	209	2.0	418.0	410.686	10.216000000000008	0	0	True	11	22	11	<PROJECT_ROOT>/derivatives/first_level_inputs_analysis/sub-12/run-02/events_long.tsv	<PROJECT_ROOT>/derivatives/first_level_inputs_analysis/sub-12/run-02/events_stim.tsv	209	33	33	16.443365724903796	175	171	True	<PROJECT_ROOT>/derivatives/first_level_inputs_analysis/sub-12/run-02/confounds_standard.tsv	<PROJECT_ROOT>/derivatives/first_level_inputs_analysis/sub-12/run-02/confounds_standard.json	standard	False	5	fd05	0.5	True	2	40	0	0	OK	READY	OK
sub-12	3	run-03	<PROJECT_ROOT>/derivatives/smoothed_fwhm6/sub-12/func/sub-12_task-heatpainwithregulationandratings_run-03_space-MNI152NLin2009cAsym_desc-smoothedFWHM6_bold.nii.gz	<PROJECT_ROOT>/derivatives/fmriprep/sub-12/func/sub-12_task-heatpainwithregulationandratings_run-03_space-MNI152NLin2009cAsym_desc-preproc_bold.nii.gz	<PROJECT_ROOT>/derivatives/fmriprep/sub-12/func/sub-12_task-heatpainwithregulationandratings_run-03_space-MNI152NLin2009cAsym_desc-brain_mask.nii.gz	<PROJECT_ROOT>/derivatives/fmriprep/sub-12/func/sub-12_task-heatpainwithregulationandratings_run-03_desc-confounds_timeseries.tsv	KEEP	False	OK	OK	OK	0.1029352965610308	0.440660040244176	0.0	8.900523560209423	140	191	2.0	382.0	372.509	10.216000000000008	0	0	True	10	20	10	<PROJECT_ROOT>/derivatives/first_level_inputs_analysis/sub-12/run-03/events_long.tsv	<PROJECT_ROOT>/derivatives/first_level_inputs_analysis/sub-12/run-03/events_stim.tsv	191	31	31	31.158142613829337	159	155	True	<PROJECT_ROOT>/derivatives/first_level_inputs_analysis/sub-12/run-03/confounds_standard.tsv	<PROJECT_ROOT>/derivatives/first_level_inputs_analysis/sub-12/run-03/confounds_standard.json	standard	False	5	fd05	0.5	True	0	17	0	0	OK	READY	OK
sub-12	4	run-04	<PROJECT_ROOT>/derivatives/smoothed_fwhm6/sub-12/func/sub-12_task-heatpainwithregulationandratings_run-04_space-MNI152NLin2009cAsym_desc-smoothedFWHM6_bold.nii.gz	<PROJECT_ROOT>/derivatives/fmriprep/sub-12/func/sub-12_task-heatpainwithregulationandratings_run-04_space-MNI152NLin2009cAsym_desc-preproc_bold.nii.gz	<PROJECT_ROOT>/derivatives/fmriprep/sub-12/func/sub-12_task-heatpainwithregulationandratings_run-04_space-MNI152NLin2009cAsym_desc-brain_mask.nii.gz	<PROJECT_ROOT>/derivatives/fmriprep/sub-12/func/sub-12_task-heatpainwithregulationandratings_run-04_desc-confounds_timeseries.tsv	KEEP_WITH_WARNING	False	WARN_FD_GT_0.5	WARN_OUTLIER_BURDEN	OK	0.1963037440050152	1.3169055556449798	6.730769230769231	22.48803827751196	127	209	2.0	418.0	408.758	10.215999999999894	0	0	True	11	22	11	<PROJECT_ROOT>/derivatives/first_level_inputs_analysis/sub-12/run-04/events_long.tsv	<PROJECT_ROOT>/derivatives/first_level_inputs_analysis/sub-12/run-04/events_stim.tsv	209	45	45	39.19821080861988	163	159	True	<PROJECT_ROOT>/derivatives/first_level_inputs_analysis/sub-12/run-04/confounds_standard.tsv	<PROJECT_ROOT>/derivatives/first_level_inputs_analysis/sub-12/run-04/confounds_standard.json	standard	False	5	fd05	0.5	True	14	47	0	0	OK	READY	OK
sub-12	5	run-05	<PROJECT_ROOT>/derivatives/smoothed_fwhm6/sub-12/func/sub-12_task-heatpainwithregulationandratings_run-05_space-MNI152NLin2009cAsym_desc-smoothedFWHM6_bold.nii.gz	<PROJECT_ROOT>/derivatives/fmriprep/sub-12/func/sub-12_task-heatpainwithregulationandratings_run-05_space-MNI152NLin2009cAsym_desc-preproc_bold.nii.gz	<PROJECT_ROOT>/derivatives/fmriprep/sub-12/func/sub-12_task-heatpainwithregulationandratings_run-05_space-MNI152NLin2009cAsym_desc-brain_mask.nii.gz	<PROJECT_ROOT>/derivatives/fmriprep/sub-12/func/sub-12_task-heatpainwithregulationandratings_run-05_desc-confounds_timeseries.tsv	KEEP_WITH_WARNING	False	WARN_FD_GT_0.5	OK	OK	0.1973278060336199	1.1428185235091408	6.25	14.354066985645932	144	209	2.0	418.0	408.7509999999999	10.215999999999894	0	0	True	11	22	11	<PROJECT_ROOT>/derivatives/first_level_inputs_analysis/sub-12/run-05/events_long.tsv	<PROJECT_ROOT>/derivatives/first_level_inputs_analysis/sub-12/run-05/events_stim.tsv	209	44	44	25.801798492125872	164	160	True	<PROJECT_ROOT>/derivatives/first_level_inputs_analysis/sub-12/run-05/confounds_standard.tsv	<PROJECT_ROOT>/derivatives/first_level_inputs_analysis/sub-12/run-05/confounds_standard.json	standard	False	5	fd05	0.5	True	13	30	0	0	OK	READY	OK
sub-12	6	run-06	<PROJECT_ROOT>/derivatives/smoothed_fwhm6/sub-12/func/sub-12_task-heatpainwithregulationandratings_run-06_space-MNI152NLin2009cAsym_desc-smoothedFWHM6_bold.nii.gz	<PROJECT_ROOT>/derivatives/fmriprep/sub-12/func/sub-12_task-heatpainwithregulationandratings_run-06_space-MNI152NLin2009cAsym_desc-preproc_bold.nii.gz	<PROJECT_ROOT>/derivatives/fmriprep/sub-12/func/sub-12_task-heatpainwithregulationandratings_run-06_space-MNI152NLin2009cAsym_desc-brain_mask.nii.gz	<PROJECT_ROOT>/derivatives/fmriprep/sub-12/func/sub-12_task-heatpainwithregulationandratings_run-06_desc-confounds_timeseries.tsv	KEEP_WITH_WARNING	False	OK	WARN_OUTLIER_BURDEN	OK	0.1884542510406452	0.971899327387124	3.8461538461538463	28.22966507177033	115	209	2.0	418.0	408.7829999999999	10.215999999999894	0	0	True	11	22	11	<PROJECT_ROOT>/derivatives/first_level_inputs_analysis/sub-12/run-06/events_long.tsv	<PROJECT_ROOT>/derivatives/first_level_inputs_analysis/sub-12/run-06/events_stim.tsv	209	39	39	28.52248515516465	169	165	True	<PROJECT_ROOT>/derivatives/first_level_inputs_analysis/sub-12/run-06/confounds_standard.tsv	<PROJECT_ROOT>/derivatives/first_level_inputs_analysis/sub-12/run-06/confounds_standard.json	standard	False	5	fd05	0.5	True	8	59	0	0	OK	READY	OK
sub-12	7	run-07	<PROJECT_ROOT>/derivatives/smoothed_fwhm6/sub-12/func/sub-12_task-heatpainwithregulationandratings_run-07_space-MNI152NLin2009cAsym_desc-smoothedFWHM6_bold.nii.gz	<PROJECT_ROOT>/derivatives/fmriprep/sub-12/func/sub-12_task-heatpainwithregulationandratings_run-07_space-MNI152NLin2009cAsym_desc-preproc_bold.nii.gz	<PROJECT_ROOT>/derivatives/fmriprep/sub-12/func/sub-12_task-heatpainwithregulationandratings_run-07_space-MNI152NLin2009cAsym_desc-brain_mask.nii.gz	<PROJECT_ROOT>/derivatives/fmriprep/sub-12/func/sub-12_task-heatpainwithregulationandratings_run-07_desc-confounds_timeseries.tsv	KEEP_WITH_WARNING	False	WARN_FD_MEAN,WARN_FD_GT_0.5,WARN_FD_MAX	OK	OK	0.2695951522920758	2.6168796636604617	8.947368421052632	14.136125654450264	130	191	2.0	382.0	372.509	10.215999999999894	0	0	True	10	20	10	<PROJECT_ROOT>/derivatives/first_level_inputs_analysis/sub-12/run-07/events_long.tsv	<PROJECT_ROOT>/derivatives/first_level_inputs_analysis/sub-12/run-07/events_stim.tsv	191	48	48	168.96963938818828	142	138	True	<PROJECT_ROOT>/derivatives/first_level_inputs_analysis/sub-12/run-07/confounds_standard.tsv	<PROJECT_ROOT>/derivatives/first_level_inputs_analysis/sub-12/run-07/confounds_standard.json	standard	False	5	fd05	0.5	True	17	27	0	0	OK	READY	OK
sub-12	8	run-08	<PROJECT_ROOT>/derivatives/smoothed_fwhm6/sub-12/func/sub-12_task-heatpainwithregulationandratings_run-08_space-MNI152NLin2009cAsym_desc-smoothedFWHM6_bold.nii.gz	<PROJECT_ROOT>/derivatives/fmriprep/sub-12/func/sub-12_task-heatpainwithregulationandratings_run-08_space-MNI152NLin2009cAsym_desc-preproc_bold.nii.gz	<PROJECT_ROOT>/derivatives/fmriprep/sub-12/func/sub-12_task-heatpainwithregulationandratings_run-08_space-MNI152NLin2009cAsym_desc-brain_mask.nii.gz	<PROJECT_ROOT>/derivatives/fmriprep/sub-12/func/sub-12_task-heatpainwithregulationandratings_run-08_desc-confounds_timeseries.tsv	KEEP_FOR_MAIN_BUT_SENSITIVITY_EXCLUDE_CANDIDATE	True	BAD_FD_MEAN,BAD_FD_GT_0.5,WARN_FD_MAX	OK	OK	0.3159631120427906	3.7083000541636513	12.01923076923077	17.703349282296653	137	209	2.0	418.0	408.7759999999999	10.217000000000098	0	0	True	11	22	11	<PROJECT_ROOT>/derivatives/first_level_inputs_analysis/sub-12/run-08/events_long.tsv	<PROJECT_ROOT>/derivatives/first_level_inputs_analysis/sub-12/run-08/events_stim.tsv	209	56	56	336.3659172473116	152	148	True	<PROJECT_ROOT>/derivatives/first_level_inputs_analysis/sub-12/run-08/confounds_standard.tsv	<PROJECT_ROOT>/derivatives/first_level_inputs_analysis/sub-12/run-08/confounds_standard.json	standard	False	5	fd05	0.5	True	25	37	0	0	OK	READY	OK
sub-12	9	run-09	<PROJECT_ROOT>/derivatives/smoothed_fwhm6/sub-12/func/sub-12_task-heatpainwithregulationandratings_run-09_space-MNI152NLin2009cAsym_desc-smoothedFWHM6_bold.nii.gz	<PROJECT_ROOT>/derivatives/fmriprep/sub-12/func/sub-12_task-heatpainwithregulationandratings_run-09_space-MNI152NLin2009cAsym_desc-preproc_bold.nii.gz	<PROJECT_ROOT>/derivatives/fmriprep/sub-12/func/sub-12_task-heatpainwithregulationandratings_run-09_space-MNI152NLin2009cAsym_desc-brain_mask.nii.gz	<PROJECT_ROOT>/derivatives/fmriprep/sub-12/func/sub-12_task-heatpainwithregulationandratings_run-09_desc-confounds_timeseries.tsv	KEEP_FOR_MAIN_BUT_SENSITIVITY_EXCLUDE_CANDIDATE	True	OK	HIGH_OUTLIER_BURDEN,WARN_LOW_ESTIMATED_DOF	OK	0.1683955663379439	0.4904731307377381	0.0	54.066985645933016	61	209	2.0	418.0	407.7109999999998	10.215999999999894	0	0	True	11	22	11	<PROJECT_ROOT>/derivatives/first_level_inputs_analysis/sub-12/run-09/events_long.tsv	<PROJECT_ROOT>/derivatives/first_level_inputs_analysis/sub-12/run-09/events_stim.tsv	209	31	31	19.904347408101515	177	173	True	<PROJECT_ROOT>/derivatives/first_level_inputs_analysis/sub-12/run-09/confounds_standard.tsv	<PROJECT_ROOT>/derivatives/first_level_inputs_analysis/sub-12/run-09/confounds_standard.json	standard	False	5	fd05	0.5	True	0	113	0	0	OK	READY	OK
sub-13	1	run-01	<PROJECT_ROOT>/derivatives/smoothed_fwhm6/sub-13/func/sub-13_task-heatpainwithregulationandratings_run-01_space-MNI152NLin2009cAsym_desc-smoothedFWHM6_bold.nii.gz	<PROJECT_ROOT>/derivatives/fmriprep/sub-13/func/sub-13_task-heatpainwithregulationandratings_run-01_space-MNI152NLin2009cAsym_desc-preproc_bold.nii.gz	<PROJECT_ROOT>/derivatives/fmriprep/sub-13/func/sub-13_task-heatpainwithregulationandratings_run-01_space-MNI152NLin2009cAsym_desc-brain_mask.nii.gz	<PROJECT_ROOT>/derivatives/fmriprep/sub-13/func/sub-13_task-heatpainwithregulationandratings_run-01_desc-confounds_timeseries.tsv	KEEP_FOR_MAIN_BUT_SENSITIVITY_EXCLUDE_CANDIDATE	True	OK	HIGH_OUTLIER_BURDEN,WARN_LOW_ESTIMATED_DOF	OK	0.137453048671823	0.5385270272462748	1.9230769230769231	38.75598086124402	93	209	2.0	418.0	406.746	10.216	0	0	True	11	22	11	<PROJECT_ROOT>/derivatives/first_level_inputs_analysis/sub-13/run-01/events_long.tsv	<PROJECT_ROOT>/derivatives/first_level_inputs_analysis/sub-13/run-01/events_stim.tsv	209	35	35	21.26460809338116	173	169	True	<PROJECT_ROOT>/derivatives/first_level_inputs_analysis/sub-13/run-01/confounds_standard.tsv	<PROJECT_ROOT>/derivatives/first_level_inputs_analysis/sub-13/run-01/confounds_standard.json	standard	False	5	fd05	0.5	True	4	81	0	0	OK	READY	OK
sub-13	2	run-02	<PROJECT_ROOT>/derivatives/smoothed_fwhm6/sub-13/func/sub-13_task-heatpainwithregulationandratings_run-02_space-MNI152NLin2009cAsym_desc-smoothedFWHM6_bold.nii.gz	<PROJECT_ROOT>/derivatives/fmriprep/sub-13/func/sub-13_task-heatpainwithregulationandratings_run-02_space-MNI152NLin2009cAsym_desc-preproc_bold.nii.gz	<PROJECT_ROOT>/derivatives/fmriprep/sub-13/func/sub-13_task-heatpainwithregulationandratings_run-02_space-MNI152NLin2009cAsym_desc-brain_mask.nii.gz	<PROJECT_ROOT>/derivatives/fmriprep/sub-13/func/sub-13_task-heatpainwithregulationandratings_run-02_desc-confounds_timeseries.tsv	KEEP_FOR_MAIN_BUT_SENSITIVITY_EXCLUDE_CANDIDATE	True	OK	HIGH_OUTLIER_BURDEN,WARN_LOW_ESTIMATED_DOF	OK	0.1601491042056357	0.7192242699609774	1.9230769230769231	44.01913875598086	82	209	2.0	418.0	409.7380000000001	10.216000000000008	0	0	True	11	22	11	<PROJECT_ROOT>/derivatives/first_level_inputs_analysis/sub-13/run-02/events_long.tsv	<PROJECT_ROOT>/derivatives/first_level_inputs_analysis/sub-13/run-02/events_stim.tsv	209	35	35	25.36702487510846	173	169	True	<PROJECT_ROOT>/derivatives/first_level_inputs_analysis/sub-13/run-02/confounds_standard.tsv	<PROJECT_ROOT>/derivatives/first_level_inputs_analysis/sub-13/run-02/confounds_standard.json	standard	False	5	fd05	0.5	True	4	92	0	0	OK	READY	OK
sub-13	3	run-03	<PROJECT_ROOT>/derivatives/smoothed_fwhm6/sub-13/func/sub-13_task-heatpainwithregulationandratings_run-03_space-MNI152NLin2009cAsym_desc-smoothedFWHM6_bold.nii.gz	<PROJECT_ROOT>/derivatives/fmriprep/sub-13/func/sub-13_task-heatpainwithregulationandratings_run-03_space-MNI152NLin2009cAsym_desc-preproc_bold.nii.gz	<PROJECT_ROOT>/derivatives/fmriprep/sub-13/func/sub-13_task-heatpainwithregulationandratings_run-03_space-MNI152NLin2009cAsym_desc-brain_mask.nii.gz	<PROJECT_ROOT>/derivatives/fmriprep/sub-13/func/sub-13_task-heatpainwithregulationandratings_run-03_desc-confounds_timeseries.tsv	KEEP_WITH_WARNING	False	OK	WARN_OUTLIER_BURDEN	OK	0.1577702037003148	0.5418056640082499	0.5263157894736842	26.17801047120419	107	191	2.0	382.0	373.538	10.216000000000008	0	0	True	10	20	10	<PROJECT_ROOT>/derivatives/first_level_inputs_analysis/sub-13/run-03/events_long.tsv	<PROJECT_ROOT>/derivatives/first_level_inputs_analysis/sub-13/run-03/events_stim.tsv	191	32	32	25.9401136339775	158	154	True	<PROJECT_ROOT>/derivatives/first_level_inputs_analysis/sub-13/run-03/confounds_standard.tsv	<PROJECT_ROOT>/derivatives/first_level_inputs_analysis/sub-13/run-03/confounds_standard.json	standard	False	5	fd05	0.5	True	1	50	0	0	OK	READY	OK
sub-13	4	run-04	<PROJECT_ROOT>/derivatives/smoothed_fwhm6/sub-13/func/sub-13_task-heatpainwithregulationandratings_run-04_space-MNI152NLin2009cAsym_desc-smoothedFWHM6_bold.nii.gz	<PROJECT_ROOT>/derivatives/fmriprep/sub-13/func/sub-13_task-heatpainwithregulationandratings_run-04_space-MNI152NLin2009cAsym_desc-preproc_bold.nii.gz	<PROJECT_ROOT>/derivatives/fmriprep/sub-13/func/sub-13_task-heatpainwithregulationandratings_run-04_space-MNI152NLin2009cAsym_desc-brain_mask.nii.gz	<PROJECT_ROOT>/derivatives/fmriprep/sub-13/func/sub-13_task-heatpainwithregulationandratings_run-04_desc-confounds_timeseries.tsv	KEEP_WITH_WARNING	False	OK	WARN_OUTLIER_BURDEN	OK	0.1513609436642832	0.7613516723027066	0.9615384615384616	27.27272727272727	117	209	2.0	418.0	409.7600000000001	10.215999999999894	0	0	True	11	22	11	<PROJECT_ROOT>/derivatives/first_level_inputs_analysis/sub-13/run-04/events_long.tsv	<PROJECT_ROOT>/derivatives/first_level_inputs_analysis/sub-13/run-04/events_stim.tsv	209	33	33	18.652535266469094	175	171	True	<PROJECT_ROOT>/derivatives/first_level_inputs_analysis/sub-13/run-04/confounds_standard.tsv	<PROJECT_ROOT>/derivatives/first_level_inputs_analysis/sub-13/run-04/confounds_standard.json	standard	False	5	fd05	0.5	True	2	57	0	0	OK	READY	OK
sub-13	5	run-05	<PROJECT_ROOT>/derivatives/smoothed_fwhm6/sub-13/func/sub-13_task-heatpainwithregulationandratings_run-05_space-MNI152NLin2009cAsym_desc-smoothedFWHM6_bold.nii.gz	<PROJECT_ROOT>/derivatives/fmriprep/sub-13/func/sub-13_task-heatpainwithregulationandratings_run-05_space-MNI152NLin2009cAsym_desc-preproc_bold.nii.gz	<PROJECT_ROOT>/derivatives/fmriprep/sub-13/func/sub-13_task-heatpainwithregulationandratings_run-05_space-MNI152NLin2009cAsym_desc-brain_mask.nii.gz	<PROJECT_ROOT>/derivatives/fmriprep/sub-13/func/sub-13_task-heatpainwithregulationandratings_run-05_desc-confounds_timeseries.tsv	KEEP	False	OK	OK	OK	0.1693338228678791	1.553089934339856	3.3653846153846154	18.181818181818183	136	209	2.0	418.0	407.74600000000015	10.215999999999894	0	0	True	11	22	11	<PROJECT_ROOT>/derivatives/first_level_inputs_analysis/sub-13/run-05/events_long.tsv	<PROJECT_ROOT>/derivatives/first_level_inputs_analysis/sub-13/run-05/events_stim.tsv	209	38	38	88.88339490744006	170	166	True	<PROJECT_ROOT>/derivatives/first_level_inputs_analysis/sub-13/run-05/confounds_standard.tsv	<PROJECT_ROOT>/derivatives/first_level_inputs_analysis/sub-13/run-05/confounds_standard.json	standard	False	5	fd05	0.5	True	7	38	0	0	OK	READY	OK
sub-13	6	run-06	<PROJECT_ROOT>/derivatives/smoothed_fwhm6/sub-13/func/sub-13_task-heatpainwithregulationandratings_run-06_space-MNI152NLin2009cAsym_desc-smoothedFWHM6_bold.nii.gz	<PROJECT_ROOT>/derivatives/fmriprep/sub-13/func/sub-13_task-heatpainwithregulationandratings_run-06_space-MNI152NLin2009cAsym_desc-preproc_bold.nii.gz	<PROJECT_ROOT>/derivatives/fmriprep/sub-13/func/sub-13_task-heatpainwithregulationandratings_run-06_space-MNI152NLin2009cAsym_desc-brain_mask.nii.gz	<PROJECT_ROOT>/derivatives/fmriprep/sub-13/func/sub-13_task-heatpainwithregulationandratings_run-06_desc-confounds_timeseries.tsv	KEEP_WITH_WARNING	False	WARN_FD_MEAN,WARN_FD_GT_0.5,WARN_FD_MAX	OK	OK	0.2099051319362739	2.4570879335092863	5.769230769230769	17.22488038277512	138	209	2.0	418.0	407.7620000000002	10.215999999999894	0	0	True	11	22	11	<PROJECT_ROOT>/derivatives/first_level_inputs_analysis/sub-13/run-06/events_long.tsv	<PROJECT_ROOT>/derivatives/first_level_inputs_analysis/sub-13/run-06/events_stim.tsv	209	43	43	155.6299709399296	165	161	True	<PROJECT_ROOT>/derivatives/first_level_inputs_analysis/sub-13/run-06/confounds_standard.tsv	<PROJECT_ROOT>/derivatives/first_level_inputs_analysis/sub-13/run-06/confounds_standard.json	standard	False	5	fd05	0.5	True	12	36	0	0	OK	READY	OK
sub-13	7	run-07	<PROJECT_ROOT>/derivatives/smoothed_fwhm6/sub-13/func/sub-13_task-heatpainwithregulationandratings_run-07_space-MNI152NLin2009cAsym_desc-smoothedFWHM6_bold.nii.gz	<PROJECT_ROOT>/derivatives/fmriprep/sub-13/func/sub-13_task-heatpainwithregulationandratings_run-07_space-MNI152NLin2009cAsym_desc-preproc_bold.nii.gz	<PROJECT_ROOT>/derivatives/fmriprep/sub-13/func/sub-13_task-heatpainwithregulationandratings_run-07_space-MNI152NLin2009cAsym_desc-brain_mask.nii.gz	<PROJECT_ROOT>/derivatives/fmriprep/sub-13/func/sub-13_task-heatpainwithregulationandratings_run-07_desc-confounds_timeseries.tsv	KEEP_FOR_MAIN_BUT_SENSITIVITY_EXCLUDE_CANDIDATE	True	OK	HIGH_OUTLIER_BURDEN,WARN_LOW_ESTIMATED_DOF	OK	0.1393036582784949	0.326898303547491	0.0	37.696335078534034	85	191	2.0	382.0	371.4630000000002	10.215999999999894	0	0	True	10	20	10	<PROJECT_ROOT>/derivatives/first_level_inputs_analysis/sub-13/run-07/events_long.tsv	<PROJECT_ROOT>/derivatives/first_level_inputs_analysis/sub-13/run-07/events_stim.tsv	191	31	31	40.642959466290286	159	155	True	<PROJECT_ROOT>/derivatives/first_level_inputs_analysis/sub-13/run-07/confounds_standard.tsv	<PROJECT_ROOT>/derivatives/first_level_inputs_analysis/sub-13/run-07/confounds_standard.json	standard	False	5	fd05	0.5	True	0	72	0	0	OK	READY	OK
sub-13	8	run-08	<PROJECT_ROOT>/derivatives/smoothed_fwhm6/sub-13/func/sub-13_task-heatpainwithregulationandratings_run-08_space-MNI152NLin2009cAsym_desc-smoothedFWHM6_bold.nii.gz	<PROJECT_ROOT>/derivatives/fmriprep/sub-13/func/sub-13_task-heatpainwithregulationandratings_run-08_space-MNI152NLin2009cAsym_desc-preproc_bold.nii.gz	<PROJECT_ROOT>/derivatives/fmriprep/sub-13/func/sub-13_task-heatpainwithregulationandratings_run-08_space-MNI152NLin2009cAsym_desc-brain_mask.nii.gz	<PROJECT_ROOT>/derivatives/fmriprep/sub-13/func/sub-13_task-heatpainwithregulationandratings_run-08_desc-confounds_timeseries.tsv	KEEP	False	OK	OK	OK	0.1768588957709753	1.1982975257118609	3.3653846153846154	7.177033492822966	159	209	2.0	418.0	408.7440000000002	10.217000000000098	0	0	True	11	22	11	<PROJECT_ROOT>/derivatives/first_level_inputs_analysis/sub-13/run-08/events_long.tsv	<PROJECT_ROOT>/derivatives/first_level_inputs_analysis/sub-13/run-08/events_stim.tsv	209	38	38	65.96557132382121	170	166	True	<PROJECT_ROOT>/derivatives/first_level_inputs_analysis/sub-13/run-08/confounds_standard.tsv	<PROJECT_ROOT>/derivatives/first_level_inputs_analysis/sub-13/run-08/confounds_standard.json	standard	False	5	fd05	0.5	True	7	15	0	0	OK	READY	OK
sub-13	9	run-09	<PROJECT_ROOT>/derivatives/smoothed_fwhm6/sub-13/func/sub-13_task-heatpainwithregulationandratings_run-09_space-MNI152NLin2009cAsym_desc-smoothedFWHM6_bold.nii.gz	<PROJECT_ROOT>/derivatives/fmriprep/sub-13/func/sub-13_task-heatpainwithregulationandratings_run-09_space-MNI152NLin2009cAsym_desc-preproc_bold.nii.gz	<PROJECT_ROOT>/derivatives/fmriprep/sub-13/func/sub-13_task-heatpainwithregulationandratings_run-09_space-MNI152NLin2009cAsym_desc-brain_mask.nii.gz	<PROJECT_ROOT>/derivatives/fmriprep/sub-13/func/sub-13_task-heatpainwithregulationandratings_run-09_desc-confounds_timeseries.tsv	KEEP_WITH_WARNING	False	OK	WARN_OUTLIER_BURDEN	OK	0.1674422540924572	1.7604893392506544	1.9230769230769231	31.57894736842105	108	209	2.0	418.0	408.7600000000002	10.215999999999894	0	0	True	11	22	11	<PROJECT_ROOT>/derivatives/first_level_inputs_analysis/sub-13/run-09/events_long.tsv	<PROJECT_ROOT>/derivatives/first_level_inputs_analysis/sub-13/run-09/events_stim.tsv	209	35	35	86.67951595338783	173	169	True	<PROJECT_ROOT>/derivatives/first_level_inputs_analysis/sub-13/run-09/confounds_standard.tsv	<PROJECT_ROOT>/derivatives/first_level_inputs_analysis/sub-13/run-09/confounds_standard.json	standard	False	5	fd05	0.5	True	4	66	0	0	OK	READY	OK
sub-14	1	run-01	<PROJECT_ROOT>/derivatives/smoothed_fwhm6/sub-14/func/sub-14_task-heatpainwithregulationandratings_run-01_space-MNI152NLin2009cAsym_desc-smoothedFWHM6_bold.nii.gz	<PROJECT_ROOT>/derivatives/fmriprep/sub-14/func/sub-14_task-heatpainwithregulationandratings_run-01_space-MNI152NLin2009cAsym_desc-preproc_bold.nii.gz	<PROJECT_ROOT>/derivatives/fmriprep/sub-14/func/sub-14_task-heatpainwithregulationandratings_run-01_space-MNI152NLin2009cAsym_desc-brain_mask.nii.gz	<PROJECT_ROOT>/derivatives/fmriprep/sub-14/func/sub-14_task-heatpainwithregulationandratings_run-01_desc-confounds_timeseries.tsv	KEEP	False	OK	OK	OK	0.1072330841446928	0.8026404922065122	1.4423076923076923	17.703349282296653	137	209	2.0	418.0	407.711	10.216	0	0	True	11	22	11	<PROJECT_ROOT>/derivatives/first_level_inputs_analysis/sub-14/run-01/events_long.tsv	<PROJECT_ROOT>/derivatives/first_level_inputs_analysis/sub-14/run-01/events_stim.tsv	209	34	34	72.52663053201192	174	170	True	<PROJECT_ROOT>/derivatives/first_level_inputs_analysis/sub-14/run-01/confounds_standard.tsv	<PROJECT_ROOT>/derivatives/first_level_inputs_analysis/sub-14/run-01/confounds_standard.json	standard	False	5	fd05	0.5	True	3	37	0	0	OK	READY	OK
sub-14	2	run-02	<PROJECT_ROOT>/derivatives/smoothed_fwhm6/sub-14/func/sub-14_task-heatpainwithregulationandratings_run-02_space-MNI152NLin2009cAsym_desc-smoothedFWHM6_bold.nii.gz	<PROJECT_ROOT>/derivatives/fmriprep/sub-14/func/sub-14_task-heatpainwithregulationandratings_run-02_space-MNI152NLin2009cAsym_desc-preproc_bold.nii.gz	<PROJECT_ROOT>/derivatives/fmriprep/sub-14/func/sub-14_task-heatpainwithregulationandratings_run-02_space-MNI152NLin2009cAsym_desc-brain_mask.nii.gz	<PROJECT_ROOT>/derivatives/fmriprep/sub-14/func/sub-14_task-heatpainwithregulationandratings_run-02_desc-confounds_timeseries.tsv	KEEP_WITH_WARNING	False	OK	WARN_OUTLIER_BURDEN	OK	0.093293844940487	0.4581766561683947	0.0	25.358851674641148	121	209	2.0	418.0	409.733	10.216000000000008	0	0	True	11	22	11	<PROJECT_ROOT>/derivatives/first_level_inputs_analysis/sub-14/run-02/events_long.tsv	<PROJECT_ROOT>/derivatives/first_level_inputs_analysis/sub-14/run-02/events_stim.tsv	209	31	31	106.32664725015131	177	173	True	<PROJECT_ROOT>/derivatives/first_level_inputs_analysis/sub-14/run-02/confounds_standard.tsv	<PROJECT_ROOT>/derivatives/first_level_inputs_analysis/sub-14/run-02/confounds_standard.json	standard	False	5	fd05	0.5	True	0	53	0	0	OK	READY	OK
sub-14	3	run-03	<PROJECT_ROOT>/derivatives/smoothed_fwhm6/sub-14/func/sub-14_task-heatpainwithregulationandratings_run-03_space-MNI152NLin2009cAsym_desc-smoothedFWHM6_bold.nii.gz	<PROJECT_ROOT>/derivatives/fmriprep/sub-14/func/sub-14_task-heatpainwithregulationandratings_run-03_space-MNI152NLin2009cAsym_desc-preproc_bold.nii.gz	<PROJECT_ROOT>/derivatives/fmriprep/sub-14/func/sub-14_task-heatpainwithregulationandratings_run-03_space-MNI152NLin2009cAsym_desc-brain_mask.nii.gz	<PROJECT_ROOT>/derivatives/fmriprep/sub-14/func/sub-14_task-heatpainwithregulationandratings_run-03_desc-confounds_timeseries.tsv	KEEP	False	OK	OK	OK	0.0944876270767915	0.7562210205575818	1.0526315789473684	16.75392670157068	125	191	2.0	382.0	374.52	10.216000000000008	0	0	True	10	20	10	<PROJECT_ROOT>/derivatives/first_level_inputs_analysis/sub-14/run-03/events_long.tsv	<PROJECT_ROOT>/derivatives/first_level_inputs_analysis/sub-14/run-03/events_stim.tsv	191	33	33	34.68533612590113	157	153	True	<PROJECT_ROOT>/derivatives/first_level_inputs_analysis/sub-14/run-03/confounds_standard.tsv	<PROJECT_ROOT>/derivatives/first_level_inputs_analysis/sub-14/run-03/confounds_standard.json	standard	False	5	fd05	0.5	True	2	32	0	0	OK	READY	OK
sub-14	4	run-04	<PROJECT_ROOT>/derivatives/smoothed_fwhm6/sub-14/func/sub-14_task-heatpainwithregulationandratings_run-04_space-MNI152NLin2009cAsym_desc-smoothedFWHM6_bold.nii.gz	<PROJECT_ROOT>/derivatives/fmriprep/sub-14/func/sub-14_task-heatpainwithregulationandratings_run-04_space-MNI152NLin2009cAsym_desc-preproc_bold.nii.gz	<PROJECT_ROOT>/derivatives/fmriprep/sub-14/func/sub-14_task-heatpainwithregulationandratings_run-04_space-MNI152NLin2009cAsym_desc-brain_mask.nii.gz	<PROJECT_ROOT>/derivatives/fmriprep/sub-14/func/sub-14_task-heatpainwithregulationandratings_run-04_desc-confounds_timeseries.tsv	KEEP_FOR_MAIN_BUT_SENSITIVITY_EXCLUDE_CANDIDATE	True	OK	HIGH_OUTLIER_BURDEN,WARN_LOW_ESTIMATED_DOF	OK	0.0761912767653658	0.2912881226859669	0.0	40.19138755980861	90	209	2.0	418.0	406.791	10.215999999999894	0	0	True	11	22	11	<PROJECT_ROOT>/derivatives/first_level_inputs_analysis/sub-14/run-04/events_long.tsv	<PROJECT_ROOT>/derivatives/first_level_inputs_analysis/sub-14/run-04/events_stim.tsv	209	31	31	27.77623841391443	177	173	True	<PROJECT_ROOT>/derivatives/first_level_inputs_analysis/sub-14/run-04/confounds_standard.tsv	<PROJECT_ROOT>/derivatives/first_level_inputs_analysis/sub-14/run-04/confounds_standard.json	standard	False	5	fd05	0.5	True	0	84	0	0	OK	READY	OK
sub-14	5	run-05	<PROJECT_ROOT>/derivatives/smoothed_fwhm6/sub-14/func/sub-14_task-heatpainwithregulationandratings_run-05_space-MNI152NLin2009cAsym_desc-smoothedFWHM6_bold.nii.gz	<PROJECT_ROOT>/derivatives/fmriprep/sub-14/func/sub-14_task-heatpainwithregulationandratings_run-05_space-MNI152NLin2009cAsym_desc-preproc_bold.nii.gz	<PROJECT_ROOT>/derivatives/fmriprep/sub-14/func/sub-14_task-heatpainwithregulationandratings_run-05_space-MNI152NLin2009cAsym_desc-brain_mask.nii.gz	<PROJECT_ROOT>/derivatives/fmriprep/sub-14/func/sub-14_task-heatpainwithregulationandratings_run-05_desc-confounds_timeseries.tsv	KEEP_FOR_MAIN_BUT_SENSITIVITY_EXCLUDE_CANDIDATE	True	OK	HIGH_OUTLIER_BURDEN,WARN_LOW_ESTIMATED_DOF	OK	0.0904342022528927	0.3332302097395399	0.0	37.32057416267943	96	209	2.0	418.0	408.709	10.215999999999894	0	0	True	11	22	11	<PROJECT_ROOT>/derivatives/first_level_inputs_analysis/sub-14/run-05/events_long.tsv	<PROJECT_ROOT>/derivatives/first_level_inputs_analysis/sub-14/run-05/events_stim.tsv	209	31	31	23.92204572796566	177	173	True	<PROJECT_ROOT>/derivatives/first_level_inputs_analysis/sub-14/run-05/confounds_standard.tsv	<PROJECT_ROOT>/derivatives/first_level_inputs_analysis/sub-14/run-05/confounds_standard.json	standard	False	5	fd05	0.5	True	0	78	0	0	OK	READY	OK
sub-14	6	run-06	<PROJECT_ROOT>/derivatives/smoothed_fwhm6/sub-14/func/sub-14_task-heatpainwithregulationandratings_run-06_space-MNI152NLin2009cAsym_desc-smoothedFWHM6_bold.nii.gz	<PROJECT_ROOT>/derivatives/fmriprep/sub-14/func/sub-14_task-heatpainwithregulationandratings_run-06_space-MNI152NLin2009cAsym_desc-preproc_bold.nii.gz	<PROJECT_ROOT>/derivatives/fmriprep/sub-14/func/sub-14_task-heatpainwithregulationandratings_run-06_space-MNI152NLin2009cAsym_desc-brain_mask.nii.gz	<PROJECT_ROOT>/derivatives/fmriprep/sub-14/func/sub-14_task-heatpainwithregulationandratings_run-06_desc-confounds_timeseries.tsv	KEEP_WITH_WARNING	False	OK	WARN_OUTLIER_BURDEN	OK	0.0969973895512073	0.5370925676038679	0.4807692307692308	34.44976076555024	102	209	2.0	418.0	408.7249999999999	10.215999999999894	0	0	True	11	22	11	<PROJECT_ROOT>/derivatives/first_level_inputs_analysis/sub-14/run-06/events_long.tsv	<PROJECT_ROOT>/derivatives/first_level_inputs_analysis/sub-14/run-06/events_stim.tsv	209	32	32	26.021849070529576	176	172	True	<PROJECT_ROOT>/derivatives/first_level_inputs_analysis/sub-14/run-06/confounds_standard.tsv	<PROJECT_ROOT>/derivatives/first_level_inputs_analysis/sub-14/run-06/confounds_standard.json	standard	False	5	fd05	0.5	True	1	72	0	0	OK	READY	OK
sub-14	7	run-07	<PROJECT_ROOT>/derivatives/smoothed_fwhm6/sub-14/func/sub-14_task-heatpainwithregulationandratings_run-07_space-MNI152NLin2009cAsym_desc-smoothedFWHM6_bold.nii.gz	<PROJECT_ROOT>/derivatives/fmriprep/sub-14/func/sub-14_task-heatpainwithregulationandratings_run-07_space-MNI152NLin2009cAsym_desc-preproc_bold.nii.gz	<PROJECT_ROOT>/derivatives/fmriprep/sub-14/func/sub-14_task-heatpainwithregulationandratings_run-07_space-MNI152NLin2009cAsym_desc-brain_mask.nii.gz	<PROJECT_ROOT>/derivatives/fmriprep/sub-14/func/sub-14_task-heatpainwithregulationandratings_run-07_desc-confounds_timeseries.tsv	KEEP	False	OK	OK	OK	0.1179446581142578	0.8124908113471143	2.631578947368421	16.230366492146597	126	191	2.0	382.0	374.48700000000014	10.215999999999894	0	0	True	10	20	10	<PROJECT_ROOT>/derivatives/first_level_inputs_analysis/sub-14/run-07/events_long.tsv	<PROJECT_ROOT>/derivatives/first_level_inputs_analysis/sub-14/run-07/events_stim.tsv	191	36	36	47.60889118162038	154	150	True	<PROJECT_ROOT>/derivatives/first_level_inputs_analysis/sub-14/run-07/confounds_standard.tsv	<PROJECT_ROOT>/derivatives/first_level_inputs_analysis/sub-14/run-07/confounds_standard.json	standard	False	5	fd05	0.5	True	5	31	0	0	OK	READY	OK
sub-14	8	run-08	<PROJECT_ROOT>/derivatives/smoothed_fwhm6/sub-14/func/sub-14_task-heatpainwithregulationandratings_run-08_space-MNI152NLin2009cAsym_desc-smoothedFWHM6_bold.nii.gz	<PROJECT_ROOT>/derivatives/fmriprep/sub-14/func/sub-14_task-heatpainwithregulationandratings_run-08_space-MNI152NLin2009cAsym_desc-preproc_bold.nii.gz	<PROJECT_ROOT>/derivatives/fmriprep/sub-14/func/sub-14_task-heatpainwithregulationandratings_run-08_space-MNI152NLin2009cAsym_desc-brain_mask.nii.gz	<PROJECT_ROOT>/derivatives/fmriprep/sub-14/func/sub-14_task-heatpainwithregulationandratings_run-08_desc-confounds_timeseries.tsv	KEEP_FOR_MAIN_BUT_SENSITIVITY_EXCLUDE_CANDIDATE	True	OK	HIGH_OUTLIER_BURDEN,WARN_LOW_ESTIMATED_DOF	OK	0.093377093429734	0.3991711551372873	0.0	36.36363636363637	98	209	2.0	418.0	408.7739999999999	10.215999999999894	0	0	True	11	22	11	<PROJECT_ROOT>/derivatives/first_level_inputs_analysis/sub-14/run-08/events_long.tsv	<PROJECT_ROOT>/derivatives/first_level_inputs_analysis/sub-14/run-08/events_stim.tsv	209	31	31	38.76283957379765	177	173	True	<PROJECT_ROOT>/derivatives/first_level_inputs_analysis/sub-14/run-08/confounds_standard.tsv	<PROJECT_ROOT>/derivatives/first_level_inputs_analysis/sub-14/run-08/confounds_standard.json	standard	False	5	fd05	0.5	True	0	76	0	0	OK	READY	OK
sub-14	9	run-09	<PROJECT_ROOT>/derivatives/smoothed_fwhm6/sub-14/func/sub-14_task-heatpainwithregulationandratings_run-09_space-MNI152NLin2009cAsym_desc-smoothedFWHM6_bold.nii.gz	<PROJECT_ROOT>/derivatives/fmriprep/sub-14/func/sub-14_task-heatpainwithregulationandratings_run-09_space-MNI152NLin2009cAsym_desc-preproc_bold.nii.gz	<PROJECT_ROOT>/derivatives/fmriprep/sub-14/func/sub-14_task-heatpainwithregulationandratings_run-09_space-MNI152NLin2009cAsym_desc-brain_mask.nii.gz	<PROJECT_ROOT>/derivatives/fmriprep/sub-14/func/sub-14_task-heatpainwithregulationandratings_run-09_desc-confounds_timeseries.tsv	KEEP_FOR_MAIN_BUT_SENSITIVITY_EXCLUDE_CANDIDATE	True	OK	HIGH_OUTLIER_BURDEN,WARN_LOW_ESTIMATED_DOF	OK	0.1344852938182111	0.4292488276404552	0.0	45.45454545454545	79	209	2.0	418.0	407.75	10.215999999999894	0	0	True	11	22	11	<PROJECT_ROOT>/derivatives/first_level_inputs_analysis/sub-14/run-09/events_long.tsv	<PROJECT_ROOT>/derivatives/first_level_inputs_analysis/sub-14/run-09/events_stim.tsv	209	31	31	83.7252284085212	177	173	True	<PROJECT_ROOT>/derivatives/first_level_inputs_analysis/sub-14/run-09/confounds_standard.tsv	<PROJECT_ROOT>/derivatives/first_level_inputs_analysis/sub-14/run-09/confounds_standard.json	standard	False	5	fd05	0.5	True	0	95	0	0	OK	READY	OK
sub-15	1	run-01	<PROJECT_ROOT>/derivatives/smoothed_fwhm6/sub-15/func/sub-15_task-heatpainwithregulationandratings_run-01_space-MNI152NLin2009cAsym_desc-smoothedFWHM6_bold.nii.gz	<PROJECT_ROOT>/derivatives/fmriprep/sub-15/func/sub-15_task-heatpainwithregulationandratings_run-01_space-MNI152NLin2009cAsym_desc-preproc_bold.nii.gz	<PROJECT_ROOT>/derivatives/fmriprep/sub-15/func/sub-15_task-heatpainwithregulationandratings_run-01_space-MNI152NLin2009cAsym_desc-brain_mask.nii.gz	<PROJECT_ROOT>/derivatives/fmriprep/sub-15/func/sub-15_task-heatpainwithregulationandratings_run-01_desc-confounds_timeseries.tsv	KEEP_WITH_WARNING	False	OK	WARN_OUTLIER_BURDEN	OK	0.065464943671645	0.2007250217261637	0.0	33.97129186602871	103	209	2.0	418.0	410.688	10.217	0	0	True	11	22	11	<PROJECT_ROOT>/derivatives/first_level_inputs_analysis/sub-15/run-01/events_long.tsv	<PROJECT_ROOT>/derivatives/first_level_inputs_analysis/sub-15/run-01/events_stim.tsv	209	31	31	28.09126443759365	177	173	True	<PROJECT_ROOT>/derivatives/first_level_inputs_analysis/sub-15/run-01/confounds_standard.tsv	<PROJECT_ROOT>/derivatives/first_level_inputs_analysis/sub-15/run-01/confounds_standard.json	standard	False	5	fd05	0.5	True	0	71	0	0	OK	READY	OK
sub-15	2	run-02	<PROJECT_ROOT>/derivatives/smoothed_fwhm6/sub-15/func/sub-15_task-heatpainwithregulationandratings_run-02_space-MNI152NLin2009cAsym_desc-smoothedFWHM6_bold.nii.gz	<PROJECT_ROOT>/derivatives/fmriprep/sub-15/func/sub-15_task-heatpainwithregulationandratings_run-02_space-MNI152NLin2009cAsym_desc-preproc_bold.nii.gz	<PROJECT_ROOT>/derivatives/fmriprep/sub-15/func/sub-15_task-heatpainwithregulationandratings_run-02_space-MNI152NLin2009cAsym_desc-brain_mask.nii.gz	<PROJECT_ROOT>/derivatives/fmriprep/sub-15/func/sub-15_task-heatpainwithregulationandratings_run-02_desc-confounds_timeseries.tsv	KEEP_WITH_WARNING	False	OK	WARN_OUTLIER_BURDEN	OK	0.0722420432675692	0.259999905120348	0.0	33.97129186602871	103	209	2.0	418.0	407.696	10.216000000000008	0	0	True	11	22	11	<PROJECT_ROOT>/derivatives/first_level_inputs_analysis/sub-15/run-02/events_long.tsv	<PROJECT_ROOT>/derivatives/first_level_inputs_analysis/sub-15/run-02/events_stim.tsv	209	31	31	84.38335748426346	177	173	True	<PROJECT_ROOT>/derivatives/first_level_inputs_analysis/sub-15/run-02/confounds_standard.tsv	<PROJECT_ROOT>/derivatives/first_level_inputs_analysis/sub-15/run-02/confounds_standard.json	standard	False	5	fd05	0.5	True	0	71	0	0	OK	READY	OK
sub-15	3	run-03	<PROJECT_ROOT>/derivatives/smoothed_fwhm6/sub-15/func/sub-15_task-heatpainwithregulationandratings_run-03_space-MNI152NLin2009cAsym_desc-smoothedFWHM6_bold.nii.gz	<PROJECT_ROOT>/derivatives/fmriprep/sub-15/func/sub-15_task-heatpainwithregulationandratings_run-03_space-MNI152NLin2009cAsym_desc-preproc_bold.nii.gz	<PROJECT_ROOT>/derivatives/fmriprep/sub-15/func/sub-15_task-heatpainwithregulationandratings_run-03_space-MNI152NLin2009cAsym_desc-brain_mask.nii.gz	<PROJECT_ROOT>/derivatives/fmriprep/sub-15/func/sub-15_task-heatpainwithregulationandratings_run-03_desc-confounds_timeseries.tsv	KEEP_WITH_WARNING	False	OK	WARN_OUTLIER_BURDEN	OK	0.0813382406451091	0.2047191204095816	0.0	26.701570680628272	106	191	2.0	382.0	374.471	10.216000000000008	0	0	True	10	20	10	<PROJECT_ROOT>/derivatives/first_level_inputs_analysis/sub-15/run-03/events_long.tsv	<PROJECT_ROOT>/derivatives/first_level_inputs_analysis/sub-15/run-03/events_stim.tsv	191	31	31	35.8472238874534	159	155	True	<PROJECT_ROOT>/derivatives/first_level_inputs_analysis/sub-15/run-03/confounds_standard.tsv	<PROJECT_ROOT>/derivatives/first_level_inputs_analysis/sub-15/run-03/confounds_standard.json	standard	False	5	fd05	0.5	True	0	51	0	0	OK	READY	OK
sub-15	4	run-04	<PROJECT_ROOT>/derivatives/smoothed_fwhm6/sub-15/func/sub-15_task-heatpainwithregulationandratings_run-04_space-MNI152NLin2009cAsym_desc-smoothedFWHM6_bold.nii.gz	<PROJECT_ROOT>/derivatives/fmriprep/sub-15/func/sub-15_task-heatpainwithregulationandratings_run-04_space-MNI152NLin2009cAsym_desc-preproc_bold.nii.gz	<PROJECT_ROOT>/derivatives/fmriprep/sub-15/func/sub-15_task-heatpainwithregulationandratings_run-04_space-MNI152NLin2009cAsym_desc-brain_mask.nii.gz	<PROJECT_ROOT>/derivatives/fmriprep/sub-15/func/sub-15_task-heatpainwithregulationandratings_run-04_desc-confounds_timeseries.tsv	KEEP	False	OK	OK	OK	0.0728127995859119	0.2260090851984362	0.0	7.655502392344498	158	209	2.0	418.0	406.732	10.215999999999894	0	0	True	11	22	11	<PROJECT_ROOT>/derivatives/first_level_inputs_analysis/sub-15/run-04/events_long.tsv	<PROJECT_ROOT>/derivatives/first_level_inputs_analysis/sub-15/run-04/events_stim.tsv	209	31	31	35.63078688164448	177	173	True	<PROJECT_ROOT>/derivatives/first_level_inputs_analysis/sub-15/run-04/confounds_standard.tsv	<PROJECT_ROOT>/derivatives/first_level_inputs_analysis/sub-15/run-04/confounds_standard.json	standard	False	5	fd05	0.5	True	0	16	0	0	OK	READY	OK
sub-15	5	run-05	<PROJECT_ROOT>/derivatives/smoothed_fwhm6/sub-15/func/sub-15_task-heatpainwithregulationandratings_run-05_space-MNI152NLin2009cAsym_desc-smoothedFWHM6_bold.nii.gz	<PROJECT_ROOT>/derivatives/fmriprep/sub-15/func/sub-15_task-heatpainwithregulationandratings_run-05_space-MNI152NLin2009cAsym_desc-preproc_bold.nii.gz	<PROJECT_ROOT>/derivatives/fmriprep/sub-15/func/sub-15_task-heatpainwithregulationandratings_run-05_space-MNI152NLin2009cAsym_desc-brain_mask.nii.gz	<PROJECT_ROOT>/derivatives/fmriprep/sub-15/func/sub-15_task-heatpainwithregulationandratings_run-05_desc-confounds_timeseries.tsv	KEEP_WITH_WARNING	False	OK	WARN_OUTLIER_BURDEN	OK	0.0814128005498193	0.4520492496566392	0.0	34.44976076555024	102	209	2.0	418.0	408.72600000000017	10.215999999999894	0	0	True	11	22	11	<PROJECT_ROOT>/derivatives/first_level_inputs_analysis/sub-15/run-05/events_long.tsv	<PROJECT_ROOT>/derivatives/first_level_inputs_analysis/sub-15/run-05/events_stim.tsv	209	31	31	37.430834073096705	177	173	True	<PROJECT_ROOT>/derivatives/first_level_inputs_analysis/sub-15/run-05/confounds_standard.tsv	<PROJECT_ROOT>/derivatives/first_level_inputs_analysis/sub-15/run-05/confounds_standard.json	standard	False	5	fd05	0.5	True	0	72	0	0	OK	READY	OK
sub-15	6	run-06	<PROJECT_ROOT>/derivatives/smoothed_fwhm6/sub-15/func/sub-15_task-heatpainwithregulationandratings_run-06_space-MNI152NLin2009cAsym_desc-smoothedFWHM6_bold.nii.gz	<PROJECT_ROOT>/derivatives/fmriprep/sub-15/func/sub-15_task-heatpainwithregulationandratings_run-06_space-MNI152NLin2009cAsym_desc-preproc_bold.nii.gz	<PROJECT_ROOT>/derivatives/fmriprep/sub-15/func/sub-15_task-heatpainwithregulationandratings_run-06_space-MNI152NLin2009cAsym_desc-brain_mask.nii.gz	<PROJECT_ROOT>/derivatives/fmriprep/sub-15/func/sub-15_task-heatpainwithregulationandratings_run-06_desc-confounds_timeseries.tsv	KEEP	False	OK	OK	OK	0.0774379398289949	0.3355524241142801	0.0	17.22488038277512	138	209	2.0	418.0	407.7300000000001	10.215999999999894	0	0	True	11	22	11	<PROJECT_ROOT>/derivatives/first_level_inputs_analysis/sub-15/run-06/events_long.tsv	<PROJECT_ROOT>/derivatives/first_level_inputs_analysis/sub-15/run-06/events_stim.tsv	209	31	31	24.099089386978914	177	173	True	<PROJECT_ROOT>/derivatives/first_level_inputs_analysis/sub-15/run-06/confounds_standard.tsv	<PROJECT_ROOT>/derivatives/first_level_inputs_analysis/sub-15/run-06/confounds_standard.json	standard	False	5	fd05	0.5	True	0	36	0	0	OK	READY	OK
sub-15	7	run-07	<PROJECT_ROOT>/derivatives/smoothed_fwhm6/sub-15/func/sub-15_task-heatpainwithregulationandratings_run-07_space-MNI152NLin2009cAsym_desc-smoothedFWHM6_bold.nii.gz	<PROJECT_ROOT>/derivatives/fmriprep/sub-15/func/sub-15_task-heatpainwithregulationandratings_run-07_space-MNI152NLin2009cAsym_desc-preproc_bold.nii.gz	<PROJECT_ROOT>/derivatives/fmriprep/sub-15/func/sub-15_task-heatpainwithregulationandratings_run-07_space-MNI152NLin2009cAsym_desc-brain_mask.nii.gz	<PROJECT_ROOT>/derivatives/fmriprep/sub-15/func/sub-15_task-heatpainwithregulationandratings_run-07_desc-confounds_timeseries.tsv	KEEP_FOR_MAIN_BUT_SENSITIVITY_EXCLUDE_CANDIDATE	True	OK	HIGH_OUTLIER_BURDEN,WARN_LOW_ESTIMATED_DOF	OK	0.0768463523137297	0.2273650447976918	0.0	46.07329842931937	69	191	2.0	382.0	372.49400000000014	10.215999999999894	0	0	True	10	20	10	<PROJECT_ROOT>/derivatives/first_level_inputs_analysis/sub-15/run-07/events_long.tsv	<PROJECT_ROOT>/derivatives/first_level_inputs_analysis/sub-15/run-07/events_stim.tsv	191	31	31	33.75066938069761	159	155	True	<PROJECT_ROOT>/derivatives/first_level_inputs_analysis/sub-15/run-07/confounds_standard.tsv	<PROJECT_ROOT>/derivatives/first_level_inputs_analysis/sub-15/run-07/confounds_standard.json	standard	False	5	fd05	0.5	True	0	88	0	0	OK	READY	OK
sub-15	8	run-08	<PROJECT_ROOT>/derivatives/smoothed_fwhm6/sub-15/func/sub-15_task-heatpainwithregulationandratings_run-08_space-MNI152NLin2009cAsym_desc-smoothedFWHM6_bold.nii.gz	<PROJECT_ROOT>/derivatives/fmriprep/sub-15/func/sub-15_task-heatpainwithregulationandratings_run-08_space-MNI152NLin2009cAsym_desc-preproc_bold.nii.gz	<PROJECT_ROOT>/derivatives/fmriprep/sub-15/func/sub-15_task-heatpainwithregulationandratings_run-08_space-MNI152NLin2009cAsym_desc-brain_mask.nii.gz	<PROJECT_ROOT>/derivatives/fmriprep/sub-15/func/sub-15_task-heatpainwithregulationandratings_run-08_desc-confounds_timeseries.tsv	KEEP_WITH_WARNING	False	OK	WARN_OUTLIER_BURDEN	OK	0.0724008048563706	0.2194821735273391	0.0	31.100478468899524	109	209	2.0	418.0	409.7399999999998	10.215999999999894	0	0	True	11	22	11	<PROJECT_ROOT>/derivatives/first_level_inputs_analysis/sub-15/run-08/events_long.tsv	<PROJECT_ROOT>/derivatives/first_level_inputs_analysis/sub-15/run-08/events_stim.tsv	209	31	31	26.68980759919236	177	173	True	<PROJECT_ROOT>/derivatives/first_level_inputs_analysis/sub-15/run-08/confounds_standard.tsv	<PROJECT_ROOT>/derivatives/first_level_inputs_analysis/sub-15/run-08/confounds_standard.json	standard	False	5	fd05	0.5	True	0	65	0	0	OK	READY	OK
sub-15	9	run-09	<PROJECT_ROOT>/derivatives/smoothed_fwhm6/sub-15/func/sub-15_task-heatpainwithregulationandratings_run-09_space-MNI152NLin2009cAsym_desc-smoothedFWHM6_bold.nii.gz	<PROJECT_ROOT>/derivatives/fmriprep/sub-15/func/sub-15_task-heatpainwithregulationandratings_run-09_space-MNI152NLin2009cAsym_desc-preproc_bold.nii.gz	<PROJECT_ROOT>/derivatives/fmriprep/sub-15/func/sub-15_task-heatpainwithregulationandratings_run-09_space-MNI152NLin2009cAsym_desc-brain_mask.nii.gz	<PROJECT_ROOT>/derivatives/fmriprep/sub-15/func/sub-15_task-heatpainwithregulationandratings_run-09_desc-confounds_timeseries.tsv	KEEP_FOR_MAIN_BUT_SENSITIVITY_EXCLUDE_CANDIDATE	True	OK	WARN_OUTLIER_BURDEN,WARN_LOW_ESTIMATED_DOF	OK	0.093391031074678	0.6530139211658743	0.4807692307692308	34.92822966507177	98	209	2.0	418.0	409.72400000000016	10.217000000000098	0	0	True	11	22	11	<PROJECT_ROOT>/derivatives/first_level_inputs_analysis/sub-15/run-09/events_long.tsv	<PROJECT_ROOT>/derivatives/first_level_inputs_analysis/sub-15/run-09/events_stim.tsv	209	35	35	77.16152529336607	173	169	True	<PROJECT_ROOT>/derivatives/first_level_inputs_analysis/sub-15/run-09/confounds_standard.tsv	<PROJECT_ROOT>/derivatives/first_level_inputs_analysis/sub-15/run-09/confounds_standard.json	standard	False	5	fd05	0.5	True	1	73	0	3	OK	READY	OK
sub-16	1	run-01	<PROJECT_ROOT>/derivatives/smoothed_fwhm6/sub-16/func/sub-16_task-heatpainwithregulationandratings_run-01_space-MNI152NLin2009cAsym_desc-smoothedFWHM6_bold.nii.gz	<PROJECT_ROOT>/derivatives/fmriprep/sub-16/func/sub-16_task-heatpainwithregulationandratings_run-01_space-MNI152NLin2009cAsym_desc-preproc_bold.nii.gz	<PROJECT_ROOT>/derivatives/fmriprep/sub-16/func/sub-16_task-heatpainwithregulationandratings_run-01_space-MNI152NLin2009cAsym_desc-brain_mask.nii.gz	<PROJECT_ROOT>/derivatives/fmriprep/sub-16/func/sub-16_task-heatpainwithregulationandratings_run-01_desc-confounds_timeseries.tsv	KEEP	False	OK	OK	OK	0.1221807598262611	0.6130326521482832	0.9615384615384616	18.181818181818183	136	209	2.0	418.0	409.72	10.216	0	0	True	11	22	11	<PROJECT_ROOT>/derivatives/first_level_inputs_analysis/sub-16/run-01/events_long.tsv	<PROJECT_ROOT>/derivatives/first_level_inputs_analysis/sub-16/run-01/events_stim.tsv	209	33	33	51.713413223409944	175	171	True	<PROJECT_ROOT>/derivatives/first_level_inputs_analysis/sub-16/run-01/confounds_standard.tsv	<PROJECT_ROOT>/derivatives/first_level_inputs_analysis/sub-16/run-01/confounds_standard.json	standard	False	5	fd05	0.5	True	2	38	0	0	OK	READY	OK
sub-16	2	run-02	<PROJECT_ROOT>/derivatives/smoothed_fwhm6/sub-16/func/sub-16_task-heatpainwithregulationandratings_run-02_space-MNI152NLin2009cAsym_desc-smoothedFWHM6_bold.nii.gz	<PROJECT_ROOT>/derivatives/fmriprep/sub-16/func/sub-16_task-heatpainwithregulationandratings_run-02_space-MNI152NLin2009cAsym_desc-preproc_bold.nii.gz	<PROJECT_ROOT>/derivatives/fmriprep/sub-16/func/sub-16_task-heatpainwithregulationandratings_run-02_space-MNI152NLin2009cAsym_desc-brain_mask.nii.gz	<PROJECT_ROOT>/derivatives/fmriprep/sub-16/func/sub-16_task-heatpainwithregulationandratings_run-02_desc-confounds_timeseries.tsv	KEEP_FOR_MAIN_BUT_SENSITIVITY_EXCLUDE_CANDIDATE	True	OK	HIGH_OUTLIER_BURDEN,SEVERE_LOW_ESTIMATED_DOF	OK	0.1176911593300903	0.332753019293662	0.0	65.07177033492823	38	209	2.0	418.0	409.769	10.216000000000008	0	0	True	11	22	11	<PROJECT_ROOT>/derivatives/first_level_inputs_analysis/sub-16/run-02/events_long.tsv	<PROJECT_ROOT>/derivatives/first_level_inputs_analysis/sub-16/run-02/events_stim.tsv	209	31	31	32.845500496020406	177	173	True	<PROJECT_ROOT>/derivatives/first_level_inputs_analysis/sub-16/run-02/confounds_standard.tsv	<PROJECT_ROOT>/derivatives/first_level_inputs_analysis/sub-16/run-02/confounds_standard.json	standard	False	5	fd05	0.5	True	0	136	0	0	OK	READY	OK
sub-16	3	run-03	<PROJECT_ROOT>/derivatives/smoothed_fwhm6/sub-16/func/sub-16_task-heatpainwithregulationandratings_run-03_space-MNI152NLin2009cAsym_desc-smoothedFWHM6_bold.nii.gz	<PROJECT_ROOT>/derivatives/fmriprep/sub-16/func/sub-16_task-heatpainwithregulationandratings_run-03_space-MNI152NLin2009cAsym_desc-preproc_bold.nii.gz	<PROJECT_ROOT>/derivatives/fmriprep/sub-16/func/sub-16_task-heatpainwithregulationandratings_run-03_space-MNI152NLin2009cAsym_desc-brain_mask.nii.gz	<PROJECT_ROOT>/derivatives/fmriprep/sub-16/func/sub-16_task-heatpainwithregulationandratings_run-03_desc-confounds_timeseries.tsv	KEEP	False	OK	OK	OK	0.1457355925145239	0.4833980797938158	0.0	7.853403141361256	142	191	2.0	382.0	372.539	10.216000000000008	0	0	True	10	20	10	<PROJECT_ROOT>/derivatives/first_level_inputs_analysis/sub-16/run-03/events_long.tsv	<PROJECT_ROOT>/derivatives/first_level_inputs_analysis/sub-16/run-03/events_stim.tsv	191	31	31	12.129857149025721	159	155	True	<PROJECT_ROOT>/derivatives/first_level_inputs_analysis/sub-16/run-03/confounds_standard.tsv	<PROJECT_ROOT>/derivatives/first_level_inputs_analysis/sub-16/run-03/confounds_standard.json	standard	False	5	fd05	0.5	True	0	15	0	0	OK	READY	OK
sub-16	4	run-04	<PROJECT_ROOT>/derivatives/smoothed_fwhm6/sub-16/func/sub-16_task-heatpainwithregulationandratings_run-04_space-MNI152NLin2009cAsym_desc-smoothedFWHM6_bold.nii.gz	<PROJECT_ROOT>/derivatives/fmriprep/sub-16/func/sub-16_task-heatpainwithregulationandratings_run-04_space-MNI152NLin2009cAsym_desc-preproc_bold.nii.gz	<PROJECT_ROOT>/derivatives/fmriprep/sub-16/func/sub-16_task-heatpainwithregulationandratings_run-04_space-MNI152NLin2009cAsym_desc-brain_mask.nii.gz	<PROJECT_ROOT>/derivatives/fmriprep/sub-16/func/sub-16_task-heatpainwithregulationandratings_run-04_desc-confounds_timeseries.tsv	KEEP	False	OK	OK	OK	0.1524422064424586	0.4975314773039327	0.0	14.832535885167465	143	209	2.0	418.0	408.75600000000014	10.215999999999894	0	0	True	11	22	11	<PROJECT_ROOT>/derivatives/first_level_inputs_analysis/sub-16/run-04/events_long.tsv	<PROJECT_ROOT>/derivatives/first_level_inputs_analysis/sub-16/run-04/events_stim.tsv	209	31	31	14.881608211723616	177	173	True	<PROJECT_ROOT>/derivatives/first_level_inputs_analysis/sub-16/run-04/confounds_standard.tsv	<PROJECT_ROOT>/derivatives/first_level_inputs_analysis/sub-16/run-04/confounds_standard.json	standard	False	5	fd05	0.5	True	0	31	0	0	OK	READY	OK
sub-16	5	run-05	<PROJECT_ROOT>/derivatives/smoothed_fwhm6/sub-16/func/sub-16_task-heatpainwithregulationandratings_run-05_space-MNI152NLin2009cAsym_desc-smoothedFWHM6_bold.nii.gz	<PROJECT_ROOT>/derivatives/fmriprep/sub-16/func/sub-16_task-heatpainwithregulationandratings_run-05_space-MNI152NLin2009cAsym_desc-preproc_bold.nii.gz	<PROJECT_ROOT>/derivatives/fmriprep/sub-16/func/sub-16_task-heatpainwithregulationandratings_run-05_space-MNI152NLin2009cAsym_desc-brain_mask.nii.gz	<PROJECT_ROOT>/derivatives/fmriprep/sub-16/func/sub-16_task-heatpainwithregulationandratings_run-05_desc-confounds_timeseries.tsv	KEEP_FOR_MAIN_BUT_SENSITIVITY_EXCLUDE_CANDIDATE	True	OK	HIGH_OUTLIER_BURDEN,SEVERE_LOW_ESTIMATED_DOF	OK	0.1553197203676651	0.6313689522639213	0.9615384615384616	67.46411483253588	33	209	2.0	418.0	408.75600000000014	10.215999999999894	0	0	True	11	22	11	<PROJECT_ROOT>/derivatives/first_level_inputs_analysis/sub-16/run-05/events_long.tsv	<PROJECT_ROOT>/derivatives/first_level_inputs_analysis/sub-16/run-05/events_stim.tsv	209	33	33	15.63308248017683	175	171	True	<PROJECT_ROOT>/derivatives/first_level_inputs_analysis/sub-16/run-05/confounds_standard.tsv	<PROJECT_ROOT>/derivatives/first_level_inputs_analysis/sub-16/run-05/confounds_standard.json	standard	False	5	fd05	0.5	True	2	141	0	0	OK	READY	OK
sub-16	6	run-06	<PROJECT_ROOT>/derivatives/smoothed_fwhm6/sub-16/func/sub-16_task-heatpainwithregulationandratings_run-06_space-MNI152NLin2009cAsym_desc-smoothedFWHM6_bold.nii.gz	<PROJECT_ROOT>/derivatives/fmriprep/sub-16/func/sub-16_task-heatpainwithregulationandratings_run-06_space-MNI152NLin2009cAsym_desc-preproc_bold.nii.gz	<PROJECT_ROOT>/derivatives/fmriprep/sub-16/func/sub-16_task-heatpainwithregulationandratings_run-06_space-MNI152NLin2009cAsym_desc-brain_mask.nii.gz	<PROJECT_ROOT>/derivatives/fmriprep/sub-16/func/sub-16_task-heatpainwithregulationandratings_run-06_desc-confounds_timeseries.tsv	KEEP_FOR_MAIN_BUT_SENSITIVITY_EXCLUDE_CANDIDATE	True	OK	HIGH_OUTLIER_BURDEN,SEVERE_LOW_ESTIMATED_DOF	OK	0.1513368570662753	0.5648041077090968	0.9615384615384616	60.28708133971292	44	209	2.0	418.0	407.77500000000015	10.215999999999894	0	0	True	11	22	11	<PROJECT_ROOT>/derivatives/first_level_inputs_analysis/sub-16/run-06/events_long.tsv	<PROJECT_ROOT>/derivatives/first_level_inputs_analysis/sub-16/run-06/events_stim.tsv	209	37	37	18.434761005243242	171	167	True	<PROJECT_ROOT>/derivatives/first_level_inputs_analysis/sub-16/run-06/confounds_standard.tsv	<PROJECT_ROOT>/derivatives/first_level_inputs_analysis/sub-16/run-06/confounds_standard.json	standard	False	5	fd05	0.5	True	2	126	0	4	OK	READY	OK
sub-16	7	run-07	<PROJECT_ROOT>/derivatives/smoothed_fwhm6/sub-16/func/sub-16_task-heatpainwithregulationandratings_run-07_space-MNI152NLin2009cAsym_desc-smoothedFWHM6_bold.nii.gz	<PROJECT_ROOT>/derivatives/fmriprep/sub-16/func/sub-16_task-heatpainwithregulationandratings_run-07_space-MNI152NLin2009cAsym_desc-preproc_bold.nii.gz	<PROJECT_ROOT>/derivatives/fmriprep/sub-16/func/sub-16_task-heatpainwithregulationandratings_run-07_space-MNI152NLin2009cAsym_desc-brain_mask.nii.gz	<PROJECT_ROOT>/derivatives/fmriprep/sub-16/func/sub-16_task-heatpainwithregulationandratings_run-07_desc-confounds_timeseries.tsv	KEEP	False	OK	OK	OK	0.1381218467485633	0.4824370304891249	0.0	10.471204188481677	137	191	2.0	382.0	371.52599999999984	10.215999999999894	0	0	True	10	20	10	<PROJECT_ROOT>/derivatives/first_level_inputs_analysis/sub-16/run-07/events_long.tsv	<PROJECT_ROOT>/derivatives/first_level_inputs_analysis/sub-16/run-07/events_stim.tsv	191	31	31	18.443188273195315	159	155	True	<PROJECT_ROOT>/derivatives/first_level_inputs_analysis/sub-16/run-07/confounds_standard.tsv	<PROJECT_ROOT>/derivatives/first_level_inputs_analysis/sub-16/run-07/confounds_standard.json	standard	False	5	fd05	0.5	True	0	20	0	0	OK	READY	OK
sub-16	8	run-08	<PROJECT_ROOT>/derivatives/smoothed_fwhm6/sub-16/func/sub-16_task-heatpainwithregulationandratings_run-08_space-MNI152NLin2009cAsym_desc-smoothedFWHM6_bold.nii.gz	<PROJECT_ROOT>/derivatives/fmriprep/sub-16/func/sub-16_task-heatpainwithregulationandratings_run-08_space-MNI152NLin2009cAsym_desc-preproc_bold.nii.gz	<PROJECT_ROOT>/derivatives/fmriprep/sub-16/func/sub-16_task-heatpainwithregulationandratings_run-08_space-MNI152NLin2009cAsym_desc-brain_mask.nii.gz	<PROJECT_ROOT>/derivatives/fmriprep/sub-16/func/sub-16_task-heatpainwithregulationandratings_run-08_desc-confounds_timeseries.tsv	KEEP_FOR_MAIN_BUT_SENSITIVITY_EXCLUDE_CANDIDATE	True	OK	HIGH_OUTLIER_BURDEN,WARN_LOW_ESTIMATED_DOF	OK	0.1066291526357373	0.4150308139298276	0.0	48.32535885167464	73	209	2.0	418.0	407.7249999999999	10.215999999999894	0	0	True	11	22	11	<PROJECT_ROOT>/derivatives/first_level_inputs_analysis/sub-16/run-08/events_long.tsv	<PROJECT_ROOT>/derivatives/first_level_inputs_analysis/sub-16/run-08/events_stim.tsv	209	31	31	9.81501008029884	177	173	True	<PROJECT_ROOT>/derivatives/first_level_inputs_analysis/sub-16/run-08/confounds_standard.tsv	<PROJECT_ROOT>/derivatives/first_level_inputs_analysis/sub-16/run-08/confounds_standard.json	standard	False	5	fd05	0.5	True	0	101	0	0	OK	READY	OK
sub-16	9	run-09	<PROJECT_ROOT>/derivatives/smoothed_fwhm6/sub-16/func/sub-16_task-heatpainwithregulationandratings_run-09_space-MNI152NLin2009cAsym_desc-smoothedFWHM6_bold.nii.gz	<PROJECT_ROOT>/derivatives/fmriprep/sub-16/func/sub-16_task-heatpainwithregulationandratings_run-09_space-MNI152NLin2009cAsym_desc-preproc_bold.nii.gz	<PROJECT_ROOT>/derivatives/fmriprep/sub-16/func/sub-16_task-heatpainwithregulationandratings_run-09_space-MNI152NLin2009cAsym_desc-brain_mask.nii.gz	<PROJECT_ROOT>/derivatives/fmriprep/sub-16/func/sub-16_task-heatpainwithregulationandratings_run-09_desc-confounds_timeseries.tsv	KEEP_FOR_MAIN_BUT_SENSITIVITY_EXCLUDE_CANDIDATE	True	OK	HIGH_OUTLIER_BURDEN,SEVERE_LOW_ESTIMATED_DOF	OK	0.1304941733308472	0.3772977007094605	0.0	63.63636363636363	41	209	2.0	418.0	406.7950000000001	10.215999999999894	0	0	True	11	22	11	<PROJECT_ROOT>/derivatives/first_level_inputs_analysis/sub-16/run-09/events_long.tsv	<PROJECT_ROOT>/derivatives/first_level_inputs_analysis/sub-16/run-09/events_stim.tsv	209	31	31	18.62021778416417	177	173	True	<PROJECT_ROOT>/derivatives/first_level_inputs_analysis/sub-16/run-09/confounds_standard.tsv	<PROJECT_ROOT>/derivatives/first_level_inputs_analysis/sub-16/run-09/confounds_standard.json	standard	False	5	fd05	0.5	True	0	133	0	0	OK	READY	OK
sub-17	1	run-01	<PROJECT_ROOT>/derivatives/smoothed_fwhm6/sub-17/func/sub-17_task-heatpainwithregulationandratings_run-01_space-MNI152NLin2009cAsym_desc-smoothedFWHM6_bold.nii.gz	<PROJECT_ROOT>/derivatives/fmriprep/sub-17/func/sub-17_task-heatpainwithregulationandratings_run-01_space-MNI152NLin2009cAsym_desc-preproc_bold.nii.gz	<PROJECT_ROOT>/derivatives/fmriprep/sub-17/func/sub-17_task-heatpainwithregulationandratings_run-01_space-MNI152NLin2009cAsym_desc-brain_mask.nii.gz	<PROJECT_ROOT>/derivatives/fmriprep/sub-17/func/sub-17_task-heatpainwithregulationandratings_run-01_desc-confounds_timeseries.tsv	KEEP_WITH_WARNING	False	OK	WARN_OUTLIER_BURDEN	OK	0.0806662222994967	0.253707913552287	0.0	22.48803827751196	127	209	2.0	418.0	408.758	10.216	0	0	True	11	22	11	<PROJECT_ROOT>/derivatives/first_level_inputs_analysis/sub-17/run-01/events_long.tsv	<PROJECT_ROOT>/derivatives/first_level_inputs_analysis/sub-17/run-01/events_stim.tsv	209	31	31	41.47472387701505	177	173	True	<PROJECT_ROOT>/derivatives/first_level_inputs_analysis/sub-17/run-01/confounds_standard.tsv	<PROJECT_ROOT>/derivatives/first_level_inputs_analysis/sub-17/run-01/confounds_standard.json	standard	False	5	fd05	0.5	True	0	47	0	0	OK	READY	OK
sub-17	2	run-02	<PROJECT_ROOT>/derivatives/smoothed_fwhm6/sub-17/func/sub-17_task-heatpainwithregulationandratings_run-02_space-MNI152NLin2009cAsym_desc-smoothedFWHM6_bold.nii.gz	<PROJECT_ROOT>/derivatives/fmriprep/sub-17/func/sub-17_task-heatpainwithregulationandratings_run-02_space-MNI152NLin2009cAsym_desc-preproc_bold.nii.gz	<PROJECT_ROOT>/derivatives/fmriprep/sub-17/func/sub-17_task-heatpainwithregulationandratings_run-02_space-MNI152NLin2009cAsym_desc-brain_mask.nii.gz	<PROJECT_ROOT>/derivatives/fmriprep/sub-17/func/sub-17_task-heatpainwithregulationandratings_run-02_desc-confounds_timeseries.tsv	KEEP_WITH_WARNING	False	OK	WARN_OUTLIER_BURDEN	OK	0.0871712818544386	0.3464014078391939	0.0	29.66507177033493	112	209	2.0	418.0	409.787	10.216000000000008	0	0	True	11	22	11	<PROJECT_ROOT>/derivatives/first_level_inputs_analysis/sub-17/run-02/events_long.tsv	<PROJECT_ROOT>/derivatives/first_level_inputs_analysis/sub-17/run-02/events_stim.tsv	209	31	31	31.233970281784043	177	173	True	<PROJECT_ROOT>/derivatives/first_level_inputs_analysis/sub-17/run-02/confounds_standard.tsv	<PROJECT_ROOT>/derivatives/first_level_inputs_analysis/sub-17/run-02/confounds_standard.json	standard	False	5	fd05	0.5	True	0	62	0	0	OK	READY	OK
sub-17	3	run-03	<PROJECT_ROOT>/derivatives/smoothed_fwhm6/sub-17/func/sub-17_task-heatpainwithregulationandratings_run-03_space-MNI152NLin2009cAsym_desc-smoothedFWHM6_bold.nii.gz	<PROJECT_ROOT>/derivatives/fmriprep/sub-17/func/sub-17_task-heatpainwithregulationandratings_run-03_space-MNI152NLin2009cAsym_desc-preproc_bold.nii.gz	<PROJECT_ROOT>/derivatives/fmriprep/sub-17/func/sub-17_task-heatpainwithregulationandratings_run-03_space-MNI152NLin2009cAsym_desc-brain_mask.nii.gz	<PROJECT_ROOT>/derivatives/fmriprep/sub-17/func/sub-17_task-heatpainwithregulationandratings_run-03_desc-confounds_timeseries.tsv	KEEP	False	OK	OK	OK	0.1078755373000173	0.6253150990646994	1.0526315789473684	17.277486910994764	124	191	2.0	382.0	373.48800000000006	10.216000000000008	0	0	True	10	20	10	<PROJECT_ROOT>/derivatives/first_level_inputs_analysis/sub-17/run-03/events_long.tsv	<PROJECT_ROOT>/derivatives/first_level_inputs_analysis/sub-17/run-03/events_stim.tsv	191	33	33	17.978839828055087	157	153	True	<PROJECT_ROOT>/derivatives/first_level_inputs_analysis/sub-17/run-03/confounds_standard.tsv	<PROJECT_ROOT>/derivatives/first_level_inputs_analysis/sub-17/run-03/confounds_standard.json	standard	False	5	fd05	0.5	True	2	33	0	0	OK	READY	OK
sub-17	4	run-04	<PROJECT_ROOT>/derivatives/smoothed_fwhm6/sub-17/func/sub-17_task-heatpainwithregulationandratings_run-04_space-MNI152NLin2009cAsym_desc-smoothedFWHM6_bold.nii.gz	<PROJECT_ROOT>/derivatives/fmriprep/sub-17/func/sub-17_task-heatpainwithregulationandratings_run-04_space-MNI152NLin2009cAsym_desc-preproc_bold.nii.gz	<PROJECT_ROOT>/derivatives/fmriprep/sub-17/func/sub-17_task-heatpainwithregulationandratings_run-04_space-MNI152NLin2009cAsym_desc-brain_mask.nii.gz	<PROJECT_ROOT>/derivatives/fmriprep/sub-17/func/sub-17_task-heatpainwithregulationandratings_run-04_desc-confounds_timeseries.tsv	KEEP_WITH_WARNING	False	OK	WARN_OUTLIER_BURDEN	OK	0.1135345960643833	0.5448138382638916	0.9615384615384616	24.401913875598087	123	209	2.0	418.0	409.72100000000006	10.215999999999894	0	0	True	11	22	11	<PROJECT_ROOT>/derivatives/first_level_inputs_analysis/sub-17/run-04/events_long.tsv	<PROJECT_ROOT>/derivatives/first_level_inputs_analysis/sub-17/run-04/events_stim.tsv	209	33	33	17.14259291154805	175	171	True	<PROJECT_ROOT>/derivatives/first_level_inputs_analysis/sub-17/run-04/confounds_standard.tsv	<PROJECT_ROOT>/derivatives/first_level_inputs_analysis/sub-17/run-04/confounds_standard.json	standard	False	5	fd05	0.5	True	2	51	0	0	OK	READY	OK
sub-17	5	run-05	<PROJECT_ROOT>/derivatives/smoothed_fwhm6/sub-17/func/sub-17_task-heatpainwithregulationandratings_run-05_space-MNI152NLin2009cAsym_desc-smoothedFWHM6_bold.nii.gz	<PROJECT_ROOT>/derivatives/fmriprep/sub-17/func/sub-17_task-heatpainwithregulationandratings_run-05_space-MNI152NLin2009cAsym_desc-preproc_bold.nii.gz	<PROJECT_ROOT>/derivatives/fmriprep/sub-17/func/sub-17_task-heatpainwithregulationandratings_run-05_space-MNI152NLin2009cAsym_desc-brain_mask.nii.gz	<PROJECT_ROOT>/derivatives/fmriprep/sub-17/func/sub-17_task-heatpainwithregulationandratings_run-05_desc-confounds_timeseries.tsv	KEEP_FOR_MAIN_BUT_SENSITIVITY_EXCLUDE_CANDIDATE	True	OK	HIGH_OUTLIER_BURDEN,WARN_LOW_ESTIMATED_DOF	OK	0.1225548522807726	0.4588264283850732	0.0	36.84210526315789	97	209	2.0	418.0	407.76	10.215999999999894	0	0	True	11	22	11	<PROJECT_ROOT>/derivatives/first_level_inputs_analysis/sub-17/run-05/events_long.tsv	<PROJECT_ROOT>/derivatives/first_level_inputs_analysis/sub-17/run-05/events_stim.tsv	209	31	31	14.818328812531604	177	173	True	<PROJECT_ROOT>/derivatives/first_level_inputs_analysis/sub-17/run-05/confounds_standard.tsv	<PROJECT_ROOT>/derivatives/first_level_inputs_analysis/sub-17/run-05/confounds_standard.json	standard	False	5	fd05	0.5	True	0	77	0	0	OK	READY	OK
sub-17	6	run-06	<PROJECT_ROOT>/derivatives/smoothed_fwhm6/sub-17/func/sub-17_task-heatpainwithregulationandratings_run-06_space-MNI152NLin2009cAsym_desc-smoothedFWHM6_bold.nii.gz	<PROJECT_ROOT>/derivatives/fmriprep/sub-17/func/sub-17_task-heatpainwithregulationandratings_run-06_space-MNI152NLin2009cAsym_desc-preproc_bold.nii.gz	<PROJECT_ROOT>/derivatives/fmriprep/sub-17/func/sub-17_task-heatpainwithregulationandratings_run-06_space-MNI152NLin2009cAsym_desc-brain_mask.nii.gz	<PROJECT_ROOT>/derivatives/fmriprep/sub-17/func/sub-17_task-heatpainwithregulationandratings_run-06_desc-confounds_timeseries.tsv	KEEP	False	OK	OK	OK	0.0966468881295577	0.3362743377791948	0.0	13.875598086124402	145	209	2.0	418.0	408.7739999999999	10.215999999999894	0	0	True	11	22	11	<PROJECT_ROOT>/derivatives/first_level_inputs_analysis/sub-17/run-06/events_long.tsv	<PROJECT_ROOT>/derivatives/first_level_inputs_analysis/sub-17/run-06/events_stim.tsv	209	31	31	38.38540148560458	177	173	True	<PROJECT_ROOT>/derivatives/first_level_inputs_analysis/sub-17/run-06/confounds_standard.tsv	<PROJECT_ROOT>/derivatives/first_level_inputs_analysis/sub-17/run-06/confounds_standard.json	standard	False	5	fd05	0.5	True	0	29	0	0	OK	READY	OK
sub-17	7	run-07	<PROJECT_ROOT>/derivatives/smoothed_fwhm6/sub-17/func/sub-17_task-heatpainwithregulationandratings_run-07_space-MNI152NLin2009cAsym_desc-smoothedFWHM6_bold.nii.gz	<PROJECT_ROOT>/derivatives/fmriprep/sub-17/func/sub-17_task-heatpainwithregulationandratings_run-07_space-MNI152NLin2009cAsym_desc-preproc_bold.nii.gz	<PROJECT_ROOT>/derivatives/fmriprep/sub-17/func/sub-17_task-heatpainwithregulationandratings_run-07_space-MNI152NLin2009cAsym_desc-brain_mask.nii.gz	<PROJECT_ROOT>/derivatives/fmriprep/sub-17/func/sub-17_task-heatpainwithregulationandratings_run-07_desc-confounds_timeseries.tsv	KEEP_FOR_MAIN_BUT_SENSITIVITY_EXCLUDE_CANDIDATE	True	OK	WARN_OUTLIER_BURDEN,WARN_LOW_ESTIMATED_DOF	OK	0.0741714707123167	0.1940970098162336	0.0	30.36649214659686	99	191	2.0	382.0	372.491	10.215999999999894	0	0	True	10	20	10	<PROJECT_ROOT>/derivatives/first_level_inputs_analysis/sub-17/run-07/events_long.tsv	<PROJECT_ROOT>/derivatives/first_level_inputs_analysis/sub-17/run-07/events_stim.tsv	191	31	31	56.86030018369955	159	155	True	<PROJECT_ROOT>/derivatives/first_level_inputs_analysis/sub-17/run-07/confounds_standard.tsv	<PROJECT_ROOT>/derivatives/first_level_inputs_analysis/sub-17/run-07/confounds_standard.json	standard	False	5	fd05	0.5	True	0	58	0	0	OK	READY	OK
sub-17	8	run-08	<PROJECT_ROOT>/derivatives/smoothed_fwhm6/sub-17/func/sub-17_task-heatpainwithregulationandratings_run-08_space-MNI152NLin2009cAsym_desc-smoothedFWHM6_bold.nii.gz	<PROJECT_ROOT>/derivatives/fmriprep/sub-17/func/sub-17_task-heatpainwithregulationandratings_run-08_space-MNI152NLin2009cAsym_desc-preproc_bold.nii.gz	<PROJECT_ROOT>/derivatives/fmriprep/sub-17/func/sub-17_task-heatpainwithregulationandratings_run-08_space-MNI152NLin2009cAsym_desc-brain_mask.nii.gz	<PROJECT_ROOT>/derivatives/fmriprep/sub-17/func/sub-17_task-heatpainwithregulationandratings_run-08_desc-confounds_timeseries.tsv	KEEP_FOR_MAIN_BUT_SENSITIVITY_EXCLUDE_CANDIDATE	True	OK	HIGH_OUTLIER_BURDEN,SEVERE_LOW_ESTIMATED_DOF	OK	0.1006577057294308	0.5053796930873778	0.4807692307692308	62.67942583732058	43	209	2.0	418.0	408.72400000000016	10.215999999999894	0	0	True	11	22	11	<PROJECT_ROOT>/derivatives/first_level_inputs_analysis/sub-17/run-08/events_long.tsv	<PROJECT_ROOT>/derivatives/first_level_inputs_analysis/sub-17/run-08/events_stim.tsv	209	32	32	23.853090890064006	176	172	True	<PROJECT_ROOT>/derivatives/first_level_inputs_analysis/sub-17/run-08/confounds_standard.tsv	<PROJECT_ROOT>/derivatives/first_level_inputs_analysis/sub-17/run-08/confounds_standard.json	standard	False	5	fd05	0.5	True	1	131	0	0	OK	READY	OK
sub-17	9	run-09	<PROJECT_ROOT>/derivatives/smoothed_fwhm6/sub-17/func/sub-17_task-heatpainwithregulationandratings_run-09_space-MNI152NLin2009cAsym_desc-smoothedFWHM6_bold.nii.gz	<PROJECT_ROOT>/derivatives/fmriprep/sub-17/func/sub-17_task-heatpainwithregulationandratings_run-09_space-MNI152NLin2009cAsym_desc-preproc_bold.nii.gz	<PROJECT_ROOT>/derivatives/fmriprep/sub-17/func/sub-17_task-heatpainwithregulationandratings_run-09_space-MNI152NLin2009cAsym_desc-brain_mask.nii.gz	<PROJECT_ROOT>/derivatives/fmriprep/sub-17/func/sub-17_task-heatpainwithregulationandratings_run-09_desc-confounds_timeseries.tsv	KEEP_FOR_MAIN_BUT_SENSITIVITY_EXCLUDE_CANDIDATE	True	OK	HIGH_OUTLIER_BURDEN,SEVERE_LOW_ESTIMATED_DOF	OK	0.0908200716493823	0.4328199223734953	0.0	78.4688995215311	10	209	2.0	418.0	408.7399999999998	10.215999999999894	0	0	True	11	22	11	<PROJECT_ROOT>/derivatives/first_level_inputs_analysis/sub-17/run-09/events_long.tsv	<PROJECT_ROOT>/derivatives/first_level_inputs_analysis/sub-17/run-09/events_stim.tsv	209	31	31	25.45595898962338	177	173	True	<PROJECT_ROOT>/derivatives/first_level_inputs_analysis/sub-17/run-09/confounds_standard.tsv	<PROJECT_ROOT>/derivatives/first_level_inputs_analysis/sub-17/run-09/confounds_standard.json	standard	False	5	fd05	0.5	True	0	164	0	0	OK	READY	OK
sub-18	1	run-01	<PROJECT_ROOT>/derivatives/smoothed_fwhm6/sub-18/func/sub-18_task-heatpainwithregulationandratings_run-01_space-MNI152NLin2009cAsym_desc-smoothedFWHM6_bold.nii.gz	<PROJECT_ROOT>/derivatives/fmriprep/sub-18/func/sub-18_task-heatpainwithregulationandratings_run-01_space-MNI152NLin2009cAsym_desc-preproc_bold.nii.gz	<PROJECT_ROOT>/derivatives/fmriprep/sub-18/func/sub-18_task-heatpainwithregulationandratings_run-01_space-MNI152NLin2009cAsym_desc-brain_mask.nii.gz	<PROJECT_ROOT>/derivatives/fmriprep/sub-18/func/sub-18_task-heatpainwithregulationandratings_run-01_desc-confounds_timeseries.tsv	KEEP_FOR_MAIN_BUT_SENSITIVITY_EXCLUDE_CANDIDATE	True	OK	HIGH_OUTLIER_BURDEN,WARN_LOW_ESTIMATED_DOF	OK	0.0944648205833166	0.266404246526589	0.0	37.32057416267943	96	209	2.0	418.0	409.723	10.217	0	0	True	11	22	11	<PROJECT_ROOT>/derivatives/first_level_inputs_analysis/sub-18/run-01/events_long.tsv	<PROJECT_ROOT>/derivatives/first_level_inputs_analysis/sub-18/run-01/events_stim.tsv	209	31	31	23.07946206140382	177	173	True	<PROJECT_ROOT>/derivatives/first_level_inputs_analysis/sub-18/run-01/confounds_standard.tsv	<PROJECT_ROOT>/derivatives/first_level_inputs_analysis/sub-18/run-01/confounds_standard.json	standard	False	5	fd05	0.5	True	0	78	0	0	OK	READY	OK
sub-18	2	run-02	<PROJECT_ROOT>/derivatives/smoothed_fwhm6/sub-18/func/sub-18_task-heatpainwithregulationandratings_run-02_space-MNI152NLin2009cAsym_desc-smoothedFWHM6_bold.nii.gz	<PROJECT_ROOT>/derivatives/fmriprep/sub-18/func/sub-18_task-heatpainwithregulationandratings_run-02_space-MNI152NLin2009cAsym_desc-preproc_bold.nii.gz	<PROJECT_ROOT>/derivatives/fmriprep/sub-18/func/sub-18_task-heatpainwithregulationandratings_run-02_space-MNI152NLin2009cAsym_desc-brain_mask.nii.gz	<PROJECT_ROOT>/derivatives/fmriprep/sub-18/func/sub-18_task-heatpainwithregulationandratings_run-02_desc-confounds_timeseries.tsv	KEEP_FOR_MAIN_BUT_SENSITIVITY_EXCLUDE_CANDIDATE	True	OK	HIGH_OUTLIER_BURDEN,WARN_LOW_ESTIMATED_DOF	OK	0.0884817280947887	0.3334309351952202	0.0	53.588516746411486	61	209	2.0	418.0	409.773	10.216999999999985	0	0	True	11	22	11	<PROJECT_ROOT>/derivatives/first_level_inputs_analysis/sub-18/run-02/events_long.tsv	<PROJECT_ROOT>/derivatives/first_level_inputs_analysis/sub-18/run-02/events_stim.tsv	209	32	32	21.227924791459472	176	172	True	<PROJECT_ROOT>/derivatives/first_level_inputs_analysis/sub-18/run-02/confounds_standard.tsv	<PROJECT_ROOT>/derivatives/first_level_inputs_analysis/sub-18/run-02/confounds_standard.json	standard	False	5	fd05	0.5	True	0	112	0	1	OK	READY	OK
sub-18	3	run-03	<PROJECT_ROOT>/derivatives/smoothed_fwhm6/sub-18/func/sub-18_task-heatpainwithregulationandratings_run-03_space-MNI152NLin2009cAsym_desc-smoothedFWHM6_bold.nii.gz	<PROJECT_ROOT>/derivatives/fmriprep/sub-18/func/sub-18_task-heatpainwithregulationandratings_run-03_space-MNI152NLin2009cAsym_desc-preproc_bold.nii.gz	<PROJECT_ROOT>/derivatives/fmriprep/sub-18/func/sub-18_task-heatpainwithregulationandratings_run-03_space-MNI152NLin2009cAsym_desc-brain_mask.nii.gz	<PROJECT_ROOT>/derivatives/fmriprep/sub-18/func/sub-18_task-heatpainwithregulationandratings_run-03_desc-confounds_timeseries.tsv	KEEP_FOR_MAIN_BUT_SENSITIVITY_EXCLUDE_CANDIDATE	True	OK	HIGH_OUTLIER_BURDEN,WARN_LOW_ESTIMATED_DOF	OK	0.0980220115602342	1.20951647607081	1.0526315789473684	39.26701570680628	82	191	2.0	382.0	374.47	10.216000000000008	0	0	True	10	20	10	<PROJECT_ROOT>/derivatives/first_level_inputs_analysis/sub-18/run-03/events_long.tsv	<PROJECT_ROOT>/derivatives/first_level_inputs_analysis/sub-18/run-03/events_stim.tsv	191	33	33	589.7432683611411	157	153	True	<PROJECT_ROOT>/derivatives/first_level_inputs_analysis/sub-18/run-03/confounds_standard.tsv	<PROJECT_ROOT>/derivatives/first_level_inputs_analysis/sub-18/run-03/confounds_standard.json	standard	False	5	fd05	0.5	True	2	75	0	0	OK	READY	OK
sub-18	4	run-04	<PROJECT_ROOT>/derivatives/smoothed_fwhm6/sub-18/func/sub-18_task-heatpainwithregulationandratings_run-04_space-MNI152NLin2009cAsym_desc-smoothedFWHM6_bold.nii.gz	<PROJECT_ROOT>/derivatives/fmriprep/sub-18/func/sub-18_task-heatpainwithregulationandratings_run-04_space-MNI152NLin2009cAsym_desc-preproc_bold.nii.gz	<PROJECT_ROOT>/derivatives/fmriprep/sub-18/func/sub-18_task-heatpainwithregulationandratings_run-04_space-MNI152NLin2009cAsym_desc-brain_mask.nii.gz	<PROJECT_ROOT>/derivatives/fmriprep/sub-18/func/sub-18_task-heatpainwithregulationandratings_run-04_desc-confounds_timeseries.tsv	KEEP_FOR_MAIN_BUT_SENSITIVITY_EXCLUDE_CANDIDATE	True	OK	HIGH_OUTLIER_BURDEN,WARN_LOW_ESTIMATED_DOF	OK	0.0959357830524436	0.6689625793054036	0.4807692307692308	42.10526315789473	86	209	2.0	418.0	409.75600000000014	10.217000000000098	0	0	True	11	22	11	<PROJECT_ROOT>/derivatives/first_level_inputs_analysis/sub-18/run-04/events_long.tsv	<PROJECT_ROOT>/derivatives/first_level_inputs_analysis/sub-18/run-04/events_stim.tsv	209	32	32	48.39869363617262	176	172	True	<PROJECT_ROOT>/derivatives/first_level_inputs_analysis/sub-18/run-04/confounds_standard.tsv	<PROJECT_ROOT>/derivatives/first_level_inputs_analysis/sub-18/run-04/confounds_standard.json	standard	False	5	fd05	0.5	True	1	88	0	0	OK	READY	OK
sub-18	5	run-05	<PROJECT_ROOT>/derivatives/smoothed_fwhm6/sub-18/func/sub-18_task-heatpainwithregulationandratings_run-05_space-MNI152NLin2009cAsym_desc-smoothedFWHM6_bold.nii.gz	<PROJECT_ROOT>/derivatives/fmriprep/sub-18/func/sub-18_task-heatpainwithregulationandratings_run-05_space-MNI152NLin2009cAsym_desc-preproc_bold.nii.gz	<PROJECT_ROOT>/derivatives/fmriprep/sub-18/func/sub-18_task-heatpainwithregulationandratings_run-05_space-MNI152NLin2009cAsym_desc-brain_mask.nii.gz	<PROJECT_ROOT>/derivatives/fmriprep/sub-18/func/sub-18_task-heatpainwithregulationandratings_run-05_desc-confounds_timeseries.tsv	KEEP_WITH_WARNING	False	OK	WARN_OUTLIER_BURDEN	OK	0.1233611675145872	0.8461697126747569	1.9230769230769231	32.057416267942585	107	209	2.0	418.0	408.75900000000007	10.217000000000098	0	0	True	11	22	11	<PROJECT_ROOT>/derivatives/first_level_inputs_analysis/sub-18/run-05/events_long.tsv	<PROJECT_ROOT>/derivatives/first_level_inputs_analysis/sub-18/run-05/events_stim.tsv	209	35	35	24.548382697192324	173	169	True	<PROJECT_ROOT>/derivatives/first_level_inputs_analysis/sub-18/run-05/confounds_standard.tsv	<PROJECT_ROOT>/derivatives/first_level_inputs_analysis/sub-18/run-05/confounds_standard.json	standard	False	5	fd05	0.5	True	4	67	0	0	OK	READY	OK
sub-18	6	run-06	<PROJECT_ROOT>/derivatives/smoothed_fwhm6/sub-18/func/sub-18_task-heatpainwithregulationandratings_run-06_space-MNI152NLin2009cAsym_desc-smoothedFWHM6_bold.nii.gz	<PROJECT_ROOT>/derivatives/fmriprep/sub-18/func/sub-18_task-heatpainwithregulationandratings_run-06_space-MNI152NLin2009cAsym_desc-preproc_bold.nii.gz	<PROJECT_ROOT>/derivatives/fmriprep/sub-18/func/sub-18_task-heatpainwithregulationandratings_run-06_space-MNI152NLin2009cAsym_desc-brain_mask.nii.gz	<PROJECT_ROOT>/derivatives/fmriprep/sub-18/func/sub-18_task-heatpainwithregulationandratings_run-06_desc-confounds_timeseries.tsv	KEEP	False	OK	OK	OK	0.1052990080908457	0.837100256420251	0.4807692307692308	16.74641148325359	139	209	2.0	418.0	408.7420000000002	10.215999999999894	0	0	True	11	22	11	<PROJECT_ROOT>/derivatives/first_level_inputs_analysis/sub-18/run-06/events_long.tsv	<PROJECT_ROOT>/derivatives/first_level_inputs_analysis/sub-18/run-06/events_stim.tsv	209	32	32	108.31873988708715	176	172	True	<PROJECT_ROOT>/derivatives/first_level_inputs_analysis/sub-18/run-06/confounds_standard.tsv	<PROJECT_ROOT>/derivatives/first_level_inputs_analysis/sub-18/run-06/confounds_standard.json	standard	False	5	fd05	0.5	True	1	35	0	0	OK	READY	OK
sub-18	7	run-07	<PROJECT_ROOT>/derivatives/smoothed_fwhm6/sub-18/func/sub-18_task-heatpainwithregulationandratings_run-07_space-MNI152NLin2009cAsym_desc-smoothedFWHM6_bold.nii.gz	<PROJECT_ROOT>/derivatives/fmriprep/sub-18/func/sub-18_task-heatpainwithregulationandratings_run-07_space-MNI152NLin2009cAsym_desc-preproc_bold.nii.gz	<PROJECT_ROOT>/derivatives/fmriprep/sub-18/func/sub-18_task-heatpainwithregulationandratings_run-07_space-MNI152NLin2009cAsym_desc-brain_mask.nii.gz	<PROJECT_ROOT>/derivatives/fmriprep/sub-18/func/sub-18_task-heatpainwithregulationandratings_run-07_desc-confounds_timeseries.tsv	KEEP	False	OK	OK	OK	0.1793099480953183	1.8637617109746167	3.1578947368421053	10.99476439790576	136	191	2.0	382.0	373.4560000000001	10.215999999999894	0	0	True	10	20	10	<PROJECT_ROOT>/derivatives/first_level_inputs_analysis/sub-18/run-07/events_long.tsv	<PROJECT_ROOT>/derivatives/first_level_inputs_analysis/sub-18/run-07/events_stim.tsv	191	37	37	44.78700817387138	153	149	True	<PROJECT_ROOT>/derivatives/first_level_inputs_analysis/sub-18/run-07/confounds_standard.tsv	<PROJECT_ROOT>/derivatives/first_level_inputs_analysis/sub-18/run-07/confounds_standard.json	standard	False	5	fd05	0.5	True	6	21	0	0	OK	READY	OK
sub-18	8	run-08	<PROJECT_ROOT>/derivatives/smoothed_fwhm6/sub-18/func/sub-18_task-heatpainwithregulationandratings_run-08_space-MNI152NLin2009cAsym_desc-smoothedFWHM6_bold.nii.gz	<PROJECT_ROOT>/derivatives/fmriprep/sub-18/func/sub-18_task-heatpainwithregulationandratings_run-08_space-MNI152NLin2009cAsym_desc-preproc_bold.nii.gz	<PROJECT_ROOT>/derivatives/fmriprep/sub-18/func/sub-18_task-heatpainwithregulationandratings_run-08_space-MNI152NLin2009cAsym_desc-brain_mask.nii.gz	<PROJECT_ROOT>/derivatives/fmriprep/sub-18/func/sub-18_task-heatpainwithregulationandratings_run-08_desc-confounds_timeseries.tsv	KEEP_WITH_WARNING	False	OK	WARN_OUTLIER_BURDEN	OK	0.1255965528704319	1.5766512094341605	1.9230769230769231	34.44976076555024	102	209	2.0	418.0	408.808	10.215999999999894	0	0	True	11	22	11	<PROJECT_ROOT>/derivatives/first_level_inputs_analysis/sub-18/run-08/events_long.tsv	<PROJECT_ROOT>/derivatives/first_level_inputs_analysis/sub-18/run-08/events_stim.tsv	209	35	35	134.57746409638145	173	169	True	<PROJECT_ROOT>/derivatives/first_level_inputs_analysis/sub-18/run-08/confounds_standard.tsv	<PROJECT_ROOT>/derivatives/first_level_inputs_analysis/sub-18/run-08/confounds_standard.json	standard	False	5	fd05	0.5	True	4	72	0	0	OK	READY	OK
sub-18	9	run-09	<PROJECT_ROOT>/derivatives/smoothed_fwhm6/sub-18/func/sub-18_task-heatpainwithregulationandratings_run-09_space-MNI152NLin2009cAsym_desc-smoothedFWHM6_bold.nii.gz	<PROJECT_ROOT>/derivatives/fmriprep/sub-18/func/sub-18_task-heatpainwithregulationandratings_run-09_space-MNI152NLin2009cAsym_desc-preproc_bold.nii.gz	<PROJECT_ROOT>/derivatives/fmriprep/sub-18/func/sub-18_task-heatpainwithregulationandratings_run-09_space-MNI152NLin2009cAsym_desc-brain_mask.nii.gz	<PROJECT_ROOT>/derivatives/fmriprep/sub-18/func/sub-18_task-heatpainwithregulationandratings_run-09_desc-confounds_timeseries.tsv	KEEP_FOR_MAIN_BUT_SENSITIVITY_EXCLUDE_CANDIDATE	True	OK	HIGH_OUTLIER_BURDEN,WARN_LOW_ESTIMATED_DOF	OK	0.1328810232896611	1.2361963134947564	2.8846153846153846	55.50239234449761	58	209	2.0	418.0	408.70899999999983	10.215999999999894	0	0	True	11	22	11	<PROJECT_ROOT>/derivatives/first_level_inputs_analysis/sub-18/run-09/events_long.tsv	<PROJECT_ROOT>/derivatives/first_level_inputs_analysis/sub-18/run-09/events_stim.tsv	209	37	37	97.8711468925668	171	167	True	<PROJECT_ROOT>/derivatives/first_level_inputs_analysis/sub-18/run-09/confounds_standard.tsv	<PROJECT_ROOT>/derivatives/first_level_inputs_analysis/sub-18/run-09/confounds_standard.json	standard	False	5	fd05	0.5	True	6	116	0	0	OK	READY	OK
sub-19	1	run-01	<PROJECT_ROOT>/derivatives/smoothed_fwhm6/sub-19/func/sub-19_task-heatpainwithregulationandratings_run-01_space-MNI152NLin2009cAsym_desc-smoothedFWHM6_bold.nii.gz	<PROJECT_ROOT>/derivatives/fmriprep/sub-19/func/sub-19_task-heatpainwithregulationandratings_run-01_space-MNI152NLin2009cAsym_desc-preproc_bold.nii.gz	<PROJECT_ROOT>/derivatives/fmriprep/sub-19/func/sub-19_task-heatpainwithregulationandratings_run-01_space-MNI152NLin2009cAsym_desc-brain_mask.nii.gz	<PROJECT_ROOT>/derivatives/fmriprep/sub-19/func/sub-19_task-heatpainwithregulationandratings_run-01_desc-confounds_timeseries.tsv	KEEP	False	OK	OK	OK	0.1655220628627409	1.3385326715883474	3.3653846153846154	6.698564593301436	160	209	2.0	418.0	408.726	10.216	0	0	True	11	22	11	<PROJECT_ROOT>/derivatives/first_level_inputs_analysis/sub-19/run-01/events_long.tsv	<PROJECT_ROOT>/derivatives/first_level_inputs_analysis/sub-19/run-01/events_stim.tsv	209	38	38	90.08619836849321	170	166	True	<PROJECT_ROOT>/derivatives/first_level_inputs_analysis/sub-19/run-01/confounds_standard.tsv	<PROJECT_ROOT>/derivatives/first_level_inputs_analysis/sub-19/run-01/confounds_standard.json	standard	False	5	fd05	0.5	True	7	14	0	0	OK	READY	OK
sub-19	2	run-02	<PROJECT_ROOT>/derivatives/smoothed_fwhm6/sub-19/func/sub-19_task-heatpainwithregulationandratings_run-02_space-MNI152NLin2009cAsym_desc-smoothedFWHM6_bold.nii.gz	<PROJECT_ROOT>/derivatives/fmriprep/sub-19/func/sub-19_task-heatpainwithregulationandratings_run-02_space-MNI152NLin2009cAsym_desc-preproc_bold.nii.gz	<PROJECT_ROOT>/derivatives/fmriprep/sub-19/func/sub-19_task-heatpainwithregulationandratings_run-02_space-MNI152NLin2009cAsym_desc-brain_mask.nii.gz	<PROJECT_ROOT>/derivatives/fmriprep/sub-19/func/sub-19_task-heatpainwithregulationandratings_run-02_desc-confounds_timeseries.tsv	KEEP_WITH_WARNING	False	WARN_FD_MEAN,WARN_FD_GT_0.5	OK	OK	0.2011517076404187	1.22012207134276	5.769230769230769	14.354066985645932	144	209	2.0	418.0	407.729	10.216000000000008	0	0	True	11	22	11	<PROJECT_ROOT>/derivatives/first_level_inputs_analysis/sub-19/run-02/events_long.tsv	<PROJECT_ROOT>/derivatives/first_level_inputs_analysis/sub-19/run-02/events_stim.tsv	209	43	43	59.25657967893149	165	161	True	<PROJECT_ROOT>/derivatives/first_level_inputs_analysis/sub-19/run-02/confounds_standard.tsv	<PROJECT_ROOT>/derivatives/first_level_inputs_analysis/sub-19/run-02/confounds_standard.json	standard	False	5	fd05	0.5	True	12	30	0	0	OK	READY	OK
sub-19	3	run-03	<PROJECT_ROOT>/derivatives/smoothed_fwhm6/sub-19/func/sub-19_task-heatpainwithregulationandratings_run-03_space-MNI152NLin2009cAsym_desc-smoothedFWHM6_bold.nii.gz	<PROJECT_ROOT>/derivatives/fmriprep/sub-19/func/sub-19_task-heatpainwithregulationandratings_run-03_space-MNI152NLin2009cAsym_desc-preproc_bold.nii.gz	<PROJECT_ROOT>/derivatives/fmriprep/sub-19/func/sub-19_task-heatpainwithregulationandratings_run-03_space-MNI152NLin2009cAsym_desc-brain_mask.nii.gz	<PROJECT_ROOT>/derivatives/fmriprep/sub-19/func/sub-19_task-heatpainwithregulationandratings_run-03_desc-confounds_timeseries.tsv	KEEP_FOR_MAIN_BUT_SENSITIVITY_EXCLUDE_CANDIDATE	True	WARN_FD_MEAN,BAD_FD_GT_0.5,WARN_FD_MAX	WARN_OUTLIER_BURDEN	OK	0.2899733374423591	2.873575217153667	11.578947368421051	28.79581151832461	102	191	2.0	382.0	372.46	10.216000000000008	0	0	True	10	20	10	<PROJECT_ROOT>/derivatives/first_level_inputs_analysis/sub-19/run-03/events_long.tsv	<PROJECT_ROOT>/derivatives/first_level_inputs_analysis/sub-19/run-03/events_stim.tsv	191	53	53	126.25561364285974	137	133	True	<PROJECT_ROOT>/derivatives/first_level_inputs_analysis/sub-19/run-03/confounds_standard.tsv	<PROJECT_ROOT>/derivatives/first_level_inputs_analysis/sub-19/run-03/confounds_standard.json	standard	False	5	fd05	0.5	True	22	55	0	0	OK	READY	OK
sub-19	4	run-04	<PROJECT_ROOT>/derivatives/smoothed_fwhm6/sub-19/func/sub-19_task-heatpainwithregulationandratings_run-04_space-MNI152NLin2009cAsym_desc-smoothedFWHM6_bold.nii.gz	<PROJECT_ROOT>/derivatives/fmriprep/sub-19/func/sub-19_task-heatpainwithregulationandratings_run-04_space-MNI152NLin2009cAsym_desc-preproc_bold.nii.gz	<PROJECT_ROOT>/derivatives/fmriprep/sub-19/func/sub-19_task-heatpainwithregulationandratings_run-04_space-MNI152NLin2009cAsym_desc-brain_mask.nii.gz	<PROJECT_ROOT>/derivatives/fmriprep/sub-19/func/sub-19_task-heatpainwithregulationandratings_run-04_desc-confounds_timeseries.tsv	KEEP_WITH_WARNING	False	WARN_FD_MEAN,WARN_FD_GT_0.5	OK	OK	0.2481297706553599	1.7191949867726983	8.653846153846153	18.181818181818183	136	209	2.0	418.0	409.74000000000007	10.215999999999894	0	0	True	11	22	11	<PROJECT_ROOT>/derivatives/first_level_inputs_analysis/sub-19/run-04/events_long.tsv	<PROJECT_ROOT>/derivatives/first_level_inputs_analysis/sub-19/run-04/events_stim.tsv	209	49	49	53.68024190371694	159	155	True	<PROJECT_ROOT>/derivatives/first_level_inputs_analysis/sub-19/run-04/confounds_standard.tsv	<PROJECT_ROOT>/derivatives/first_level_inputs_analysis/sub-19/run-04/confounds_standard.json	standard	False	5	fd05	0.5	True	18	38	0	0	OK	READY	OK
sub-19	5	run-05	<PROJECT_ROOT>/derivatives/smoothed_fwhm6/sub-19/func/sub-19_task-heatpainwithregulationandratings_run-05_space-MNI152NLin2009cAsym_desc-smoothedFWHM6_bold.nii.gz	<PROJECT_ROOT>/derivatives/fmriprep/sub-19/func/sub-19_task-heatpainwithregulationandratings_run-05_space-MNI152NLin2009cAsym_desc-preproc_bold.nii.gz	<PROJECT_ROOT>/derivatives/fmriprep/sub-19/func/sub-19_task-heatpainwithregulationandratings_run-05_space-MNI152NLin2009cAsym_desc-brain_mask.nii.gz	<PROJECT_ROOT>/derivatives/fmriprep/sub-19/func/sub-19_task-heatpainwithregulationandratings_run-05_desc-confounds_timeseries.tsv	KEEP_FOR_MAIN_BUT_SENSITIVITY_EXCLUDE_CANDIDATE	True	WARN_FD_MEAN,BAD_FD_GT_0.5	OK	OK	0.237831321014751	1.8847111127365384	11.057692307692308	19.61722488038277	133	209	2.0	418.0	409.741	10.217000000000098	0	0	True	11	22	11	<PROJECT_ROOT>/derivatives/first_level_inputs_analysis/sub-19/run-05/events_long.tsv	<PROJECT_ROOT>/derivatives/first_level_inputs_analysis/sub-19/run-05/events_stim.tsv	209	54	54	75.30418464108834	154	150	True	<PROJECT_ROOT>/derivatives/first_level_inputs_analysis/sub-19/run-05/confounds_standard.tsv	<PROJECT_ROOT>/derivatives/first_level_inputs_analysis/sub-19/run-05/confounds_standard.json	standard	False	5	fd05	0.5	True	23	41	0	0	OK	READY	OK
sub-19	6	run-06	<PROJECT_ROOT>/derivatives/smoothed_fwhm6/sub-19/func/sub-19_task-heatpainwithregulationandratings_run-06_space-MNI152NLin2009cAsym_desc-smoothedFWHM6_bold.nii.gz	<PROJECT_ROOT>/derivatives/fmriprep/sub-19/func/sub-19_task-heatpainwithregulationandratings_run-06_space-MNI152NLin2009cAsym_desc-preproc_bold.nii.gz	<PROJECT_ROOT>/derivatives/fmriprep/sub-19/func/sub-19_task-heatpainwithregulationandratings_run-06_space-MNI152NLin2009cAsym_desc-brain_mask.nii.gz	<PROJECT_ROOT>/derivatives/fmriprep/sub-19/func/sub-19_task-heatpainwithregulationandratings_run-06_desc-confounds_timeseries.tsv	KEEP_WITH_WARNING	False	WARN_FD_GT_0.5	OK	OK	0.1861726607127165	1.367461288593386	5.288461538461538	11.961722488038278	149	209	2.0	418.0	406.69900000000007	10.215999999999894	0	0	True	11	22	11	<PROJECT_ROOT>/derivatives/first_level_inputs_analysis/sub-19/run-06/events_long.tsv	<PROJECT_ROOT>/derivatives/first_level_inputs_analysis/sub-19/run-06/events_stim.tsv	209	42	42	43.65570246254485	166	162	True	<PROJECT_ROOT>/derivatives/first_level_inputs_analysis/sub-19/run-06/confounds_standard.tsv	<PROJECT_ROOT>/derivatives/first_level_inputs_analysis/sub-19/run-06/confounds_standard.json	standard	False	5	fd05	0.5	True	11	25	0	0	OK	READY	OK
sub-19	7	run-07	<PROJECT_ROOT>/derivatives/smoothed_fwhm6/sub-19/func/sub-19_task-heatpainwithregulationandratings_run-07_space-MNI152NLin2009cAsym_desc-smoothedFWHM6_bold.nii.gz	<PROJECT_ROOT>/derivatives/fmriprep/sub-19/func/sub-19_task-heatpainwithregulationandratings_run-07_space-MNI152NLin2009cAsym_desc-preproc_bold.nii.gz	<PROJECT_ROOT>/derivatives/fmriprep/sub-19/func/sub-19_task-heatpainwithregulationandratings_run-07_space-MNI152NLin2009cAsym_desc-brain_mask.nii.gz	<PROJECT_ROOT>/derivatives/fmriprep/sub-19/func/sub-19_task-heatpainwithregulationandratings_run-07_desc-confounds_timeseries.tsv	KEEP_WITH_WARNING	False	WARN_FD_MEAN,WARN_FD_GT_0.5	WARN_OUTLIER_BURDEN	OK	0.2184441079683485	1.34158636132496	8.947368421052632	29.84293193717277	100	191	2.0	382.0	374.48799999999983	10.215999999999894	0	0	True	10	20	10	<PROJECT_ROOT>/derivatives/first_level_inputs_analysis/sub-19/run-07/events_long.tsv	<PROJECT_ROOT>/derivatives/first_level_inputs_analysis/sub-19/run-07/events_stim.tsv	191	48	48	44.025486084003866	142	138	True	<PROJECT_ROOT>/derivatives/first_level_inputs_analysis/sub-19/run-07/confounds_standard.tsv	<PROJECT_ROOT>/derivatives/first_level_inputs_analysis/sub-19/run-07/confounds_standard.json	standard	False	5	fd05	0.5	True	17	57	0	0	OK	READY	OK
sub-19	8	run-08	<PROJECT_ROOT>/derivatives/smoothed_fwhm6/sub-19/func/sub-19_task-heatpainwithregulationandratings_run-08_space-MNI152NLin2009cAsym_desc-smoothedFWHM6_bold.nii.gz	<PROJECT_ROOT>/derivatives/fmriprep/sub-19/func/sub-19_task-heatpainwithregulationandratings_run-08_space-MNI152NLin2009cAsym_desc-preproc_bold.nii.gz	<PROJECT_ROOT>/derivatives/fmriprep/sub-19/func/sub-19_task-heatpainwithregulationandratings_run-08_space-MNI152NLin2009cAsym_desc-brain_mask.nii.gz	<PROJECT_ROOT>/derivatives/fmriprep/sub-19/func/sub-19_task-heatpainwithregulationandratings_run-08_desc-confounds_timeseries.tsv	KEEP_WITH_WARNING	False	WARN_FD_MAX	OK	OK	0.1797335001275819	3.105623697660482	4.807692307692308	15.789473684210526	141	209	2.0	418.0	410.72100000000006	10.215999999999894	0	0	True	11	22	11	<PROJECT_ROOT>/derivatives/first_level_inputs_analysis/sub-19/run-08/events_long.tsv	<PROJECT_ROOT>/derivatives/first_level_inputs_analysis/sub-19/run-08/events_stim.tsv	209	41	41	147.41257426932503	167	163	True	<PROJECT_ROOT>/derivatives/first_level_inputs_analysis/sub-19/run-08/confounds_standard.tsv	<PROJECT_ROOT>/derivatives/first_level_inputs_analysis/sub-19/run-08/confounds_standard.json	standard	False	5	fd05	0.5	True	10	33	0	0	OK	READY	OK
sub-19	9	run-09	<PROJECT_ROOT>/derivatives/smoothed_fwhm6/sub-19/func/sub-19_task-heatpainwithregulationandratings_run-09_space-MNI152NLin2009cAsym_desc-smoothedFWHM6_bold.nii.gz	<PROJECT_ROOT>/derivatives/fmriprep/sub-19/func/sub-19_task-heatpainwithregulationandratings_run-09_space-MNI152NLin2009cAsym_desc-preproc_bold.nii.gz	<PROJECT_ROOT>/derivatives/fmriprep/sub-19/func/sub-19_task-heatpainwithregulationandratings_run-09_space-MNI152NLin2009cAsym_desc-brain_mask.nii.gz	<PROJECT_ROOT>/derivatives/fmriprep/sub-19/func/sub-19_task-heatpainwithregulationandratings_run-09_desc-confounds_timeseries.tsv	KEEP_WITH_WARNING	False	WARN_FD_MEAN,WARN_FD_MAX	WARN_OUTLIER_BURDEN	OK	0.2056276009924043	3.9591176416778366	4.326923076923077	25.83732057416268	120	209	2.0	418.0	409.75700000000006	10.215999999999894	0	0	True	11	22	11	<PROJECT_ROOT>/derivatives/first_level_inputs_analysis/sub-19/run-09/events_long.tsv	<PROJECT_ROOT>/derivatives/first_level_inputs_analysis/sub-19/run-09/events_stim.tsv	209	40	40	206.12895592860266	168	164	True	<PROJECT_ROOT>/derivatives/first_level_inputs_analysis/sub-19/run-09/confounds_standard.tsv	<PROJECT_ROOT>/derivatives/first_level_inputs_analysis/sub-19/run-09/confounds_standard.json	standard	False	5	fd05	0.5	True	9	54	0	0	OK	READY	OK
sub-20	1	run-01	<PROJECT_ROOT>/derivatives/smoothed_fwhm6/sub-20/func/sub-20_task-heatpainwithregulationandratings_run-01_space-MNI152NLin2009cAsym_desc-smoothedFWHM6_bold.nii.gz	<PROJECT_ROOT>/derivatives/fmriprep/sub-20/func/sub-20_task-heatpainwithregulationandratings_run-01_space-MNI152NLin2009cAsym_desc-preproc_bold.nii.gz	<PROJECT_ROOT>/derivatives/fmriprep/sub-20/func/sub-20_task-heatpainwithregulationandratings_run-01_space-MNI152NLin2009cAsym_desc-brain_mask.nii.gz	<PROJECT_ROOT>/derivatives/fmriprep/sub-20/func/sub-20_task-heatpainwithregulationandratings_run-01_desc-confounds_timeseries.tsv	KEEP_WITH_WARNING	False	OK	WARN_OUTLIER_BURDEN	OK	0.1659467014211969	1.236319916380244	4.326923076923077	24.880382775119617	122	209	2.0	418.0	408.743	10.216	0	0	True	11	22	11	<PROJECT_ROOT>/derivatives/first_level_inputs_analysis/sub-20/run-01/events_long.tsv	<PROJECT_ROOT>/derivatives/first_level_inputs_analysis/sub-20/run-01/events_stim.tsv	209	40	40	24.268990599601498	168	164	True	<PROJECT_ROOT>/derivatives/first_level_inputs_analysis/sub-20/run-01/confounds_standard.tsv	<PROJECT_ROOT>/derivatives/first_level_inputs_analysis/sub-20/run-01/confounds_standard.json	standard	False	5	fd05	0.5	True	9	52	0	0	OK	READY	OK
sub-20	2	run-02	<PROJECT_ROOT>/derivatives/smoothed_fwhm6/sub-20/func/sub-20_task-heatpainwithregulationandratings_run-02_space-MNI152NLin2009cAsym_desc-smoothedFWHM6_bold.nii.gz	<PROJECT_ROOT>/derivatives/fmriprep/sub-20/func/sub-20_task-heatpainwithregulationandratings_run-02_space-MNI152NLin2009cAsym_desc-preproc_bold.nii.gz	<PROJECT_ROOT>/derivatives/fmriprep/sub-20/func/sub-20_task-heatpainwithregulationandratings_run-02_space-MNI152NLin2009cAsym_desc-brain_mask.nii.gz	<PROJECT_ROOT>/derivatives/fmriprep/sub-20/func/sub-20_task-heatpainwithregulationandratings_run-02_desc-confounds_timeseries.tsv	KEEP_WITH_WARNING	False	OK	WARN_OUTLIER_BURDEN	OK	0.1576795663243104	0.9477571662843836	2.8846153846153846	33.014354066985646	105	209	2.0	418.0	409.757	10.216000000000008	0	0	True	11	22	11	<PROJECT_ROOT>/derivatives/first_level_inputs_analysis/sub-20/run-02/events_long.tsv	<PROJECT_ROOT>/derivatives/first_level_inputs_analysis/sub-20/run-02/events_stim.tsv	209	37	37	29.74640514540166	171	167	True	<PROJECT_ROOT>/derivatives/first_level_inputs_analysis/sub-20/run-02/confounds_standard.tsv	<PROJECT_ROOT>/derivatives/first_level_inputs_analysis/sub-20/run-02/confounds_standard.json	standard	False	5	fd05	0.5	True	6	69	0	0	OK	READY	OK
sub-20	3	run-03	<PROJECT_ROOT>/derivatives/smoothed_fwhm6/sub-20/func/sub-20_task-heatpainwithregulationandratings_run-03_space-MNI152NLin2009cAsym_desc-smoothedFWHM6_bold.nii.gz	<PROJECT_ROOT>/derivatives/fmriprep/sub-20/func/sub-20_task-heatpainwithregulationandratings_run-03_space-MNI152NLin2009cAsym_desc-preproc_bold.nii.gz	<PROJECT_ROOT>/derivatives/fmriprep/sub-20/func/sub-20_task-heatpainwithregulationandratings_run-03_space-MNI152NLin2009cAsym_desc-brain_mask.nii.gz	<PROJECT_ROOT>/derivatives/fmriprep/sub-20/func/sub-20_task-heatpainwithregulationandratings_run-03_desc-confounds_timeseries.tsv	KEEP_FOR_MAIN_BUT_SENSITIVITY_EXCLUDE_CANDIDATE	True	OK	HIGH_OUTLIER_BURDEN,WARN_LOW_ESTIMATED_DOF	OK	0.1604809885988973	0.8729095752492908	1.5789473684210529	41.8848167539267	77	191	2.0	382.0	371.4459999999999	10.216000000000008	0	0	True	10	20	10	<PROJECT_ROOT>/derivatives/first_level_inputs_analysis/sub-20/run-03/events_long.tsv	<PROJECT_ROOT>/derivatives/first_level_inputs_analysis/sub-20/run-03/events_stim.tsv	191	34	34	41.39824188118204	156	152	True	<PROJECT_ROOT>/derivatives/first_level_inputs_analysis/sub-20/run-03/confounds_standard.tsv	<PROJECT_ROOT>/derivatives/first_level_inputs_analysis/sub-20/run-03/confounds_standard.json	standard	False	5	fd05	0.5	True	3	80	0	0	OK	READY	OK
sub-20	4	run-04	<PROJECT_ROOT>/derivatives/smoothed_fwhm6/sub-20/func/sub-20_task-heatpainwithregulationandratings_run-04_space-MNI152NLin2009cAsym_desc-smoothedFWHM6_bold.nii.gz	<PROJECT_ROOT>/derivatives/fmriprep/sub-20/func/sub-20_task-heatpainwithregulationandratings_run-04_space-MNI152NLin2009cAsym_desc-preproc_bold.nii.gz	<PROJECT_ROOT>/derivatives/fmriprep/sub-20/func/sub-20_task-heatpainwithregulationandratings_run-04_space-MNI152NLin2009cAsym_desc-brain_mask.nii.gz	<PROJECT_ROOT>/derivatives/fmriprep/sub-20/func/sub-20_task-heatpainwithregulationandratings_run-04_desc-confounds_timeseries.tsv	KEEP	False	OK	OK	OK	0.1288299076400385	0.946497659893094	1.4423076923076923	18.181818181818183	136	209	2.0	418.0	408.7600000000001	10.215999999999894	0	0	True	11	22	11	<PROJECT_ROOT>/derivatives/first_level_inputs_analysis/sub-20/run-04/events_long.tsv	<PROJECT_ROOT>/derivatives/first_level_inputs_analysis/sub-20/run-04/events_stim.tsv	209	34	34	40.520287141089604	174	170	True	<PROJECT_ROOT>/derivatives/first_level_inputs_analysis/sub-20/run-04/confounds_standard.tsv	<PROJECT_ROOT>/derivatives/first_level_inputs_analysis/sub-20/run-04/confounds_standard.json	standard	False	5	fd05	0.5	True	3	38	0	0	OK	READY	OK
sub-20	5	run-05	<PROJECT_ROOT>/derivatives/smoothed_fwhm6/sub-20/func/sub-20_task-heatpainwithregulationandratings_run-05_space-MNI152NLin2009cAsym_desc-smoothedFWHM6_bold.nii.gz	<PROJECT_ROOT>/derivatives/fmriprep/sub-20/func/sub-20_task-heatpainwithregulationandratings_run-05_space-MNI152NLin2009cAsym_desc-preproc_bold.nii.gz	<PROJECT_ROOT>/derivatives/fmriprep/sub-20/func/sub-20_task-heatpainwithregulationandratings_run-05_space-MNI152NLin2009cAsym_desc-brain_mask.nii.gz	<PROJECT_ROOT>/derivatives/fmriprep/sub-20/func/sub-20_task-heatpainwithregulationandratings_run-05_desc-confounds_timeseries.tsv	KEEP_FOR_MAIN_BUT_SENSITIVITY_EXCLUDE_CANDIDATE	True	OK	HIGH_OUTLIER_BURDEN	OK	0.1255567600748579	0.975771636837691	1.4423076923076923	35.406698564593306	100	209	2.0	418.0	410.771	10.217000000000098	0	0	True	11	22	11	<PROJECT_ROOT>/derivatives/first_level_inputs_analysis/sub-20/run-05/events_long.tsv	<PROJECT_ROOT>/derivatives/first_level_inputs_analysis/sub-20/run-05/events_stim.tsv	209	34	34	28.47430014775918	174	170	True	<PROJECT_ROOT>/derivatives/first_level_inputs_analysis/sub-20/run-05/confounds_standard.tsv	<PROJECT_ROOT>/derivatives/first_level_inputs_analysis/sub-20/run-05/confounds_standard.json	standard	False	5	fd05	0.5	True	3	74	0	0	OK	READY	OK
sub-20	6	run-06	<PROJECT_ROOT>/derivatives/smoothed_fwhm6/sub-20/func/sub-20_task-heatpainwithregulationandratings_run-06_space-MNI152NLin2009cAsym_desc-smoothedFWHM6_bold.nii.gz	<PROJECT_ROOT>/derivatives/fmriprep/sub-20/func/sub-20_task-heatpainwithregulationandratings_run-06_space-MNI152NLin2009cAsym_desc-preproc_bold.nii.gz	<PROJECT_ROOT>/derivatives/fmriprep/sub-20/func/sub-20_task-heatpainwithregulationandratings_run-06_space-MNI152NLin2009cAsym_desc-brain_mask.nii.gz	<PROJECT_ROOT>/derivatives/fmriprep/sub-20/func/sub-20_task-heatpainwithregulationandratings_run-06_desc-confounds_timeseries.tsv	KEEP	False	OK	OK	OK	0.1595683935804904	1.1730963412086686	3.3653846153846154	14.832535885167465	143	209	2.0	418.0	407.74600000000015	10.217000000000098	0	0	True	11	22	11	<PROJECT_ROOT>/derivatives/first_level_inputs_analysis/sub-20/run-06/events_long.tsv	<PROJECT_ROOT>/derivatives/first_level_inputs_analysis/sub-20/run-06/events_stim.tsv	209	38	38	54.7608304034262	170	166	True	<PROJECT_ROOT>/derivatives/first_level_inputs_analysis/sub-20/run-06/confounds_standard.tsv	<PROJECT_ROOT>/derivatives/first_level_inputs_analysis/sub-20/run-06/confounds_standard.json	standard	False	5	fd05	0.5	True	7	31	0	0	OK	READY	OK
sub-20	7	run-07	<PROJECT_ROOT>/derivatives/smoothed_fwhm6/sub-20/func/sub-20_task-heatpainwithregulationandratings_run-07_space-MNI152NLin2009cAsym_desc-smoothedFWHM6_bold.nii.gz	<PROJECT_ROOT>/derivatives/fmriprep/sub-20/func/sub-20_task-heatpainwithregulationandratings_run-07_space-MNI152NLin2009cAsym_desc-preproc_bold.nii.gz	<PROJECT_ROOT>/derivatives/fmriprep/sub-20/func/sub-20_task-heatpainwithregulationandratings_run-07_space-MNI152NLin2009cAsym_desc-brain_mask.nii.gz	<PROJECT_ROOT>/derivatives/fmriprep/sub-20/func/sub-20_task-heatpainwithregulationandratings_run-07_desc-confounds_timeseries.tsv	KEEP_WITH_WARNING	False	WARN_FD_MEAN,WARN_FD_GT_0.5	WARN_OUTLIER_BURDEN	OK	0.2005931896039104	1.1744409728592782	5.263157894736842	29.84293193717277	100	191	2.0	382.0	372.4940000000002	10.215999999999894	0	0	True	10	20	10	<PROJECT_ROOT>/derivatives/first_level_inputs_analysis/sub-20/run-07/events_long.tsv	<PROJECT_ROOT>/derivatives/first_level_inputs_analysis/sub-20/run-07/events_stim.tsv	191	41	41	48.93546211276559	149	145	True	<PROJECT_ROOT>/derivatives/first_level_inputs_analysis/sub-20/run-07/confounds_standard.tsv	<PROJECT_ROOT>/derivatives/first_level_inputs_analysis/sub-20/run-07/confounds_standard.json	standard	False	5	fd05	0.5	True	10	57	0	0	OK	READY	OK
sub-20	8	run-08	<PROJECT_ROOT>/derivatives/smoothed_fwhm6/sub-20/func/sub-20_task-heatpainwithregulationandratings_run-08_space-MNI152NLin2009cAsym_desc-smoothedFWHM6_bold.nii.gz	<PROJECT_ROOT>/derivatives/fmriprep/sub-20/func/sub-20_task-heatpainwithregulationandratings_run-08_space-MNI152NLin2009cAsym_desc-preproc_bold.nii.gz	<PROJECT_ROOT>/derivatives/fmriprep/sub-20/func/sub-20_task-heatpainwithregulationandratings_run-08_space-MNI152NLin2009cAsym_desc-brain_mask.nii.gz	<PROJECT_ROOT>/derivatives/fmriprep/sub-20/func/sub-20_task-heatpainwithregulationandratings_run-08_desc-confounds_timeseries.tsv	KEEP_WITH_WARNING	False	OK	WARN_OUTLIER_BURDEN	OK	0.1452605439140041	0.9407197750765622	1.4423076923076923	22.48803827751196	127	209	2.0	418.0	407.7289999999998	10.215999999999894	0	0	True	11	22	11	<PROJECT_ROOT>/derivatives/first_level_inputs_analysis/sub-20/run-08/events_long.tsv	<PROJECT_ROOT>/derivatives/first_level_inputs_analysis/sub-20/run-08/events_stim.tsv	209	34	34	50.40757146940562	174	170	True	<PROJECT_ROOT>/derivatives/first_level_inputs_analysis/sub-20/run-08/confounds_standard.tsv	<PROJECT_ROOT>/derivatives/first_level_inputs_analysis/sub-20/run-08/confounds_standard.json	standard	False	5	fd05	0.5	True	3	47	0	0	OK	READY	OK
sub-20	9	run-09	<PROJECT_ROOT>/derivatives/smoothed_fwhm6/sub-20/func/sub-20_task-heatpainwithregulationandratings_run-09_space-MNI152NLin2009cAsym_desc-smoothedFWHM6_bold.nii.gz	<PROJECT_ROOT>/derivatives/fmriprep/sub-20/func/sub-20_task-heatpainwithregulationandratings_run-09_space-MNI152NLin2009cAsym_desc-preproc_bold.nii.gz	<PROJECT_ROOT>/derivatives/fmriprep/sub-20/func/sub-20_task-heatpainwithregulationandratings_run-09_space-MNI152NLin2009cAsym_desc-brain_mask.nii.gz	<PROJECT_ROOT>/derivatives/fmriprep/sub-20/func/sub-20_task-heatpainwithregulationandratings_run-09_desc-confounds_timeseries.tsv	KEEP	False	OK	OK	OK	0.1515151687021055	0.9368072284982624	1.9230769230769231	11.961722488038278	149	209	2.0	418.0	409.7069999999999	10.215999999999894	0	0	True	11	22	11	<PROJECT_ROOT>/derivatives/first_level_inputs_analysis/sub-20/run-09/events_long.tsv	<PROJECT_ROOT>/derivatives/first_level_inputs_analysis/sub-20/run-09/events_stim.tsv	209	35	35	63.048040163967705	173	169	True	<PROJECT_ROOT>/derivatives/first_level_inputs_analysis/sub-20/run-09/confounds_standard.tsv	<PROJECT_ROOT>/derivatives/first_level_inputs_analysis/sub-20/run-09/confounds_standard.json	standard	False	5	fd05	0.5	True	4	25	0	0	OK	READY	OK
sub-21	1	run-01	<PROJECT_ROOT>/derivatives/smoothed_fwhm6/sub-21/func/sub-21_task-heatpainwithregulationandratings_run-01_space-MNI152NLin2009cAsym_desc-smoothedFWHM6_bold.nii.gz	<PROJECT_ROOT>/derivatives/fmriprep/sub-21/func/sub-21_task-heatpainwithregulationandratings_run-01_space-MNI152NLin2009cAsym_desc-preproc_bold.nii.gz	<PROJECT_ROOT>/derivatives/fmriprep/sub-21/func/sub-21_task-heatpainwithregulationandratings_run-01_space-MNI152NLin2009cAsym_desc-brain_mask.nii.gz	<PROJECT_ROOT>/derivatives/fmriprep/sub-21/func/sub-21_task-heatpainwithregulationandratings_run-01_desc-confounds_timeseries.tsv	KEEP_WITH_WARNING	False	OK	WARN_OUTLIER_BURDEN	OK	0.0976444063348173	0.277927918315571	0.0	34.44976076555024	102	209	2.0	418.0	408.742	10.216	0	0	True	11	22	11	<PROJECT_ROOT>/derivatives/first_level_inputs_analysis/sub-21/run-01/events_long.tsv	<PROJECT_ROOT>/derivatives/first_level_inputs_analysis/sub-21/run-01/events_stim.tsv	209	31	31	79.92446640650927	177	173	True	<PROJECT_ROOT>/derivatives/first_level_inputs_analysis/sub-21/run-01/confounds_standard.tsv	<PROJECT_ROOT>/derivatives/first_level_inputs_analysis/sub-21/run-01/confounds_standard.json	standard	False	5	fd05	0.5	True	0	72	0	0	OK	READY	OK
sub-21	2	run-02	<PROJECT_ROOT>/derivatives/smoothed_fwhm6/sub-21/func/sub-21_task-heatpainwithregulationandratings_run-02_space-MNI152NLin2009cAsym_desc-smoothedFWHM6_bold.nii.gz	<PROJECT_ROOT>/derivatives/fmriprep/sub-21/func/sub-21_task-heatpainwithregulationandratings_run-02_space-MNI152NLin2009cAsym_desc-preproc_bold.nii.gz	<PROJECT_ROOT>/derivatives/fmriprep/sub-21/func/sub-21_task-heatpainwithregulationandratings_run-02_space-MNI152NLin2009cAsym_desc-brain_mask.nii.gz	<PROJECT_ROOT>/derivatives/fmriprep/sub-21/func/sub-21_task-heatpainwithregulationandratings_run-02_desc-confounds_timeseries.tsv	KEEP_FOR_MAIN_BUT_SENSITIVITY_EXCLUDE_CANDIDATE	True	OK	HIGH_OUTLIER_BURDEN,WARN_LOW_ESTIMATED_DOF	OK	0.0813744381101368	0.2026137257077885	0.0	55.02392344497608	59	209	2.0	418.0	407.811	10.216000000000008	0	0	True	11	22	11	<PROJECT_ROOT>/derivatives/first_level_inputs_analysis/sub-21/run-02/events_long.tsv	<PROJECT_ROOT>/derivatives/first_level_inputs_analysis/sub-21/run-02/events_stim.tsv	209	31	31	57.16121154306999	177	173	True	<PROJECT_ROOT>/derivatives/first_level_inputs_analysis/sub-21/run-02/confounds_standard.tsv	<PROJECT_ROOT>/derivatives/first_level_inputs_analysis/sub-21/run-02/confounds_standard.json	standard	False	5	fd05	0.5	True	0	115	0	0	OK	READY	OK
sub-21	3	run-03	<PROJECT_ROOT>/derivatives/smoothed_fwhm6/sub-21/func/sub-21_task-heatpainwithregulationandratings_run-03_space-MNI152NLin2009cAsym_desc-smoothedFWHM6_bold.nii.gz	<PROJECT_ROOT>/derivatives/fmriprep/sub-21/func/sub-21_task-heatpainwithregulationandratings_run-03_space-MNI152NLin2009cAsym_desc-preproc_bold.nii.gz	<PROJECT_ROOT>/derivatives/fmriprep/sub-21/func/sub-21_task-heatpainwithregulationandratings_run-03_space-MNI152NLin2009cAsym_desc-brain_mask.nii.gz	<PROJECT_ROOT>/derivatives/fmriprep/sub-21/func/sub-21_task-heatpainwithregulationandratings_run-03_desc-confounds_timeseries.tsv	KEEP_FOR_MAIN_BUT_SENSITIVITY_EXCLUDE_CANDIDATE	True	OK	HIGH_OUTLIER_BURDEN,SEVERE_LOW_ESTIMATED_DOF	OK	0.0769398712800122	0.1814692789528501	0.0	68.58638743455498	26	191	2.0	382.0	375.4839999999999	10.216000000000008	0	0	True	10	20	10	<PROJECT_ROOT>/derivatives/first_level_inputs_analysis/sub-21/run-03/events_long.tsv	<PROJECT_ROOT>/derivatives/first_level_inputs_analysis/sub-21/run-03/events_stim.tsv	191	31	31	59.67186981923927	159	155	True	<PROJECT_ROOT>/derivatives/first_level_inputs_analysis/sub-21/run-03/confounds_standard.tsv	<PROJECT_ROOT>/derivatives/first_level_inputs_analysis/sub-21/run-03/confounds_standard.json	standard	False	5	fd05	0.5	True	0	131	0	0	OK	READY	OK
sub-21	4	run-04	<PROJECT_ROOT>/derivatives/smoothed_fwhm6/sub-21/func/sub-21_task-heatpainwithregulationandratings_run-04_space-MNI152NLin2009cAsym_desc-smoothedFWHM6_bold.nii.gz	<PROJECT_ROOT>/derivatives/fmriprep/sub-21/func/sub-21_task-heatpainwithregulationandratings_run-04_space-MNI152NLin2009cAsym_desc-preproc_bold.nii.gz	<PROJECT_ROOT>/derivatives/fmriprep/sub-21/func/sub-21_task-heatpainwithregulationandratings_run-04_space-MNI152NLin2009cAsym_desc-brain_mask.nii.gz	<PROJECT_ROOT>/derivatives/fmriprep/sub-21/func/sub-21_task-heatpainwithregulationandratings_run-04_desc-confounds_timeseries.tsv	KEEP	False	OK	OK	OK	0.1000050288031647	0.4766581447324614	0.0	18.181818181818183	136	209	2.0	418.0	408.77600000000007	10.217000000000098	0	0	True	11	22	11	<PROJECT_ROOT>/derivatives/first_level_inputs_analysis/sub-21/run-04/events_long.tsv	<PROJECT_ROOT>/derivatives/first_level_inputs_analysis/sub-21/run-04/events_stim.tsv	209	31	31	57.636475158212995	177	173	True	<PROJECT_ROOT>/derivatives/first_level_inputs_analysis/sub-21/run-04/confounds_standard.tsv	<PROJECT_ROOT>/derivatives/first_level_inputs_analysis/sub-21/run-04/confounds_standard.json	standard	False	5	fd05	0.5	True	0	38	0	0	OK	READY	OK
sub-21	5	run-05	<PROJECT_ROOT>/derivatives/smoothed_fwhm6/sub-21/func/sub-21_task-heatpainwithregulationandratings_run-05_space-MNI152NLin2009cAsym_desc-smoothedFWHM6_bold.nii.gz	<PROJECT_ROOT>/derivatives/fmriprep/sub-21/func/sub-21_task-heatpainwithregulationandratings_run-05_space-MNI152NLin2009cAsym_desc-preproc_bold.nii.gz	<PROJECT_ROOT>/derivatives/fmriprep/sub-21/func/sub-21_task-heatpainwithregulationandratings_run-05_space-MNI152NLin2009cAsym_desc-brain_mask.nii.gz	<PROJECT_ROOT>/derivatives/fmriprep/sub-21/func/sub-21_task-heatpainwithregulationandratings_run-05_desc-confounds_timeseries.tsv	KEEP_WITH_WARNING	False	OK	WARN_OUTLIER_BURDEN	OK	0.0839157931066518	0.2261310541294683	0.0	31.100478468899524	109	209	2.0	418.0	410.769	10.215999999999894	0	0	True	11	22	11	<PROJECT_ROOT>/derivatives/first_level_inputs_analysis/sub-21/run-05/events_long.tsv	<PROJECT_ROOT>/derivatives/first_level_inputs_analysis/sub-21/run-05/events_stim.tsv	209	31	31	46.865224046569345	177	173	True	<PROJECT_ROOT>/derivatives/first_level_inputs_analysis/sub-21/run-05/confounds_standard.tsv	<PROJECT_ROOT>/derivatives/first_level_inputs_analysis/sub-21/run-05/confounds_standard.json	standard	False	5	fd05	0.5	True	0	65	0	0	OK	READY	OK
sub-21	6	run-06	<PROJECT_ROOT>/derivatives/smoothed_fwhm6/sub-21/func/sub-21_task-heatpainwithregulationandratings_run-06_space-MNI152NLin2009cAsym_desc-smoothedFWHM6_bold.nii.gz	<PROJECT_ROOT>/derivatives/fmriprep/sub-21/func/sub-21_task-heatpainwithregulationandratings_run-06_space-MNI152NLin2009cAsym_desc-preproc_bold.nii.gz	<PROJECT_ROOT>/derivatives/fmriprep/sub-21/func/sub-21_task-heatpainwithregulationandratings_run-06_space-MNI152NLin2009cAsym_desc-brain_mask.nii.gz	<PROJECT_ROOT>/derivatives/fmriprep/sub-21/func/sub-21_task-heatpainwithregulationandratings_run-06_desc-confounds_timeseries.tsv	KEEP_FOR_MAIN_BUT_SENSITIVITY_EXCLUDE_CANDIDATE	True	OK	HIGH_OUTLIER_BURDEN,WARN_LOW_ESTIMATED_DOF	OK	0.1095963622986577	0.4804892642976371	0.0	41.14832535885167	88	209	2.0	418.0	407.71199999999993	10.215999999999894	0	0	True	11	22	11	<PROJECT_ROOT>/derivatives/first_level_inputs_analysis/sub-21/run-06/events_long.tsv	<PROJECT_ROOT>/derivatives/first_level_inputs_analysis/sub-21/run-06/events_stim.tsv	209	31	31	54.64370651618862	177	173	True	<PROJECT_ROOT>/derivatives/first_level_inputs_analysis/sub-21/run-06/confounds_standard.tsv	<PROJECT_ROOT>/derivatives/first_level_inputs_analysis/sub-21/run-06/confounds_standard.json	standard	False	5	fd05	0.5	True	0	86	0	0	OK	READY	OK
sub-21	7	run-07	<PROJECT_ROOT>/derivatives/smoothed_fwhm6/sub-21/func/sub-21_task-heatpainwithregulationandratings_run-07_space-MNI152NLin2009cAsym_desc-smoothedFWHM6_bold.nii.gz	<PROJECT_ROOT>/derivatives/fmriprep/sub-21/func/sub-21_task-heatpainwithregulationandratings_run-07_space-MNI152NLin2009cAsym_desc-preproc_bold.nii.gz	<PROJECT_ROOT>/derivatives/fmriprep/sub-21/func/sub-21_task-heatpainwithregulationandratings_run-07_space-MNI152NLin2009cAsym_desc-brain_mask.nii.gz	<PROJECT_ROOT>/derivatives/fmriprep/sub-21/func/sub-21_task-heatpainwithregulationandratings_run-07_desc-confounds_timeseries.tsv	KEEP_WITH_WARNING	False	OK	WARN_OUTLIER_BURDEN	OK	0.082316005825311	0.2450935846893648	0.0	24.60732984293194	110	191	2.0	382.0	373.4899999999998	10.217000000000098	0	0	True	10	20	10	<PROJECT_ROOT>/derivatives/first_level_inputs_analysis/sub-21/run-07/events_long.tsv	<PROJECT_ROOT>/derivatives/first_level_inputs_analysis/sub-21/run-07/events_stim.tsv	191	31	31	69.40894925164439	159	155	True	<PROJECT_ROOT>/derivatives/first_level_inputs_analysis/sub-21/run-07/confounds_standard.tsv	<PROJECT_ROOT>/derivatives/first_level_inputs_analysis/sub-21/run-07/confounds_standard.json	standard	False	5	fd05	0.5	True	0	47	0	0	OK	READY	OK
sub-21	8	run-08	<PROJECT_ROOT>/derivatives/smoothed_fwhm6/sub-21/func/sub-21_task-heatpainwithregulationandratings_run-08_space-MNI152NLin2009cAsym_desc-smoothedFWHM6_bold.nii.gz	<PROJECT_ROOT>/derivatives/fmriprep/sub-21/func/sub-21_task-heatpainwithregulationandratings_run-08_space-MNI152NLin2009cAsym_desc-preproc_bold.nii.gz	<PROJECT_ROOT>/derivatives/fmriprep/sub-21/func/sub-21_task-heatpainwithregulationandratings_run-08_space-MNI152NLin2009cAsym_desc-brain_mask.nii.gz	<PROJECT_ROOT>/derivatives/fmriprep/sub-21/func/sub-21_task-heatpainwithregulationandratings_run-08_desc-confounds_timeseries.tsv	KEEP_FOR_MAIN_BUT_SENSITIVITY_EXCLUDE_CANDIDATE	True	OK	HIGH_OUTLIER_BURDEN,WARN_LOW_ESTIMATED_DOF	OK	0.0906371851352158	0.3792240272004392	0.0	35.88516746411483	99	209	2.0	418.0	408.7249999999999	10.215999999999894	0	0	True	11	22	11	<PROJECT_ROOT>/derivatives/first_level_inputs_analysis/sub-21/run-08/events_long.tsv	<PROJECT_ROOT>/derivatives/first_level_inputs_analysis/sub-21/run-08/events_stim.tsv	209	31	31	35.680584466924394	177	173	True	<PROJECT_ROOT>/derivatives/first_level_inputs_analysis/sub-21/run-08/confounds_standard.tsv	<PROJECT_ROOT>/derivatives/first_level_inputs_analysis/sub-21/run-08/confounds_standard.json	standard	False	5	fd05	0.5	True	0	75	0	0	OK	READY	OK
sub-21	9	run-09	<PROJECT_ROOT>/derivatives/smoothed_fwhm6/sub-21/func/sub-21_task-heatpainwithregulationandratings_run-09_space-MNI152NLin2009cAsym_desc-smoothedFWHM6_bold.nii.gz	<PROJECT_ROOT>/derivatives/fmriprep/sub-21/func/sub-21_task-heatpainwithregulationandratings_run-09_space-MNI152NLin2009cAsym_desc-preproc_bold.nii.gz	<PROJECT_ROOT>/derivatives/fmriprep/sub-21/func/sub-21_task-heatpainwithregulationandratings_run-09_space-MNI152NLin2009cAsym_desc-brain_mask.nii.gz	<PROJECT_ROOT>/derivatives/fmriprep/sub-21/func/sub-21_task-heatpainwithregulationandratings_run-09_desc-confounds_timeseries.tsv	KEEP_FOR_MAIN_BUT_SENSITIVITY_EXCLUDE_CANDIDATE	True	OK	HIGH_OUTLIER_BURDEN,WARN_LOW_ESTIMATED_DOF	OK	0.1121359708022557	0.6166867763069108	0.4807692307692308	42.58373205741627	85	209	2.0	418.0	409.7060000000001	10.215999999999894	0	0	True	11	22	11	<PROJECT_ROOT>/derivatives/first_level_inputs_analysis/sub-21/run-09/events_long.tsv	<PROJECT_ROOT>/derivatives/first_level_inputs_analysis/sub-21/run-09/events_stim.tsv	209	32	32	85.10184655304434	176	172	True	<PROJECT_ROOT>/derivatives/first_level_inputs_analysis/sub-21/run-09/confounds_standard.tsv	<PROJECT_ROOT>/derivatives/first_level_inputs_analysis/sub-21/run-09/confounds_standard.json	standard	False	5	fd05	0.5	True	1	89	0	0	OK	READY	OK
sub-22	1	run-01	<PROJECT_ROOT>/derivatives/smoothed_fwhm6/sub-22/func/sub-22_task-heatpainwithregulationandratings_run-01_space-MNI152NLin2009cAsym_desc-smoothedFWHM6_bold.nii.gz	<PROJECT_ROOT>/derivatives/fmriprep/sub-22/func/sub-22_task-heatpainwithregulationandratings_run-01_space-MNI152NLin2009cAsym_desc-preproc_bold.nii.gz	<PROJECT_ROOT>/derivatives/fmriprep/sub-22/func/sub-22_task-heatpainwithregulationandratings_run-01_space-MNI152NLin2009cAsym_desc-brain_mask.nii.gz	<PROJECT_ROOT>/derivatives/fmriprep/sub-22/func/sub-22_task-heatpainwithregulationandratings_run-01_desc-confounds_timeseries.tsv	KEEP	False	OK	OK	OK	0.1343079721111037	1.0410402763406774	2.8846153846153846	16.74641148325359	139	209	2.0	418.0	408.709	10.217	0	0	True	11	22	11	<PROJECT_ROOT>/derivatives/first_level_inputs_analysis/sub-22/run-01/events_long.tsv	<PROJECT_ROOT>/derivatives/first_level_inputs_analysis/sub-22/run-01/events_stim.tsv	209	37	37	48.64118224366753	171	167	True	<PROJECT_ROOT>/derivatives/first_level_inputs_analysis/sub-22/run-01/confounds_standard.tsv	<PROJECT_ROOT>/derivatives/first_level_inputs_analysis/sub-22/run-01/confounds_standard.json	standard	False	5	fd05	0.5	True	6	35	0	0	OK	READY	OK
sub-22	2	run-02	<PROJECT_ROOT>/derivatives/smoothed_fwhm6/sub-22/func/sub-22_task-heatpainwithregulationandratings_run-02_space-MNI152NLin2009cAsym_desc-smoothedFWHM6_bold.nii.gz	<PROJECT_ROOT>/derivatives/fmriprep/sub-22/func/sub-22_task-heatpainwithregulationandratings_run-02_space-MNI152NLin2009cAsym_desc-preproc_bold.nii.gz	<PROJECT_ROOT>/derivatives/fmriprep/sub-22/func/sub-22_task-heatpainwithregulationandratings_run-02_space-MNI152NLin2009cAsym_desc-brain_mask.nii.gz	<PROJECT_ROOT>/derivatives/fmriprep/sub-22/func/sub-22_task-heatpainwithregulationandratings_run-02_desc-confounds_timeseries.tsv	KEEP	False	OK	OK	OK	0.0990020809668368	0.8745800030009271	0.9615384615384616	17.22488038277512	138	209	2.0	418.0	409.7060000000001	10.216000000000008	0	0	True	11	22	11	<PROJECT_ROOT>/derivatives/first_level_inputs_analysis/sub-22/run-02/events_long.tsv	<PROJECT_ROOT>/derivatives/first_level_inputs_analysis/sub-22/run-02/events_stim.tsv	209	33	33	52.496073004405815	175	171	True	<PROJECT_ROOT>/derivatives/first_level_inputs_analysis/sub-22/run-02/confounds_standard.tsv	<PROJECT_ROOT>/derivatives/first_level_inputs_analysis/sub-22/run-02/confounds_standard.json	standard	False	5	fd05	0.5	True	2	36	0	0	OK	READY	OK
sub-22	3	run-03	<PROJECT_ROOT>/derivatives/smoothed_fwhm6/sub-22/func/sub-22_task-heatpainwithregulationandratings_run-03_space-MNI152NLin2009cAsym_desc-smoothedFWHM6_bold.nii.gz	<PROJECT_ROOT>/derivatives/fmriprep/sub-22/func/sub-22_task-heatpainwithregulationandratings_run-03_space-MNI152NLin2009cAsym_desc-preproc_bold.nii.gz	<PROJECT_ROOT>/derivatives/fmriprep/sub-22/func/sub-22_task-heatpainwithregulationandratings_run-03_space-MNI152NLin2009cAsym_desc-brain_mask.nii.gz	<PROJECT_ROOT>/derivatives/fmriprep/sub-22/func/sub-22_task-heatpainwithregulationandratings_run-03_desc-confounds_timeseries.tsv	KEEP	False	OK	OK	OK	0.1084298858407806	0.8202463418446334	1.0526315789473684	4.712041884816754	148	191	2.0	382.0	373.50600000000014	10.216000000000008	0	0	True	10	20	10	<PROJECT_ROOT>/derivatives/first_level_inputs_analysis/sub-22/run-03/events_long.tsv	<PROJECT_ROOT>/derivatives/first_level_inputs_analysis/sub-22/run-03/events_stim.tsv	191	33	33	69.39211823066698	157	153	True	<PROJECT_ROOT>/derivatives/first_level_inputs_analysis/sub-22/run-03/confounds_standard.tsv	<PROJECT_ROOT>/derivatives/first_level_inputs_analysis/sub-22/run-03/confounds_standard.json	standard	False	5	fd05	0.5	True	2	9	0	0	OK	READY	OK
sub-22	4	run-04	<PROJECT_ROOT>/derivatives/smoothed_fwhm6/sub-22/func/sub-22_task-heatpainwithregulationandratings_run-04_space-MNI152NLin2009cAsym_desc-smoothedFWHM6_bold.nii.gz	<PROJECT_ROOT>/derivatives/fmriprep/sub-22/func/sub-22_task-heatpainwithregulationandratings_run-04_space-MNI152NLin2009cAsym_desc-preproc_bold.nii.gz	<PROJECT_ROOT>/derivatives/fmriprep/sub-22/func/sub-22_task-heatpainwithregulationandratings_run-04_space-MNI152NLin2009cAsym_desc-brain_mask.nii.gz	<PROJECT_ROOT>/derivatives/fmriprep/sub-22/func/sub-22_task-heatpainwithregulationandratings_run-04_desc-confounds_timeseries.tsv	KEEP_WITH_WARNING	False	OK	WARN_OUTLIER_BURDEN	OK	0.1068413103696492	1.2240829290578774	0.4807692307692308	30.62200956937799	110	209	2.0	418.0	409.773	10.217000000000098	0	0	True	11	22	11	<PROJECT_ROOT>/derivatives/first_level_inputs_analysis/sub-22/run-04/events_long.tsv	<PROJECT_ROOT>/derivatives/first_level_inputs_analysis/sub-22/run-04/events_stim.tsv	209	32	32	53.45960665237827	176	172	True	<PROJECT_ROOT>/derivatives/first_level_inputs_analysis/sub-22/run-04/confounds_standard.tsv	<PROJECT_ROOT>/derivatives/first_level_inputs_analysis/sub-22/run-04/confounds_standard.json	standard	False	5	fd05	0.5	True	1	64	0	0	OK	READY	OK
sub-22	5	run-05	<PROJECT_ROOT>/derivatives/smoothed_fwhm6/sub-22/func/sub-22_task-heatpainwithregulationandratings_run-05_space-MNI152NLin2009cAsym_desc-smoothedFWHM6_bold.nii.gz	<PROJECT_ROOT>/derivatives/fmriprep/sub-22/func/sub-22_task-heatpainwithregulationandratings_run-05_space-MNI152NLin2009cAsym_desc-preproc_bold.nii.gz	<PROJECT_ROOT>/derivatives/fmriprep/sub-22/func/sub-22_task-heatpainwithregulationandratings_run-05_space-MNI152NLin2009cAsym_desc-brain_mask.nii.gz	<PROJECT_ROOT>/derivatives/fmriprep/sub-22/func/sub-22_task-heatpainwithregulationandratings_run-05_desc-confounds_timeseries.tsv	KEEP_WITH_WARNING	False	OK	WARN_OUTLIER_BURDEN	OK	0.1325277069656398	0.8596594285976031	1.9230769230769231	31.100478468899524	109	209	2.0	418.0	408.77500000000015	10.215999999999894	0	0	True	11	22	11	<PROJECT_ROOT>/derivatives/first_level_inputs_analysis/sub-22/run-05/events_long.tsv	<PROJECT_ROOT>/derivatives/first_level_inputs_analysis/sub-22/run-05/events_stim.tsv	209	35	35	25.631802824072835	173	169	True	<PROJECT_ROOT>/derivatives/first_level_inputs_analysis/sub-22/run-05/confounds_standard.tsv	<PROJECT_ROOT>/derivatives/first_level_inputs_analysis/sub-22/run-05/confounds_standard.json	standard	False	5	fd05	0.5	True	4	65	0	0	OK	READY	OK
sub-22	6	run-06	<PROJECT_ROOT>/derivatives/smoothed_fwhm6/sub-22/func/sub-22_task-heatpainwithregulationandratings_run-06_space-MNI152NLin2009cAsym_desc-smoothedFWHM6_bold.nii.gz	<PROJECT_ROOT>/derivatives/fmriprep/sub-22/func/sub-22_task-heatpainwithregulationandratings_run-06_space-MNI152NLin2009cAsym_desc-preproc_bold.nii.gz	<PROJECT_ROOT>/derivatives/fmriprep/sub-22/func/sub-22_task-heatpainwithregulationandratings_run-06_space-MNI152NLin2009cAsym_desc-brain_mask.nii.gz	<PROJECT_ROOT>/derivatives/fmriprep/sub-22/func/sub-22_task-heatpainwithregulationandratings_run-06_desc-confounds_timeseries.tsv	KEEP_WITH_WARNING	False	OK	WARN_OUTLIER_BURDEN	OK	0.120789611468622	1.5056872980907332	2.403846153846154	24.880382775119617	122	209	2.0	418.0	408.7249999999999	10.215999999999894	0	0	True	11	22	11	<PROJECT_ROOT>/derivatives/first_level_inputs_analysis/sub-22/run-06/events_long.tsv	<PROJECT_ROOT>/derivatives/first_level_inputs_analysis/sub-22/run-06/events_stim.tsv	209	36	36	105.77019420602336	172	168	True	<PROJECT_ROOT>/derivatives/first_level_inputs_analysis/sub-22/run-06/confounds_standard.tsv	<PROJECT_ROOT>/derivatives/first_level_inputs_analysis/sub-22/run-06/confounds_standard.json	standard	False	5	fd05	0.5	True	5	52	0	0	OK	READY	OK
sub-22	7	run-07	<PROJECT_ROOT>/derivatives/smoothed_fwhm6/sub-22/func/sub-22_task-heatpainwithregulationandratings_run-07_space-MNI152NLin2009cAsym_desc-smoothedFWHM6_bold.nii.gz	<PROJECT_ROOT>/derivatives/fmriprep/sub-22/func/sub-22_task-heatpainwithregulationandratings_run-07_space-MNI152NLin2009cAsym_desc-preproc_bold.nii.gz	<PROJECT_ROOT>/derivatives/fmriprep/sub-22/func/sub-22_task-heatpainwithregulationandratings_run-07_space-MNI152NLin2009cAsym_desc-brain_mask.nii.gz	<PROJECT_ROOT>/derivatives/fmriprep/sub-22/func/sub-22_task-heatpainwithregulationandratings_run-07_desc-confounds_timeseries.tsv	KEEP_FOR_MAIN_BUT_SENSITIVITY_EXCLUDE_CANDIDATE	True	OK	HIGH_OUTLIER_BURDEN,WARN_LOW_ESTIMATED_DOF	OK	0.1246437562580159	0.9427231108455456	0.5263157894736842	41.8848167539267	77	191	2.0	382.0	373.5059999999999	10.215999999999894	0	0	True	10	20	10	<PROJECT_ROOT>/derivatives/first_level_inputs_analysis/sub-22/run-07/events_long.tsv	<PROJECT_ROOT>/derivatives/first_level_inputs_analysis/sub-22/run-07/events_stim.tsv	191	32	32	26.857824746351643	158	154	True	<PROJECT_ROOT>/derivatives/first_level_inputs_analysis/sub-22/run-07/confounds_standard.tsv	<PROJECT_ROOT>/derivatives/first_level_inputs_analysis/sub-22/run-07/confounds_standard.json	standard	False	5	fd05	0.5	True	1	80	0	0	OK	READY	OK
sub-22	8	run-08	<PROJECT_ROOT>/derivatives/smoothed_fwhm6/sub-22/func/sub-22_task-heatpainwithregulationandratings_run-08_space-MNI152NLin2009cAsym_desc-smoothedFWHM6_bold.nii.gz	<PROJECT_ROOT>/derivatives/fmriprep/sub-22/func/sub-22_task-heatpainwithregulationandratings_run-08_space-MNI152NLin2009cAsym_desc-preproc_bold.nii.gz	<PROJECT_ROOT>/derivatives/fmriprep/sub-22/func/sub-22_task-heatpainwithregulationandratings_run-08_space-MNI152NLin2009cAsym_desc-brain_mask.nii.gz	<PROJECT_ROOT>/derivatives/fmriprep/sub-22/func/sub-22_task-heatpainwithregulationandratings_run-08_desc-confounds_timeseries.tsv	KEEP	False	OK	OK	OK	0.1482945877761159	1.1276778259015343	1.4423076923076923	13.875598086124402	145	209	2.0	418.0	408.70899999999983	10.215999999999894	0	0	True	11	22	11	<PROJECT_ROOT>/derivatives/first_level_inputs_analysis/sub-22/run-08/events_long.tsv	<PROJECT_ROOT>/derivatives/first_level_inputs_analysis/sub-22/run-08/events_stim.tsv	209	34	34	35.662856262729036	174	170	True	<PROJECT_ROOT>/derivatives/first_level_inputs_analysis/sub-22/run-08/confounds_standard.tsv	<PROJECT_ROOT>/derivatives/first_level_inputs_analysis/sub-22/run-08/confounds_standard.json	standard	False	5	fd05	0.5	True	3	29	0	0	OK	READY	OK
sub-22	9	run-09	<PROJECT_ROOT>/derivatives/smoothed_fwhm6/sub-22/func/sub-22_task-heatpainwithregulationandratings_run-09_space-MNI152NLin2009cAsym_desc-smoothedFWHM6_bold.nii.gz	<PROJECT_ROOT>/derivatives/fmriprep/sub-22/func/sub-22_task-heatpainwithregulationandratings_run-09_space-MNI152NLin2009cAsym_desc-preproc_bold.nii.gz	<PROJECT_ROOT>/derivatives/fmriprep/sub-22/func/sub-22_task-heatpainwithregulationandratings_run-09_space-MNI152NLin2009cAsym_desc-brain_mask.nii.gz	<PROJECT_ROOT>/derivatives/fmriprep/sub-22/func/sub-22_task-heatpainwithregulationandratings_run-09_desc-confounds_timeseries.tsv	KEEP_WITH_WARNING	False	WARN_FD_MEAN,WARN_FD_GT_0.5	OK	OK	0.2243134331283376	1.389212312223853	6.25	11.004784688995215	151	209	2.0	418.0	410.7689999999998	10.215999999999894	0	0	True	11	22	11	<PROJECT_ROOT>/derivatives/first_level_inputs_analysis/sub-22/run-09/events_long.tsv	<PROJECT_ROOT>/derivatives/first_level_inputs_analysis/sub-22/run-09/events_stim.tsv	209	44	44	59.07785242007117	164	160	True	<PROJECT_ROOT>/derivatives/first_level_inputs_analysis/sub-22/run-09/confounds_standard.tsv	<PROJECT_ROOT>/derivatives/first_level_inputs_analysis/sub-22/run-09/confounds_standard.json	standard	False	5	fd05	0.5	True	13	23	0	0	OK	READY	OK
sub-23	1	run-01	<PROJECT_ROOT>/derivatives/smoothed_fwhm6/sub-23/func/sub-23_task-heatpainwithregulationandratings_run-01_space-MNI152NLin2009cAsym_desc-smoothedFWHM6_bold.nii.gz	<PROJECT_ROOT>/derivatives/fmriprep/sub-23/func/sub-23_task-heatpainwithregulationandratings_run-01_space-MNI152NLin2009cAsym_desc-preproc_bold.nii.gz	<PROJECT_ROOT>/derivatives/fmriprep/sub-23/func/sub-23_task-heatpainwithregulationandratings_run-01_space-MNI152NLin2009cAsym_desc-brain_mask.nii.gz	<PROJECT_ROOT>/derivatives/fmriprep/sub-23/func/sub-23_task-heatpainwithregulationandratings_run-01_desc-confounds_timeseries.tsv	KEEP_WITH_WARNING	False	WARN_FD_MEAN,WARN_FD_MAX	OK	OK	0.234478829613893	3.953742238772052	4.326923076923077	15.311004784688995	142	209	2.0	418.0	409.739	10.216	0	0	True	11	22	11	<PROJECT_ROOT>/derivatives/first_level_inputs_analysis/sub-23/run-01/events_long.tsv	<PROJECT_ROOT>/derivatives/first_level_inputs_analysis/sub-23/run-01/events_stim.tsv	209	40	40	209.68286304746474	168	164	True	<PROJECT_ROOT>/derivatives/first_level_inputs_analysis/sub-23/run-01/confounds_standard.tsv	<PROJECT_ROOT>/derivatives/first_level_inputs_analysis/sub-23/run-01/confounds_standard.json	standard	False	5	fd05	0.5	True	9	32	0	0	OK	READY	OK
sub-23	2	run-02	<PROJECT_ROOT>/derivatives/smoothed_fwhm6/sub-23/func/sub-23_task-heatpainwithregulationandratings_run-02_space-MNI152NLin2009cAsym_desc-smoothedFWHM6_bold.nii.gz	<PROJECT_ROOT>/derivatives/fmriprep/sub-23/func/sub-23_task-heatpainwithregulationandratings_run-02_space-MNI152NLin2009cAsym_desc-preproc_bold.nii.gz	<PROJECT_ROOT>/derivatives/fmriprep/sub-23/func/sub-23_task-heatpainwithregulationandratings_run-02_space-MNI152NLin2009cAsym_desc-brain_mask.nii.gz	<PROJECT_ROOT>/derivatives/fmriprep/sub-23/func/sub-23_task-heatpainwithregulationandratings_run-02_desc-confounds_timeseries.tsv	KEEP	False	OK	OK	OK	0.1884453622117225	0.5452126838189757	1.4423076923076923	16.267942583732058	140	209	2.0	418.0	408.675	10.216000000000008	0	0	True	11	22	11	<PROJECT_ROOT>/derivatives/first_level_inputs_analysis/sub-23/run-02/events_long.tsv	<PROJECT_ROOT>/derivatives/first_level_inputs_analysis/sub-23/run-02/events_stim.tsv	209	34	34	22.455277183317396	174	170	True	<PROJECT_ROOT>/derivatives/first_level_inputs_analysis/sub-23/run-02/confounds_standard.tsv	<PROJECT_ROOT>/derivatives/first_level_inputs_analysis/sub-23/run-02/confounds_standard.json	standard	False	5	fd05	0.5	True	3	34	0	0	OK	READY	OK
sub-23	3	run-03	<PROJECT_ROOT>/derivatives/smoothed_fwhm6/sub-23/func/sub-23_task-heatpainwithregulationandratings_run-03_space-MNI152NLin2009cAsym_desc-smoothedFWHM6_bold.nii.gz	<PROJECT_ROOT>/derivatives/fmriprep/sub-23/func/sub-23_task-heatpainwithregulationandratings_run-03_space-MNI152NLin2009cAsym_desc-preproc_bold.nii.gz	<PROJECT_ROOT>/derivatives/fmriprep/sub-23/func/sub-23_task-heatpainwithregulationandratings_run-03_space-MNI152NLin2009cAsym_desc-brain_mask.nii.gz	<PROJECT_ROOT>/derivatives/fmriprep/sub-23/func/sub-23_task-heatpainwithregulationandratings_run-03_desc-confounds_timeseries.tsv	KEEP_WITH_WARNING	False	OK	WARN_OUTLIER_BURDEN	OK	0.1565616995530392	0.6758204721093247	2.1052631578947367	22.5130890052356	114	191	2.0	382.0	374.47	10.216000000000008	0	0	True	10	20	10	<PROJECT_ROOT>/derivatives/first_level_inputs_analysis/sub-23/run-03/events_long.tsv	<PROJECT_ROOT>/derivatives/first_level_inputs_analysis/sub-23/run-03/events_stim.tsv	191	35	35	23.740514139763363	155	151	True	<PROJECT_ROOT>/derivatives/first_level_inputs_analysis/sub-23/run-03/confounds_standard.tsv	<PROJECT_ROOT>/derivatives/first_level_inputs_analysis/sub-23/run-03/confounds_standard.json	standard	False	5	fd05	0.5	True	4	43	0	0	OK	READY	OK
sub-23	4	run-04	<PROJECT_ROOT>/derivatives/smoothed_fwhm6/sub-23/func/sub-23_task-heatpainwithregulationandratings_run-04_space-MNI152NLin2009cAsym_desc-smoothedFWHM6_bold.nii.gz	<PROJECT_ROOT>/derivatives/fmriprep/sub-23/func/sub-23_task-heatpainwithregulationandratings_run-04_space-MNI152NLin2009cAsym_desc-preproc_bold.nii.gz	<PROJECT_ROOT>/derivatives/fmriprep/sub-23/func/sub-23_task-heatpainwithregulationandratings_run-04_space-MNI152NLin2009cAsym_desc-brain_mask.nii.gz	<PROJECT_ROOT>/derivatives/fmriprep/sub-23/func/sub-23_task-heatpainwithregulationandratings_run-04_desc-confounds_timeseries.tsv	KEEP	False	OK	OK	OK	0.1739393021044962	0.6789898451497138	0.9615384615384616	17.22488038277512	138	209	2.0	418.0	408.77600000000007	10.217000000000098	0	0	True	11	22	11	<PROJECT_ROOT>/derivatives/first_level_inputs_analysis/sub-23/run-04/events_long.tsv	<PROJECT_ROOT>/derivatives/first_level_inputs_analysis/sub-23/run-04/events_stim.tsv	209	33	33	75.42081170835148	175	171	True	<PROJECT_ROOT>/derivatives/first_level_inputs_analysis/sub-23/run-04/confounds_standard.tsv	<PROJECT_ROOT>/derivatives/first_level_inputs_analysis/sub-23/run-04/confounds_standard.json	standard	False	5	fd05	0.5	True	2	36	0	0	OK	READY	OK
sub-23	5	run-05	<PROJECT_ROOT>/derivatives/smoothed_fwhm6/sub-23/func/sub-23_task-heatpainwithregulationandratings_run-05_space-MNI152NLin2009cAsym_desc-smoothedFWHM6_bold.nii.gz	<PROJECT_ROOT>/derivatives/fmriprep/sub-23/func/sub-23_task-heatpainwithregulationandratings_run-05_space-MNI152NLin2009cAsym_desc-preproc_bold.nii.gz	<PROJECT_ROOT>/derivatives/fmriprep/sub-23/func/sub-23_task-heatpainwithregulationandratings_run-05_space-MNI152NLin2009cAsym_desc-brain_mask.nii.gz	<PROJECT_ROOT>/derivatives/fmriprep/sub-23/func/sub-23_task-heatpainwithregulationandratings_run-05_desc-confounds_timeseries.tsv	KEEP_WITH_WARNING	False	OK	WARN_OUTLIER_BURDEN	OK	0.183798636727212	1.6210119075623242	3.3653846153846154	24.401913875598087	123	209	2.0	418.0	410.703	10.215999999999894	0	0	True	11	22	11	<PROJECT_ROOT>/derivatives/first_level_inputs_analysis/sub-23/run-05/events_long.tsv	<PROJECT_ROOT>/derivatives/first_level_inputs_analysis/sub-23/run-05/events_stim.tsv	209	38	38	128.37813920678173	170	166	True	<PROJECT_ROOT>/derivatives/first_level_inputs_analysis/sub-23/run-05/confounds_standard.tsv	<PROJECT_ROOT>/derivatives/first_level_inputs_analysis/sub-23/run-05/confounds_standard.json	standard	False	5	fd05	0.5	True	7	51	0	0	OK	READY	OK
sub-23	6	run-06	<PROJECT_ROOT>/derivatives/smoothed_fwhm6/sub-23/func/sub-23_task-heatpainwithregulationandratings_run-06_space-MNI152NLin2009cAsym_desc-smoothedFWHM6_bold.nii.gz	<PROJECT_ROOT>/derivatives/fmriprep/sub-23/func/sub-23_task-heatpainwithregulationandratings_run-06_space-MNI152NLin2009cAsym_desc-preproc_bold.nii.gz	<PROJECT_ROOT>/derivatives/fmriprep/sub-23/func/sub-23_task-heatpainwithregulationandratings_run-06_space-MNI152NLin2009cAsym_desc-brain_mask.nii.gz	<PROJECT_ROOT>/derivatives/fmriprep/sub-23/func/sub-23_task-heatpainwithregulationandratings_run-06_desc-confounds_timeseries.tsv	KEEP_WITH_WARNING	False	OK	WARN_OUTLIER_BURDEN	OK	0.1706303261600874	0.5978941237862103	0.9615384615384616	33.014354066985646	105	209	2.0	418.0	409.739	10.215999999999894	0	0	True	11	22	11	<PROJECT_ROOT>/derivatives/first_level_inputs_analysis/sub-23/run-06/events_long.tsv	<PROJECT_ROOT>/derivatives/first_level_inputs_analysis/sub-23/run-06/events_stim.tsv	209	33	33	20.004951266566597	175	171	True	<PROJECT_ROOT>/derivatives/first_level_inputs_analysis/sub-23/run-06/confounds_standard.tsv	<PROJECT_ROOT>/derivatives/first_level_inputs_analysis/sub-23/run-06/confounds_standard.json	standard	False	5	fd05	0.5	True	2	69	0	0	OK	READY	OK
sub-23	7	run-07	<PROJECT_ROOT>/derivatives/smoothed_fwhm6/sub-23/func/sub-23_task-heatpainwithregulationandratings_run-07_space-MNI152NLin2009cAsym_desc-smoothedFWHM6_bold.nii.gz	<PROJECT_ROOT>/derivatives/fmriprep/sub-23/func/sub-23_task-heatpainwithregulationandratings_run-07_space-MNI152NLin2009cAsym_desc-preproc_bold.nii.gz	<PROJECT_ROOT>/derivatives/fmriprep/sub-23/func/sub-23_task-heatpainwithregulationandratings_run-07_space-MNI152NLin2009cAsym_desc-brain_mask.nii.gz	<PROJECT_ROOT>/derivatives/fmriprep/sub-23/func/sub-23_task-heatpainwithregulationandratings_run-07_desc-confounds_timeseries.tsv	KEEP_FOR_MAIN_BUT_SENSITIVITY_EXCLUDE_CANDIDATE	True	OK	WARN_OUTLIER_BURDEN,WARN_LOW_ESTIMATED_DOF	OK	0.1899990675087305	0.4998291150524445	0.0	30.36649214659686	99	191	2.0	382.0	373.4569999999999	10.215999999999894	0	0	True	10	20	10	<PROJECT_ROOT>/derivatives/first_level_inputs_analysis/sub-23/run-07/events_long.tsv	<PROJECT_ROOT>/derivatives/first_level_inputs_analysis/sub-23/run-07/events_stim.tsv	191	31	31	27.03956296760636	159	155	True	<PROJECT_ROOT>/derivatives/first_level_inputs_analysis/sub-23/run-07/confounds_standard.tsv	<PROJECT_ROOT>/derivatives/first_level_inputs_analysis/sub-23/run-07/confounds_standard.json	standard	False	5	fd05	0.5	True	0	58	0	0	OK	READY	OK
sub-23	8	run-08	<PROJECT_ROOT>/derivatives/smoothed_fwhm6/sub-23/func/sub-23_task-heatpainwithregulationandratings_run-08_space-MNI152NLin2009cAsym_desc-smoothedFWHM6_bold.nii.gz	<PROJECT_ROOT>/derivatives/fmriprep/sub-23/func/sub-23_task-heatpainwithregulationandratings_run-08_space-MNI152NLin2009cAsym_desc-preproc_bold.nii.gz	<PROJECT_ROOT>/derivatives/fmriprep/sub-23/func/sub-23_task-heatpainwithregulationandratings_run-08_space-MNI152NLin2009cAsym_desc-brain_mask.nii.gz	<PROJECT_ROOT>/derivatives/fmriprep/sub-23/func/sub-23_task-heatpainwithregulationandratings_run-08_desc-confounds_timeseries.tsv	KEEP_WITH_WARNING	False	OK	WARN_OUTLIER_BURDEN	OK	0.172887965202418	0.549183214475688	0.4807692307692308	30.62200956937799	110	209	2.0	418.0	408.70899999999983	10.215999999999894	0	0	True	11	22	11	<PROJECT_ROOT>/derivatives/first_level_inputs_analysis/sub-23/run-08/events_long.tsv	<PROJECT_ROOT>/derivatives/first_level_inputs_analysis/sub-23/run-08/events_stim.tsv	209	32	32	17.6575566685928	176	172	True	<PROJECT_ROOT>/derivatives/first_level_inputs_analysis/sub-23/run-08/confounds_standard.tsv	<PROJECT_ROOT>/derivatives/first_level_inputs_analysis/sub-23/run-08/confounds_standard.json	standard	False	5	fd05	0.5	True	1	64	0	0	OK	READY	OK
sub-23	9	run-09	<PROJECT_ROOT>/derivatives/smoothed_fwhm6/sub-23/func/sub-23_task-heatpainwithregulationandratings_run-09_space-MNI152NLin2009cAsym_desc-smoothedFWHM6_bold.nii.gz	<PROJECT_ROOT>/derivatives/fmriprep/sub-23/func/sub-23_task-heatpainwithregulationandratings_run-09_space-MNI152NLin2009cAsym_desc-preproc_bold.nii.gz	<PROJECT_ROOT>/derivatives/fmriprep/sub-23/func/sub-23_task-heatpainwithregulationandratings_run-09_space-MNI152NLin2009cAsym_desc-brain_mask.nii.gz	<PROJECT_ROOT>/derivatives/fmriprep/sub-23/func/sub-23_task-heatpainwithregulationandratings_run-09_desc-confounds_timeseries.tsv	KEEP_WITH_WARNING	False	OK	WARN_OUTLIER_BURDEN	OK	0.1699851939284184	0.9003404974747011	0.9615384615384616	25.83732057416268	120	209	2.0	418.0	410.77	10.217000000000098	0	0	True	11	22	11	<PROJECT_ROOT>/derivatives/first_level_inputs_analysis/sub-23/run-09/events_long.tsv	<PROJECT_ROOT>/derivatives/first_level_inputs_analysis/sub-23/run-09/events_stim.tsv	209	33	33	58.695237990313935	175	171	True	<PROJECT_ROOT>/derivatives/first_level_inputs_analysis/sub-23/run-09/confounds_standard.tsv	<PROJECT_ROOT>/derivatives/first_level_inputs_analysis/sub-23/run-09/confounds_standard.json	standard	False	5	fd05	0.5	True	2	54	0	0	OK	READY	OK
sub-24	1	run-01	<PROJECT_ROOT>/derivatives/smoothed_fwhm6/sub-24/func/sub-24_task-heatpainwithregulationandratings_run-01_space-MNI152NLin2009cAsym_desc-smoothedFWHM6_bold.nii.gz	<PROJECT_ROOT>/derivatives/fmriprep/sub-24/func/sub-24_task-heatpainwithregulationandratings_run-01_space-MNI152NLin2009cAsym_desc-preproc_bold.nii.gz	<PROJECT_ROOT>/derivatives/fmriprep/sub-24/func/sub-24_task-heatpainwithregulationandratings_run-01_space-MNI152NLin2009cAsym_desc-brain_mask.nii.gz	<PROJECT_ROOT>/derivatives/fmriprep/sub-24/func/sub-24_task-heatpainwithregulationandratings_run-01_desc-confounds_timeseries.tsv	KEEP_WITH_WARNING	False	OK	WARN_OUTLIER_BURDEN	OK	0.1123126586666995	0.3009821207854729	0.0	29.1866028708134	113	209	2.0	418.0	407.711	10.216	0	0	True	11	22	11	<PROJECT_ROOT>/derivatives/first_level_inputs_analysis/sub-24/run-01/events_long.tsv	<PROJECT_ROOT>/derivatives/first_level_inputs_analysis/sub-24/run-01/events_stim.tsv	209	31	31	55.577000700699706	177	173	True	<PROJECT_ROOT>/derivatives/first_level_inputs_analysis/sub-24/run-01/confounds_standard.tsv	<PROJECT_ROOT>/derivatives/first_level_inputs_analysis/sub-24/run-01/confounds_standard.json	standard	False	5	fd05	0.5	True	0	61	0	0	OK	READY	OK
sub-24	2	run-02	<PROJECT_ROOT>/derivatives/smoothed_fwhm6/sub-24/func/sub-24_task-heatpainwithregulationandratings_run-02_space-MNI152NLin2009cAsym_desc-smoothedFWHM6_bold.nii.gz	<PROJECT_ROOT>/derivatives/fmriprep/sub-24/func/sub-24_task-heatpainwithregulationandratings_run-02_space-MNI152NLin2009cAsym_desc-preproc_bold.nii.gz	<PROJECT_ROOT>/derivatives/fmriprep/sub-24/func/sub-24_task-heatpainwithregulationandratings_run-02_space-MNI152NLin2009cAsym_desc-brain_mask.nii.gz	<PROJECT_ROOT>/derivatives/fmriprep/sub-24/func/sub-24_task-heatpainwithregulationandratings_run-02_desc-confounds_timeseries.tsv	KEEP_FOR_MAIN_BUT_SENSITIVITY_EXCLUDE_CANDIDATE	True	OK	HIGH_OUTLIER_BURDEN,WARN_LOW_ESTIMATED_DOF	OK	0.1181523233102367	0.3238140188358404	0.0	35.88516746411483	99	209	2.0	418.0	410.7530000000001	10.216999999999985	0	0	True	11	22	11	<PROJECT_ROOT>/derivatives/first_level_inputs_analysis/sub-24/run-02/events_long.tsv	<PROJECT_ROOT>/derivatives/first_level_inputs_analysis/sub-24/run-02/events_stim.tsv	209	31	31	37.368708808484975	177	173	True	<PROJECT_ROOT>/derivatives/first_level_inputs_analysis/sub-24/run-02/confounds_standard.tsv	<PROJECT_ROOT>/derivatives/first_level_inputs_analysis/sub-24/run-02/confounds_standard.json	standard	False	5	fd05	0.5	True	0	75	0	0	OK	READY	OK
sub-24	3	run-03	<PROJECT_ROOT>/derivatives/smoothed_fwhm6/sub-24/func/sub-24_task-heatpainwithregulationandratings_run-03_space-MNI152NLin2009cAsym_desc-smoothedFWHM6_bold.nii.gz	<PROJECT_ROOT>/derivatives/fmriprep/sub-24/func/sub-24_task-heatpainwithregulationandratings_run-03_space-MNI152NLin2009cAsym_desc-preproc_bold.nii.gz	<PROJECT_ROOT>/derivatives/fmriprep/sub-24/func/sub-24_task-heatpainwithregulationandratings_run-03_space-MNI152NLin2009cAsym_desc-brain_mask.nii.gz	<PROJECT_ROOT>/derivatives/fmriprep/sub-24/func/sub-24_task-heatpainwithregulationandratings_run-03_desc-confounds_timeseries.tsv	KEEP_WITH_WARNING	False	OK	WARN_OUTLIER_BURDEN	OK	0.1192372748227039	0.3999449454386397	0.0	25.13089005235602	109	191	2.0	382.0	375.50000000000006	10.216000000000008	0	0	True	10	20	10	<PROJECT_ROOT>/derivatives/first_level_inputs_analysis/sub-24/run-03/events_long.tsv	<PROJECT_ROOT>/derivatives/first_level_inputs_analysis/sub-24/run-03/events_stim.tsv	191	31	31	44.75087859123096	159	155	True	<PROJECT_ROOT>/derivatives/first_level_inputs_analysis/sub-24/run-03/confounds_standard.tsv	<PROJECT_ROOT>/derivatives/first_level_inputs_analysis/sub-24/run-03/confounds_standard.json	standard	False	5	fd05	0.5	True	0	48	0	0	OK	READY	OK
sub-24	4	run-04	<PROJECT_ROOT>/derivatives/smoothed_fwhm6/sub-24/func/sub-24_task-heatpainwithregulationandratings_run-04_space-MNI152NLin2009cAsym_desc-smoothedFWHM6_bold.nii.gz	<PROJECT_ROOT>/derivatives/fmriprep/sub-24/func/sub-24_task-heatpainwithregulationandratings_run-04_space-MNI152NLin2009cAsym_desc-preproc_bold.nii.gz	<PROJECT_ROOT>/derivatives/fmriprep/sub-24/func/sub-24_task-heatpainwithregulationandratings_run-04_space-MNI152NLin2009cAsym_desc-brain_mask.nii.gz	<PROJECT_ROOT>/derivatives/fmriprep/sub-24/func/sub-24_task-heatpainwithregulationandratings_run-04_desc-confounds_timeseries.tsv	KEEP_WITH_WARNING	False	OK	WARN_OUTLIER_BURDEN	OK	0.1161510257087972	0.4209882279674755	0.0	32.53588516746412	106	209	2.0	418.0	409.7550000000001	10.215999999999894	0	0	True	11	22	11	<PROJECT_ROOT>/derivatives/first_level_inputs_analysis/sub-24/run-04/events_long.tsv	<PROJECT_ROOT>/derivatives/first_level_inputs_analysis/sub-24/run-04/events_stim.tsv	209	31	31	43.93903768750243	177	173	True	<PROJECT_ROOT>/derivatives/first_level_inputs_analysis/sub-24/run-04/confounds_standard.tsv	<PROJECT_ROOT>/derivatives/first_level_inputs_analysis/sub-24/run-04/confounds_standard.json	standard	False	5	fd05	0.5	True	0	68	0	0	OK	READY	OK
sub-24	5	run-05	<PROJECT_ROOT>/derivatives/smoothed_fwhm6/sub-24/func/sub-24_task-heatpainwithregulationandratings_run-05_space-MNI152NLin2009cAsym_desc-smoothedFWHM6_bold.nii.gz	<PROJECT_ROOT>/derivatives/fmriprep/sub-24/func/sub-24_task-heatpainwithregulationandratings_run-05_space-MNI152NLin2009cAsym_desc-preproc_bold.nii.gz	<PROJECT_ROOT>/derivatives/fmriprep/sub-24/func/sub-24_task-heatpainwithregulationandratings_run-05_space-MNI152NLin2009cAsym_desc-brain_mask.nii.gz	<PROJECT_ROOT>/derivatives/fmriprep/sub-24/func/sub-24_task-heatpainwithregulationandratings_run-05_desc-confounds_timeseries.tsv	KEEP_WITH_WARNING	False	OK	WARN_OUTLIER_BURDEN	OK	0.1287285632298969	0.4924041786671414	0.0	31.100478468899524	109	209	2.0	418.0	407.761	10.215999999999894	0	0	True	11	22	11	<PROJECT_ROOT>/derivatives/first_level_inputs_analysis/sub-24/run-05/events_long.tsv	<PROJECT_ROOT>/derivatives/first_level_inputs_analysis/sub-24/run-05/events_stim.tsv	209	31	31	27.029956253427116	177	173	True	<PROJECT_ROOT>/derivatives/first_level_inputs_analysis/sub-24/run-05/confounds_standard.tsv	<PROJECT_ROOT>/derivatives/first_level_inputs_analysis/sub-24/run-05/confounds_standard.json	standard	False	5	fd05	0.5	True	0	65	0	0	OK	READY	OK
sub-24	6	run-06	<PROJECT_ROOT>/derivatives/smoothed_fwhm6/sub-24/func/sub-24_task-heatpainwithregulationandratings_run-06_space-MNI152NLin2009cAsym_desc-smoothedFWHM6_bold.nii.gz	<PROJECT_ROOT>/derivatives/fmriprep/sub-24/func/sub-24_task-heatpainwithregulationandratings_run-06_space-MNI152NLin2009cAsym_desc-preproc_bold.nii.gz	<PROJECT_ROOT>/derivatives/fmriprep/sub-24/func/sub-24_task-heatpainwithregulationandratings_run-06_space-MNI152NLin2009cAsym_desc-brain_mask.nii.gz	<PROJECT_ROOT>/derivatives/fmriprep/sub-24/func/sub-24_task-heatpainwithregulationandratings_run-06_desc-confounds_timeseries.tsv	KEEP_FOR_MAIN_BUT_SENSITIVITY_EXCLUDE_CANDIDATE	True	OK	HIGH_OUTLIER_BURDEN,WARN_LOW_ESTIMATED_DOF	OK	0.1200256098479021	0.5068181553550201	0.4807692307692308	51.19617224880383	67	209	2.0	418.0	408.741	10.215999999999894	0	0	True	11	22	11	<PROJECT_ROOT>/derivatives/first_level_inputs_analysis/sub-24/run-06/events_long.tsv	<PROJECT_ROOT>/derivatives/first_level_inputs_analysis/sub-24/run-06/events_stim.tsv	209	32	32	53.68007979442781	176	172	True	<PROJECT_ROOT>/derivatives/first_level_inputs_analysis/sub-24/run-06/confounds_standard.tsv	<PROJECT_ROOT>/derivatives/first_level_inputs_analysis/sub-24/run-06/confounds_standard.json	standard	False	5	fd05	0.5	True	1	107	0	0	OK	READY	OK
sub-24	7	run-07	<PROJECT_ROOT>/derivatives/smoothed_fwhm6/sub-24/func/sub-24_task-heatpainwithregulationandratings_run-07_space-MNI152NLin2009cAsym_desc-smoothedFWHM6_bold.nii.gz	<PROJECT_ROOT>/derivatives/fmriprep/sub-24/func/sub-24_task-heatpainwithregulationandratings_run-07_space-MNI152NLin2009cAsym_desc-preproc_bold.nii.gz	<PROJECT_ROOT>/derivatives/fmriprep/sub-24/func/sub-24_task-heatpainwithregulationandratings_run-07_space-MNI152NLin2009cAsym_desc-brain_mask.nii.gz	<PROJECT_ROOT>/derivatives/fmriprep/sub-24/func/sub-24_task-heatpainwithregulationandratings_run-07_desc-confounds_timeseries.tsv	KEEP_WITH_WARNING	False	OK	WARN_OUTLIER_BURDEN	OK	0.1436136022167928	0.4271535868592171	0.0	24.60732984293194	110	191	2.0	382.0	374.493	10.215999999999894	0	0	True	10	20	10	<PROJECT_ROOT>/derivatives/first_level_inputs_analysis/sub-24/run-07/events_long.tsv	<PROJECT_ROOT>/derivatives/first_level_inputs_analysis/sub-24/run-07/events_stim.tsv	191	31	31	22.203118994602526	159	155	True	<PROJECT_ROOT>/derivatives/first_level_inputs_analysis/sub-24/run-07/confounds_standard.tsv	<PROJECT_ROOT>/derivatives/first_level_inputs_analysis/sub-24/run-07/confounds_standard.json	standard	False	5	fd05	0.5	True	0	47	0	0	OK	READY	OK
sub-24	8	run-08	<PROJECT_ROOT>/derivatives/smoothed_fwhm6/sub-24/func/sub-24_task-heatpainwithregulationandratings_run-08_space-MNI152NLin2009cAsym_desc-smoothedFWHM6_bold.nii.gz	<PROJECT_ROOT>/derivatives/fmriprep/sub-24/func/sub-24_task-heatpainwithregulationandratings_run-08_space-MNI152NLin2009cAsym_desc-preproc_bold.nii.gz	<PROJECT_ROOT>/derivatives/fmriprep/sub-24/func/sub-24_task-heatpainwithregulationandratings_run-08_space-MNI152NLin2009cAsym_desc-brain_mask.nii.gz	<PROJECT_ROOT>/derivatives/fmriprep/sub-24/func/sub-24_task-heatpainwithregulationandratings_run-08_desc-confounds_timeseries.tsv	KEEP_WITH_WARNING	False	OK	WARN_OUTLIER_BURDEN	OK	0.1130152636386933	0.5108974077588695	0.4807692307692308	25.83732057416268	120	209	2.0	418.0	409.7559999999999	10.217000000000098	0	0	True	11	22	11	<PROJECT_ROOT>/derivatives/first_level_inputs_analysis/sub-24/run-08/events_long.tsv	<PROJECT_ROOT>/derivatives/first_level_inputs_analysis/sub-24/run-08/events_stim.tsv	209	32	32	42.7842178378747	176	172	True	<PROJECT_ROOT>/derivatives/first_level_inputs_analysis/sub-24/run-08/confounds_standard.tsv	<PROJECT_ROOT>/derivatives/first_level_inputs_analysis/sub-24/run-08/confounds_standard.json	standard	False	5	fd05	0.5	True	1	54	0	0	OK	READY	OK
sub-24	9	run-09	<PROJECT_ROOT>/derivatives/smoothed_fwhm6/sub-24/func/sub-24_task-heatpainwithregulationandratings_run-09_space-MNI152NLin2009cAsym_desc-smoothedFWHM6_bold.nii.gz	<PROJECT_ROOT>/derivatives/fmriprep/sub-24/func/sub-24_task-heatpainwithregulationandratings_run-09_space-MNI152NLin2009cAsym_desc-preproc_bold.nii.gz	<PROJECT_ROOT>/derivatives/fmriprep/sub-24/func/sub-24_task-heatpainwithregulationandratings_run-09_space-MNI152NLin2009cAsym_desc-brain_mask.nii.gz	<PROJECT_ROOT>/derivatives/fmriprep/sub-24/func/sub-24_task-heatpainwithregulationandratings_run-09_desc-confounds_timeseries.tsv	KEEP_FOR_MAIN_BUT_SENSITIVITY_EXCLUDE_CANDIDATE	True	OK	HIGH_OUTLIER_BURDEN,WARN_LOW_ESTIMATED_DOF	OK	0.1181477628822584	0.5289271500049495	0.4807692307692308	55.02392344497608	59	209	2.0	418.0	407.74400000000014	10.215999999999894	0	0	True	11	22	11	<PROJECT_ROOT>/derivatives/first_level_inputs_analysis/sub-24/run-09/events_long.tsv	<PROJECT_ROOT>/derivatives/first_level_inputs_analysis/sub-24/run-09/events_stim.tsv	209	32	32	25.26411955340847	176	172	True	<PROJECT_ROOT>/derivatives/first_level_inputs_analysis/sub-24/run-09/confounds_standard.tsv	<PROJECT_ROOT>/derivatives/first_level_inputs_analysis/sub-24/run-09/confounds_standard.json	standard	False	5	fd05	0.5	True	1	115	0	0	OK	READY	OK
sub-25	2	run-02	<PROJECT_ROOT>/derivatives/smoothed_fwhm6/sub-25/func/sub-25_task-heatpainwithregulationandratings_run-02_space-MNI152NLin2009cAsym_desc-smoothedFWHM6_bold.nii.gz	<PROJECT_ROOT>/derivatives/fmriprep/sub-25/func/sub-25_task-heatpainwithregulationandratings_run-02_space-MNI152NLin2009cAsym_desc-preproc_bold.nii.gz	<PROJECT_ROOT>/derivatives/fmriprep/sub-25/func/sub-25_task-heatpainwithregulationandratings_run-02_space-MNI152NLin2009cAsym_desc-brain_mask.nii.gz	<PROJECT_ROOT>/derivatives/fmriprep/sub-25/func/sub-25_task-heatpainwithregulationandratings_run-02_desc-confounds_timeseries.tsv	KEEP_FOR_MAIN_BUT_SENSITIVITY_EXCLUDE_CANDIDATE	True	OK	HIGH_OUTLIER_BURDEN,SEVERE_LOW_ESTIMATED_DOF	OK	0.0858370806526778	0.233346346366244	0.0	77.03349282296651	13	209	2.0	418.0	406.7960000000001	10.216000000000008	0	0	True	11	22	11	<PROJECT_ROOT>/derivatives/first_level_inputs_analysis/sub-25/run-02/events_long.tsv	<PROJECT_ROOT>/derivatives/first_level_inputs_analysis/sub-25/run-02/events_stim.tsv	209	31	31	22.698924951816483	177	173	True	<PROJECT_ROOT>/derivatives/first_level_inputs_analysis/sub-25/run-02/confounds_standard.tsv	<PROJECT_ROOT>/derivatives/first_level_inputs_analysis/sub-25/run-02/confounds_standard.json	standard	False	5	fd05	0.5	True	0	161	0	0	OK	READY	OK
sub-25	3	run-03	<PROJECT_ROOT>/derivatives/smoothed_fwhm6/sub-25/func/sub-25_task-heatpainwithregulationandratings_run-03_space-MNI152NLin2009cAsym_desc-smoothedFWHM6_bold.nii.gz	<PROJECT_ROOT>/derivatives/fmriprep/sub-25/func/sub-25_task-heatpainwithregulationandratings_run-03_space-MNI152NLin2009cAsym_desc-preproc_bold.nii.gz	<PROJECT_ROOT>/derivatives/fmriprep/sub-25/func/sub-25_task-heatpainwithregulationandratings_run-03_space-MNI152NLin2009cAsym_desc-brain_mask.nii.gz	<PROJECT_ROOT>/derivatives/fmriprep/sub-25/func/sub-25_task-heatpainwithregulationandratings_run-03_desc-confounds_timeseries.tsv	KEEP_FOR_MAIN_BUT_SENSITIVITY_EXCLUDE_CANDIDATE	True	OK	HIGH_OUTLIER_BURDEN,WARN_LOW_ESTIMATED_DOF	OK	0.1229044852745677	0.5941023343286733	2.1052631578947367	37.696335078534034	85	191	2.0	382.0	374.5350000000001	10.216000000000008	0	0	True	10	20	10	<PROJECT_ROOT>/derivatives/first_level_inputs_analysis/sub-25/run-03/events_long.tsv	<PROJECT_ROOT>/derivatives/first_level_inputs_analysis/sub-25/run-03/events_stim.tsv	191	35	35	25.782866174521747	155	151	True	<PROJECT_ROOT>/derivatives/first_level_inputs_analysis/sub-25/run-03/confounds_standard.tsv	<PROJECT_ROOT>/derivatives/first_level_inputs_analysis/sub-25/run-03/confounds_standard.json	standard	False	5	fd05	0.5	True	4	72	0	0	OK	READY	OK
sub-25	4	run-04	<PROJECT_ROOT>/derivatives/smoothed_fwhm6/sub-25/func/sub-25_task-heatpainwithregulationandratings_run-04_space-MNI152NLin2009cAsym_desc-smoothedFWHM6_bold.nii.gz	<PROJECT_ROOT>/derivatives/fmriprep/sub-25/func/sub-25_task-heatpainwithregulationandratings_run-04_space-MNI152NLin2009cAsym_desc-preproc_bold.nii.gz	<PROJECT_ROOT>/derivatives/fmriprep/sub-25/func/sub-25_task-heatpainwithregulationandratings_run-04_space-MNI152NLin2009cAsym_desc-brain_mask.nii.gz	<PROJECT_ROOT>/derivatives/fmriprep/sub-25/func/sub-25_task-heatpainwithregulationandratings_run-04_desc-confounds_timeseries.tsv	KEEP_FOR_MAIN_BUT_SENSITIVITY_EXCLUDE_CANDIDATE	True	OK	HIGH_OUTLIER_BURDEN,WARN_LOW_ESTIMATED_DOF	OK	0.1180191449901937	0.6907085030761445	0.4807692307692308	52.15311004784689	64	209	2.0	418.0	409.7380000000001	10.215999999999894	0	0	True	11	22	11	<PROJECT_ROOT>/derivatives/first_level_inputs_analysis/sub-25/run-04/events_long.tsv	<PROJECT_ROOT>/derivatives/first_level_inputs_analysis/sub-25/run-04/events_stim.tsv	209	33	33	29.977618087903995	175	171	True	<PROJECT_ROOT>/derivatives/first_level_inputs_analysis/sub-25/run-04/confounds_standard.tsv	<PROJECT_ROOT>/derivatives/first_level_inputs_analysis/sub-25/run-04/confounds_standard.json	standard	False	5	fd05	0.5	True	1	109	0	1	OK	READY	OK
sub-25	5	run-05	<PROJECT_ROOT>/derivatives/smoothed_fwhm6/sub-25/func/sub-25_task-heatpainwithregulationandratings_run-05_space-MNI152NLin2009cAsym_desc-smoothedFWHM6_bold.nii.gz	<PROJECT_ROOT>/derivatives/fmriprep/sub-25/func/sub-25_task-heatpainwithregulationandratings_run-05_space-MNI152NLin2009cAsym_desc-preproc_bold.nii.gz	<PROJECT_ROOT>/derivatives/fmriprep/sub-25/func/sub-25_task-heatpainwithregulationandratings_run-05_space-MNI152NLin2009cAsym_desc-brain_mask.nii.gz	<PROJECT_ROOT>/derivatives/fmriprep/sub-25/func/sub-25_task-heatpainwithregulationandratings_run-05_desc-confounds_timeseries.tsv	KEEP_FOR_MAIN_BUT_SENSITIVITY_EXCLUDE_CANDIDATE	True	OK	HIGH_OUTLIER_BURDEN,WARN_LOW_ESTIMATED_DOF	OK	0.1515930619943046	1.7703688148964851	1.9230769230769231	56.9377990430622	55	209	2.0	418.0	408.7570000000001	10.215999999999894	0	0	True	11	22	11	<PROJECT_ROOT>/derivatives/first_level_inputs_analysis/sub-25/run-05/events_long.tsv	<PROJECT_ROOT>/derivatives/first_level_inputs_analysis/sub-25/run-05/events_stim.tsv	209	35	35	112.87144403019376	173	169	True	<PROJECT_ROOT>/derivatives/first_level_inputs_analysis/sub-25/run-05/confounds_standard.tsv	<PROJECT_ROOT>/derivatives/first_level_inputs_analysis/sub-25/run-05/confounds_standard.json	standard	False	5	fd05	0.5	True	4	119	0	0	OK	READY	OK
sub-25	6	run-06	<PROJECT_ROOT>/derivatives/smoothed_fwhm6/sub-25/func/sub-25_task-heatpainwithregulationandratings_run-06_space-MNI152NLin2009cAsym_desc-smoothedFWHM6_bold.nii.gz	<PROJECT_ROOT>/derivatives/fmriprep/sub-25/func/sub-25_task-heatpainwithregulationandratings_run-06_space-MNI152NLin2009cAsym_desc-preproc_bold.nii.gz	<PROJECT_ROOT>/derivatives/fmriprep/sub-25/func/sub-25_task-heatpainwithregulationandratings_run-06_space-MNI152NLin2009cAsym_desc-brain_mask.nii.gz	<PROJECT_ROOT>/derivatives/fmriprep/sub-25/func/sub-25_task-heatpainwithregulationandratings_run-06_desc-confounds_timeseries.tsv	KEEP_FOR_MAIN_BUT_SENSITIVITY_EXCLUDE_CANDIDATE	True	OK	HIGH_OUTLIER_BURDEN,WARN_LOW_ESTIMATED_DOF	OK	0.1388644154918421	0.7984532078629774	2.8846153846153846	57.41626794258373	54	209	2.0	418.0	408.79	10.215999999999894	0	0	True	11	22	11	<PROJECT_ROOT>/derivatives/first_level_inputs_analysis/sub-25/run-06/events_long.tsv	<PROJECT_ROOT>/derivatives/first_level_inputs_analysis/sub-25/run-06/events_stim.tsv	209	37	37	42.07623789514493	171	167	True	<PROJECT_ROOT>/derivatives/first_level_inputs_analysis/sub-25/run-06/confounds_standard.tsv	<PROJECT_ROOT>/derivatives/first_level_inputs_analysis/sub-25/run-06/confounds_standard.json	standard	False	5	fd05	0.5	True	6	120	0	0	OK	READY	OK
sub-25	7	run-07	<PROJECT_ROOT>/derivatives/smoothed_fwhm6/sub-25/func/sub-25_task-heatpainwithregulationandratings_run-07_space-MNI152NLin2009cAsym_desc-smoothedFWHM6_bold.nii.gz	<PROJECT_ROOT>/derivatives/fmriprep/sub-25/func/sub-25_task-heatpainwithregulationandratings_run-07_space-MNI152NLin2009cAsym_desc-preproc_bold.nii.gz	<PROJECT_ROOT>/derivatives/fmriprep/sub-25/func/sub-25_task-heatpainwithregulationandratings_run-07_space-MNI152NLin2009cAsym_desc-brain_mask.nii.gz	<PROJECT_ROOT>/derivatives/fmriprep/sub-25/func/sub-25_task-heatpainwithregulationandratings_run-07_desc-confounds_timeseries.tsv	KEEP_FOR_MAIN_BUT_SENSITIVITY_EXCLUDE_CANDIDATE	True	WARN_FD_MEAN,BAD_FD_GT_0.5	WARN_OUTLIER_BURDEN	OK	0.2606234024316941	1.605968136410505	12.63157894736842	24.60732984293194	110	191	2.0	382.0	374.4859999999999	10.217000000000098	0	0	True	10	20	10	<PROJECT_ROOT>/derivatives/first_level_inputs_analysis/sub-25/run-07/events_long.tsv	<PROJECT_ROOT>/derivatives/first_level_inputs_analysis/sub-25/run-07/events_stim.tsv	191	55	55	93.4832038829311	135	131	True	<PROJECT_ROOT>/derivatives/first_level_inputs_analysis/sub-25/run-07/confounds_standard.tsv	<PROJECT_ROOT>/derivatives/first_level_inputs_analysis/sub-25/run-07/confounds_standard.json	standard	False	5	fd05	0.5	True	24	47	0	0	OK	READY	OK
sub-25	8	run-08	<PROJECT_ROOT>/derivatives/smoothed_fwhm6/sub-25/func/sub-25_task-heatpainwithregulationandratings_run-08_space-MNI152NLin2009cAsym_desc-smoothedFWHM6_bold.nii.gz	<PROJECT_ROOT>/derivatives/fmriprep/sub-25/func/sub-25_task-heatpainwithregulationandratings_run-08_space-MNI152NLin2009cAsym_desc-preproc_bold.nii.gz	<PROJECT_ROOT>/derivatives/fmriprep/sub-25/func/sub-25_task-heatpainwithregulationandratings_run-08_space-MNI152NLin2009cAsym_desc-brain_mask.nii.gz	<PROJECT_ROOT>/derivatives/fmriprep/sub-25/func/sub-25_task-heatpainwithregulationandratings_run-08_desc-confounds_timeseries.tsv	KEEP_FOR_MAIN_BUT_SENSITIVITY_EXCLUDE_CANDIDATE	True	OK	HIGH_OUTLIER_BURDEN,WARN_LOW_ESTIMATED_DOF	OK	0.1386995007795705	0.6588969356004292	0.9615384615384616	48.32535885167464	73	209	2.0	418.0	407.8090000000002	10.215999999999894	0	0	True	11	22	11	<PROJECT_ROOT>/derivatives/first_level_inputs_analysis/sub-25/run-08/events_long.tsv	<PROJECT_ROOT>/derivatives/first_level_inputs_analysis/sub-25/run-08/events_stim.tsv	209	33	33	24.55849197331594	175	171	True	<PROJECT_ROOT>/derivatives/first_level_inputs_analysis/sub-25/run-08/confounds_standard.tsv	<PROJECT_ROOT>/derivatives/first_level_inputs_analysis/sub-25/run-08/confounds_standard.json	standard	False	5	fd05	0.5	True	2	101	0	0	OK	READY	OK
sub-25	9	run-09	<PROJECT_ROOT>/derivatives/smoothed_fwhm6/sub-25/func/sub-25_task-heatpainwithregulationandratings_run-09_space-MNI152NLin2009cAsym_desc-smoothedFWHM6_bold.nii.gz	<PROJECT_ROOT>/derivatives/fmriprep/sub-25/func/sub-25_task-heatpainwithregulationandratings_run-09_space-MNI152NLin2009cAsym_desc-preproc_bold.nii.gz	<PROJECT_ROOT>/derivatives/fmriprep/sub-25/func/sub-25_task-heatpainwithregulationandratings_run-09_space-MNI152NLin2009cAsym_desc-brain_mask.nii.gz	<PROJECT_ROOT>/derivatives/fmriprep/sub-25/func/sub-25_task-heatpainwithregulationandratings_run-09_desc-confounds_timeseries.tsv	KEEP_WITH_WARNING	False	WARN_FD_GT_0.5	WARN_OUTLIER_BURDEN	OK	0.1820155371006724	1.053414267384134	5.769230769230769	24.880382775119617	122	209	2.0	418.0	408.79100000000017	10.215999999999894	0	0	True	11	22	11	<PROJECT_ROOT>/derivatives/first_level_inputs_analysis/sub-25/run-09/events_long.tsv	<PROJECT_ROOT>/derivatives/first_level_inputs_analysis/sub-25/run-09/events_stim.tsv	209	43	43	52.629339265784026	165	161	True	<PROJECT_ROOT>/derivatives/first_level_inputs_analysis/sub-25/run-09/confounds_standard.tsv	<PROJECT_ROOT>/derivatives/first_level_inputs_analysis/sub-25/run-09/confounds_standard.json	standard	False	5	fd05	0.5	True	12	52	0	0	OK	READY	OK
sub-26	1	run-01	<PROJECT_ROOT>/derivatives/smoothed_fwhm6/sub-26/func/sub-26_task-heatpainwithregulationandratings_run-01_space-MNI152NLin2009cAsym_desc-smoothedFWHM6_bold.nii.gz	<PROJECT_ROOT>/derivatives/fmriprep/sub-26/func/sub-26_task-heatpainwithregulationandratings_run-01_space-MNI152NLin2009cAsym_desc-preproc_bold.nii.gz	<PROJECT_ROOT>/derivatives/fmriprep/sub-26/func/sub-26_task-heatpainwithregulationandratings_run-01_space-MNI152NLin2009cAsym_desc-brain_mask.nii.gz	<PROJECT_ROOT>/derivatives/fmriprep/sub-26/func/sub-26_task-heatpainwithregulationandratings_run-01_desc-confounds_timeseries.tsv	KEEP	False	OK	OK	OK	0.0943972369880447	0.2245929036651731	0.0	6.220095693779904	161	209	2.0	418.0	409.741	10.216	0	0	True	11	22	11	<PROJECT_ROOT>/derivatives/first_level_inputs_analysis/sub-26/run-01/events_long.tsv	<PROJECT_ROOT>/derivatives/first_level_inputs_analysis/sub-26/run-01/events_stim.tsv	209	31	31	23.451043294794104	177	173	True	<PROJECT_ROOT>/derivatives/first_level_inputs_analysis/sub-26/run-01/confounds_standard.tsv	<PROJECT_ROOT>/derivatives/first_level_inputs_analysis/sub-26/run-01/confounds_standard.json	standard	False	5	fd05	0.5	True	0	13	0	0	OK	READY	OK
sub-26	2	run-02	<PROJECT_ROOT>/derivatives/smoothed_fwhm6/sub-26/func/sub-26_task-heatpainwithregulationandratings_run-02_space-MNI152NLin2009cAsym_desc-smoothedFWHM6_bold.nii.gz	<PROJECT_ROOT>/derivatives/fmriprep/sub-26/func/sub-26_task-heatpainwithregulationandratings_run-02_space-MNI152NLin2009cAsym_desc-preproc_bold.nii.gz	<PROJECT_ROOT>/derivatives/fmriprep/sub-26/func/sub-26_task-heatpainwithregulationandratings_run-02_space-MNI152NLin2009cAsym_desc-brain_mask.nii.gz	<PROJECT_ROOT>/derivatives/fmriprep/sub-26/func/sub-26_task-heatpainwithregulationandratings_run-02_desc-confounds_timeseries.tsv	KEEP_WITH_WARNING	False	OK	WARN_OUTLIER_BURDEN	OK	0.1386496079641734	0.7090930993070009	1.4423076923076923	34.92822966507177	101	209	2.0	418.0	407.746	10.216000000000008	0	0	True	11	22	11	<PROJECT_ROOT>/derivatives/first_level_inputs_analysis/sub-26/run-02/events_long.tsv	<PROJECT_ROOT>/derivatives/first_level_inputs_analysis/sub-26/run-02/events_stim.tsv	209	34	34	26.254296284121686	174	170	True	<PROJECT_ROOT>/derivatives/first_level_inputs_analysis/sub-26/run-02/confounds_standard.tsv	<PROJECT_ROOT>/derivatives/first_level_inputs_analysis/sub-26/run-02/confounds_standard.json	standard	False	5	fd05	0.5	True	3	73	0	0	OK	READY	OK
sub-26	3	run-03	<PROJECT_ROOT>/derivatives/smoothed_fwhm6/sub-26/func/sub-26_task-heatpainwithregulationandratings_run-03_space-MNI152NLin2009cAsym_desc-smoothedFWHM6_bold.nii.gz	<PROJECT_ROOT>/derivatives/fmriprep/sub-26/func/sub-26_task-heatpainwithregulationandratings_run-03_space-MNI152NLin2009cAsym_desc-preproc_bold.nii.gz	<PROJECT_ROOT>/derivatives/fmriprep/sub-26/func/sub-26_task-heatpainwithregulationandratings_run-03_space-MNI152NLin2009cAsym_desc-brain_mask.nii.gz	<PROJECT_ROOT>/derivatives/fmriprep/sub-26/func/sub-26_task-heatpainwithregulationandratings_run-03_desc-confounds_timeseries.tsv	KEEP	False	OK	OK	OK	0.1137652045124278	0.4755762669233804	0.0	14.659685863874344	129	191	2.0	382.0	373.491	10.216000000000008	0	0	True	10	20	10	<PROJECT_ROOT>/derivatives/first_level_inputs_analysis/sub-26/run-03/events_long.tsv	<PROJECT_ROOT>/derivatives/first_level_inputs_analysis/sub-26/run-03/events_stim.tsv	191	31	31	13.910240459285527	159	155	True	<PROJECT_ROOT>/derivatives/first_level_inputs_analysis/sub-26/run-03/confounds_standard.tsv	<PROJECT_ROOT>/derivatives/first_level_inputs_analysis/sub-26/run-03/confounds_standard.json	standard	False	5	fd05	0.5	True	0	28	0	0	OK	READY	OK
sub-26	4	run-04	<PROJECT_ROOT>/derivatives/smoothed_fwhm6/sub-26/func/sub-26_task-heatpainwithregulationandratings_run-04_space-MNI152NLin2009cAsym_desc-smoothedFWHM6_bold.nii.gz	<PROJECT_ROOT>/derivatives/fmriprep/sub-26/func/sub-26_task-heatpainwithregulationandratings_run-04_space-MNI152NLin2009cAsym_desc-preproc_bold.nii.gz	<PROJECT_ROOT>/derivatives/fmriprep/sub-26/func/sub-26_task-heatpainwithregulationandratings_run-04_space-MNI152NLin2009cAsym_desc-brain_mask.nii.gz	<PROJECT_ROOT>/derivatives/fmriprep/sub-26/func/sub-26_task-heatpainwithregulationandratings_run-04_desc-confounds_timeseries.tsv	KEEP_WITH_WARNING	False	OK	WARN_OUTLIER_BURDEN	OK	0.1824402916410093	0.95086319932804	3.8461538461538463	33.49282296650718	104	209	2.0	418.0	409.741	10.215999999999894	0	0	True	11	22	11	<PROJECT_ROOT>/derivatives/first_level_inputs_analysis/sub-26/run-04/events_long.tsv	<PROJECT_ROOT>/derivatives/first_level_inputs_analysis/sub-26/run-04/events_stim.tsv	209	39	39	20.403709116454916	169	165	True	<PROJECT_ROOT>/derivatives/first_level_inputs_analysis/sub-26/run-04/confounds_standard.tsv	<PROJECT_ROOT>/derivatives/first_level_inputs_analysis/sub-26/run-04/confounds_standard.json	standard	False	5	fd05	0.5	True	8	70	0	0	OK	READY	OK
sub-26	5	run-05	<PROJECT_ROOT>/derivatives/smoothed_fwhm6/sub-26/func/sub-26_task-heatpainwithregulationandratings_run-05_space-MNI152NLin2009cAsym_desc-smoothedFWHM6_bold.nii.gz	<PROJECT_ROOT>/derivatives/fmriprep/sub-26/func/sub-26_task-heatpainwithregulationandratings_run-05_space-MNI152NLin2009cAsym_desc-preproc_bold.nii.gz	<PROJECT_ROOT>/derivatives/fmriprep/sub-26/func/sub-26_task-heatpainwithregulationandratings_run-05_space-MNI152NLin2009cAsym_desc-brain_mask.nii.gz	<PROJECT_ROOT>/derivatives/fmriprep/sub-26/func/sub-26_task-heatpainwithregulationandratings_run-05_desc-confounds_timeseries.tsv	KEEP_WITH_WARNING	False	OK	WARN_OUTLIER_BURDEN	OK	0.1711904086666058	1.121840106754228	2.8846153846153846	30.62200956937799	110	209	2.0	418.0	408.7260000000001	10.215999999999894	0	0	True	11	22	11	<PROJECT_ROOT>/derivatives/first_level_inputs_analysis/sub-26/run-05/events_long.tsv	<PROJECT_ROOT>/derivatives/first_level_inputs_analysis/sub-26/run-05/events_stim.tsv	209	37	37	26.14916400393365	171	167	True	<PROJECT_ROOT>/derivatives/first_level_inputs_analysis/sub-26/run-05/confounds_standard.tsv	<PROJECT_ROOT>/derivatives/first_level_inputs_analysis/sub-26/run-05/confounds_standard.json	standard	False	5	fd05	0.5	True	6	64	0	0	OK	READY	OK
sub-26	6	run-06	<PROJECT_ROOT>/derivatives/smoothed_fwhm6/sub-26/func/sub-26_task-heatpainwithregulationandratings_run-06_space-MNI152NLin2009cAsym_desc-smoothedFWHM6_bold.nii.gz	<PROJECT_ROOT>/derivatives/fmriprep/sub-26/func/sub-26_task-heatpainwithregulationandratings_run-06_space-MNI152NLin2009cAsym_desc-preproc_bold.nii.gz	<PROJECT_ROOT>/derivatives/fmriprep/sub-26/func/sub-26_task-heatpainwithregulationandratings_run-06_space-MNI152NLin2009cAsym_desc-brain_mask.nii.gz	<PROJECT_ROOT>/derivatives/fmriprep/sub-26/func/sub-26_task-heatpainwithregulationandratings_run-06_desc-confounds_timeseries.tsv	KEEP_FOR_MAIN_BUT_SENSITIVITY_EXCLUDE_CANDIDATE	True	OK	HIGH_OUTLIER_BURDEN,WARN_LOW_ESTIMATED_DOF	OK	0.1100288896427018	0.3758572819176779	0.0	37.32057416267943	96	209	2.0	418.0	409.73999999999984	10.215999999999894	0	0	True	11	22	11	<PROJECT_ROOT>/derivatives/first_level_inputs_analysis/sub-26/run-06/events_long.tsv	<PROJECT_ROOT>/derivatives/first_level_inputs_analysis/sub-26/run-06/events_stim.tsv	209	31	31	15.47999009790562	177	173	True	<PROJECT_ROOT>/derivatives/first_level_inputs_analysis/sub-26/run-06/confounds_standard.tsv	<PROJECT_ROOT>/derivatives/first_level_inputs_analysis/sub-26/run-06/confounds_standard.json	standard	False	5	fd05	0.5	True	0	78	0	0	OK	READY	OK
sub-26	7	run-07	<PROJECT_ROOT>/derivatives/smoothed_fwhm6/sub-26/func/sub-26_task-heatpainwithregulationandratings_run-07_space-MNI152NLin2009cAsym_desc-smoothedFWHM6_bold.nii.gz	<PROJECT_ROOT>/derivatives/fmriprep/sub-26/func/sub-26_task-heatpainwithregulationandratings_run-07_space-MNI152NLin2009cAsym_desc-preproc_bold.nii.gz	<PROJECT_ROOT>/derivatives/fmriprep/sub-26/func/sub-26_task-heatpainwithregulationandratings_run-07_space-MNI152NLin2009cAsym_desc-brain_mask.nii.gz	<PROJECT_ROOT>/derivatives/fmriprep/sub-26/func/sub-26_task-heatpainwithregulationandratings_run-07_desc-confounds_timeseries.tsv	KEEP_FOR_MAIN_BUT_SENSITIVITY_EXCLUDE_CANDIDATE	True	OK	HIGH_OUTLIER_BURDEN,WARN_LOW_ESTIMATED_DOF	OK	0.1197273386544377	0.4129907602947838	0.0	49.21465968586388	63	191	2.0	382.0	373.491	10.217000000000098	0	0	True	10	20	10	<PROJECT_ROOT>/derivatives/first_level_inputs_analysis/sub-26/run-07/events_long.tsv	<PROJECT_ROOT>/derivatives/first_level_inputs_analysis/sub-26/run-07/events_stim.tsv	191	31	31	35.440486455081306	159	155	True	<PROJECT_ROOT>/derivatives/first_level_inputs_analysis/sub-26/run-07/confounds_standard.tsv	<PROJECT_ROOT>/derivatives/first_level_inputs_analysis/sub-26/run-07/confounds_standard.json	standard	False	5	fd05	0.5	True	0	94	0	0	OK	READY	OK
sub-26	8	run-08	<PROJECT_ROOT>/derivatives/smoothed_fwhm6/sub-26/func/sub-26_task-heatpainwithregulationandratings_run-08_space-MNI152NLin2009cAsym_desc-smoothedFWHM6_bold.nii.gz	<PROJECT_ROOT>/derivatives/fmriprep/sub-26/func/sub-26_task-heatpainwithregulationandratings_run-08_space-MNI152NLin2009cAsym_desc-preproc_bold.nii.gz	<PROJECT_ROOT>/derivatives/fmriprep/sub-26/func/sub-26_task-heatpainwithregulationandratings_run-08_space-MNI152NLin2009cAsym_desc-brain_mask.nii.gz	<PROJECT_ROOT>/derivatives/fmriprep/sub-26/func/sub-26_task-heatpainwithregulationandratings_run-08_desc-confounds_timeseries.tsv	KEEP_FOR_MAIN_BUT_SENSITIVITY_EXCLUDE_CANDIDATE	True	OK	HIGH_OUTLIER_BURDEN,WARN_LOW_ESTIMATED_DOF	OK	0.105425136672529	0.4648995558608947	0.0	47.84688995215311	74	209	2.0	418.0	409.7570000000001	10.215999999999894	0	0	True	11	22	11	<PROJECT_ROOT>/derivatives/first_level_inputs_analysis/sub-26/run-08/events_long.tsv	<PROJECT_ROOT>/derivatives/first_level_inputs_analysis/sub-26/run-08/events_stim.tsv	209	31	31	26.038836384249787	177	173	True	<PROJECT_ROOT>/derivatives/first_level_inputs_analysis/sub-26/run-08/confounds_standard.tsv	<PROJECT_ROOT>/derivatives/first_level_inputs_analysis/sub-26/run-08/confounds_standard.json	standard	False	5	fd05	0.5	True	0	100	0	0	OK	READY	OK
sub-26	9	run-09	<PROJECT_ROOT>/derivatives/smoothed_fwhm6/sub-26/func/sub-26_task-heatpainwithregulationandratings_run-09_space-MNI152NLin2009cAsym_desc-smoothedFWHM6_bold.nii.gz	<PROJECT_ROOT>/derivatives/fmriprep/sub-26/func/sub-26_task-heatpainwithregulationandratings_run-09_space-MNI152NLin2009cAsym_desc-preproc_bold.nii.gz	<PROJECT_ROOT>/derivatives/fmriprep/sub-26/func/sub-26_task-heatpainwithregulationandratings_run-09_space-MNI152NLin2009cAsym_desc-brain_mask.nii.gz	<PROJECT_ROOT>/derivatives/fmriprep/sub-26/func/sub-26_task-heatpainwithregulationandratings_run-09_desc-confounds_timeseries.tsv	KEEP_WITH_WARNING	False	OK	WARN_OUTLIER_BURDEN	OK	0.1069574592329043	0.3627482533696894	0.0	27.27272727272727	117	209	2.0	418.0	408.7260000000001	10.215999999999894	0	0	True	11	22	11	<PROJECT_ROOT>/derivatives/first_level_inputs_analysis/sub-26/run-09/events_long.tsv	<PROJECT_ROOT>/derivatives/first_level_inputs_analysis/sub-26/run-09/events_stim.tsv	209	31	31	18.31762327143842	177	173	True	<PROJECT_ROOT>/derivatives/first_level_inputs_analysis/sub-26/run-09/confounds_standard.tsv	<PROJECT_ROOT>/derivatives/first_level_inputs_analysis/sub-26/run-09/confounds_standard.json	standard	False	5	fd05	0.5	True	0	57	0	0	OK	READY	OK
sub-27	1	run-01	<PROJECT_ROOT>/derivatives/smoothed_fwhm6/sub-27/func/sub-27_task-heatpainwithregulationandratings_run-01_space-MNI152NLin2009cAsym_desc-smoothedFWHM6_bold.nii.gz	<PROJECT_ROOT>/derivatives/fmriprep/sub-27/func/sub-27_task-heatpainwithregulationandratings_run-01_space-MNI152NLin2009cAsym_desc-preproc_bold.nii.gz	<PROJECT_ROOT>/derivatives/fmriprep/sub-27/func/sub-27_task-heatpainwithregulationandratings_run-01_space-MNI152NLin2009cAsym_desc-brain_mask.nii.gz	<PROJECT_ROOT>/derivatives/fmriprep/sub-27/func/sub-27_task-heatpainwithregulationandratings_run-01_desc-confounds_timeseries.tsv	KEEP_FOR_MAIN_BUT_SENSITIVITY_EXCLUDE_CANDIDATE	True	OK	HIGH_OUTLIER_BURDEN,SEVERE_LOW_ESTIMATED_DOF	OK	0.1374679516723336	1.1327675346158717	0.9615384615384616	62.67942583732058	43	209	2.0	418.0	406.746	10.216	0	0	True	11	22	11	<PROJECT_ROOT>/derivatives/first_level_inputs_analysis/sub-27/run-01/events_long.tsv	<PROJECT_ROOT>/derivatives/first_level_inputs_analysis/sub-27/run-01/events_stim.tsv	209	33	33	77.60473108000703	175	171	True	<PROJECT_ROOT>/derivatives/first_level_inputs_analysis/sub-27/run-01/confounds_standard.tsv	<PROJECT_ROOT>/derivatives/first_level_inputs_analysis/sub-27/run-01/confounds_standard.json	standard	False	5	fd05	0.5	True	2	131	0	0	OK	READY	OK
sub-27	2	run-02	<PROJECT_ROOT>/derivatives/smoothed_fwhm6/sub-27/func/sub-27_task-heatpainwithregulationandratings_run-02_space-MNI152NLin2009cAsym_desc-smoothedFWHM6_bold.nii.gz	<PROJECT_ROOT>/derivatives/fmriprep/sub-27/func/sub-27_task-heatpainwithregulationandratings_run-02_space-MNI152NLin2009cAsym_desc-preproc_bold.nii.gz	<PROJECT_ROOT>/derivatives/fmriprep/sub-27/func/sub-27_task-heatpainwithregulationandratings_run-02_space-MNI152NLin2009cAsym_desc-brain_mask.nii.gz	<PROJECT_ROOT>/derivatives/fmriprep/sub-27/func/sub-27_task-heatpainwithregulationandratings_run-02_desc-confounds_timeseries.tsv	KEEP_FOR_MAIN_BUT_SENSITIVITY_EXCLUDE_CANDIDATE	True	OK	HIGH_OUTLIER_BURDEN,WARN_LOW_ESTIMATED_DOF	OK	0.1746756143251552	1.5296233393138885	3.8461538461538463	37.32057416267943	96	209	2.0	418.0	409.738	10.216000000000008	0	0	True	11	22	11	<PROJECT_ROOT>/derivatives/first_level_inputs_analysis/sub-27/run-02/events_long.tsv	<PROJECT_ROOT>/derivatives/first_level_inputs_analysis/sub-27/run-02/events_stim.tsv	209	39	39	80.55700959890216	169	165	True	<PROJECT_ROOT>/derivatives/first_level_inputs_analysis/sub-27/run-02/confounds_standard.tsv	<PROJECT_ROOT>/derivatives/first_level_inputs_analysis/sub-27/run-02/confounds_standard.json	standard	False	5	fd05	0.5	True	8	78	0	0	OK	READY	OK
sub-27	3	run-03	<PROJECT_ROOT>/derivatives/smoothed_fwhm6/sub-27/func/sub-27_task-heatpainwithregulationandratings_run-03_space-MNI152NLin2009cAsym_desc-smoothedFWHM6_bold.nii.gz	<PROJECT_ROOT>/derivatives/fmriprep/sub-27/func/sub-27_task-heatpainwithregulationandratings_run-03_space-MNI152NLin2009cAsym_desc-preproc_bold.nii.gz	<PROJECT_ROOT>/derivatives/fmriprep/sub-27/func/sub-27_task-heatpainwithregulationandratings_run-03_space-MNI152NLin2009cAsym_desc-brain_mask.nii.gz	<PROJECT_ROOT>/derivatives/fmriprep/sub-27/func/sub-27_task-heatpainwithregulationandratings_run-03_desc-confounds_timeseries.tsv	KEEP_FOR_MAIN_BUT_SENSITIVITY_EXCLUDE_CANDIDATE	True	OK	HIGH_OUTLIER_BURDEN,SEVERE_LOW_ESTIMATED_DOF	OK	0.1541138506005515	1.078944222295748	2.1052631578947367	58.1151832460733	46	191	2.0	382.0	372.508	10.216000000000008	0	0	True	10	20	10	<PROJECT_ROOT>/derivatives/first_level_inputs_analysis/sub-27/run-03/events_long.tsv	<PROJECT_ROOT>/derivatives/first_level_inputs_analysis/sub-27/run-03/events_stim.tsv	191	35	35	51.417850036285806	155	151	True	<PROJECT_ROOT>/derivatives/first_level_inputs_analysis/sub-27/run-03/confounds_standard.tsv	<PROJECT_ROOT>/derivatives/first_level_inputs_analysis/sub-27/run-03/confounds_standard.json	standard	False	5	fd05	0.5	True	4	111	0	0	OK	READY	OK
sub-27	4	run-04	<PROJECT_ROOT>/derivatives/smoothed_fwhm6/sub-27/func/sub-27_task-heatpainwithregulationandratings_run-04_space-MNI152NLin2009cAsym_desc-smoothedFWHM6_bold.nii.gz	<PROJECT_ROOT>/derivatives/fmriprep/sub-27/func/sub-27_task-heatpainwithregulationandratings_run-04_space-MNI152NLin2009cAsym_desc-preproc_bold.nii.gz	<PROJECT_ROOT>/derivatives/fmriprep/sub-27/func/sub-27_task-heatpainwithregulationandratings_run-04_space-MNI152NLin2009cAsym_desc-brain_mask.nii.gz	<PROJECT_ROOT>/derivatives/fmriprep/sub-27/func/sub-27_task-heatpainwithregulationandratings_run-04_desc-confounds_timeseries.tsv	KEEP_WITH_WARNING	False	OK	WARN_OUTLIER_BURDEN	OK	0.1805643833260383	1.1932943167857195	3.8461538461538463	33.49282296650718	104	209	2.0	418.0	406.762	10.215999999999894	0	0	True	11	22	11	<PROJECT_ROOT>/derivatives/first_level_inputs_analysis/sub-27/run-04/events_long.tsv	<PROJECT_ROOT>/derivatives/first_level_inputs_analysis/sub-27/run-04/events_stim.tsv	209	39	39	45.95982295269927	169	165	True	<PROJECT_ROOT>/derivatives/first_level_inputs_analysis/sub-27/run-04/confounds_standard.tsv	<PROJECT_ROOT>/derivatives/first_level_inputs_analysis/sub-27/run-04/confounds_standard.json	standard	False	5	fd05	0.5	True	8	70	0	0	OK	READY	OK
sub-27	5	run-05	<PROJECT_ROOT>/derivatives/smoothed_fwhm6/sub-27/func/sub-27_task-heatpainwithregulationandratings_run-05_space-MNI152NLin2009cAsym_desc-smoothedFWHM6_bold.nii.gz	<PROJECT_ROOT>/derivatives/fmriprep/sub-27/func/sub-27_task-heatpainwithregulationandratings_run-05_space-MNI152NLin2009cAsym_desc-preproc_bold.nii.gz	<PROJECT_ROOT>/derivatives/fmriprep/sub-27/func/sub-27_task-heatpainwithregulationandratings_run-05_space-MNI152NLin2009cAsym_desc-brain_mask.nii.gz	<PROJECT_ROOT>/derivatives/fmriprep/sub-27/func/sub-27_task-heatpainwithregulationandratings_run-05_desc-confounds_timeseries.tsv	KEEP_WITH_WARNING	False	WARN_FD_MEAN,WARN_FD_GT_0.5	WARN_OUTLIER_BURDEN	OK	0.2420365002455772	1.9599130791382136	8.653846153846153	22.96650717703349	126	209	2.0	418.0	409.7539999999999	10.215999999999894	0	0	True	11	22	11	<PROJECT_ROOT>/derivatives/first_level_inputs_analysis/sub-27/run-05/events_long.tsv	<PROJECT_ROOT>/derivatives/first_level_inputs_analysis/sub-27/run-05/events_stim.tsv	209	49	49	61.65437782612561	159	155	True	<PROJECT_ROOT>/derivatives/first_level_inputs_analysis/sub-27/run-05/confounds_standard.tsv	<PROJECT_ROOT>/derivatives/first_level_inputs_analysis/sub-27/run-05/confounds_standard.json	standard	False	5	fd05	0.5	True	18	48	0	0	OK	READY	OK
sub-27	6	run-06	<PROJECT_ROOT>/derivatives/smoothed_fwhm6/sub-27/func/sub-27_task-heatpainwithregulationandratings_run-06_space-MNI152NLin2009cAsym_desc-smoothedFWHM6_bold.nii.gz	<PROJECT_ROOT>/derivatives/fmriprep/sub-27/func/sub-27_task-heatpainwithregulationandratings_run-06_space-MNI152NLin2009cAsym_desc-preproc_bold.nii.gz	<PROJECT_ROOT>/derivatives/fmriprep/sub-27/func/sub-27_task-heatpainwithregulationandratings_run-06_space-MNI152NLin2009cAsym_desc-brain_mask.nii.gz	<PROJECT_ROOT>/derivatives/fmriprep/sub-27/func/sub-27_task-heatpainwithregulationandratings_run-06_desc-confounds_timeseries.tsv	KEEP_WITH_WARNING	False	WARN_FD_MAX	WARN_OUTLIER_BURDEN	OK	0.1833854586951587	2.56174080949192	2.8846153846153846	20.57416267942584	131	209	2.0	418.0	408.6799999999998	10.215999999999894	0	0	True	11	22	11	<PROJECT_ROOT>/derivatives/first_level_inputs_analysis/sub-27/run-06/events_long.tsv	<PROJECT_ROOT>/derivatives/first_level_inputs_analysis/sub-27/run-06/events_stim.tsv	209	37	37	190.04304192190705	171	167	True	<PROJECT_ROOT>/derivatives/first_level_inputs_analysis/sub-27/run-06/confounds_standard.tsv	<PROJECT_ROOT>/derivatives/first_level_inputs_analysis/sub-27/run-06/confounds_standard.json	standard	False	5	fd05	0.5	True	6	43	0	0	OK	READY	OK
sub-27	7	run-07	<PROJECT_ROOT>/derivatives/smoothed_fwhm6/sub-27/func/sub-27_task-heatpainwithregulationandratings_run-07_space-MNI152NLin2009cAsym_desc-smoothedFWHM6_bold.nii.gz	<PROJECT_ROOT>/derivatives/fmriprep/sub-27/func/sub-27_task-heatpainwithregulationandratings_run-07_space-MNI152NLin2009cAsym_desc-preproc_bold.nii.gz	<PROJECT_ROOT>/derivatives/fmriprep/sub-27/func/sub-27_task-heatpainwithregulationandratings_run-07_space-MNI152NLin2009cAsym_desc-brain_mask.nii.gz	<PROJECT_ROOT>/derivatives/fmriprep/sub-27/func/sub-27_task-heatpainwithregulationandratings_run-07_desc-confounds_timeseries.tsv	KEEP_WITH_WARNING	False	WARN_FD_MEAN,WARN_FD_GT_0.5	OK	OK	0.2152135725300343	1.0165053795028096	7.368421052631578	18.848167539267017	121	191	2.0	382.0	373.5210000000002	10.215999999999894	0	0	True	10	20	10	<PROJECT_ROOT>/derivatives/first_level_inputs_analysis/sub-27/run-07/events_long.tsv	<PROJECT_ROOT>/derivatives/first_level_inputs_analysis/sub-27/run-07/events_stim.tsv	191	45	45	26.607615518051553	145	141	True	<PROJECT_ROOT>/derivatives/first_level_inputs_analysis/sub-27/run-07/confounds_standard.tsv	<PROJECT_ROOT>/derivatives/first_level_inputs_analysis/sub-27/run-07/confounds_standard.json	standard	False	5	fd05	0.5	True	14	36	0	0	OK	READY	OK
sub-27	8	run-08	<PROJECT_ROOT>/derivatives/smoothed_fwhm6/sub-27/func/sub-27_task-heatpainwithregulationandratings_run-08_space-MNI152NLin2009cAsym_desc-smoothedFWHM6_bold.nii.gz	<PROJECT_ROOT>/derivatives/fmriprep/sub-27/func/sub-27_task-heatpainwithregulationandratings_run-08_space-MNI152NLin2009cAsym_desc-preproc_bold.nii.gz	<PROJECT_ROOT>/derivatives/fmriprep/sub-27/func/sub-27_task-heatpainwithregulationandratings_run-08_space-MNI152NLin2009cAsym_desc-brain_mask.nii.gz	<PROJECT_ROOT>/derivatives/fmriprep/sub-27/func/sub-27_task-heatpainwithregulationandratings_run-08_desc-confounds_timeseries.tsv	KEEP_FOR_MAIN_BUT_SENSITIVITY_EXCLUDE_CANDIDATE	True	OK	HIGH_OUTLIER_BURDEN,WARN_LOW_ESTIMATED_DOF	OK	0.1588818278469431	1.147319882008805	0.9615384615384616	49.76076555023924	70	209	2.0	418.0	409.72100000000006	10.215999999999894	0	0	True	11	22	11	<PROJECT_ROOT>/derivatives/first_level_inputs_analysis/sub-27/run-08/events_long.tsv	<PROJECT_ROOT>/derivatives/first_level_inputs_analysis/sub-27/run-08/events_stim.tsv	209	33	33	43.715247078800545	175	171	True	<PROJECT_ROOT>/derivatives/first_level_inputs_analysis/sub-27/run-08/confounds_standard.tsv	<PROJECT_ROOT>/derivatives/first_level_inputs_analysis/sub-27/run-08/confounds_standard.json	standard	False	5	fd05	0.5	True	2	104	0	0	OK	READY	OK
sub-27	9	run-09	<PROJECT_ROOT>/derivatives/smoothed_fwhm6/sub-27/func/sub-27_task-heatpainwithregulationandratings_run-09_space-MNI152NLin2009cAsym_desc-smoothedFWHM6_bold.nii.gz	<PROJECT_ROOT>/derivatives/fmriprep/sub-27/func/sub-27_task-heatpainwithregulationandratings_run-09_space-MNI152NLin2009cAsym_desc-preproc_bold.nii.gz	<PROJECT_ROOT>/derivatives/fmriprep/sub-27/func/sub-27_task-heatpainwithregulationandratings_run-09_space-MNI152NLin2009cAsym_desc-brain_mask.nii.gz	<PROJECT_ROOT>/derivatives/fmriprep/sub-27/func/sub-27_task-heatpainwithregulationandratings_run-09_desc-confounds_timeseries.tsv	KEEP_FOR_MAIN_BUT_SENSITIVITY_EXCLUDE_CANDIDATE	True	OK	HIGH_OUTLIER_BURDEN,WARN_LOW_ESTIMATED_DOF	OK	0.1661041149720216	0.8939571203853082	3.8461538461538463	40.19138755980861	90	209	2.0	418.0	408.79	10.215999999999894	0	0	True	11	22	11	<PROJECT_ROOT>/derivatives/first_level_inputs_analysis/sub-27/run-09/events_long.tsv	<PROJECT_ROOT>/derivatives/first_level_inputs_analysis/sub-27/run-09/events_stim.tsv	209	39	39	47.81617276066347	169	165	True	<PROJECT_ROOT>/derivatives/first_level_inputs_analysis/sub-27/run-09/confounds_standard.tsv	<PROJECT_ROOT>/derivatives/first_level_inputs_analysis/sub-27/run-09/confounds_standard.json	standard	False	5	fd05	0.5	True	8	84	0	0	OK	READY	OK
sub-28	1	run-01	<PROJECT_ROOT>/derivatives/smoothed_fwhm6/sub-28/func/sub-28_task-heatpainwithregulationandratings_run-01_space-MNI152NLin2009cAsym_desc-smoothedFWHM6_bold.nii.gz	<PROJECT_ROOT>/derivatives/fmriprep/sub-28/func/sub-28_task-heatpainwithregulationandratings_run-01_space-MNI152NLin2009cAsym_desc-preproc_bold.nii.gz	<PROJECT_ROOT>/derivatives/fmriprep/sub-28/func/sub-28_task-heatpainwithregulationandratings_run-01_space-MNI152NLin2009cAsym_desc-brain_mask.nii.gz	<PROJECT_ROOT>/derivatives/fmriprep/sub-28/func/sub-28_task-heatpainwithregulationandratings_run-01_desc-confounds_timeseries.tsv	KEEP_FOR_MAIN_BUT_SENSITIVITY_EXCLUDE_CANDIDATE	True	OK	HIGH_OUTLIER_BURDEN,SEVERE_LOW_ESTIMATED_DOF	OK	0.1795800341089864	0.6608342181913389	1.4423076923076923	69.377990430622	29	209	2.0	418.0	409.724	10.216	0	0	True	11	22	11	<PROJECT_ROOT>/derivatives/first_level_inputs_analysis/sub-28/run-01/events_long.tsv	<PROJECT_ROOT>/derivatives/first_level_inputs_analysis/sub-28/run-01/events_stim.tsv	209	34	34	41.052072074676175	174	170	True	<PROJECT_ROOT>/derivatives/first_level_inputs_analysis/sub-28/run-01/confounds_standard.tsv	<PROJECT_ROOT>/derivatives/first_level_inputs_analysis/sub-28/run-01/confounds_standard.json	standard	False	5	fd05	0.5	True	3	145	0	0	OK	READY	OK
sub-28	2	run-02	<PROJECT_ROOT>/derivatives/smoothed_fwhm6/sub-28/func/sub-28_task-heatpainwithregulationandratings_run-02_space-MNI152NLin2009cAsym_desc-smoothedFWHM6_bold.nii.gz	<PROJECT_ROOT>/derivatives/fmriprep/sub-28/func/sub-28_task-heatpainwithregulationandratings_run-02_space-MNI152NLin2009cAsym_desc-preproc_bold.nii.gz	<PROJECT_ROOT>/derivatives/fmriprep/sub-28/func/sub-28_task-heatpainwithregulationandratings_run-02_space-MNI152NLin2009cAsym_desc-brain_mask.nii.gz	<PROJECT_ROOT>/derivatives/fmriprep/sub-28/func/sub-28_task-heatpainwithregulationandratings_run-02_desc-confounds_timeseries.tsv	KEEP_FOR_MAIN_BUT_SENSITIVITY_EXCLUDE_CANDIDATE	True	OK	HIGH_OUTLIER_BURDEN,WARN_LOW_ESTIMATED_DOF	OK	0.1732861162310666	0.4842495605305814	0.0	49.2822966507177	71	209	2.0	418.0	407.729	10.216000000000008	0	0	True	11	22	11	<PROJECT_ROOT>/derivatives/first_level_inputs_analysis/sub-28/run-02/events_long.tsv	<PROJECT_ROOT>/derivatives/first_level_inputs_analysis/sub-28/run-02/events_stim.tsv	209	31	31	43.15116987410051	177	173	True	<PROJECT_ROOT>/derivatives/first_level_inputs_analysis/sub-28/run-02/confounds_standard.tsv	<PROJECT_ROOT>/derivatives/first_level_inputs_analysis/sub-28/run-02/confounds_standard.json	standard	False	5	fd05	0.5	True	0	103	0	0	OK	READY	OK
sub-28	3	run-03	<PROJECT_ROOT>/derivatives/smoothed_fwhm6/sub-28/func/sub-28_task-heatpainwithregulationandratings_run-03_space-MNI152NLin2009cAsym_desc-smoothedFWHM6_bold.nii.gz	<PROJECT_ROOT>/derivatives/fmriprep/sub-28/func/sub-28_task-heatpainwithregulationandratings_run-03_space-MNI152NLin2009cAsym_desc-preproc_bold.nii.gz	<PROJECT_ROOT>/derivatives/fmriprep/sub-28/func/sub-28_task-heatpainwithregulationandratings_run-03_space-MNI152NLin2009cAsym_desc-brain_mask.nii.gz	<PROJECT_ROOT>/derivatives/fmriprep/sub-28/func/sub-28_task-heatpainwithregulationandratings_run-03_desc-confounds_timeseries.tsv	KEEP	False	OK	OK	OK	0.1799971913738741	0.5121826348860802	0.5263157894736842	11.518324607329845	135	191	2.0	382.0	373.4580000000001	10.216000000000008	0	0	True	10	20	10	<PROJECT_ROOT>/derivatives/first_level_inputs_analysis/sub-28/run-03/events_long.tsv	<PROJECT_ROOT>/derivatives/first_level_inputs_analysis/sub-28/run-03/events_stim.tsv	191	32	32	41.626841483409386	158	154	True	<PROJECT_ROOT>/derivatives/first_level_inputs_analysis/sub-28/run-03/confounds_standard.tsv	<PROJECT_ROOT>/derivatives/first_level_inputs_analysis/sub-28/run-03/confounds_standard.json	standard	False	5	fd05	0.5	True	1	22	0	0	OK	READY	OK
sub-28	4	run-04	<PROJECT_ROOT>/derivatives/smoothed_fwhm6/sub-28/func/sub-28_task-heatpainwithregulationandratings_run-04_space-MNI152NLin2009cAsym_desc-smoothedFWHM6_bold.nii.gz	<PROJECT_ROOT>/derivatives/fmriprep/sub-28/func/sub-28_task-heatpainwithregulationandratings_run-04_space-MNI152NLin2009cAsym_desc-preproc_bold.nii.gz	<PROJECT_ROOT>/derivatives/fmriprep/sub-28/func/sub-28_task-heatpainwithregulationandratings_run-04_space-MNI152NLin2009cAsym_desc-brain_mask.nii.gz	<PROJECT_ROOT>/derivatives/fmriprep/sub-28/func/sub-28_task-heatpainwithregulationandratings_run-04_desc-confounds_timeseries.tsv	KEEP_FOR_MAIN_BUT_SENSITIVITY_EXCLUDE_CANDIDATE	True	WARN_FD_MEAN,WARN_FD_GT_0.5	HIGH_OUTLIER_BURDEN,SEVERE_LOW_ESTIMATED_DOF	OK	0.213427130051576	1.7189751833208864	5.288461538461538	77.51196172248804	12	209	2.0	418.0	409.807	10.217000000000098	0	0	True	11	22	11	<PROJECT_ROOT>/derivatives/first_level_inputs_analysis/sub-28/run-04/events_long.tsv	<PROJECT_ROOT>/derivatives/first_level_inputs_analysis/sub-28/run-04/events_stim.tsv	209	42	42	52.844372455032804	166	162	True	<PROJECT_ROOT>/derivatives/first_level_inputs_analysis/sub-28/run-04/confounds_standard.tsv	<PROJECT_ROOT>/derivatives/first_level_inputs_analysis/sub-28/run-04/confounds_standard.json	standard	False	5	fd05	0.5	True	11	162	0	0	OK	READY	OK
sub-28	5	run-05	<PROJECT_ROOT>/derivatives/smoothed_fwhm6/sub-28/func/sub-28_task-heatpainwithregulationandratings_run-05_space-MNI152NLin2009cAsym_desc-smoothedFWHM6_bold.nii.gz	<PROJECT_ROOT>/derivatives/fmriprep/sub-28/func/sub-28_task-heatpainwithregulationandratings_run-05_space-MNI152NLin2009cAsym_desc-preproc_bold.nii.gz	<PROJECT_ROOT>/derivatives/fmriprep/sub-28/func/sub-28_task-heatpainwithregulationandratings_run-05_space-MNI152NLin2009cAsym_desc-brain_mask.nii.gz	<PROJECT_ROOT>/derivatives/fmriprep/sub-28/func/sub-28_task-heatpainwithregulationandratings_run-05_desc-confounds_timeseries.tsv	KEEP_WITH_WARNING	False	WARN_FD_MEAN	WARN_OUTLIER_BURDEN	OK	0.2032121380548872	0.9170209171881414	3.3653846153846154	23.92344497607656	124	209	2.0	418.0	409.691	10.215999999999894	0	0	True	11	22	11	<PROJECT_ROOT>/derivatives/first_level_inputs_analysis/sub-28/run-05/events_long.tsv	<PROJECT_ROOT>/derivatives/first_level_inputs_analysis/sub-28/run-05/events_stim.tsv	209	38	38	35.92922310101304	170	166	True	<PROJECT_ROOT>/derivatives/first_level_inputs_analysis/sub-28/run-05/confounds_standard.tsv	<PROJECT_ROOT>/derivatives/first_level_inputs_analysis/sub-28/run-05/confounds_standard.json	standard	False	5	fd05	0.5	True	7	50	0	0	OK	READY	OK
sub-28	6	run-06	<PROJECT_ROOT>/derivatives/smoothed_fwhm6/sub-28/func/sub-28_task-heatpainwithregulationandratings_run-06_space-MNI152NLin2009cAsym_desc-smoothedFWHM6_bold.nii.gz	<PROJECT_ROOT>/derivatives/fmriprep/sub-28/func/sub-28_task-heatpainwithregulationandratings_run-06_space-MNI152NLin2009cAsym_desc-preproc_bold.nii.gz	<PROJECT_ROOT>/derivatives/fmriprep/sub-28/func/sub-28_task-heatpainwithregulationandratings_run-06_space-MNI152NLin2009cAsym_desc-brain_mask.nii.gz	<PROJECT_ROOT>/derivatives/fmriprep/sub-28/func/sub-28_task-heatpainwithregulationandratings_run-06_desc-confounds_timeseries.tsv	KEEP_WITH_WARNING	False	WARN_FD_MEAN,WARN_FD_GT_0.5	WARN_OUTLIER_BURDEN	OK	0.2543239540812712	1.0531657910435566	7.6923076923076925	27.751196172248804	116	209	2.0	418.0	407.73	10.217000000000098	0	0	True	11	22	11	<PROJECT_ROOT>/derivatives/first_level_inputs_analysis/sub-28/run-06/events_long.tsv	<PROJECT_ROOT>/derivatives/first_level_inputs_analysis/sub-28/run-06/events_stim.tsv	209	47	47	33.19770437452948	161	157	True	<PROJECT_ROOT>/derivatives/first_level_inputs_analysis/sub-28/run-06/confounds_standard.tsv	<PROJECT_ROOT>/derivatives/first_level_inputs_analysis/sub-28/run-06/confounds_standard.json	standard	False	5	fd05	0.5	True	16	58	0	0	OK	READY	OK
sub-28	7	run-07	<PROJECT_ROOT>/derivatives/smoothed_fwhm6/sub-28/func/sub-28_task-heatpainwithregulationandratings_run-07_space-MNI152NLin2009cAsym_desc-smoothedFWHM6_bold.nii.gz	<PROJECT_ROOT>/derivatives/fmriprep/sub-28/func/sub-28_task-heatpainwithregulationandratings_run-07_space-MNI152NLin2009cAsym_desc-preproc_bold.nii.gz	<PROJECT_ROOT>/derivatives/fmriprep/sub-28/func/sub-28_task-heatpainwithregulationandratings_run-07_space-MNI152NLin2009cAsym_desc-brain_mask.nii.gz	<PROJECT_ROOT>/derivatives/fmriprep/sub-28/func/sub-28_task-heatpainwithregulationandratings_run-07_desc-confounds_timeseries.tsv	KEEP_WITH_WARNING	False	WARN_FD_MEAN	WARN_OUTLIER_BURDEN	OK	0.2196458688636781	0.9908827491977032	4.2105263157894735	24.60732984293194	110	191	2.0	382.0	373.4749999999999	10.217000000000098	0	0	True	10	20	10	<PROJECT_ROOT>/derivatives/first_level_inputs_analysis/sub-28/run-07/events_long.tsv	<PROJECT_ROOT>/derivatives/first_level_inputs_analysis/sub-28/run-07/events_stim.tsv	191	39	39	46.931678651927854	151	147	True	<PROJECT_ROOT>/derivatives/first_level_inputs_analysis/sub-28/run-07/confounds_standard.tsv	<PROJECT_ROOT>/derivatives/first_level_inputs_analysis/sub-28/run-07/confounds_standard.json	standard	False	5	fd05	0.5	True	8	47	0	0	OK	READY	OK
sub-28	8	run-08	<PROJECT_ROOT>/derivatives/smoothed_fwhm6/sub-28/func/sub-28_task-heatpainwithregulationandratings_run-08_space-MNI152NLin2009cAsym_desc-smoothedFWHM6_bold.nii.gz	<PROJECT_ROOT>/derivatives/fmriprep/sub-28/func/sub-28_task-heatpainwithregulationandratings_run-08_space-MNI152NLin2009cAsym_desc-preproc_bold.nii.gz	<PROJECT_ROOT>/derivatives/fmriprep/sub-28/func/sub-28_task-heatpainwithregulationandratings_run-08_space-MNI152NLin2009cAsym_desc-brain_mask.nii.gz	<PROJECT_ROOT>/derivatives/fmriprep/sub-28/func/sub-28_task-heatpainwithregulationandratings_run-08_desc-confounds_timeseries.tsv	KEEP_FOR_MAIN_BUT_SENSITIVITY_EXCLUDE_CANDIDATE	True	OK	HIGH_OUTLIER_BURDEN,WARN_LOW_ESTIMATED_DOF	OK	0.1913681132206781	0.6912371804651598	1.4423076923076923	45.93301435406698	78	209	2.0	418.0	407.73	10.215999999999894	0	0	True	11	22	11	<PROJECT_ROOT>/derivatives/first_level_inputs_analysis/sub-28/run-08/events_long.tsv	<PROJECT_ROOT>/derivatives/first_level_inputs_analysis/sub-28/run-08/events_stim.tsv	209	34	34	14.12220612144037	174	170	True	<PROJECT_ROOT>/derivatives/first_level_inputs_analysis/sub-28/run-08/confounds_standard.tsv	<PROJECT_ROOT>/derivatives/first_level_inputs_analysis/sub-28/run-08/confounds_standard.json	standard	False	5	fd05	0.5	True	3	96	0	0	OK	READY	OK
sub-28	9	run-09	<PROJECT_ROOT>/derivatives/smoothed_fwhm6/sub-28/func/sub-28_task-heatpainwithregulationandratings_run-09_space-MNI152NLin2009cAsym_desc-smoothedFWHM6_bold.nii.gz	<PROJECT_ROOT>/derivatives/fmriprep/sub-28/func/sub-28_task-heatpainwithregulationandratings_run-09_space-MNI152NLin2009cAsym_desc-preproc_bold.nii.gz	<PROJECT_ROOT>/derivatives/fmriprep/sub-28/func/sub-28_task-heatpainwithregulationandratings_run-09_space-MNI152NLin2009cAsym_desc-brain_mask.nii.gz	<PROJECT_ROOT>/derivatives/fmriprep/sub-28/func/sub-28_task-heatpainwithregulationandratings_run-09_desc-confounds_timeseries.tsv	KEEP_FOR_MAIN_BUT_SENSITIVITY_EXCLUDE_CANDIDATE	True	WARN_FD_MEAN	HIGH_OUTLIER_BURDEN,WARN_LOW_ESTIMATED_DOF	OK	0.2174444359315142	0.7566782237225748	4.326923076923077	41.14832535885167	88	209	2.0	418.0	409.7399999999998	10.215999999999894	0	0	True	11	22	11	<PROJECT_ROOT>/derivatives/first_level_inputs_analysis/sub-28/run-09/events_long.tsv	<PROJECT_ROOT>/derivatives/first_level_inputs_analysis/sub-28/run-09/events_stim.tsv	209	40	40	16.41205812140917	168	164	True	<PROJECT_ROOT>/derivatives/first_level_inputs_analysis/sub-28/run-09/confounds_standard.tsv	<PROJECT_ROOT>/derivatives/first_level_inputs_analysis/sub-28/run-09/confounds_standard.json	standard	False	5	fd05	0.5	True	9	86	0	0	OK	READY	OK
sub-29	1	run-01	<PROJECT_ROOT>/derivatives/smoothed_fwhm6/sub-29/func/sub-29_task-heatpainwithregulationandratings_run-01_space-MNI152NLin2009cAsym_desc-smoothedFWHM6_bold.nii.gz	<PROJECT_ROOT>/derivatives/fmriprep/sub-29/func/sub-29_task-heatpainwithregulationandratings_run-01_space-MNI152NLin2009cAsym_desc-preproc_bold.nii.gz	<PROJECT_ROOT>/derivatives/fmriprep/sub-29/func/sub-29_task-heatpainwithregulationandratings_run-01_space-MNI152NLin2009cAsym_desc-brain_mask.nii.gz	<PROJECT_ROOT>/derivatives/fmriprep/sub-29/func/sub-29_task-heatpainwithregulationandratings_run-01_desc-confounds_timeseries.tsv	KEEP_WITH_WARNING	False	WARN_FD_MEAN	OK	OK	0.2506292370887862	0.9124041251711636	4.807692307692308	16.267942583732058	140	209	2.0	418.0	409.723	10.217	0	0	True	11	22	11	<PROJECT_ROOT>/derivatives/first_level_inputs_analysis/sub-29/run-01/events_long.tsv	<PROJECT_ROOT>/derivatives/first_level_inputs_analysis/sub-29/run-01/events_stim.tsv	209	41	41	43.643728770951356	167	163	True	<PROJECT_ROOT>/derivatives/first_level_inputs_analysis/sub-29/run-01/confounds_standard.tsv	<PROJECT_ROOT>/derivatives/first_level_inputs_analysis/sub-29/run-01/confounds_standard.json	standard	False	5	fd05	0.5	True	10	34	0	0	OK	READY	OK
sub-29	2	run-02	<PROJECT_ROOT>/derivatives/smoothed_fwhm6/sub-29/func/sub-29_task-heatpainwithregulationandratings_run-02_space-MNI152NLin2009cAsym_desc-smoothedFWHM6_bold.nii.gz	<PROJECT_ROOT>/derivatives/fmriprep/sub-29/func/sub-29_task-heatpainwithregulationandratings_run-02_space-MNI152NLin2009cAsym_desc-preproc_bold.nii.gz	<PROJECT_ROOT>/derivatives/fmriprep/sub-29/func/sub-29_task-heatpainwithregulationandratings_run-02_space-MNI152NLin2009cAsym_desc-brain_mask.nii.gz	<PROJECT_ROOT>/derivatives/fmriprep/sub-29/func/sub-29_task-heatpainwithregulationandratings_run-02_desc-confounds_timeseries.tsv	KEEP_FOR_MAIN_BUT_SENSITIVITY_EXCLUDE_CANDIDATE	True	BAD_FD_MEAN,BAD_FD_GT_0.5,WARN_FD_MAX	WARN_OUTLIER_BURDEN	OK	0.3462799091273356	2.8529802692835644	14.903846153846152	26.31578947368421	119	209	2.0	418.0	409.723	10.216000000000008	0	0	True	11	22	11	<PROJECT_ROOT>/derivatives/first_level_inputs_analysis/sub-29/run-02/events_long.tsv	<PROJECT_ROOT>/derivatives/first_level_inputs_analysis/sub-29/run-02/events_stim.tsv	209	62	62	80.11867818341966	146	142	True	<PROJECT_ROOT>/derivatives/first_level_inputs_analysis/sub-29/run-02/confounds_standard.tsv	<PROJECT_ROOT>/derivatives/first_level_inputs_analysis/sub-29/run-02/confounds_standard.json	standard	False	5	fd05	0.5	True	31	55	0	0	OK	READY	OK
sub-29	3	run-03	<PROJECT_ROOT>/derivatives/smoothed_fwhm6/sub-29/func/sub-29_task-heatpainwithregulationandratings_run-03_space-MNI152NLin2009cAsym_desc-smoothedFWHM6_bold.nii.gz	<PROJECT_ROOT>/derivatives/fmriprep/sub-29/func/sub-29_task-heatpainwithregulationandratings_run-03_space-MNI152NLin2009cAsym_desc-preproc_bold.nii.gz	<PROJECT_ROOT>/derivatives/fmriprep/sub-29/func/sub-29_task-heatpainwithregulationandratings_run-03_space-MNI152NLin2009cAsym_desc-brain_mask.nii.gz	<PROJECT_ROOT>/derivatives/fmriprep/sub-29/func/sub-29_task-heatpainwithregulationandratings_run-03_desc-confounds_timeseries.tsv	KEEP_FOR_MAIN_BUT_SENSITIVITY_EXCLUDE_CANDIDATE	True	WARN_FD_MEAN,BAD_FD_GT_0.5	WARN_OUTLIER_BURDEN,WARN_LOW_ESTIMATED_DOF	OK	0.299184017868133	1.6479293229046774	13.157894736842104	32.460732984293195	95	191	2.0	382.0	374.47	10.216000000000008	0	0	True	10	20	10	<PROJECT_ROOT>/derivatives/first_level_inputs_analysis/sub-29/run-03/events_long.tsv	<PROJECT_ROOT>/derivatives/first_level_inputs_analysis/sub-29/run-03/events_stim.tsv	191	56	56	107.76435974988043	134	130	True	<PROJECT_ROOT>/derivatives/first_level_inputs_analysis/sub-29/run-03/confounds_standard.tsv	<PROJECT_ROOT>/derivatives/first_level_inputs_analysis/sub-29/run-03/confounds_standard.json	standard	False	5	fd05	0.5	True	25	62	0	0	OK	READY	OK
sub-29	4	run-04	<PROJECT_ROOT>/derivatives/smoothed_fwhm6/sub-29/func/sub-29_task-heatpainwithregulationandratings_run-04_space-MNI152NLin2009cAsym_desc-smoothedFWHM6_bold.nii.gz	<PROJECT_ROOT>/derivatives/fmriprep/sub-29/func/sub-29_task-heatpainwithregulationandratings_run-04_space-MNI152NLin2009cAsym_desc-preproc_bold.nii.gz	<PROJECT_ROOT>/derivatives/fmriprep/sub-29/func/sub-29_task-heatpainwithregulationandratings_run-04_space-MNI152NLin2009cAsym_desc-brain_mask.nii.gz	<PROJECT_ROOT>/derivatives/fmriprep/sub-29/func/sub-29_task-heatpainwithregulationandratings_run-04_desc-confounds_timeseries.tsv	KEEP_FOR_MAIN_BUT_SENSITIVITY_EXCLUDE_CANDIDATE	True	BAD_FD_MEAN,BAD_FD_GT_0.5,WARN_FD_MAX	WARN_OUTLIER_BURDEN	OK	0.3513412128718396	3.584848449324993	12.01923076923077	32.53588516746412	106	209	2.0	418.0	409.7560000000001	10.217000000000098	0	0	True	11	22	11	<PROJECT_ROOT>/derivatives/first_level_inputs_analysis/sub-29/run-04/events_long.tsv	<PROJECT_ROOT>/derivatives/first_level_inputs_analysis/sub-29/run-04/events_stim.tsv	209	56	56	253.00907582034984	152	148	True	<PROJECT_ROOT>/derivatives/first_level_inputs_analysis/sub-29/run-04/confounds_standard.tsv	<PROJECT_ROOT>/derivatives/first_level_inputs_analysis/sub-29/run-04/confounds_standard.json	standard	False	5	fd05	0.5	True	25	68	0	0	OK	READY	OK
sub-29	5	run-05	<PROJECT_ROOT>/derivatives/smoothed_fwhm6/sub-29/func/sub-29_task-heatpainwithregulationandratings_run-05_space-MNI152NLin2009cAsym_desc-smoothedFWHM6_bold.nii.gz	<PROJECT_ROOT>/derivatives/fmriprep/sub-29/func/sub-29_task-heatpainwithregulationandratings_run-05_space-MNI152NLin2009cAsym_desc-preproc_bold.nii.gz	<PROJECT_ROOT>/derivatives/fmriprep/sub-29/func/sub-29_task-heatpainwithregulationandratings_run-05_space-MNI152NLin2009cAsym_desc-brain_mask.nii.gz	<PROJECT_ROOT>/derivatives/fmriprep/sub-29/func/sub-29_task-heatpainwithregulationandratings_run-05_desc-confounds_timeseries.tsv	KEEP_WITH_WARNING	False	WARN_FD_MEAN	WARN_OUTLIER_BURDEN	OK	0.2411821098154553	0.9853416695450418	4.807692307692308	29.66507177033493	112	209	2.0	418.0	406.714	10.215999999999894	0	0	True	11	22	11	<PROJECT_ROOT>/derivatives/first_level_inputs_analysis/sub-29/run-05/events_long.tsv	<PROJECT_ROOT>/derivatives/first_level_inputs_analysis/sub-29/run-05/events_stim.tsv	209	41	41	88.32887976200202	167	163	True	<PROJECT_ROOT>/derivatives/first_level_inputs_analysis/sub-29/run-05/confounds_standard.tsv	<PROJECT_ROOT>/derivatives/first_level_inputs_analysis/sub-29/run-05/confounds_standard.json	standard	False	5	fd05	0.5	True	10	62	0	0	OK	READY	OK
sub-29	6	run-06	<PROJECT_ROOT>/derivatives/smoothed_fwhm6/sub-29/func/sub-29_task-heatpainwithregulationandratings_run-06_space-MNI152NLin2009cAsym_desc-smoothedFWHM6_bold.nii.gz	<PROJECT_ROOT>/derivatives/fmriprep/sub-29/func/sub-29_task-heatpainwithregulationandratings_run-06_space-MNI152NLin2009cAsym_desc-preproc_bold.nii.gz	<PROJECT_ROOT>/derivatives/fmriprep/sub-29/func/sub-29_task-heatpainwithregulationandratings_run-06_space-MNI152NLin2009cAsym_desc-brain_mask.nii.gz	<PROJECT_ROOT>/derivatives/fmriprep/sub-29/func/sub-29_task-heatpainwithregulationandratings_run-06_desc-confounds_timeseries.tsv	KEEP_WITH_WARNING	False	WARN_FD_MEAN,WARN_FD_GT_0.5	WARN_OUTLIER_BURDEN	OK	0.2709859518907031	0.8701240273618707	7.6923076923076925	30.14354066985646	111	209	2.0	418.0	409.77300000000014	10.215999999999894	0	0	True	11	22	11	<PROJECT_ROOT>/derivatives/first_level_inputs_analysis/sub-29/run-06/events_long.tsv	<PROJECT_ROOT>/derivatives/first_level_inputs_analysis/sub-29/run-06/events_stim.tsv	209	47	47	41.56751659862843	161	157	True	<PROJECT_ROOT>/derivatives/first_level_inputs_analysis/sub-29/run-06/confounds_standard.tsv	<PROJECT_ROOT>/derivatives/first_level_inputs_analysis/sub-29/run-06/confounds_standard.json	standard	False	5	fd05	0.5	True	16	63	0	0	OK	READY	OK
sub-29	7	run-07	<PROJECT_ROOT>/derivatives/smoothed_fwhm6/sub-29/func/sub-29_task-heatpainwithregulationandratings_run-07_space-MNI152NLin2009cAsym_desc-smoothedFWHM6_bold.nii.gz	<PROJECT_ROOT>/derivatives/fmriprep/sub-29/func/sub-29_task-heatpainwithregulationandratings_run-07_space-MNI152NLin2009cAsym_desc-preproc_bold.nii.gz	<PROJECT_ROOT>/derivatives/fmriprep/sub-29/func/sub-29_task-heatpainwithregulationandratings_run-07_space-MNI152NLin2009cAsym_desc-brain_mask.nii.gz	<PROJECT_ROOT>/derivatives/fmriprep/sub-29/func/sub-29_task-heatpainwithregulationandratings_run-07_desc-confounds_timeseries.tsv	KEEP_FOR_MAIN_BUT_SENSITIVITY_EXCLUDE_CANDIDATE	True	WARN_FD_MEAN	WARN_OUTLIER_BURDEN,WARN_LOW_ESTIMATED_DOF	OK	0.2163296095914286	0.6196999455018067	0.5263157894736842	34.55497382198953	91	191	2.0	382.0	373.489	10.215999999999894	0	0	True	10	20	10	<PROJECT_ROOT>/derivatives/first_level_inputs_analysis/sub-29/run-07/events_long.tsv	<PROJECT_ROOT>/derivatives/first_level_inputs_analysis/sub-29/run-07/events_stim.tsv	191	32	32	29.904165542475095	158	154	True	<PROJECT_ROOT>/derivatives/first_level_inputs_analysis/sub-29/run-07/confounds_standard.tsv	<PROJECT_ROOT>/derivatives/first_level_inputs_analysis/sub-29/run-07/confounds_standard.json	standard	False	5	fd05	0.5	True	1	66	0	0	OK	READY	OK
sub-29	8	run-08	<PROJECT_ROOT>/derivatives/smoothed_fwhm6/sub-29/func/sub-29_task-heatpainwithregulationandratings_run-08_space-MNI152NLin2009cAsym_desc-smoothedFWHM6_bold.nii.gz	<PROJECT_ROOT>/derivatives/fmriprep/sub-29/func/sub-29_task-heatpainwithregulationandratings_run-08_space-MNI152NLin2009cAsym_desc-preproc_bold.nii.gz	<PROJECT_ROOT>/derivatives/fmriprep/sub-29/func/sub-29_task-heatpainwithregulationandratings_run-08_space-MNI152NLin2009cAsym_desc-brain_mask.nii.gz	<PROJECT_ROOT>/derivatives/fmriprep/sub-29/func/sub-29_task-heatpainwithregulationandratings_run-08_desc-confounds_timeseries.tsv	KEEP_WITH_WARNING	False	WARN_FD_MEAN	WARN_OUTLIER_BURDEN	OK	0.2213081630491514	0.896692996848444	2.403846153846154	33.97129186602871	103	209	2.0	418.0	406.7310000000002	10.215999999999894	0	0	True	11	22	11	<PROJECT_ROOT>/derivatives/first_level_inputs_analysis/sub-29/run-08/events_long.tsv	<PROJECT_ROOT>/derivatives/first_level_inputs_analysis/sub-29/run-08/events_stim.tsv	209	36	36	29.197450730394852	172	168	True	<PROJECT_ROOT>/derivatives/first_level_inputs_analysis/sub-29/run-08/confounds_standard.tsv	<PROJECT_ROOT>/derivatives/first_level_inputs_analysis/sub-29/run-08/confounds_standard.json	standard	False	5	fd05	0.5	True	5	71	0	0	OK	READY	OK
sub-29	9	run-09	<PROJECT_ROOT>/derivatives/smoothed_fwhm6/sub-29/func/sub-29_task-heatpainwithregulationandratings_run-09_space-MNI152NLin2009cAsym_desc-smoothedFWHM6_bold.nii.gz	<PROJECT_ROOT>/derivatives/fmriprep/sub-29/func/sub-29_task-heatpainwithregulationandratings_run-09_space-MNI152NLin2009cAsym_desc-preproc_bold.nii.gz	<PROJECT_ROOT>/derivatives/fmriprep/sub-29/func/sub-29_task-heatpainwithregulationandratings_run-09_space-MNI152NLin2009cAsym_desc-brain_mask.nii.gz	<PROJECT_ROOT>/derivatives/fmriprep/sub-29/func/sub-29_task-heatpainwithregulationandratings_run-09_desc-confounds_timeseries.tsv	KEEP_FOR_MAIN_BUT_SENSITIVITY_EXCLUDE_CANDIDATE	True	WARN_FD_MEAN	HIGH_OUTLIER_BURDEN,WARN_LOW_ESTIMATED_DOF	OK	0.2041655198977687	0.4204853178686484	0.0	36.84210526315789	97	209	2.0	418.0	408.692	10.215999999999894	0	0	True	11	22	11	<PROJECT_ROOT>/derivatives/first_level_inputs_analysis/sub-29/run-09/events_long.tsv	<PROJECT_ROOT>/derivatives/first_level_inputs_analysis/sub-29/run-09/events_stim.tsv	209	31	31	26.48462896501414	177	173	True	<PROJECT_ROOT>/derivatives/first_level_inputs_analysis/sub-29/run-09/confounds_standard.tsv	<PROJECT_ROOT>/derivatives/first_level_inputs_analysis/sub-29/run-09/confounds_standard.json	standard	False	5	fd05	0.5	True	0	77	0	0	OK	READY	OK
sub-30	1	run-01	<PROJECT_ROOT>/derivatives/smoothed_fwhm6/sub-30/func/sub-30_task-heatpainwithregulationandratings_run-01_space-MNI152NLin2009cAsym_desc-smoothedFWHM6_bold.nii.gz	<PROJECT_ROOT>/derivatives/fmriprep/sub-30/func/sub-30_task-heatpainwithregulationandratings_run-01_space-MNI152NLin2009cAsym_desc-preproc_bold.nii.gz	<PROJECT_ROOT>/derivatives/fmriprep/sub-30/func/sub-30_task-heatpainwithregulationandratings_run-01_space-MNI152NLin2009cAsym_desc-brain_mask.nii.gz	<PROJECT_ROOT>/derivatives/fmriprep/sub-30/func/sub-30_task-heatpainwithregulationandratings_run-01_desc-confounds_timeseries.tsv	KEEP_FOR_MAIN_BUT_SENSITIVITY_EXCLUDE_CANDIDATE	True	OK	HIGH_OUTLIER_BURDEN,SEVERE_LOW_ESTIMATED_DOF	OK	0.0855706699486566	0.2913491385627648	0.0	83.73205741626795	-1	209	2.0	418.0	408.709	10.216	0	0	True	11	22	11	<PROJECT_ROOT>/derivatives/first_level_inputs_analysis/sub-30/run-01/events_long.tsv	<PROJECT_ROOT>/derivatives/first_level_inputs_analysis/sub-30/run-01/events_stim.tsv	209	31	31	30.303374503352064	177	173	True	<PROJECT_ROOT>/derivatives/first_level_inputs_analysis/sub-30/run-01/confounds_standard.tsv	<PROJECT_ROOT>/derivatives/first_level_inputs_analysis/sub-30/run-01/confounds_standard.json	standard	False	5	fd05	0.5	True	0	175	0	0	OK	READY	OK
sub-30	2	run-02	<PROJECT_ROOT>/derivatives/smoothed_fwhm6/sub-30/func/sub-30_task-heatpainwithregulationandratings_run-02_space-MNI152NLin2009cAsym_desc-smoothedFWHM6_bold.nii.gz	<PROJECT_ROOT>/derivatives/fmriprep/sub-30/func/sub-30_task-heatpainwithregulationandratings_run-02_space-MNI152NLin2009cAsym_desc-preproc_bold.nii.gz	<PROJECT_ROOT>/derivatives/fmriprep/sub-30/func/sub-30_task-heatpainwithregulationandratings_run-02_space-MNI152NLin2009cAsym_desc-brain_mask.nii.gz	<PROJECT_ROOT>/derivatives/fmriprep/sub-30/func/sub-30_task-heatpainwithregulationandratings_run-02_desc-confounds_timeseries.tsv	KEEP_FOR_MAIN_BUT_SENSITIVITY_EXCLUDE_CANDIDATE	True	OK	HIGH_OUTLIER_BURDEN,WARN_LOW_ESTIMATED_DOF	OK	0.0955682078727776	0.4071412468792609	0.0	44.01913875598086	82	209	2.0	418.0	407.744	10.216000000000008	0	0	True	11	22	11	<PROJECT_ROOT>/derivatives/first_level_inputs_analysis/sub-30/run-02/events_long.tsv	<PROJECT_ROOT>/derivatives/first_level_inputs_analysis/sub-30/run-02/events_stim.tsv	209	31	31	36.90807357960941	177	173	True	<PROJECT_ROOT>/derivatives/first_level_inputs_analysis/sub-30/run-02/confounds_standard.tsv	<PROJECT_ROOT>/derivatives/first_level_inputs_analysis/sub-30/run-02/confounds_standard.json	standard	False	5	fd05	0.5	True	0	92	0	0	OK	READY	OK
sub-30	3	run-03	<PROJECT_ROOT>/derivatives/smoothed_fwhm6/sub-30/func/sub-30_task-heatpainwithregulationandratings_run-03_space-MNI152NLin2009cAsym_desc-smoothedFWHM6_bold.nii.gz	<PROJECT_ROOT>/derivatives/fmriprep/sub-30/func/sub-30_task-heatpainwithregulationandratings_run-03_space-MNI152NLin2009cAsym_desc-preproc_bold.nii.gz	<PROJECT_ROOT>/derivatives/fmriprep/sub-30/func/sub-30_task-heatpainwithregulationandratings_run-03_space-MNI152NLin2009cAsym_desc-brain_mask.nii.gz	<PROJECT_ROOT>/derivatives/fmriprep/sub-30/func/sub-30_task-heatpainwithregulationandratings_run-03_desc-confounds_timeseries.tsv	KEEP_FOR_MAIN_BUT_SENSITIVITY_EXCLUDE_CANDIDATE	True	OK	HIGH_OUTLIER_BURDEN,SEVERE_LOW_ESTIMATED_DOF	OK	0.1075967581970872	0.3114890642090009	0.0	79.58115183246073	5	191	2.0	382.0	375.484	10.216000000000008	0	0	True	10	20	10	<PROJECT_ROOT>/derivatives/first_level_inputs_analysis/sub-30/run-03/events_long.tsv	<PROJECT_ROOT>/derivatives/first_level_inputs_analysis/sub-30/run-03/events_stim.tsv	191	31	31	92.15628731440877	159	155	True	<PROJECT_ROOT>/derivatives/first_level_inputs_analysis/sub-30/run-03/confounds_standard.tsv	<PROJECT_ROOT>/derivatives/first_level_inputs_analysis/sub-30/run-03/confounds_standard.json	standard	False	5	fd05	0.5	True	0	152	0	0	OK	READY	OK
sub-30	4	run-04	<PROJECT_ROOT>/derivatives/smoothed_fwhm6/sub-30/func/sub-30_task-heatpainwithregulationandratings_run-04_space-MNI152NLin2009cAsym_desc-smoothedFWHM6_bold.nii.gz	<PROJECT_ROOT>/derivatives/fmriprep/sub-30/func/sub-30_task-heatpainwithregulationandratings_run-04_space-MNI152NLin2009cAsym_desc-preproc_bold.nii.gz	<PROJECT_ROOT>/derivatives/fmriprep/sub-30/func/sub-30_task-heatpainwithregulationandratings_run-04_space-MNI152NLin2009cAsym_desc-brain_mask.nii.gz	<PROJECT_ROOT>/derivatives/fmriprep/sub-30/func/sub-30_task-heatpainwithregulationandratings_run-04_desc-confounds_timeseries.tsv	KEEP_FOR_MAIN_BUT_SENSITIVITY_EXCLUDE_CANDIDATE	True	OK	HIGH_OUTLIER_BURDEN,WARN_LOW_ESTIMATED_DOF	OK	0.110975716822161	0.5861794462116625	0.4807692307692308	47.84688995215311	74	209	2.0	418.0	408.741	10.215999999999894	0	0	True	11	22	11	<PROJECT_ROOT>/derivatives/first_level_inputs_analysis/sub-30/run-04/events_long.tsv	<PROJECT_ROOT>/derivatives/first_level_inputs_analysis/sub-30/run-04/events_stim.tsv	209	32	32	26.274970016749407	176	172	True	<PROJECT_ROOT>/derivatives/first_level_inputs_analysis/sub-30/run-04/confounds_standard.tsv	<PROJECT_ROOT>/derivatives/first_level_inputs_analysis/sub-30/run-04/confounds_standard.json	standard	False	5	fd05	0.5	True	1	100	0	0	OK	READY	OK
sub-30	5	run-05	<PROJECT_ROOT>/derivatives/smoothed_fwhm6/sub-30/func/sub-30_task-heatpainwithregulationandratings_run-05_space-MNI152NLin2009cAsym_desc-smoothedFWHM6_bold.nii.gz	<PROJECT_ROOT>/derivatives/fmriprep/sub-30/func/sub-30_task-heatpainwithregulationandratings_run-05_space-MNI152NLin2009cAsym_desc-preproc_bold.nii.gz	<PROJECT_ROOT>/derivatives/fmriprep/sub-30/func/sub-30_task-heatpainwithregulationandratings_run-05_space-MNI152NLin2009cAsym_desc-brain_mask.nii.gz	<PROJECT_ROOT>/derivatives/fmriprep/sub-30/func/sub-30_task-heatpainwithregulationandratings_run-05_desc-confounds_timeseries.tsv	KEEP_WITH_WARNING	False	OK	WARN_OUTLIER_BURDEN	OK	0.1292989898123018	0.9983264831267086	2.403846153846154	25.83732057416268	120	209	2.0	418.0	408.7260000000001	10.215999999999894	0	0	True	11	22	11	<PROJECT_ROOT>/derivatives/first_level_inputs_analysis/sub-30/run-05/events_long.tsv	<PROJECT_ROOT>/derivatives/first_level_inputs_analysis/sub-30/run-05/events_stim.tsv	209	36	36	41.97669109724019	172	168	True	<PROJECT_ROOT>/derivatives/first_level_inputs_analysis/sub-30/run-05/confounds_standard.tsv	<PROJECT_ROOT>/derivatives/first_level_inputs_analysis/sub-30/run-05/confounds_standard.json	standard	False	5	fd05	0.5	True	5	54	0	0	OK	READY	OK
sub-30	6	run-06	<PROJECT_ROOT>/derivatives/smoothed_fwhm6/sub-30/func/sub-30_task-heatpainwithregulationandratings_run-06_space-MNI152NLin2009cAsym_desc-smoothedFWHM6_bold.nii.gz	<PROJECT_ROOT>/derivatives/fmriprep/sub-30/func/sub-30_task-heatpainwithregulationandratings_run-06_space-MNI152NLin2009cAsym_desc-preproc_bold.nii.gz	<PROJECT_ROOT>/derivatives/fmriprep/sub-30/func/sub-30_task-heatpainwithregulationandratings_run-06_space-MNI152NLin2009cAsym_desc-brain_mask.nii.gz	<PROJECT_ROOT>/derivatives/fmriprep/sub-30/func/sub-30_task-heatpainwithregulationandratings_run-06_desc-confounds_timeseries.tsv	KEEP_WITH_WARNING	False	WARN_FD_MAX	WARN_OUTLIER_BURDEN	OK	0.1709922604614309	2.83034991876023	3.3653846153846154	29.1866028708134	113	209	2.0	418.0	406.7640000000001	10.215999999999894	0	0	True	11	22	11	<PROJECT_ROOT>/derivatives/first_level_inputs_analysis/sub-30/run-06/events_long.tsv	<PROJECT_ROOT>/derivatives/first_level_inputs_analysis/sub-30/run-06/events_stim.tsv	209	38	38	196.06218855456055	170	166	True	<PROJECT_ROOT>/derivatives/first_level_inputs_analysis/sub-30/run-06/confounds_standard.tsv	<PROJECT_ROOT>/derivatives/first_level_inputs_analysis/sub-30/run-06/confounds_standard.json	standard	False	5	fd05	0.5	True	7	61	0	0	OK	READY	OK
sub-30	7	run-07	<PROJECT_ROOT>/derivatives/smoothed_fwhm6/sub-30/func/sub-30_task-heatpainwithregulationandratings_run-07_space-MNI152NLin2009cAsym_desc-smoothedFWHM6_bold.nii.gz	<PROJECT_ROOT>/derivatives/fmriprep/sub-30/func/sub-30_task-heatpainwithregulationandratings_run-07_space-MNI152NLin2009cAsym_desc-preproc_bold.nii.gz	<PROJECT_ROOT>/derivatives/fmriprep/sub-30/func/sub-30_task-heatpainwithregulationandratings_run-07_space-MNI152NLin2009cAsym_desc-brain_mask.nii.gz	<PROJECT_ROOT>/derivatives/fmriprep/sub-30/func/sub-30_task-heatpainwithregulationandratings_run-07_desc-confounds_timeseries.tsv	KEEP_FOR_MAIN_BUT_SENSITIVITY_EXCLUDE_CANDIDATE	True	OK	HIGH_OUTLIER_BURDEN,WARN_LOW_ESTIMATED_DOF	OK	0.1282320670259683	0.8021778169744987	2.631578947368421	45.0261780104712	71	191	2.0	382.0	375.5	10.215999999999894	0	0	True	10	20	10	<PROJECT_ROOT>/derivatives/first_level_inputs_analysis/sub-30/run-07/events_long.tsv	<PROJECT_ROOT>/derivatives/first_level_inputs_analysis/sub-30/run-07/events_stim.tsv	191	36	36	38.07659557205416	154	150	True	<PROJECT_ROOT>/derivatives/first_level_inputs_analysis/sub-30/run-07/confounds_standard.tsv	<PROJECT_ROOT>/derivatives/first_level_inputs_analysis/sub-30/run-07/confounds_standard.json	standard	False	5	fd05	0.5	True	5	86	0	0	OK	READY	OK
sub-30	8	run-08	<PROJECT_ROOT>/derivatives/smoothed_fwhm6/sub-30/func/sub-30_task-heatpainwithregulationandratings_run-08_space-MNI152NLin2009cAsym_desc-smoothedFWHM6_bold.nii.gz	<PROJECT_ROOT>/derivatives/fmriprep/sub-30/func/sub-30_task-heatpainwithregulationandratings_run-08_space-MNI152NLin2009cAsym_desc-preproc_bold.nii.gz	<PROJECT_ROOT>/derivatives/fmriprep/sub-30/func/sub-30_task-heatpainwithregulationandratings_run-08_space-MNI152NLin2009cAsym_desc-brain_mask.nii.gz	<PROJECT_ROOT>/derivatives/fmriprep/sub-30/func/sub-30_task-heatpainwithregulationandratings_run-08_desc-confounds_timeseries.tsv	KEEP_FOR_MAIN_BUT_SENSITIVITY_EXCLUDE_CANDIDATE	True	OK	HIGH_OUTLIER_BURDEN,WARN_LOW_ESTIMATED_DOF	OK	0.0960065403734623	0.6330455934058563	0.4807692307692308	48.32535885167464	73	209	2.0	418.0	409.7719999999999	10.215999999999894	0	0	True	11	22	11	<PROJECT_ROOT>/derivatives/first_level_inputs_analysis/sub-30/run-08/events_long.tsv	<PROJECT_ROOT>/derivatives/first_level_inputs_analysis/sub-30/run-08/events_stim.tsv	209	32	32	39.51363360344034	176	172	True	<PROJECT_ROOT>/derivatives/first_level_inputs_analysis/sub-30/run-08/confounds_standard.tsv	<PROJECT_ROOT>/derivatives/first_level_inputs_analysis/sub-30/run-08/confounds_standard.json	standard	False	5	fd05	0.5	True	1	101	0	0	OK	READY	OK
sub-30	9	run-09	<PROJECT_ROOT>/derivatives/smoothed_fwhm6/sub-30/func/sub-30_task-heatpainwithregulationandratings_run-09_space-MNI152NLin2009cAsym_desc-smoothedFWHM6_bold.nii.gz	<PROJECT_ROOT>/derivatives/fmriprep/sub-30/func/sub-30_task-heatpainwithregulationandratings_run-09_space-MNI152NLin2009cAsym_desc-preproc_bold.nii.gz	<PROJECT_ROOT>/derivatives/fmriprep/sub-30/func/sub-30_task-heatpainwithregulationandratings_run-09_space-MNI152NLin2009cAsym_desc-brain_mask.nii.gz	<PROJECT_ROOT>/derivatives/fmriprep/sub-30/func/sub-30_task-heatpainwithregulationandratings_run-09_desc-confounds_timeseries.tsv	KEEP_WITH_WARNING	False	WARN_FD_MAX	WARN_OUTLIER_BURDEN	OK	0.1672915100469386	2.8757249485726053	3.3653846153846154	31.57894736842105	108	209	2.0	418.0	409.7559999999999	10.217000000000098	0	0	True	11	22	11	<PROJECT_ROOT>/derivatives/first_level_inputs_analysis/sub-30/run-09/events_long.tsv	<PROJECT_ROOT>/derivatives/first_level_inputs_analysis/sub-30/run-09/events_stim.tsv	209	38	38	253.45413448372145	170	166	True	<PROJECT_ROOT>/derivatives/first_level_inputs_analysis/sub-30/run-09/confounds_standard.tsv	<PROJECT_ROOT>/derivatives/first_level_inputs_analysis/sub-30/run-09/confounds_standard.json	standard	False	5	fd05	0.5	True	7	66	0	0	OK	READY	OK
sub-31	1	run-01	<PROJECT_ROOT>/derivatives/smoothed_fwhm6/sub-31/func/sub-31_task-heatpainwithregulationandratings_run-01_space-MNI152NLin2009cAsym_desc-smoothedFWHM6_bold.nii.gz	<PROJECT_ROOT>/derivatives/fmriprep/sub-31/func/sub-31_task-heatpainwithregulationandratings_run-01_space-MNI152NLin2009cAsym_desc-preproc_bold.nii.gz	<PROJECT_ROOT>/derivatives/fmriprep/sub-31/func/sub-31_task-heatpainwithregulationandratings_run-01_space-MNI152NLin2009cAsym_desc-brain_mask.nii.gz	<PROJECT_ROOT>/derivatives/fmriprep/sub-31/func/sub-31_task-heatpainwithregulationandratings_run-01_desc-confounds_timeseries.tsv	KEEP_WITH_WARNING	False	OK	WARN_OUTLIER_BURDEN	OK	0.145011856214792	0.6709233341917631	0.4807692307692308	20.57416267942584	131	209	2.0	418.0	407.693	10.216	0	0	True	11	22	11	<PROJECT_ROOT>/derivatives/first_level_inputs_analysis/sub-31/run-01/events_long.tsv	<PROJECT_ROOT>/derivatives/first_level_inputs_analysis/sub-31/run-01/events_stim.tsv	209	32	32	40.9159354441719	176	172	True	<PROJECT_ROOT>/derivatives/first_level_inputs_analysis/sub-31/run-01/confounds_standard.tsv	<PROJECT_ROOT>/derivatives/first_level_inputs_analysis/sub-31/run-01/confounds_standard.json	standard	False	5	fd05	0.5	True	1	43	0	0	OK	READY	OK
sub-31	2	run-02	<PROJECT_ROOT>/derivatives/smoothed_fwhm6/sub-31/func/sub-31_task-heatpainwithregulationandratings_run-02_space-MNI152NLin2009cAsym_desc-smoothedFWHM6_bold.nii.gz	<PROJECT_ROOT>/derivatives/fmriprep/sub-31/func/sub-31_task-heatpainwithregulationandratings_run-02_space-MNI152NLin2009cAsym_desc-preproc_bold.nii.gz	<PROJECT_ROOT>/derivatives/fmriprep/sub-31/func/sub-31_task-heatpainwithregulationandratings_run-02_space-MNI152NLin2009cAsym_desc-brain_mask.nii.gz	<PROJECT_ROOT>/derivatives/fmriprep/sub-31/func/sub-31_task-heatpainwithregulationandratings_run-02_desc-confounds_timeseries.tsv	KEEP_FOR_MAIN_BUT_SENSITIVITY_EXCLUDE_CANDIDATE	True	OK	HIGH_OUTLIER_BURDEN,WARN_LOW_ESTIMATED_DOF	OK	0.1475769860178244	0.6510713861402415	0.9615384615384616	58.85167464114832	51	209	2.0	418.0	406.747	10.216000000000008	0	0	True	11	22	11	<PROJECT_ROOT>/derivatives/first_level_inputs_analysis/sub-31/run-02/events_long.tsv	<PROJECT_ROOT>/derivatives/first_level_inputs_analysis/sub-31/run-02/events_stim.tsv	209	33	33	33.11137350848266	175	171	True	<PROJECT_ROOT>/derivatives/first_level_inputs_analysis/sub-31/run-02/confounds_standard.tsv	<PROJECT_ROOT>/derivatives/first_level_inputs_analysis/sub-31/run-02/confounds_standard.json	standard	False	5	fd05	0.5	True	2	123	0	0	OK	READY	OK
sub-31	3	run-03	<PROJECT_ROOT>/derivatives/smoothed_fwhm6/sub-31/func/sub-31_task-heatpainwithregulationandratings_run-03_space-MNI152NLin2009cAsym_desc-smoothedFWHM6_bold.nii.gz	<PROJECT_ROOT>/derivatives/fmriprep/sub-31/func/sub-31_task-heatpainwithregulationandratings_run-03_space-MNI152NLin2009cAsym_desc-preproc_bold.nii.gz	<PROJECT_ROOT>/derivatives/fmriprep/sub-31/func/sub-31_task-heatpainwithregulationandratings_run-03_space-MNI152NLin2009cAsym_desc-brain_mask.nii.gz	<PROJECT_ROOT>/derivatives/fmriprep/sub-31/func/sub-31_task-heatpainwithregulationandratings_run-03_desc-confounds_timeseries.tsv	KEEP	False	OK	OK	OK	0.1157048477178108	0.3440475573863594	0.0	9.947643979057592	138	191	2.0	382.0	374.454	10.216000000000008	0	0	True	10	20	10	<PROJECT_ROOT>/derivatives/first_level_inputs_analysis/sub-31/run-03/events_long.tsv	<PROJECT_ROOT>/derivatives/first_level_inputs_analysis/sub-31/run-03/events_stim.tsv	191	31	31	46.69109746343477	159	155	True	<PROJECT_ROOT>/derivatives/first_level_inputs_analysis/sub-31/run-03/confounds_standard.tsv	<PROJECT_ROOT>/derivatives/first_level_inputs_analysis/sub-31/run-03/confounds_standard.json	standard	False	5	fd05	0.5	True	0	19	0	0	OK	READY	OK
sub-31	4	run-04	<PROJECT_ROOT>/derivatives/smoothed_fwhm6/sub-31/func/sub-31_task-heatpainwithregulationandratings_run-04_space-MNI152NLin2009cAsym_desc-smoothedFWHM6_bold.nii.gz	<PROJECT_ROOT>/derivatives/fmriprep/sub-31/func/sub-31_task-heatpainwithregulationandratings_run-04_space-MNI152NLin2009cAsym_desc-preproc_bold.nii.gz	<PROJECT_ROOT>/derivatives/fmriprep/sub-31/func/sub-31_task-heatpainwithregulationandratings_run-04_space-MNI152NLin2009cAsym_desc-brain_mask.nii.gz	<PROJECT_ROOT>/derivatives/fmriprep/sub-31/func/sub-31_task-heatpainwithregulationandratings_run-04_desc-confounds_timeseries.tsv	KEEP_FOR_MAIN_BUT_SENSITIVITY_EXCLUDE_CANDIDATE	True	OK	HIGH_OUTLIER_BURDEN,WARN_LOW_ESTIMATED_DOF	OK	0.1233279869087325	0.3261703035844411	0.0	55.02392344497608	59	209	2.0	418.0	409.7550000000001	10.215999999999894	0	0	True	11	22	11	<PROJECT_ROOT>/derivatives/first_level_inputs_analysis/sub-31/run-04/events_long.tsv	<PROJECT_ROOT>/derivatives/first_level_inputs_analysis/sub-31/run-04/events_stim.tsv	209	31	31	36.490335758355684	177	173	True	<PROJECT_ROOT>/derivatives/first_level_inputs_analysis/sub-31/run-04/confounds_standard.tsv	<PROJECT_ROOT>/derivatives/first_level_inputs_analysis/sub-31/run-04/confounds_standard.json	standard	False	5	fd05	0.5	True	0	115	0	0	OK	READY	OK
sub-31	5	run-05	<PROJECT_ROOT>/derivatives/smoothed_fwhm6/sub-31/func/sub-31_task-heatpainwithregulationandratings_run-05_space-MNI152NLin2009cAsym_desc-smoothedFWHM6_bold.nii.gz	<PROJECT_ROOT>/derivatives/fmriprep/sub-31/func/sub-31_task-heatpainwithregulationandratings_run-05_space-MNI152NLin2009cAsym_desc-preproc_bold.nii.gz	<PROJECT_ROOT>/derivatives/fmriprep/sub-31/func/sub-31_task-heatpainwithregulationandratings_run-05_space-MNI152NLin2009cAsym_desc-brain_mask.nii.gz	<PROJECT_ROOT>/derivatives/fmriprep/sub-31/func/sub-31_task-heatpainwithregulationandratings_run-05_desc-confounds_timeseries.tsv	KEEP_FOR_MAIN_BUT_SENSITIVITY_EXCLUDE_CANDIDATE	True	OK	HIGH_OUTLIER_BURDEN,SEVERE_LOW_ESTIMATED_DOF	OK	0.1156645861208754	0.4442106200573343	0.0	60.76555023923444	47	209	2.0	418.0	408.77600000000007	10.217000000000098	0	0	True	11	22	11	<PROJECT_ROOT>/derivatives/first_level_inputs_analysis/sub-31/run-05/events_long.tsv	<PROJECT_ROOT>/derivatives/first_level_inputs_analysis/sub-31/run-05/events_stim.tsv	209	31	31	64.92629397495158	177	173	True	<PROJECT_ROOT>/derivatives/first_level_inputs_analysis/sub-31/run-05/confounds_standard.tsv	<PROJECT_ROOT>/derivatives/first_level_inputs_analysis/sub-31/run-05/confounds_standard.json	standard	False	5	fd05	0.5	True	0	127	0	0	OK	READY	OK
sub-31	6	run-06	<PROJECT_ROOT>/derivatives/smoothed_fwhm6/sub-31/func/sub-31_task-heatpainwithregulationandratings_run-06_space-MNI152NLin2009cAsym_desc-smoothedFWHM6_bold.nii.gz	<PROJECT_ROOT>/derivatives/fmriprep/sub-31/func/sub-31_task-heatpainwithregulationandratings_run-06_space-MNI152NLin2009cAsym_desc-preproc_bold.nii.gz	<PROJECT_ROOT>/derivatives/fmriprep/sub-31/func/sub-31_task-heatpainwithregulationandratings_run-06_space-MNI152NLin2009cAsym_desc-brain_mask.nii.gz	<PROJECT_ROOT>/derivatives/fmriprep/sub-31/func/sub-31_task-heatpainwithregulationandratings_run-06_desc-confounds_timeseries.tsv	KEEP_WITH_WARNING	False	OK	WARN_OUTLIER_BURDEN	OK	0.1156484809273322	0.4488360979101058	0.0	24.880382775119617	122	209	2.0	418.0	408.7579999999998	10.215999999999894	0	0	True	11	22	11	<PROJECT_ROOT>/derivatives/first_level_inputs_analysis/sub-31/run-06/events_long.tsv	<PROJECT_ROOT>/derivatives/first_level_inputs_analysis/sub-31/run-06/events_stim.tsv	209	31	31	12.99852354711869	177	173	True	<PROJECT_ROOT>/derivatives/first_level_inputs_analysis/sub-31/run-06/confounds_standard.tsv	<PROJECT_ROOT>/derivatives/first_level_inputs_analysis/sub-31/run-06/confounds_standard.json	standard	False	5	fd05	0.5	True	0	52	0	0	OK	READY	OK
sub-31	7	run-07	<PROJECT_ROOT>/derivatives/smoothed_fwhm6/sub-31/func/sub-31_task-heatpainwithregulationandratings_run-07_space-MNI152NLin2009cAsym_desc-smoothedFWHM6_bold.nii.gz	<PROJECT_ROOT>/derivatives/fmriprep/sub-31/func/sub-31_task-heatpainwithregulationandratings_run-07_space-MNI152NLin2009cAsym_desc-preproc_bold.nii.gz	<PROJECT_ROOT>/derivatives/fmriprep/sub-31/func/sub-31_task-heatpainwithregulationandratings_run-07_space-MNI152NLin2009cAsym_desc-brain_mask.nii.gz	<PROJECT_ROOT>/derivatives/fmriprep/sub-31/func/sub-31_task-heatpainwithregulationandratings_run-07_desc-confounds_timeseries.tsv	KEEP	False	OK	OK	OK	0.112360717397778	0.4017167477472805	0.0	5.235602094240837	145	191	2.0	382.0	374.52	10.215999999999894	0	0	True	10	20	10	<PROJECT_ROOT>/derivatives/first_level_inputs_analysis/sub-31/run-07/events_long.tsv	<PROJECT_ROOT>/derivatives/first_level_inputs_analysis/sub-31/run-07/events_stim.tsv	191	33	33	47.303177921426865	157	153	True	<PROJECT_ROOT>/derivatives/first_level_inputs_analysis/sub-31/run-07/confounds_standard.tsv	<PROJECT_ROOT>/derivatives/first_level_inputs_analysis/sub-31/run-07/confounds_standard.json	standard	False	5	fd05	0.5	True	0	10	0	2	OK	READY	OK
sub-31	8	run-08	<PROJECT_ROOT>/derivatives/smoothed_fwhm6/sub-31/func/sub-31_task-heatpainwithregulationandratings_run-08_space-MNI152NLin2009cAsym_desc-smoothedFWHM6_bold.nii.gz	<PROJECT_ROOT>/derivatives/fmriprep/sub-31/func/sub-31_task-heatpainwithregulationandratings_run-08_space-MNI152NLin2009cAsym_desc-preproc_bold.nii.gz	<PROJECT_ROOT>/derivatives/fmriprep/sub-31/func/sub-31_task-heatpainwithregulationandratings_run-08_space-MNI152NLin2009cAsym_desc-brain_mask.nii.gz	<PROJECT_ROOT>/derivatives/fmriprep/sub-31/func/sub-31_task-heatpainwithregulationandratings_run-08_desc-confounds_timeseries.tsv	KEEP_FOR_MAIN_BUT_SENSITIVITY_EXCLUDE_CANDIDATE	True	OK	HIGH_OUTLIER_BURDEN,WARN_LOW_ESTIMATED_DOF	OK	0.1123562621720015	0.2631970933944052	0.0	55.980861244019145	57	209	2.0	418.0	409.6889999999999	10.215999999999894	0	0	True	11	22	11	<PROJECT_ROOT>/derivatives/first_level_inputs_analysis/sub-31/run-08/events_long.tsv	<PROJECT_ROOT>/derivatives/first_level_inputs_analysis/sub-31/run-08/events_stim.tsv	209	31	31	45.10780793948135	177	173	True	<PROJECT_ROOT>/derivatives/first_level_inputs_analysis/sub-31/run-08/confounds_standard.tsv	<PROJECT_ROOT>/derivatives/first_level_inputs_analysis/sub-31/run-08/confounds_standard.json	standard	False	5	fd05	0.5	True	0	117	0	0	OK	READY	OK
sub-31	9	run-09	<PROJECT_ROOT>/derivatives/smoothed_fwhm6/sub-31/func/sub-31_task-heatpainwithregulationandratings_run-09_space-MNI152NLin2009cAsym_desc-smoothedFWHM6_bold.nii.gz	<PROJECT_ROOT>/derivatives/fmriprep/sub-31/func/sub-31_task-heatpainwithregulationandratings_run-09_space-MNI152NLin2009cAsym_desc-preproc_bold.nii.gz	<PROJECT_ROOT>/derivatives/fmriprep/sub-31/func/sub-31_task-heatpainwithregulationandratings_run-09_space-MNI152NLin2009cAsym_desc-brain_mask.nii.gz	<PROJECT_ROOT>/derivatives/fmriprep/sub-31/func/sub-31_task-heatpainwithregulationandratings_run-09_desc-confounds_timeseries.tsv	KEEP	False	OK	OK	OK	0.1210465398637794	0.2952119617267577	0.0	14.354066985645932	144	209	2.0	418.0	407.761	10.215999999999894	0	0	True	11	22	11	<PROJECT_ROOT>/derivatives/first_level_inputs_analysis/sub-31/run-09/events_long.tsv	<PROJECT_ROOT>/derivatives/first_level_inputs_analysis/sub-31/run-09/events_stim.tsv	209	31	31	79.38006417760492	177	173	True	<PROJECT_ROOT>/derivatives/first_level_inputs_analysis/sub-31/run-09/confounds_standard.tsv	<PROJECT_ROOT>/derivatives/first_level_inputs_analysis/sub-31/run-09/confounds_standard.json	standard	False	5	fd05	0.5	True	0	30	0	0	OK	READY	OK
sub-32	1	run-01	<PROJECT_ROOT>/derivatives/smoothed_fwhm6/sub-32/func/sub-32_task-heatpainwithregulationandratings_run-01_space-MNI152NLin2009cAsym_desc-smoothedFWHM6_bold.nii.gz	<PROJECT_ROOT>/derivatives/fmriprep/sub-32/func/sub-32_task-heatpainwithregulationandratings_run-01_space-MNI152NLin2009cAsym_desc-preproc_bold.nii.gz	<PROJECT_ROOT>/derivatives/fmriprep/sub-32/func/sub-32_task-heatpainwithregulationandratings_run-01_space-MNI152NLin2009cAsym_desc-brain_mask.nii.gz	<PROJECT_ROOT>/derivatives/fmriprep/sub-32/func/sub-32_task-heatpainwithregulationandratings_run-01_desc-confounds_timeseries.tsv	KEEP_FOR_MAIN_BUT_SENSITIVITY_EXCLUDE_CANDIDATE	True	OK	HIGH_OUTLIER_BURDEN,SEVERE_LOW_ESTIMATED_DOF	OK	0.1380782661862255	0.4293625383007476	0.0	74.64114832535886	18	209	2.0	418.0	408.739	10.216	0	0	True	11	22	11	<PROJECT_ROOT>/derivatives/first_level_inputs_analysis/sub-32/run-01/events_long.tsv	<PROJECT_ROOT>/derivatives/first_level_inputs_analysis/sub-32/run-01/events_stim.tsv	209	31	31	15.516293909844272	177	173	True	<PROJECT_ROOT>/derivatives/first_level_inputs_analysis/sub-32/run-01/confounds_standard.tsv	<PROJECT_ROOT>/derivatives/first_level_inputs_analysis/sub-32/run-01/confounds_standard.json	standard	False	5	fd05	0.5	True	0	156	0	0	OK	READY	OK
sub-32	2	run-02	<PROJECT_ROOT>/derivatives/smoothed_fwhm6/sub-32/func/sub-32_task-heatpainwithregulationandratings_run-02_space-MNI152NLin2009cAsym_desc-smoothedFWHM6_bold.nii.gz	<PROJECT_ROOT>/derivatives/fmriprep/sub-32/func/sub-32_task-heatpainwithregulationandratings_run-02_space-MNI152NLin2009cAsym_desc-preproc_bold.nii.gz	<PROJECT_ROOT>/derivatives/fmriprep/sub-32/func/sub-32_task-heatpainwithregulationandratings_run-02_space-MNI152NLin2009cAsym_desc-brain_mask.nii.gz	<PROJECT_ROOT>/derivatives/fmriprep/sub-32/func/sub-32_task-heatpainwithregulationandratings_run-02_desc-confounds_timeseries.tsv	KEEP_FOR_MAIN_BUT_SENSITIVITY_EXCLUDE_CANDIDATE	True	OK	HIGH_OUTLIER_BURDEN,SEVERE_LOW_ESTIMATED_DOF	OK	0.1163633668455071	0.3691920102647633	0.0	70.33492822966507	27	209	2.0	418.0	406.778	10.216000000000008	0	0	True	11	22	11	<PROJECT_ROOT>/derivatives/first_level_inputs_analysis/sub-32/run-02/events_long.tsv	<PROJECT_ROOT>/derivatives/first_level_inputs_analysis/sub-32/run-02/events_stim.tsv	209	31	31	14.362535899015787	177	173	True	<PROJECT_ROOT>/derivatives/first_level_inputs_analysis/sub-32/run-02/confounds_standard.tsv	<PROJECT_ROOT>/derivatives/first_level_inputs_analysis/sub-32/run-02/confounds_standard.json	standard	False	5	fd05	0.5	True	0	147	0	0	OK	READY	OK
sub-32	3	run-03	<PROJECT_ROOT>/derivatives/smoothed_fwhm6/sub-32/func/sub-32_task-heatpainwithregulationandratings_run-03_space-MNI152NLin2009cAsym_desc-smoothedFWHM6_bold.nii.gz	<PROJECT_ROOT>/derivatives/fmriprep/sub-32/func/sub-32_task-heatpainwithregulationandratings_run-03_space-MNI152NLin2009cAsym_desc-preproc_bold.nii.gz	<PROJECT_ROOT>/derivatives/fmriprep/sub-32/func/sub-32_task-heatpainwithregulationandratings_run-03_space-MNI152NLin2009cAsym_desc-brain_mask.nii.gz	<PROJECT_ROOT>/derivatives/fmriprep/sub-32/func/sub-32_task-heatpainwithregulationandratings_run-03_desc-confounds_timeseries.tsv	KEEP_WITH_WARNING	False	OK	WARN_OUTLIER_BURDEN	OK	0.1103402700585267	0.235239502803972	0.0	24.083769633507853	111	191	2.0	382.0	373.537	10.216000000000008	0	0	True	10	20	10	<PROJECT_ROOT>/derivatives/first_level_inputs_analysis/sub-32/run-03/events_long.tsv	<PROJECT_ROOT>/derivatives/first_level_inputs_analysis/sub-32/run-03/events_stim.tsv	191	31	31	11.854188095641357	159	155	True	<PROJECT_ROOT>/derivatives/first_level_inputs_analysis/sub-32/run-03/confounds_standard.tsv	<PROJECT_ROOT>/derivatives/first_level_inputs_analysis/sub-32/run-03/confounds_standard.json	standard	False	5	fd05	0.5	True	0	46	0	0	OK	READY	OK
sub-32	4	run-04	<PROJECT_ROOT>/derivatives/smoothed_fwhm6/sub-32/func/sub-32_task-heatpainwithregulationandratings_run-04_space-MNI152NLin2009cAsym_desc-smoothedFWHM6_bold.nii.gz	<PROJECT_ROOT>/derivatives/fmriprep/sub-32/func/sub-32_task-heatpainwithregulationandratings_run-04_space-MNI152NLin2009cAsym_desc-preproc_bold.nii.gz	<PROJECT_ROOT>/derivatives/fmriprep/sub-32/func/sub-32_task-heatpainwithregulationandratings_run-04_space-MNI152NLin2009cAsym_desc-brain_mask.nii.gz	<PROJECT_ROOT>/derivatives/fmriprep/sub-32/func/sub-32_task-heatpainwithregulationandratings_run-04_desc-confounds_timeseries.tsv	KEEP_FOR_MAIN_BUT_SENSITIVITY_EXCLUDE_CANDIDATE	True	OK	HIGH_OUTLIER_BURDEN,WARN_LOW_ESTIMATED_DOF	OK	0.109159182741802	0.2687597958057683	0.0	52.15311004784689	65	209	2.0	418.0	409.78600000000006	10.215999999999894	0	0	True	11	22	11	<PROJECT_ROOT>/derivatives/first_level_inputs_analysis/sub-32/run-04/events_long.tsv	<PROJECT_ROOT>/derivatives/first_level_inputs_analysis/sub-32/run-04/events_stim.tsv	209	31	31	12.308471037424038	177	173	True	<PROJECT_ROOT>/derivatives/first_level_inputs_analysis/sub-32/run-04/confounds_standard.tsv	<PROJECT_ROOT>/derivatives/first_level_inputs_analysis/sub-32/run-04/confounds_standard.json	standard	False	5	fd05	0.5	True	0	109	0	0	OK	READY	OK
sub-32	5	run-05	<PROJECT_ROOT>/derivatives/smoothed_fwhm6/sub-32/func/sub-32_task-heatpainwithregulationandratings_run-05_space-MNI152NLin2009cAsym_desc-smoothedFWHM6_bold.nii.gz	<PROJECT_ROOT>/derivatives/fmriprep/sub-32/func/sub-32_task-heatpainwithregulationandratings_run-05_space-MNI152NLin2009cAsym_desc-preproc_bold.nii.gz	<PROJECT_ROOT>/derivatives/fmriprep/sub-32/func/sub-32_task-heatpainwithregulationandratings_run-05_space-MNI152NLin2009cAsym_desc-brain_mask.nii.gz	<PROJECT_ROOT>/derivatives/fmriprep/sub-32/func/sub-32_task-heatpainwithregulationandratings_run-05_desc-confounds_timeseries.tsv	KEEP_FOR_MAIN_BUT_SENSITIVITY_EXCLUDE_CANDIDATE	True	OK	HIGH_OUTLIER_BURDEN,SEVERE_LOW_ESTIMATED_DOF	OK	0.1124038507786895	0.31947819028444	0.0	60.76555023923444	47	209	2.0	418.0	409.769	10.215999999999894	0	0	True	11	22	11	<PROJECT_ROOT>/derivatives/first_level_inputs_analysis/sub-32/run-05/events_long.tsv	<PROJECT_ROOT>/derivatives/first_level_inputs_analysis/sub-32/run-05/events_stim.tsv	209	31	31	46.31951866029454	177	173	True	<PROJECT_ROOT>/derivatives/first_level_inputs_analysis/sub-32/run-05/confounds_standard.tsv	<PROJECT_ROOT>/derivatives/first_level_inputs_analysis/sub-32/run-05/confounds_standard.json	standard	False	5	fd05	0.5	True	0	127	0	0	OK	READY	OK
sub-32	6	run-06	<PROJECT_ROOT>/derivatives/smoothed_fwhm6/sub-32/func/sub-32_task-heatpainwithregulationandratings_run-06_space-MNI152NLin2009cAsym_desc-smoothedFWHM6_bold.nii.gz	<PROJECT_ROOT>/derivatives/fmriprep/sub-32/func/sub-32_task-heatpainwithregulationandratings_run-06_space-MNI152NLin2009cAsym_desc-preproc_bold.nii.gz	<PROJECT_ROOT>/derivatives/fmriprep/sub-32/func/sub-32_task-heatpainwithregulationandratings_run-06_space-MNI152NLin2009cAsym_desc-brain_mask.nii.gz	<PROJECT_ROOT>/derivatives/fmriprep/sub-32/func/sub-32_task-heatpainwithregulationandratings_run-06_desc-confounds_timeseries.tsv	KEEP_FOR_MAIN_BUT_SENSITIVITY_EXCLUDE_CANDIDATE	True	OK	HIGH_OUTLIER_BURDEN,SEVERE_LOW_ESTIMATED_DOF	OK	0.1106429320457551	0.4215600627952233	0.0	62.67942583732058	43	209	2.0	418.0	407.79100000000017	10.215999999999894	0	0	True	11	22	11	<PROJECT_ROOT>/derivatives/first_level_inputs_analysis/sub-32/run-06/events_long.tsv	<PROJECT_ROOT>/derivatives/first_level_inputs_analysis/sub-32/run-06/events_stim.tsv	209	31	31	47.60827720038515	177	173	True	<PROJECT_ROOT>/derivatives/first_level_inputs_analysis/sub-32/run-06/confounds_standard.tsv	<PROJECT_ROOT>/derivatives/first_level_inputs_analysis/sub-32/run-06/confounds_standard.json	standard	False	5	fd05	0.5	True	0	131	0	0	OK	READY	OK
sub-32	7	run-07	<PROJECT_ROOT>/derivatives/smoothed_fwhm6/sub-32/func/sub-32_task-heatpainwithregulationandratings_run-07_space-MNI152NLin2009cAsym_desc-smoothedFWHM6_bold.nii.gz	<PROJECT_ROOT>/derivatives/fmriprep/sub-32/func/sub-32_task-heatpainwithregulationandratings_run-07_space-MNI152NLin2009cAsym_desc-preproc_bold.nii.gz	<PROJECT_ROOT>/derivatives/fmriprep/sub-32/func/sub-32_task-heatpainwithregulationandratings_run-07_space-MNI152NLin2009cAsym_desc-brain_mask.nii.gz	<PROJECT_ROOT>/derivatives/fmriprep/sub-32/func/sub-32_task-heatpainwithregulationandratings_run-07_desc-confounds_timeseries.tsv	KEEP_FOR_MAIN_BUT_SENSITIVITY_EXCLUDE_CANDIDATE	True	OK	HIGH_OUTLIER_BURDEN,SEVERE_LOW_ESTIMATED_DOF	OK	0.0968954321728001	0.2266904878441488	0.0	71.72774869109948	20	191	2.0	382.0	374.5340000000001	10.215999999999894	0	0	True	10	20	10	<PROJECT_ROOT>/derivatives/first_level_inputs_analysis/sub-32/run-07/events_long.tsv	<PROJECT_ROOT>/derivatives/first_level_inputs_analysis/sub-32/run-07/events_stim.tsv	191	31	31	19.78626081735802	159	155	True	<PROJECT_ROOT>/derivatives/first_level_inputs_analysis/sub-32/run-07/confounds_standard.tsv	<PROJECT_ROOT>/derivatives/first_level_inputs_analysis/sub-32/run-07/confounds_standard.json	standard	False	5	fd05	0.5	True	0	137	0	0	OK	READY	OK
sub-32	8	run-08	<PROJECT_ROOT>/derivatives/smoothed_fwhm6/sub-32/func/sub-32_task-heatpainwithregulationandratings_run-08_space-MNI152NLin2009cAsym_desc-smoothedFWHM6_bold.nii.gz	<PROJECT_ROOT>/derivatives/fmriprep/sub-32/func/sub-32_task-heatpainwithregulationandratings_run-08_space-MNI152NLin2009cAsym_desc-preproc_bold.nii.gz	<PROJECT_ROOT>/derivatives/fmriprep/sub-32/func/sub-32_task-heatpainwithregulationandratings_run-08_space-MNI152NLin2009cAsym_desc-brain_mask.nii.gz	<PROJECT_ROOT>/derivatives/fmriprep/sub-32/func/sub-32_task-heatpainwithregulationandratings_run-08_desc-confounds_timeseries.tsv	KEEP_WITH_WARNING	False	OK	WARN_OUTLIER_BURDEN	OK	0.1054597843327181	0.3713853277504102	0.0	20.57416267942584	131	209	2.0	418.0	408.7229999999999	10.217000000000098	0	0	True	11	22	11	<PROJECT_ROOT>/derivatives/first_level_inputs_analysis/sub-32/run-08/events_long.tsv	<PROJECT_ROOT>/derivatives/first_level_inputs_analysis/sub-32/run-08/events_stim.tsv	209	31	31	42.8664400808779	177	173	True	<PROJECT_ROOT>/derivatives/first_level_inputs_analysis/sub-32/run-08/confounds_standard.tsv	<PROJECT_ROOT>/derivatives/first_level_inputs_analysis/sub-32/run-08/confounds_standard.json	standard	False	5	fd05	0.5	True	0	43	0	0	OK	READY	OK
sub-32	9	run-09	<PROJECT_ROOT>/derivatives/smoothed_fwhm6/sub-32/func/sub-32_task-heatpainwithregulationandratings_run-09_space-MNI152NLin2009cAsym_desc-smoothedFWHM6_bold.nii.gz	<PROJECT_ROOT>/derivatives/fmriprep/sub-32/func/sub-32_task-heatpainwithregulationandratings_run-09_space-MNI152NLin2009cAsym_desc-preproc_bold.nii.gz	<PROJECT_ROOT>/derivatives/fmriprep/sub-32/func/sub-32_task-heatpainwithregulationandratings_run-09_space-MNI152NLin2009cAsym_desc-brain_mask.nii.gz	<PROJECT_ROOT>/derivatives/fmriprep/sub-32/func/sub-32_task-heatpainwithregulationandratings_run-09_desc-confounds_timeseries.tsv	KEEP_FOR_MAIN_BUT_SENSITIVITY_EXCLUDE_CANDIDATE	True	OK	HIGH_OUTLIER_BURDEN,WARN_LOW_ESTIMATED_DOF	OK	0.0940694611011242	0.3327884230105962	0.0	49.2822966507177	71	209	2.0	418.0	410.7669999999998	10.215999999999894	0	0	True	11	22	11	<PROJECT_ROOT>/derivatives/first_level_inputs_analysis/sub-32/run-09/events_long.tsv	<PROJECT_ROOT>/derivatives/first_level_inputs_analysis/sub-32/run-09/events_stim.tsv	209	31	31	12.206321494469826	177	173	True	<PROJECT_ROOT>/derivatives/first_level_inputs_analysis/sub-32/run-09/confounds_standard.tsv	<PROJECT_ROOT>/derivatives/first_level_inputs_analysis/sub-32/run-09/confounds_standard.json	standard	False	5	fd05	0.5	True	0	103	0	0	OK	READY	OK
sub-33	1	run-01	<PROJECT_ROOT>/derivatives/smoothed_fwhm6/sub-33/func/sub-33_task-heatpainwithregulationandratings_run-01_space-MNI152NLin2009cAsym_desc-smoothedFWHM6_bold.nii.gz	<PROJECT_ROOT>/derivatives/fmriprep/sub-33/func/sub-33_task-heatpainwithregulationandratings_run-01_space-MNI152NLin2009cAsym_desc-preproc_bold.nii.gz	<PROJECT_ROOT>/derivatives/fmriprep/sub-33/func/sub-33_task-heatpainwithregulationandratings_run-01_space-MNI152NLin2009cAsym_desc-brain_mask.nii.gz	<PROJECT_ROOT>/derivatives/fmriprep/sub-33/func/sub-33_task-heatpainwithregulationandratings_run-01_desc-confounds_timeseries.tsv	KEEP_FOR_MAIN_BUT_SENSITIVITY_EXCLUDE_CANDIDATE	True	OK	HIGH_OUTLIER_BURDEN,SEVERE_LOW_ESTIMATED_DOF	OK	0.1198680103692302	0.2853323619722427	0.0	69.377990430622	29	209	2.0	418.0	406.772	10.216	0	0	True	11	22	11	<PROJECT_ROOT>/derivatives/first_level_inputs_analysis/sub-33/run-01/events_long.tsv	<PROJECT_ROOT>/derivatives/first_level_inputs_analysis/sub-33/run-01/events_stim.tsv	209	31	31	29.187368940394066	177	173	True	<PROJECT_ROOT>/derivatives/first_level_inputs_analysis/sub-33/run-01/confounds_standard.tsv	<PROJECT_ROOT>/derivatives/first_level_inputs_analysis/sub-33/run-01/confounds_standard.json	standard	False	5	fd05	0.5	True	0	145	0	0	OK	READY	OK
sub-33	2	run-02	<PROJECT_ROOT>/derivatives/smoothed_fwhm6/sub-33/func/sub-33_task-heatpainwithregulationandratings_run-02_space-MNI152NLin2009cAsym_desc-smoothedFWHM6_bold.nii.gz	<PROJECT_ROOT>/derivatives/fmriprep/sub-33/func/sub-33_task-heatpainwithregulationandratings_run-02_space-MNI152NLin2009cAsym_desc-preproc_bold.nii.gz	<PROJECT_ROOT>/derivatives/fmriprep/sub-33/func/sub-33_task-heatpainwithregulationandratings_run-02_space-MNI152NLin2009cAsym_desc-brain_mask.nii.gz	<PROJECT_ROOT>/derivatives/fmriprep/sub-33/func/sub-33_task-heatpainwithregulationandratings_run-02_desc-confounds_timeseries.tsv	KEEP_WITH_WARNING	False	OK	WARN_OUTLIER_BURDEN	OK	0.1296302346553633	0.3575527804093666	0.0	34.44976076555024	102	209	2.0	418.0	409.722	10.216000000000008	0	0	True	11	22	11	<PROJECT_ROOT>/derivatives/first_level_inputs_analysis/sub-33/run-02/events_long.tsv	<PROJECT_ROOT>/derivatives/first_level_inputs_analysis/sub-33/run-02/events_stim.tsv	209	31	31	10.980878699114205	177	173	True	<PROJECT_ROOT>/derivatives/first_level_inputs_analysis/sub-33/run-02/confounds_standard.tsv	<PROJECT_ROOT>/derivatives/first_level_inputs_analysis/sub-33/run-02/confounds_standard.json	standard	False	5	fd05	0.5	True	0	72	0	0	OK	READY	OK
sub-33	3	run-03	<PROJECT_ROOT>/derivatives/smoothed_fwhm6/sub-33/func/sub-33_task-heatpainwithregulationandratings_run-03_space-MNI152NLin2009cAsym_desc-smoothedFWHM6_bold.nii.gz	<PROJECT_ROOT>/derivatives/fmriprep/sub-33/func/sub-33_task-heatpainwithregulationandratings_run-03_space-MNI152NLin2009cAsym_desc-preproc_bold.nii.gz	<PROJECT_ROOT>/derivatives/fmriprep/sub-33/func/sub-33_task-heatpainwithregulationandratings_run-03_space-MNI152NLin2009cAsym_desc-brain_mask.nii.gz	<PROJECT_ROOT>/derivatives/fmriprep/sub-33/func/sub-33_task-heatpainwithregulationandratings_run-03_desc-confounds_timeseries.tsv	KEEP_FOR_MAIN_BUT_SENSITIVITY_EXCLUDE_CANDIDATE	True	OK	HIGH_OUTLIER_BURDEN,WARN_LOW_ESTIMATED_DOF	OK	0.1113856459586439	0.2768749593864035	0.0	54.45026178010471	53	191	2.0	382.0	373.473	10.216000000000008	0	0	True	10	20	10	<PROJECT_ROOT>/derivatives/first_level_inputs_analysis/sub-33/run-03/events_long.tsv	<PROJECT_ROOT>/derivatives/first_level_inputs_analysis/sub-33/run-03/events_stim.tsv	191	31	31	37.09012076233308	159	155	True	<PROJECT_ROOT>/derivatives/first_level_inputs_analysis/sub-33/run-03/confounds_standard.tsv	<PROJECT_ROOT>/derivatives/first_level_inputs_analysis/sub-33/run-03/confounds_standard.json	standard	False	5	fd05	0.5	True	0	104	0	0	OK	READY	OK
sub-33	4	run-04	<PROJECT_ROOT>/derivatives/smoothed_fwhm6/sub-33/func/sub-33_task-heatpainwithregulationandratings_run-04_space-MNI152NLin2009cAsym_desc-smoothedFWHM6_bold.nii.gz	<PROJECT_ROOT>/derivatives/fmriprep/sub-33/func/sub-33_task-heatpainwithregulationandratings_run-04_space-MNI152NLin2009cAsym_desc-preproc_bold.nii.gz	<PROJECT_ROOT>/derivatives/fmriprep/sub-33/func/sub-33_task-heatpainwithregulationandratings_run-04_space-MNI152NLin2009cAsym_desc-brain_mask.nii.gz	<PROJECT_ROOT>/derivatives/fmriprep/sub-33/func/sub-33_task-heatpainwithregulationandratings_run-04_desc-confounds_timeseries.tsv	KEEP_FOR_MAIN_BUT_SENSITIVITY_EXCLUDE_CANDIDATE	True	OK	HIGH_OUTLIER_BURDEN,SEVERE_LOW_ESTIMATED_DOF	OK	0.1144352931277565	0.5276085344283372	0.4807692307692308	73.20574162679426	21	209	2.0	418.0	407.711	10.215999999999894	0	0	True	11	22	11	<PROJECT_ROOT>/derivatives/first_level_inputs_analysis/sub-33/run-04/events_long.tsv	<PROJECT_ROOT>/derivatives/first_level_inputs_analysis/sub-33/run-04/events_stim.tsv	209	32	32	31.413060167879596	176	172	True	<PROJECT_ROOT>/derivatives/first_level_inputs_analysis/sub-33/run-04/confounds_standard.tsv	<PROJECT_ROOT>/derivatives/first_level_inputs_analysis/sub-33/run-04/confounds_standard.json	standard	False	5	fd05	0.5	True	1	153	0	0	OK	READY	OK
sub-33	5	run-05	<PROJECT_ROOT>/derivatives/smoothed_fwhm6/sub-33/func/sub-33_task-heatpainwithregulationandratings_run-05_space-MNI152NLin2009cAsym_desc-smoothedFWHM6_bold.nii.gz	<PROJECT_ROOT>/derivatives/fmriprep/sub-33/func/sub-33_task-heatpainwithregulationandratings_run-05_space-MNI152NLin2009cAsym_desc-preproc_bold.nii.gz	<PROJECT_ROOT>/derivatives/fmriprep/sub-33/func/sub-33_task-heatpainwithregulationandratings_run-05_space-MNI152NLin2009cAsym_desc-brain_mask.nii.gz	<PROJECT_ROOT>/derivatives/fmriprep/sub-33/func/sub-33_task-heatpainwithregulationandratings_run-05_desc-confounds_timeseries.tsv	KEEP_FOR_MAIN_BUT_SENSITIVITY_EXCLUDE_CANDIDATE	True	OK	HIGH_OUTLIER_BURDEN,WARN_LOW_ESTIMATED_DOF	OK	0.1623178134741372	0.8863494752686198	2.8846153846153846	55.02392344497608	59	209	2.0	418.0	407.7609999999999	10.215999999999894	0	0	True	11	22	11	<PROJECT_ROOT>/derivatives/first_level_inputs_analysis/sub-33/run-05/events_long.tsv	<PROJECT_ROOT>/derivatives/first_level_inputs_analysis/sub-33/run-05/events_stim.tsv	209	37	37	27.535148802862476	171	167	True	<PROJECT_ROOT>/derivatives/first_level_inputs_analysis/sub-33/run-05/confounds_standard.tsv	<PROJECT_ROOT>/derivatives/first_level_inputs_analysis/sub-33/run-05/confounds_standard.json	standard	False	5	fd05	0.5	True	6	115	0	0	OK	READY	OK
sub-33	6	run-06	<PROJECT_ROOT>/derivatives/smoothed_fwhm6/sub-33/func/sub-33_task-heatpainwithregulationandratings_run-06_space-MNI152NLin2009cAsym_desc-smoothedFWHM6_bold.nii.gz	<PROJECT_ROOT>/derivatives/fmriprep/sub-33/func/sub-33_task-heatpainwithregulationandratings_run-06_space-MNI152NLin2009cAsym_desc-preproc_bold.nii.gz	<PROJECT_ROOT>/derivatives/fmriprep/sub-33/func/sub-33_task-heatpainwithregulationandratings_run-06_space-MNI152NLin2009cAsym_desc-brain_mask.nii.gz	<PROJECT_ROOT>/derivatives/fmriprep/sub-33/func/sub-33_task-heatpainwithregulationandratings_run-06_desc-confounds_timeseries.tsv	KEEP_FOR_MAIN_BUT_SENSITIVITY_EXCLUDE_CANDIDATE	True	OK	HIGH_OUTLIER_BURDEN,WARN_LOW_ESTIMATED_DOF	OK	0.1187663811460385	0.6229703471421137	0.4807692307692308	52.15311004784689	65	209	2.0	418.0	407.7280000000001	10.215999999999894	0	0	True	11	22	11	<PROJECT_ROOT>/derivatives/first_level_inputs_analysis/sub-33/run-06/events_long.tsv	<PROJECT_ROOT>/derivatives/first_level_inputs_analysis/sub-33/run-06/events_stim.tsv	209	32	32	23.611790393589487	176	172	True	<PROJECT_ROOT>/derivatives/first_level_inputs_analysis/sub-33/run-06/confounds_standard.tsv	<PROJECT_ROOT>/derivatives/first_level_inputs_analysis/sub-33/run-06/confounds_standard.json	standard	False	5	fd05	0.5	True	1	109	0	0	OK	READY	OK
sub-33	7	run-07	<PROJECT_ROOT>/derivatives/smoothed_fwhm6/sub-33/func/sub-33_task-heatpainwithregulationandratings_run-07_space-MNI152NLin2009cAsym_desc-smoothedFWHM6_bold.nii.gz	<PROJECT_ROOT>/derivatives/fmriprep/sub-33/func/sub-33_task-heatpainwithregulationandratings_run-07_space-MNI152NLin2009cAsym_desc-preproc_bold.nii.gz	<PROJECT_ROOT>/derivatives/fmriprep/sub-33/func/sub-33_task-heatpainwithregulationandratings_run-07_space-MNI152NLin2009cAsym_desc-brain_mask.nii.gz	<PROJECT_ROOT>/derivatives/fmriprep/sub-33/func/sub-33_task-heatpainwithregulationandratings_run-07_desc-confounds_timeseries.tsv	KEEP_FOR_MAIN_BUT_SENSITIVITY_EXCLUDE_CANDIDATE	True	OK	HIGH_OUTLIER_BURDEN,WARN_LOW_ESTIMATED_DOF	OK	0.1238387388380148	0.663747577699153	1.0526315789473684	49.73821989528796	62	191	2.0	382.0	374.52	10.215999999999894	0	0	True	10	20	10	<PROJECT_ROOT>/derivatives/first_level_inputs_analysis/sub-33/run-07/events_long.tsv	<PROJECT_ROOT>/derivatives/first_level_inputs_analysis/sub-33/run-07/events_stim.tsv	191	33	33	61.53031388873885	157	153	True	<PROJECT_ROOT>/derivatives/first_level_inputs_analysis/sub-33/run-07/confounds_standard.tsv	<PROJECT_ROOT>/derivatives/first_level_inputs_analysis/sub-33/run-07/confounds_standard.json	standard	False	5	fd05	0.5	True	2	95	0	0	OK	READY	OK
sub-33	8	run-08	<PROJECT_ROOT>/derivatives/smoothed_fwhm6/sub-33/func/sub-33_task-heatpainwithregulationandratings_run-08_space-MNI152NLin2009cAsym_desc-smoothedFWHM6_bold.nii.gz	<PROJECT_ROOT>/derivatives/fmriprep/sub-33/func/sub-33_task-heatpainwithregulationandratings_run-08_space-MNI152NLin2009cAsym_desc-preproc_bold.nii.gz	<PROJECT_ROOT>/derivatives/fmriprep/sub-33/func/sub-33_task-heatpainwithregulationandratings_run-08_space-MNI152NLin2009cAsym_desc-brain_mask.nii.gz	<PROJECT_ROOT>/derivatives/fmriprep/sub-33/func/sub-33_task-heatpainwithregulationandratings_run-08_desc-confounds_timeseries.tsv	KEEP_FOR_MAIN_BUT_SENSITIVITY_EXCLUDE_CANDIDATE	True	OK	HIGH_OUTLIER_BURDEN,SEVERE_LOW_ESTIMATED_DOF	OK	0.0998504085740998	0.6419817093490184	0.4807692307692308	69.377990430622	29	209	2.0	418.0	408.7910000000002	10.215999999999894	0	0	True	11	22	11	<PROJECT_ROOT>/derivatives/first_level_inputs_analysis/sub-33/run-08/events_long.tsv	<PROJECT_ROOT>/derivatives/first_level_inputs_analysis/sub-33/run-08/events_stim.tsv	209	32	32	28.706961630899663	176	172	True	<PROJECT_ROOT>/derivatives/first_level_inputs_analysis/sub-33/run-08/confounds_standard.tsv	<PROJECT_ROOT>/derivatives/first_level_inputs_analysis/sub-33/run-08/confounds_standard.json	standard	False	5	fd05	0.5	True	1	145	0	0	OK	READY	OK
sub-33	9	run-09	<PROJECT_ROOT>/derivatives/smoothed_fwhm6/sub-33/func/sub-33_task-heatpainwithregulationandratings_run-09_space-MNI152NLin2009cAsym_desc-smoothedFWHM6_bold.nii.gz	<PROJECT_ROOT>/derivatives/fmriprep/sub-33/func/sub-33_task-heatpainwithregulationandratings_run-09_space-MNI152NLin2009cAsym_desc-preproc_bold.nii.gz	<PROJECT_ROOT>/derivatives/fmriprep/sub-33/func/sub-33_task-heatpainwithregulationandratings_run-09_space-MNI152NLin2009cAsym_desc-brain_mask.nii.gz	<PROJECT_ROOT>/derivatives/fmriprep/sub-33/func/sub-33_task-heatpainwithregulationandratings_run-09_desc-confounds_timeseries.tsv	KEEP_FOR_MAIN_BUT_SENSITIVITY_EXCLUDE_CANDIDATE	True	OK	HIGH_OUTLIER_BURDEN,WARN_LOW_ESTIMATED_DOF	OK	0.1268155334766945	0.5805497675528373	0.9615384615384616	39.23444976076555	92	209	2.0	418.0	408.7420000000002	10.215999999999894	0	0	True	11	22	11	<PROJECT_ROOT>/derivatives/first_level_inputs_analysis/sub-33/run-09/events_long.tsv	<PROJECT_ROOT>/derivatives/first_level_inputs_analysis/sub-33/run-09/events_stim.tsv	209	33	33	29.78746091581631	175	171	True	<PROJECT_ROOT>/derivatives/first_level_inputs_analysis/sub-33/run-09/confounds_standard.tsv	<PROJECT_ROOT>/derivatives/first_level_inputs_analysis/sub-33/run-09/confounds_standard.json	standard	False	5	fd05	0.5	True	2	82	0	0	OK	READY	OK
