subject	run	analysis_decision	sensitivity_exclude_candidate	pre_glm_decision	pre_glm_flag	bold_smoothed	bold_unsmoothed	brain_mask	events_long	events_stim	confounds_glm	main_include	strict_sensitivity_include
sub-01	1	KEEP_WITH_WARNING	False	READY	OK	<PROJECT_ROOT>/derivatives/smoothed_fwhm6/sub-01/func/sub-01_task-heatpainwithregulationandratings_run-01_space-MNI152NLin2009cAsym_desc-smoothedFWHM6_bold.nii.gz	<PROJECT_ROOT>/derivatives/fmriprep/sub-01/func/sub-01_task-heatpainwithregulationandratings_run-01_space-MNI152NLin2009cAsym_desc-preproc_bold.nii.gz	<PROJECT_ROOT>/derivatives/fmriprep/sub-01/func/sub-01_task-heatpainwithregulationandratings_run-01_space-MNI152NLin2009cAsym_desc-brain_mask.nii.gz	<PROJECT_ROOT>/derivatives/first_level_inputs_analysis/sub-01/run-01/events_long.tsv	<PROJECT_ROOT>/derivatives/first_level_inputs_analysis/sub-01/run-01/events_stim.tsv	<PROJECT_ROOT>/derivatives/first_level_inputs_analysis/sub-01/run-01/confounds_standard.tsv	True	True
sub-01	2	KEEP_FOR_MAIN_BUT_SENSITIVITY_EXCLUDE_CANDIDATE	True	READY	OK	<PROJECT_ROOT>/derivatives/smoothed_fwhm6/sub-01/func/sub-01_task-heatpainwithregulationandratings_run-02_space-MNI152NLin2009cAsym_desc-smoothedFWHM6_bold.nii.gz	<PROJECT_ROOT>/derivatives/fmriprep/sub-01/func/sub-01_task-heatpainwithregulationandratings_run-02_space-MNI152NLin2009cAsym_desc-preproc_bold.nii.gz	<PROJECT_ROOT>/derivatives/fmriprep/sub-01/func/sub-01_task-heatpainwithregulationandratings_run-02_space-MNI152NLin2009cAsym_desc-brain_mask.nii.gz	<PROJECT_ROOT>/derivatives/first_level_inputs_analysis/sub-01/run-02/events_long.tsv	<PROJECT_ROOT>/derivatives/first_level_inputs_analysis/sub-01/run-02/events_stim.tsv	<PROJECT_ROOT>/derivatives/first_level_inputs_analysis/sub-01/run-02/confounds_standard.tsv	True	False
sub-01	3	KEEP_WITH_WARNING	False	READY	OK	<PROJECT_ROOT>/derivatives/smoothed_fwhm6/sub-01/func/sub-01_task-heatpainwithregulationandratings_run-03_space-MNI152NLin2009cAsym_desc-smoothedFWHM6_bold.nii.gz	<PROJECT_ROOT>/derivatives/fmriprep/sub-01/func/sub-01_task-heatpainwithregulationandratings_run-03_space-MNI152NLin2009cAsym_desc-preproc_bold.nii.gz	<PROJECT_ROOT>/derivatives/fmriprep/sub-01/func/sub-01_task-heatpainwithregulationandratings_run-03_space-MNI152NLin2009cAsym_desc-brain_mask.nii.gz	<PROJECT_ROOT>/derivatives/first_level_inputs_analysis/sub-01/run-03/events_long.tsv	<PROJECT_ROOT>/derivatives/first_level_inputs_analysis/sub-01/run-03/events_stim.tsv	<PROJECT_ROOT>/derivatives/first_level_inputs_analysis/sub-01/run-03/confounds_standard.tsv	True	True
sub-01	4	KEEP	False	READY	OK	<PROJECT_ROOT>/derivatives/smoothed_fwhm6/sub-01/func/sub-01_task-heatpainwithregulationandratings_run-04_space-MNI152NLin2009cAsym_desc-smoothedFWHM6_bold.nii.gz	<PROJECT_ROOT>/derivatives/fmriprep/sub-01/func/sub-01_task-heatpainwithregulationandratings_run-04_space-MNI152NLin2009cAsym_desc-preproc_bold.nii.gz	<PROJECT_ROOT>/derivatives/fmriprep/sub-01/func/sub-01_task-heatpainwithregulationandratings_run-04_space-MNI152NLin2009cAsym_desc-brain_mask.nii.gz	<PROJECT_ROOT>/derivatives/first_level_inputs_analysis/sub-01/run-04/events_long.tsv	<PROJECT_ROOT>/derivatives/first_level_inputs_analysis/sub-01/run-04/events_stim.tsv	<PROJECT_ROOT>/derivatives/first_level_inputs_analysis/sub-01/run-04/confounds_standard.tsv	True	True
sub-01	5	KEEP_FOR_MAIN_BUT_SENSITIVITY_EXCLUDE_CANDIDATE	True	READY	OK	<PROJECT_ROOT>/derivatives/smoothed_fwhm6/sub-01/func/sub-01_task-heatpainwithregulationandratings_run-05_space-MNI152NLin2009cAsym_desc-smoothedFWHM6_bold.nii.gz	<PROJECT_ROOT>/derivatives/fmriprep/sub-01/func/sub-01_task-heatpainwithregulationandratings_run-05_space-MNI152NLin2009cAsym_desc-preproc_bold.nii.gz	<PROJECT_ROOT>/derivatives/fmriprep/sub-01/func/sub-01_task-heatpainwithregulationandratings_run-05_space-MNI152NLin2009cAsym_desc-brain_mask.nii.gz	<PROJECT_ROOT>/derivatives/first_level_inputs_analysis/sub-01/run-05/events_long.tsv	<PROJECT_ROOT>/derivatives/first_level_inputs_analysis/sub-01/run-05/events_stim.tsv	<PROJECT_ROOT>/derivatives/first_level_inputs_analysis/sub-01/run-05/confounds_standard.tsv	True	False
sub-01	6	KEEP_WITH_WARNING	False	READY	OK	<PROJECT_ROOT>/derivatives/smoothed_fwhm6/sub-01/func/sub-01_task-heatpainwithregulationandratings_run-06_space-MNI152NLin2009cAsym_desc-smoothedFWHM6_bold.nii.gz	<PROJECT_ROOT>/derivatives/fmriprep/sub-01/func/sub-01_task-heatpainwithregulationandratings_run-06_space-MNI152NLin2009cAsym_desc-preproc_bold.nii.gz	<PROJECT_ROOT>/derivatives/fmriprep/sub-01/func/sub-01_task-heatpainwithregulationandratings_run-06_space-MNI152NLin2009cAsym_desc-brain_mask.nii.gz	<PROJECT_ROOT>/derivatives/first_level_inputs_analysis/sub-01/run-06/events_long.tsv	<PROJECT_ROOT>/derivatives/first_level_inputs_analysis/sub-01/run-06/events_stim.tsv	<PROJECT_ROOT>/derivatives/first_level_inputs_analysis/sub-01/run-06/confounds_standard.tsv	True	True
sub-01	7	KEEP_FOR_MAIN_BUT_SENSITIVITY_EXCLUDE_CANDIDATE	True	READY	OK	<PROJECT_ROOT>/derivatives/smoothed_fwhm6/sub-01/func/sub-01_task-heatpainwithregulationandratings_run-07_space-MNI152NLin2009cAsym_desc-smoothedFWHM6_bold.nii.gz	<PROJECT_ROOT>/derivatives/fmriprep/sub-01/func/sub-01_task-heatpainwithregulationandratings_run-07_space-MNI152NLin2009cAsym_desc-preproc_bold.nii.gz	<PROJECT_ROOT>/derivatives/fmriprep/sub-01/func/sub-01_task-heatpainwithregulationandratings_run-07_space-MNI152NLin2009cAsym_desc-brain_mask.nii.gz	<PROJECT_ROOT>/derivatives/first_level_inputs_analysis/sub-01/run-07/events_long.tsv	<PROJECT_ROOT>/derivatives/first_level_inputs_analysis/sub-01/run-07/events_stim.tsv	<PROJECT_ROOT>/derivatives/first_level_inputs_analysis/sub-01/run-07/confounds_standard.tsv	True	False
sub-01	8	KEEP_FOR_MAIN_BUT_SENSITIVITY_EXCLUDE_CANDIDATE	True	READY	OK	<PROJECT_ROOT>/derivatives/smoothed_fwhm6/sub-01/func/sub-01_task-heatpainwithregulationandratings_run-08_space-MNI152NLin2009cAsym_desc-smoothedFWHM6_bold.nii.gz	<PROJECT_ROOT>/derivatives/fmriprep/sub-01/func/sub-01_task-heatpainwithregulationandratings_run-08_space-MNI152NLin2009cAsym_desc-preproc_bold.nii.gz	<PROJECT_ROOT>/derivatives/fmriprep/sub-01/func/sub-01_task-heatpainwithregulationandratings_run-08_space-MNI152NLin2009cAsym_desc-brain_mask.nii.gz	<PROJECT_ROOT>/derivatives/first_level_inputs_analysis/sub-01/run-08/events_long.tsv	<PROJECT_ROOT>/derivatives/first_level_inputs_analysis/sub-01/run-08/events_stim.tsv	<PROJECT_ROOT>/derivatives/first_level_inputs_analysis/sub-01/run-08/confounds_standard.tsv	True	False
sub-01	9	KEEP_FOR_MAIN_BUT_SENSITIVITY_EXCLUDE_CANDIDATE	True	READY	OK	<PROJECT_ROOT>/derivatives/smoothed_fwhm6/sub-01/func/sub-01_task-heatpainwithregulationandratings_run-09_space-MNI152NLin2009cAsym_desc-smoothedFWHM6_bold.nii.gz	<PROJECT_ROOT>/derivatives/fmriprep/sub-01/func/sub-01_task-heatpainwithregulationandratings_run-09_space-MNI152NLin2009cAsym_desc-preproc_bold.nii.gz	<PROJECT_ROOT>/derivatives/fmriprep/sub-01/func/sub-01_task-heatpainwithregulationandratings_run-09_space-MNI152NLin2009cAsym_desc-brain_mask.nii.gz	<PROJECT_ROOT>/derivatives/first_level_inputs_analysis/sub-01/run-09/events_long.tsv	<PROJECT_ROOT>/derivatives/first_level_inputs_analysis/sub-01/run-09/events_stim.tsv	<PROJECT_ROOT>/derivatives/first_level_inputs_analysis/sub-01/run-09/confounds_standard.tsv	True	False
sub-02	1	KEEP_FOR_MAIN_BUT_SENSITIVITY_EXCLUDE_CANDIDATE	True	READY	OK	<PROJECT_ROOT>/derivatives/smoothed_fwhm6/sub-02/func/sub-02_task-heatpainwithregulationandratings_run-01_space-MNI152NLin2009cAsym_desc-smoothedFWHM6_bold.nii.gz	<PROJECT_ROOT>/derivatives/fmriprep/sub-02/func/sub-02_task-heatpainwithregulationandratings_run-01_space-MNI152NLin2009cAsym_desc-preproc_bold.nii.gz	<PROJECT_ROOT>/derivatives/fmriprep/sub-02/func/sub-02_task-heatpainwithregulationandratings_run-01_space-MNI152NLin2009cAsym_desc-brain_mask.nii.gz	<PROJECT_ROOT>/derivatives/first_level_inputs_analysis/sub-02/run-01/events_long.tsv	<PROJECT_ROOT>/derivatives/first_level_inputs_analysis/sub-02/run-01/events_stim.tsv	<PROJECT_ROOT>/derivatives/first_level_inputs_analysis/sub-02/run-01/confounds_standard.tsv	True	False
sub-02	2	KEEP_WITH_WARNING	False	READY	OK	<PROJECT_ROOT>/derivatives/smoothed_fwhm6/sub-02/func/sub-02_task-heatpainwithregulationandratings_run-02_space-MNI152NLin2009cAsym_desc-smoothedFWHM6_bold.nii.gz	<PROJECT_ROOT>/derivatives/fmriprep/sub-02/func/sub-02_task-heatpainwithregulationandratings_run-02_space-MNI152NLin2009cAsym_desc-preproc_bold.nii.gz	<PROJECT_ROOT>/derivatives/fmriprep/sub-02/func/sub-02_task-heatpainwithregulationandratings_run-02_space-MNI152NLin2009cAsym_desc-brain_mask.nii.gz	<PROJECT_ROOT>/derivatives/first_level_inputs_analysis/sub-02/run-02/events_long.tsv	<PROJECT_ROOT>/derivatives/first_level_inputs_analysis/sub-02/run-02/events_stim.tsv	<PROJECT_ROOT>/derivatives/first_level_inputs_analysis/sub-02/run-02/confounds_standard.tsv	True	True
sub-02	3	KEEP	False	READY	OK	<PROJECT_ROOT>/derivatives/smoothed_fwhm6/sub-02/func/sub-02_task-heatpainwithregulationandratings_run-03_space-MNI152NLin2009cAsym_desc-smoothedFWHM6_bold.nii.gz	<PROJECT_ROOT>/derivatives/fmriprep/sub-02/func/sub-02_task-heatpainwithregulationandratings_run-03_space-MNI152NLin2009cAsym_desc-preproc_bold.nii.gz	<PROJECT_ROOT>/derivatives/fmriprep/sub-02/func/sub-02_task-heatpainwithregulationandratings_run-03_space-MNI152NLin2009cAsym_desc-brain_mask.nii.gz	<PROJECT_ROOT>/derivatives/first_level_inputs_analysis/sub-02/run-03/events_long.tsv	<PROJECT_ROOT>/derivatives/first_level_inputs_analysis/sub-02/run-03/events_stim.tsv	<PROJECT_ROOT>/derivatives/first_level_inputs_analysis/sub-02/run-03/confounds_standard.tsv	True	True
sub-02	4	KEEP	False	READY	OK	<PROJECT_ROOT>/derivatives/smoothed_fwhm6/sub-02/func/sub-02_task-heatpainwithregulationandratings_run-04_space-MNI152NLin2009cAsym_desc-smoothedFWHM6_bold.nii.gz	<PROJECT_ROOT>/derivatives/fmriprep/sub-02/func/sub-02_task-heatpainwithregulationandratings_run-04_space-MNI152NLin2009cAsym_desc-preproc_bold.nii.gz	<PROJECT_ROOT>/derivatives/fmriprep/sub-02/func/sub-02_task-heatpainwithregulationandratings_run-04_space-MNI152NLin2009cAsym_desc-brain_mask.nii.gz	<PROJECT_ROOT>/derivatives/first_level_inputs_analysis/sub-02/run-04/events_long.tsv	<PROJECT_ROOT>/derivatives/first_level_inputs_analysis/sub-02/run-04/events_stim.tsv	<PROJECT_ROOT>/derivatives/first_level_inputs_analysis/sub-02/run-04/confounds_standard.tsv	True	True
sub-02	6	KEEP	False	READY	OK	<PROJECT_ROOT>/derivatives/smoothed_fwhm6/sub-02/func/sub-02_task-heatpainwithregulationandratings_run-06_space-MNI152NLin2009cAsym_desc-smoothedFWHM6_bold.nii.gz	<PROJECT_ROOT>/derivatives/fmriprep/sub-02/func/sub-02_task-heatpainwithregulationandratings_run-06_space-MNI152NLin2009cAsym_desc-preproc_bold.nii.gz	<PROJECT_ROOT>/derivatives/fmriprep/sub-02/func/sub-02_task-heatpainwithregulationandratings_run-06_space-MNI152NLin2009cAsym_desc-brain_mask.nii.gz	<PROJECT_ROOT>/derivatives/first_level_inputs_analysis/sub-02/run-06/events_long.tsv	<PROJECT_ROOT>/derivatives/first_level_inputs_analysis/sub-02/run-06/events_stim.tsv	<PROJECT_ROOT>/derivatives/first_level_inputs_analysis/sub-02/run-06/confounds_standard.tsv	True	True
sub-02	7	KEEP_FOR_MAIN_BUT_SENSITIVITY_EXCLUDE_CANDIDATE	True	READY	OK	<PROJECT_ROOT>/derivatives/smoothed_fwhm6/sub-02/func/sub-02_task-heatpainwithregulationandratings_run-07_space-MNI152NLin2009cAsym_desc-smoothedFWHM6_bold.nii.gz	<PROJECT_ROOT>/derivatives/fmriprep/sub-02/func/sub-02_task-heatpainwithregulationandratings_run-07_space-MNI152NLin2009cAsym_desc-preproc_bold.nii.gz	<PROJECT_ROOT>/derivatives/fmriprep/sub-02/func/sub-02_task-heatpainwithregulationandratings_run-07_space-MNI152NLin2009cAsym_desc-brain_mask.nii.gz	<PROJECT_ROOT>/derivatives/first_level_inputs_analysis/sub-02/run-07/events_long.tsv	<PROJECT_ROOT>/derivatives/first_level_inputs_analysis/sub-02/run-07/events_stim.tsv	<PROJECT_ROOT>/derivatives/first_level_inputs_analysis/sub-02/run-07/confounds_standard.tsv	True	False
sub-02	9	KEEP_WITH_WARNING	False	READY	OK	<PROJECT_ROOT>/derivatives/smoothed_fwhm6/sub-02/func/sub-02_task-heatpainwithregulationandratings_run-09_space-MNI152NLin2009cAsym_desc-smoothedFWHM6_bold.nii.gz	<PROJECT_ROOT>/derivatives/fmriprep/sub-02/func/sub-02_task-heatpainwithregulationandratings_run-09_space-MNI152NLin2009cAsym_desc-preproc_bold.nii.gz	<PROJECT_ROOT>/derivatives/fmriprep/sub-02/func/sub-02_task-heatpainwithregulationandratings_run-09_space-MNI152NLin2009cAsym_desc-brain_mask.nii.gz	<PROJECT_ROOT>/derivatives/first_level_inputs_analysis/sub-02/run-09/events_long.tsv	<PROJECT_ROOT>/derivatives/first_level_inputs_analysis/sub-02/run-09/events_stim.tsv	<PROJECT_ROOT>/derivatives/first_level_inputs_analysis/sub-02/run-09/confounds_standard.tsv	True	True
sub-03	1	KEEP_WITH_WARNING	False	READY	OK	<PROJECT_ROOT>/derivatives/smoothed_fwhm6/sub-03/func/sub-03_task-heatpainwithregulationandratings_run-01_space-MNI152NLin2009cAsym_desc-smoothedFWHM6_bold.nii.gz	<PROJECT_ROOT>/derivatives/fmriprep/sub-03/func/sub-03_task-heatpainwithregulationandratings_run-01_space-MNI152NLin2009cAsym_desc-preproc_bold.nii.gz	<PROJECT_ROOT>/derivatives/fmriprep/sub-03/func/sub-03_task-heatpainwithregulationandratings_run-01_space-MNI152NLin2009cAsym_desc-brain_mask.nii.gz	<PROJECT_ROOT>/derivatives/first_level_inputs_analysis/sub-03/run-01/events_long.tsv	<PROJECT_ROOT>/derivatives/first_level_inputs_analysis/sub-03/run-01/events_stim.tsv	<PROJECT_ROOT>/derivatives/first_level_inputs_analysis/sub-03/run-01/confounds_standard.tsv	True	True
sub-03	2	KEEP_FOR_MAIN_BUT_SENSITIVITY_EXCLUDE_CANDIDATE	True	READY	OK	<PROJECT_ROOT>/derivatives/smoothed_fwhm6/sub-03/func/sub-03_task-heatpainwithregulationandratings_run-02_space-MNI152NLin2009cAsym_desc-smoothedFWHM6_bold.nii.gz	<PROJECT_ROOT>/derivatives/fmriprep/sub-03/func/sub-03_task-heatpainwithregulationandratings_run-02_space-MNI152NLin2009cAsym_desc-preproc_bold.nii.gz	<PROJECT_ROOT>/derivatives/fmriprep/sub-03/func/sub-03_task-heatpainwithregulationandratings_run-02_space-MNI152NLin2009cAsym_desc-brain_mask.nii.gz	<PROJECT_ROOT>/derivatives/first_level_inputs_analysis/sub-03/run-02/events_long.tsv	<PROJECT_ROOT>/derivatives/first_level_inputs_analysis/sub-03/run-02/events_stim.tsv	<PROJECT_ROOT>/derivatives/first_level_inputs_analysis/sub-03/run-02/confounds_standard.tsv	True	False
sub-03	3	KEEP_WITH_WARNING	False	READY	OK	<PROJECT_ROOT>/derivatives/smoothed_fwhm6/sub-03/func/sub-03_task-heatpainwithregulationandratings_run-03_space-MNI152NLin2009cAsym_desc-smoothedFWHM6_bold.nii.gz	<PROJECT_ROOT>/derivatives/fmriprep/sub-03/func/sub-03_task-heatpainwithregulationandratings_run-03_space-MNI152NLin2009cAsym_desc-preproc_bold.nii.gz	<PROJECT_ROOT>/derivatives/fmriprep/sub-03/func/sub-03_task-heatpainwithregulationandratings_run-03_space-MNI152NLin2009cAsym_desc-brain_mask.nii.gz	<PROJECT_ROOT>/derivatives/first_level_inputs_analysis/sub-03/run-03/events_long.tsv	<PROJECT_ROOT>/derivatives/first_level_inputs_analysis/sub-03/run-03/events_stim.tsv	<PROJECT_ROOT>/derivatives/first_level_inputs_analysis/sub-03/run-03/confounds_standard.tsv	True	True
sub-03	4	KEEP_FOR_MAIN_BUT_SENSITIVITY_EXCLUDE_CANDIDATE	True	READY	OK	<PROJECT_ROOT>/derivatives/smoothed_fwhm6/sub-03/func/sub-03_task-heatpainwithregulationandratings_run-04_space-MNI152NLin2009cAsym_desc-smoothedFWHM6_bold.nii.gz	<PROJECT_ROOT>/derivatives/fmriprep/sub-03/func/sub-03_task-heatpainwithregulationandratings_run-04_space-MNI152NLin2009cAsym_desc-preproc_bold.nii.gz	<PROJECT_ROOT>/derivatives/fmriprep/sub-03/func/sub-03_task-heatpainwithregulationandratings_run-04_space-MNI152NLin2009cAsym_desc-brain_mask.nii.gz	<PROJECT_ROOT>/derivatives/first_level_inputs_analysis/sub-03/run-04/events_long.tsv	<PROJECT_ROOT>/derivatives/first_level_inputs_analysis/sub-03/run-04/events_stim.tsv	<PROJECT_ROOT>/derivatives/first_level_inputs_analysis/sub-03/run-04/confounds_standard.tsv	True	False
sub-03	5	KEEP_FOR_MAIN_BUT_SENSITIVITY_EXCLUDE_CANDIDATE	True	READY	OK	<PROJECT_ROOT>/derivatives/smoothed_fwhm6/sub-03/func/sub-03_task-heatpainwithregulationandratings_run-05_space-MNI152NLin2009cAsym_desc-smoothedFWHM6_bold.nii.gz	<PROJECT_ROOT>/derivatives/fmriprep/sub-03/func/sub-03_task-heatpainwithregulationandratings_run-05_space-MNI152NLin2009cAsym_desc-preproc_bold.nii.gz	<PROJECT_ROOT>/derivatives/fmriprep/sub-03/func/sub-03_task-heatpainwithregulationandratings_run-05_space-MNI152NLin2009cAsym_desc-brain_mask.nii.gz	<PROJECT_ROOT>/derivatives/first_level_inputs_analysis/sub-03/run-05/events_long.tsv	<PROJECT_ROOT>/derivatives/first_level_inputs_analysis/sub-03/run-05/events_stim.tsv	<PROJECT_ROOT>/derivatives/first_level_inputs_analysis/sub-03/run-05/confounds_standard.tsv	True	False
sub-03	6	KEEP_WITH_WARNING	False	READY	OK	<PROJECT_ROOT>/derivatives/smoothed_fwhm6/sub-03/func/sub-03_task-heatpainwithregulationandratings_run-06_space-MNI152NLin2009cAsym_desc-smoothedFWHM6_bold.nii.gz	<PROJECT_ROOT>/derivatives/fmriprep/sub-03/func/sub-03_task-heatpainwithregulationandratings_run-06_space-MNI152NLin2009cAsym_desc-preproc_bold.nii.gz	<PROJECT_ROOT>/derivatives/fmriprep/sub-03/func/sub-03_task-heatpainwithregulationandratings_run-06_space-MNI152NLin2009cAsym_desc-brain_mask.nii.gz	<PROJECT_ROOT>/derivatives/first_level_inputs_analysis/sub-03/run-06/events_long.tsv	<PROJECT_ROOT>/derivatives/first_level_inputs_analysis/sub-03/run-06/events_stim.tsv	<PROJECT_ROOT>/derivatives/first_level_inputs_analysis/sub-03/run-06/confounds_standard.tsv	True	True
sub-03	7	KEEP_WITH_WARNING	False	READY	OK	<PROJECT_ROOT>/derivatives/smoothed_fwhm6/sub-03/func/sub-03_task-heatpainwithregulationandratings_run-07_space-MNI152NLin2009cAsym_desc-smoothedFWHM6_bold.nii.gz	<PROJECT_ROOT>/derivatives/fmriprep/sub-03/func/sub-03_task-heatpainwithregulationandratings_run-07_space-MNI152NLin2009cAsym_desc-preproc_bold.nii.gz	<PROJECT_ROOT>/derivatives/fmriprep/sub-03/func/sub-03_task-heatpainwithregulationandratings_run-07_space-MNI152NLin2009cAsym_desc-brain_mask.nii.gz	<PROJECT_ROOT>/derivatives/first_level_inputs_analysis/sub-03/run-07/events_long.tsv	<PROJECT_ROOT>/derivatives/first_level_inputs_analysis/sub-03/run-07/events_stim.tsv	<PROJECT_ROOT>/derivatives/first_level_inputs_analysis/sub-03/run-07/confounds_standard.tsv	True	True
sub-03	8	KEEP_FOR_MAIN_BUT_SENSITIVITY_EXCLUDE_CANDIDATE	True	READY	OK	<PROJECT_ROOT>/derivatives/smoothed_fwhm6/sub-03/func/sub-03_task-heatpainwithregulationandratings_run-08_space-MNI152NLin2009cAsym_desc-smoothedFWHM6_bold.nii.gz	<PROJECT_ROOT>/derivatives/fmriprep/sub-03/func/sub-03_task-heatpainwithregulationandratings_run-08_space-MNI152NLin2009cAsym_desc-preproc_bold.nii.gz	<PROJECT_ROOT>/derivatives/fmriprep/sub-03/func/sub-03_task-heatpainwithregulationandratings_run-08_space-MNI152NLin2009cAsym_desc-brain_mask.nii.gz	<PROJECT_ROOT>/derivatives/first_level_inputs_analysis/sub-03/run-08/events_long.tsv	<PROJECT_ROOT>/derivatives/first_level_inputs_analysis/sub-03/run-08/events_stim.tsv	<PROJECT_ROOT>/derivatives/first_level_inputs_analysis/sub-03/run-08/confounds_standard.tsv	True	False
sub-03	9	KEEP_WITH_WARNING	False	READY	OK	<PROJECT_ROOT>/derivatives/smoothed_fwhm6/sub-03/func/sub-03_task-heatpainwithregulationandratings_run-09_space-MNI152NLin2009cAsym_desc-smoothedFWHM6_bold.nii.gz	<PROJECT_ROOT>/derivatives/fmriprep/sub-03/func/sub-03_task-heatpainwithregulationandratings_run-09_space-MNI152NLin2009cAsym_desc-preproc_bold.nii.gz	<PROJECT_ROOT>/derivatives/fmriprep/sub-03/func/sub-03_task-heatpainwithregulationandratings_run-09_space-MNI152NLin2009cAsym_desc-brain_mask.nii.gz	<PROJECT_ROOT>/derivatives/first_level_inputs_analysis/sub-03/run-09/events_long.tsv	<PROJECT_ROOT>/derivatives/first_level_inputs_analysis/sub-03/run-09/events_stim.tsv	<PROJECT_ROOT>/derivatives/first_level_inputs_analysis/sub-03/run-09/confounds_standard.tsv	True	True
sub-04	1	KEEP_FOR_MAIN_BUT_SENSITIVITY_EXCLUDE_CANDIDATE	True	READY	OK	<PROJECT_ROOT>/derivatives/smoothed_fwhm6/sub-04/func/sub-04_task-heatpainwithregulationandratings_run-01_space-MNI152NLin2009cAsym_desc-smoothedFWHM6_bold.nii.gz	<PROJECT_ROOT>/derivatives/fmriprep/sub-04/func/sub-04_task-heatpainwithregulationandratings_run-01_space-MNI152NLin2009cAsym_desc-preproc_bold.nii.gz	<PROJECT_ROOT>/derivatives/fmriprep/sub-04/func/sub-04_task-heatpainwithregulationandratings_run-01_space-MNI152NLin2009cAsym_desc-brain_mask.nii.gz	<PROJECT_ROOT>/derivatives/first_level_inputs_analysis/sub-04/run-01/events_long.tsv	<PROJECT_ROOT>/derivatives/first_level_inputs_analysis/sub-04/run-01/events_stim.tsv	<PROJECT_ROOT>/derivatives/first_level_inputs_analysis/sub-04/run-01/confounds_standard.tsv	True	False
sub-04	2	KEEP_FOR_MAIN_BUT_SENSITIVITY_EXCLUDE_CANDIDATE	True	READY	OK	<PROJECT_ROOT>/derivatives/smoothed_fwhm6/sub-04/func/sub-04_task-heatpainwithregulationandratings_run-02_space-MNI152NLin2009cAsym_desc-smoothedFWHM6_bold.nii.gz	<PROJECT_ROOT>/derivatives/fmriprep/sub-04/func/sub-04_task-heatpainwithregulationandratings_run-02_space-MNI152NLin2009cAsym_desc-preproc_bold.nii.gz	<PROJECT_ROOT>/derivatives/fmriprep/sub-04/func/sub-04_task-heatpainwithregulationandratings_run-02_space-MNI152NLin2009cAsym_desc-brain_mask.nii.gz	<PROJECT_ROOT>/derivatives/first_level_inputs_analysis/sub-04/run-02/events_long.tsv	<PROJECT_ROOT>/derivatives/first_level_inputs_analysis/sub-04/run-02/events_stim.tsv	<PROJECT_ROOT>/derivatives/first_level_inputs_analysis/sub-04/run-02/confounds_standard.tsv	True	False
sub-04	3	KEEP_WITH_WARNING	False	READY	OK	<PROJECT_ROOT>/derivatives/smoothed_fwhm6/sub-04/func/sub-04_task-heatpainwithregulationandratings_run-03_space-MNI152NLin2009cAsym_desc-smoothedFWHM6_bold.nii.gz	<PROJECT_ROOT>/derivatives/fmriprep/sub-04/func/sub-04_task-heatpainwithregulationandratings_run-03_space-MNI152NLin2009cAsym_desc-preproc_bold.nii.gz	<PROJECT_ROOT>/derivatives/fmriprep/sub-04/func/sub-04_task-heatpainwithregulationandratings_run-03_space-MNI152NLin2009cAsym_desc-brain_mask.nii.gz	<PROJECT_ROOT>/derivatives/first_level_inputs_analysis/sub-04/run-03/events_long.tsv	<PROJECT_ROOT>/derivatives/first_level_inputs_analysis/sub-04/run-03/events_stim.tsv	<PROJECT_ROOT>/derivatives/first_level_inputs_analysis/sub-04/run-03/confounds_standard.tsv	True	True
sub-04	4	KEEP_WITH_WARNING	False	READY	OK	<PROJECT_ROOT>/derivatives/smoothed_fwhm6/sub-04/func/sub-04_task-heatpainwithregulationandratings_run-04_space-MNI152NLin2009cAsym_desc-smoothedFWHM6_bold.nii.gz	<PROJECT_ROOT>/derivatives/fmriprep/sub-04/func/sub-04_task-heatpainwithregulationandratings_run-04_space-MNI152NLin2009cAsym_desc-preproc_bold.nii.gz	<PROJECT_ROOT>/derivatives/fmriprep/sub-04/func/sub-04_task-heatpainwithregulationandratings_run-04_space-MNI152NLin2009cAsym_desc-brain_mask.nii.gz	<PROJECT_ROOT>/derivatives/first_level_inputs_analysis/sub-04/run-04/events_long.tsv	<PROJECT_ROOT>/derivatives/first_level_inputs_analysis/sub-04/run-04/events_stim.tsv	<PROJECT_ROOT>/derivatives/first_level_inputs_analysis/sub-04/run-04/confounds_standard.tsv	True	True
sub-04	6	KEEP_FOR_MAIN_BUT_SENSITIVITY_EXCLUDE_CANDIDATE	True	READY	OK	<PROJECT_ROOT>/derivatives/smoothed_fwhm6/sub-04/func/sub-04_task-heatpainwithregulationandratings_run-06_space-MNI152NLin2009cAsym_desc-smoothedFWHM6_bold.nii.gz	<PROJECT_ROOT>/derivatives/fmriprep/sub-04/func/sub-04_task-heatpainwithregulationandratings_run-06_space-MNI152NLin2009cAsym_desc-preproc_bold.nii.gz	<PROJECT_ROOT>/derivatives/fmriprep/sub-04/func/sub-04_task-heatpainwithregulationandratings_run-06_space-MNI152NLin2009cAsym_desc-brain_mask.nii.gz	<PROJECT_ROOT>/derivatives/first_level_inputs_analysis/sub-04/run-06/events_long.tsv	<PROJECT_ROOT>/derivatives/first_level_inputs_analysis/sub-04/run-06/events_stim.tsv	<PROJECT_ROOT>/derivatives/first_level_inputs_analysis/sub-04/run-06/confounds_standard.tsv	True	False
sub-04	7	KEEP_FOR_MAIN_BUT_SENSITIVITY_EXCLUDE_CANDIDATE	True	READY	OK	<PROJECT_ROOT>/derivatives/smoothed_fwhm6/sub-04/func/sub-04_task-heatpainwithregulationandratings_run-07_space-MNI152NLin2009cAsym_desc-smoothedFWHM6_bold.nii.gz	<PROJECT_ROOT>/derivatives/fmriprep/sub-04/func/sub-04_task-heatpainwithregulationandratings_run-07_space-MNI152NLin2009cAsym_desc-preproc_bold.nii.gz	<PROJECT_ROOT>/derivatives/fmriprep/sub-04/func/sub-04_task-heatpainwithregulationandratings_run-07_space-MNI152NLin2009cAsym_desc-brain_mask.nii.gz	<PROJECT_ROOT>/derivatives/first_level_inputs_analysis/sub-04/run-07/events_long.tsv	<PROJECT_ROOT>/derivatives/first_level_inputs_analysis/sub-04/run-07/events_stim.tsv	<PROJECT_ROOT>/derivatives/first_level_inputs_analysis/sub-04/run-07/confounds_standard.tsv	True	False
sub-04	8	KEEP_FOR_MAIN_BUT_SENSITIVITY_EXCLUDE_CANDIDATE	True	READY	OK	<PROJECT_ROOT>/derivatives/smoothed_fwhm6/sub-04/func/sub-04_task-heatpainwithregulationandratings_run-08_space-MNI152NLin2009cAsym_desc-smoothedFWHM6_bold.nii.gz	<PROJECT_ROOT>/derivatives/fmriprep/sub-04/func/sub-04_task-heatpainwithregulationandratings_run-08_space-MNI152NLin2009cAsym_desc-preproc_bold.nii.gz	<PROJECT_ROOT>/derivatives/fmriprep/sub-04/func/sub-04_task-heatpainwithregulationandratings_run-08_space-MNI152NLin2009cAsym_desc-brain_mask.nii.gz	<PROJECT_ROOT>/derivatives/first_level_inputs_analysis/sub-04/run-08/events_long.tsv	<PROJECT_ROOT>/derivatives/first_level_inputs_analysis/sub-04/run-08/events_stim.tsv	<PROJECT_ROOT>/derivatives/first_level_inputs_analysis/sub-04/run-08/confounds_standard.tsv	True	False
sub-05	1	KEEP_WITH_WARNING	False	READY	OK	<PROJECT_ROOT>/derivatives/smoothed_fwhm6/sub-05/func/sub-05_task-heatpainwithregulationandratings_run-01_space-MNI152NLin2009cAsym_desc-smoothedFWHM6_bold.nii.gz	<PROJECT_ROOT>/derivatives/fmriprep/sub-05/func/sub-05_task-heatpainwithregulationandratings_run-01_space-MNI152NLin2009cAsym_desc-preproc_bold.nii.gz	<PROJECT_ROOT>/derivatives/fmriprep/sub-05/func/sub-05_task-heatpainwithregulationandratings_run-01_space-MNI152NLin2009cAsym_desc-brain_mask.nii.gz	<PROJECT_ROOT>/derivatives/first_level_inputs_analysis/sub-05/run-01/events_long.tsv	<PROJECT_ROOT>/derivatives/first_level_inputs_analysis/sub-05/run-01/events_stim.tsv	<PROJECT_ROOT>/derivatives/first_level_inputs_analysis/sub-05/run-01/confounds_standard.tsv	True	True
sub-05	2	KEEP	False	READY	OK	<PROJECT_ROOT>/derivatives/smoothed_fwhm6/sub-05/func/sub-05_task-heatpainwithregulationandratings_run-02_space-MNI152NLin2009cAsym_desc-smoothedFWHM6_bold.nii.gz	<PROJECT_ROOT>/derivatives/fmriprep/sub-05/func/sub-05_task-heatpainwithregulationandratings_run-02_space-MNI152NLin2009cAsym_desc-preproc_bold.nii.gz	<PROJECT_ROOT>/derivatives/fmriprep/sub-05/func/sub-05_task-heatpainwithregulationandratings_run-02_space-MNI152NLin2009cAsym_desc-brain_mask.nii.gz	<PROJECT_ROOT>/derivatives/first_level_inputs_analysis/sub-05/run-02/events_long.tsv	<PROJECT_ROOT>/derivatives/first_level_inputs_analysis/sub-05/run-02/events_stim.tsv	<PROJECT_ROOT>/derivatives/first_level_inputs_analysis/sub-05/run-02/confounds_standard.tsv	True	True
sub-05	3	KEEP_FOR_MAIN_BUT_SENSITIVITY_EXCLUDE_CANDIDATE	True	READY	OK	<PROJECT_ROOT>/derivatives/smoothed_fwhm6/sub-05/func/sub-05_task-heatpainwithregulationandratings_run-03_space-MNI152NLin2009cAsym_desc-smoothedFWHM6_bold.nii.gz	<PROJECT_ROOT>/derivatives/fmriprep/sub-05/func/sub-05_task-heatpainwithregulationandratings_run-03_space-MNI152NLin2009cAsym_desc-preproc_bold.nii.gz	<PROJECT_ROOT>/derivatives/fmriprep/sub-05/func/sub-05_task-heatpainwithregulationandratings_run-03_space-MNI152NLin2009cAsym_desc-brain_mask.nii.gz	<PROJECT_ROOT>/derivatives/first_level_inputs_analysis/sub-05/run-03/events_long.tsv	<PROJECT_ROOT>/derivatives/first_level_inputs_analysis/sub-05/run-03/events_stim.tsv	<PROJECT_ROOT>/derivatives/first_level_inputs_analysis/sub-05/run-03/confounds_standard.tsv	True	False
sub-05	4	KEEP	False	READY	OK	<PROJECT_ROOT>/derivatives/smoothed_fwhm6/sub-05/func/sub-05_task-heatpainwithregulationandratings_run-04_space-MNI152NLin2009cAsym_desc-smoothedFWHM6_bold.nii.gz	<PROJECT_ROOT>/derivatives/fmriprep/sub-05/func/sub-05_task-heatpainwithregulationandratings_run-04_space-MNI152NLin2009cAsym_desc-preproc_bold.nii.gz	<PROJECT_ROOT>/derivatives/fmriprep/sub-05/func/sub-05_task-heatpainwithregulationandratings_run-04_space-MNI152NLin2009cAsym_desc-brain_mask.nii.gz	<PROJECT_ROOT>/derivatives/first_level_inputs_analysis/sub-05/run-04/events_long.tsv	<PROJECT_ROOT>/derivatives/first_level_inputs_analysis/sub-05/run-04/events_stim.tsv	<PROJECT_ROOT>/derivatives/first_level_inputs_analysis/sub-05/run-04/confounds_standard.tsv	True	True
sub-05	5	KEEP	False	READY	OK	<PROJECT_ROOT>/derivatives/smoothed_fwhm6/sub-05/func/sub-05_task-heatpainwithregulationandratings_run-05_space-MNI152NLin2009cAsym_desc-smoothedFWHM6_bold.nii.gz	<PROJECT_ROOT>/derivatives/fmriprep/sub-05/func/sub-05_task-heatpainwithregulationandratings_run-05_space-MNI152NLin2009cAsym_desc-preproc_bold.nii.gz	<PROJECT_ROOT>/derivatives/fmriprep/sub-05/func/sub-05_task-heatpainwithregulationandratings_run-05_space-MNI152NLin2009cAsym_desc-brain_mask.nii.gz	<PROJECT_ROOT>/derivatives/first_level_inputs_analysis/sub-05/run-05/events_long.tsv	<PROJECT_ROOT>/derivatives/first_level_inputs_analysis/sub-05/run-05/events_stim.tsv	<PROJECT_ROOT>/derivatives/first_level_inputs_analysis/sub-05/run-05/confounds_standard.tsv	True	True
sub-05	6	KEEP_FOR_MAIN_BUT_SENSITIVITY_EXCLUDE_CANDIDATE	True	READY	OK	<PROJECT_ROOT>/derivatives/smoothed_fwhm6/sub-05/func/sub-05_task-heatpainwithregulationandratings_run-06_space-MNI152NLin2009cAsym_desc-smoothedFWHM6_bold.nii.gz	<PROJECT_ROOT>/derivatives/fmriprep/sub-05/func/sub-05_task-heatpainwithregulationandratings_run-06_space-MNI152NLin2009cAsym_desc-preproc_bold.nii.gz	<PROJECT_ROOT>/derivatives/fmriprep/sub-05/func/sub-05_task-heatpainwithregulationandratings_run-06_space-MNI152NLin2009cAsym_desc-brain_mask.nii.gz	<PROJECT_ROOT>/derivatives/first_level_inputs_analysis/sub-05/run-06/events_long.tsv	<PROJECT_ROOT>/derivatives/first_level_inputs_analysis/sub-05/run-06/events_stim.tsv	<PROJECT_ROOT>/derivatives/first_level_inputs_analysis/sub-05/run-06/confounds_standard.tsv	True	False
sub-05	7	KEEP	False	READY	OK	<PROJECT_ROOT>/derivatives/smoothed_fwhm6/sub-05/func/sub-05_task-heatpainwithregulationandratings_run-07_space-MNI152NLin2009cAsym_desc-smoothedFWHM6_bold.nii.gz	<PROJECT_ROOT>/derivatives/fmriprep/sub-05/func/sub-05_task-heatpainwithregulationandratings_run-07_space-MNI152NLin2009cAsym_desc-preproc_bold.nii.gz	<PROJECT_ROOT>/derivatives/fmriprep/sub-05/func/sub-05_task-heatpainwithregulationandratings_run-07_space-MNI152NLin2009cAsym_desc-brain_mask.nii.gz	<PROJECT_ROOT>/derivatives/first_level_inputs_analysis/sub-05/run-07/events_long.tsv	<PROJECT_ROOT>/derivatives/first_level_inputs_analysis/sub-05/run-07/events_stim.tsv	<PROJECT_ROOT>/derivatives/first_level_inputs_analysis/sub-05/run-07/confounds_standard.tsv	True	True
sub-05	8	KEEP	False	READY	OK	<PROJECT_ROOT>/derivatives/smoothed_fwhm6/sub-05/func/sub-05_task-heatpainwithregulationandratings_run-08_space-MNI152NLin2009cAsym_desc-smoothedFWHM6_bold.nii.gz	<PROJECT_ROOT>/derivatives/fmriprep/sub-05/func/sub-05_task-heatpainwithregulationandratings_run-08_space-MNI152NLin2009cAsym_desc-preproc_bold.nii.gz	<PROJECT_ROOT>/derivatives/fmriprep/sub-05/func/sub-05_task-heatpainwithregulationandratings_run-08_space-MNI152NLin2009cAsym_desc-brain_mask.nii.gz	<PROJECT_ROOT>/derivatives/first_level_inputs_analysis/sub-05/run-08/events_long.tsv	<PROJECT_ROOT>/derivatives/first_level_inputs_analysis/sub-05/run-08/events_stim.tsv	<PROJECT_ROOT>/derivatives/first_level_inputs_analysis/sub-05/run-08/confounds_standard.tsv	True	True
sub-05	9	KEEP_FOR_MAIN_BUT_SENSITIVITY_EXCLUDE_CANDIDATE	True	READY	OK	<PROJECT_ROOT>/derivatives/smoothed_fwhm6/sub-05/func/sub-05_task-heatpainwithregulationandratings_run-09_space-MNI152NLin2009cAsym_desc-smoothedFWHM6_bold.nii.gz	<PROJECT_ROOT>/derivatives/fmriprep/sub-05/func/sub-05_task-heatpainwithregulationandratings_run-09_space-MNI152NLin2009cAsym_desc-preproc_bold.nii.gz	<PROJECT_ROOT>/derivatives/fmriprep/sub-05/func/sub-05_task-heatpainwithregulationandratings_run-09_space-MNI152NLin2009cAsym_desc-brain_mask.nii.gz	<PROJECT_ROOT>/derivatives/first_level_inputs_analysis/sub-05/run-09/events_long.tsv	<PROJECT_ROOT>/derivatives/first_level_inputs_analysis/sub-05/run-09/events_stim.tsv	<PROJECT_ROOT>/derivatives/first_level_inputs_analysis/sub-05/run-09/confounds_standard.tsv	True	False
sub-06	1	KEEP_FOR_MAIN_BUT_SENSITIVITY_EXCLUDE_CANDIDATE	True	READY	OK	<PROJECT_ROOT>/derivatives/smoothed_fwhm6/sub-06/func/sub-06_task-heatpainwithregulationandratings_run-01_space-MNI152NLin2009cAsym_desc-smoothedFWHM6_bold.nii.gz	<PROJECT_ROOT>/derivatives/fmriprep/sub-06/func/sub-06_task-heatpainwithregulationandratings_run-01_space-MNI152NLin2009cAsym_desc-preproc_bold.nii.gz	<PROJECT_ROOT>/derivatives/fmriprep/sub-06/func/sub-06_task-heatpainwithregulationandratings_run-01_space-MNI152NLin2009cAsym_desc-brain_mask.nii.gz	<PROJECT_ROOT>/derivatives/first_level_inputs_analysis/sub-06/run-01/events_long.tsv	<PROJECT_ROOT>/derivatives/first_level_inputs_analysis/sub-06/run-01/events_stim.tsv	<PROJECT_ROOT>/derivatives/first_level_inputs_analysis/sub-06/run-01/confounds_standard.tsv	True	False
sub-06	2	KEEP_WITH_WARNING	False	READY	OK	<PROJECT_ROOT>/derivatives/smoothed_fwhm6/sub-06/func/sub-06_task-heatpainwithregulationandratings_run-02_space-MNI152NLin2009cAsym_desc-smoothedFWHM6_bold.nii.gz	<PROJECT_ROOT>/derivatives/fmriprep/sub-06/func/sub-06_task-heatpainwithregulationandratings_run-02_space-MNI152NLin2009cAsym_desc-preproc_bold.nii.gz	<PROJECT_ROOT>/derivatives/fmriprep/sub-06/func/sub-06_task-heatpainwithregulationandratings_run-02_space-MNI152NLin2009cAsym_desc-brain_mask.nii.gz	<PROJECT_ROOT>/derivatives/first_level_inputs_analysis/sub-06/run-02/events_long.tsv	<PROJECT_ROOT>/derivatives/first_level_inputs_analysis/sub-06/run-02/events_stim.tsv	<PROJECT_ROOT>/derivatives/first_level_inputs_analysis/sub-06/run-02/confounds_standard.tsv	True	True
sub-06	3	KEEP_WITH_WARNING	False	READY	OK	<PROJECT_ROOT>/derivatives/smoothed_fwhm6/sub-06/func/sub-06_task-heatpainwithregulationandratings_run-03_space-MNI152NLin2009cAsym_desc-smoothedFWHM6_bold.nii.gz	<PROJECT_ROOT>/derivatives/fmriprep/sub-06/func/sub-06_task-heatpainwithregulationandratings_run-03_space-MNI152NLin2009cAsym_desc-preproc_bold.nii.gz	<PROJECT_ROOT>/derivatives/fmriprep/sub-06/func/sub-06_task-heatpainwithregulationandratings_run-03_space-MNI152NLin2009cAsym_desc-brain_mask.nii.gz	<PROJECT_ROOT>/derivatives/first_level_inputs_analysis/sub-06/run-03/events_long.tsv	<PROJECT_ROOT>/derivatives/first_level_inputs_analysis/sub-06/run-03/events_stim.tsv	<PROJECT_ROOT>/derivatives/first_level_inputs_analysis/sub-06/run-03/confounds_standard.tsv	True	True
sub-06	4	KEEP_WITH_WARNING	False	READY	OK	<PROJECT_ROOT>/derivatives/smoothed_fwhm6/sub-06/func/sub-06_task-heatpainwithregulationandratings_run-04_space-MNI152NLin2009cAsym_desc-smoothedFWHM6_bold.nii.gz	<PROJECT_ROOT>/derivatives/fmriprep/sub-06/func/sub-06_task-heatpainwithregulationandratings_run-04_space-MNI152NLin2009cAsym_desc-preproc_bold.nii.gz	<PROJECT_ROOT>/derivatives/fmriprep/sub-06/func/sub-06_task-heatpainwithregulationandratings_run-04_space-MNI152NLin2009cAsym_desc-brain_mask.nii.gz	<PROJECT_ROOT>/derivatives/first_level_inputs_analysis/sub-06/run-04/events_long.tsv	<PROJECT_ROOT>/derivatives/first_level_inputs_analysis/sub-06/run-04/events_stim.tsv	<PROJECT_ROOT>/derivatives/first_level_inputs_analysis/sub-06/run-04/confounds_standard.tsv	True	True
sub-06	5	KEEP_FOR_MAIN_BUT_SENSITIVITY_EXCLUDE_CANDIDATE	True	READY	OK	<PROJECT_ROOT>/derivatives/smoothed_fwhm6/sub-06/func/sub-06_task-heatpainwithregulationandratings_run-05_space-MNI152NLin2009cAsym_desc-smoothedFWHM6_bold.nii.gz	<PROJECT_ROOT>/derivatives/fmriprep/sub-06/func/sub-06_task-heatpainwithregulationandratings_run-05_space-MNI152NLin2009cAsym_desc-preproc_bold.nii.gz	<PROJECT_ROOT>/derivatives/fmriprep/sub-06/func/sub-06_task-heatpainwithregulationandratings_run-05_space-MNI152NLin2009cAsym_desc-brain_mask.nii.gz	<PROJECT_ROOT>/derivatives/first_level_inputs_analysis/sub-06/run-05/events_long.tsv	<PROJECT_ROOT>/derivatives/first_level_inputs_analysis/sub-06/run-05/events_stim.tsv	<PROJECT_ROOT>/derivatives/first_level_inputs_analysis/sub-06/run-05/confounds_standard.tsv	True	False
sub-06	6	KEEP_WITH_WARNING	False	READY	OK	<PROJECT_ROOT>/derivatives/smoothed_fwhm6/sub-06/func/sub-06_task-heatpainwithregulationandratings_run-06_space-MNI152NLin2009cAsym_desc-smoothedFWHM6_bold.nii.gz	<PROJECT_ROOT>/derivatives/fmriprep/sub-06/func/sub-06_task-heatpainwithregulationandratings_run-06_space-MNI152NLin2009cAsym_desc-preproc_bold.nii.gz	<PROJECT_ROOT>/derivatives/fmriprep/sub-06/func/sub-06_task-heatpainwithregulationandratings_run-06_space-MNI152NLin2009cAsym_desc-brain_mask.nii.gz	<PROJECT_ROOT>/derivatives/first_level_inputs_analysis/sub-06/run-06/events_long.tsv	<PROJECT_ROOT>/derivatives/first_level_inputs_analysis/sub-06/run-06/events_stim.tsv	<PROJECT_ROOT>/derivatives/first_level_inputs_analysis/sub-06/run-06/confounds_standard.tsv	True	True
sub-06	7	KEEP_FOR_MAIN_BUT_SENSITIVITY_EXCLUDE_CANDIDATE	True	READY	OK	<PROJECT_ROOT>/derivatives/smoothed_fwhm6/sub-06/func/sub-06_task-heatpainwithregulationandratings_run-07_space-MNI152NLin2009cAsym_desc-smoothedFWHM6_bold.nii.gz	<PROJECT_ROOT>/derivatives/fmriprep/sub-06/func/sub-06_task-heatpainwithregulationandratings_run-07_space-MNI152NLin2009cAsym_desc-preproc_bold.nii.gz	<PROJECT_ROOT>/derivatives/fmriprep/sub-06/func/sub-06_task-heatpainwithregulationandratings_run-07_space-MNI152NLin2009cAsym_desc-brain_mask.nii.gz	<PROJECT_ROOT>/derivatives/first_level_inputs_analysis/sub-06/run-07/events_long.tsv	<PROJECT_ROOT>/derivatives/first_level_inputs_analysis/sub-06/run-07/events_stim.tsv	<PROJECT_ROOT>/derivatives/first_level_inputs_analysis/sub-06/run-07/confounds_standard.tsv	True	False
sub-06	9	KEEP_WITH_WARNING	False	READY	OK	<PROJECT_ROOT>/derivatives/smoothed_fwhm6/sub-06/func/sub-06_task-heatpainwithregulationandratings_run-09_space-MNI152NLin2009cAsym_desc-smoothedFWHM6_bold.nii.gz	<PROJECT_ROOT>/derivatives/fmriprep/sub-06/func/sub-06_task-heatpainwithregulationandratings_run-09_space-MNI152NLin2009cAsym_desc-preproc_bold.nii.gz	<PROJECT_ROOT>/derivatives/fmriprep/sub-06/func/sub-06_task-heatpainwithregulationandratings_run-09_space-MNI152NLin2009cAsym_desc-brain_mask.nii.gz	<PROJECT_ROOT>/derivatives/first_level_inputs_analysis/sub-06/run-09/events_long.tsv	<PROJECT_ROOT>/derivatives/first_level_inputs_analysis/sub-06/run-09/events_stim.tsv	<PROJECT_ROOT>/derivatives/first_level_inputs_analysis/sub-06/run-09/confounds_standard.tsv	True	True
sub-07	1	KEEP_WITH_WARNING	False	READY	OK	<PROJECT_ROOT>/derivatives/smoothed_fwhm6/sub-07/func/sub-07_task-heatpainwithregulationandratings_run-01_space-MNI152NLin2009cAsym_desc-smoothedFWHM6_bold.nii.gz	<PROJECT_ROOT>/derivatives/fmriprep/sub-07/func/sub-07_task-heatpainwithregulationandratings_run-01_space-MNI152NLin2009cAsym_desc-preproc_bold.nii.gz	<PROJECT_ROOT>/derivatives/fmriprep/sub-07/func/sub-07_task-heatpainwithregulationandratings_run-01_space-MNI152NLin2009cAsym_desc-brain_mask.nii.gz	<PROJECT_ROOT>/derivatives/first_level_inputs_analysis/sub-07/run-01/events_long.tsv	<PROJECT_ROOT>/derivatives/first_level_inputs_analysis/sub-07/run-01/events_stim.tsv	<PROJECT_ROOT>/derivatives/first_level_inputs_analysis/sub-07/run-01/confounds_standard.tsv	True	True
sub-07	2	KEEP	False	READY	OK	<PROJECT_ROOT>/derivatives/smoothed_fwhm6/sub-07/func/sub-07_task-heatpainwithregulationandratings_run-02_space-MNI152NLin2009cAsym_desc-smoothedFWHM6_bold.nii.gz	<PROJECT_ROOT>/derivatives/fmriprep/sub-07/func/sub-07_task-heatpainwithregulationandratings_run-02_space-MNI152NLin2009cAsym_desc-preproc_bold.nii.gz	<PROJECT_ROOT>/derivatives/fmriprep/sub-07/func/sub-07_task-heatpainwithregulationandratings_run-02_space-MNI152NLin2009cAsym_desc-brain_mask.nii.gz	<PROJECT_ROOT>/derivatives/first_level_inputs_analysis/sub-07/run-02/events_long.tsv	<PROJECT_ROOT>/derivatives/first_level_inputs_analysis/sub-07/run-02/events_stim.tsv	<PROJECT_ROOT>/derivatives/first_level_inputs_analysis/sub-07/run-02/confounds_standard.tsv	True	True
sub-07	3	KEEP_WITH_WARNING	False	READY	OK	<PROJECT_ROOT>/derivatives/smoothed_fwhm6/sub-07/func/sub-07_task-heatpainwithregulationandratings_run-03_space-MNI152NLin2009cAsym_desc-smoothedFWHM6_bold.nii.gz	<PROJECT_ROOT>/derivatives/fmriprep/sub-07/func/sub-07_task-heatpainwithregulationandratings_run-03_space-MNI152NLin2009cAsym_desc-preproc_bold.nii.gz	<PROJECT_ROOT>/derivatives/fmriprep/sub-07/func/sub-07_task-heatpainwithregulationandratings_run-03_space-MNI152NLin2009cAsym_desc-brain_mask.nii.gz	<PROJECT_ROOT>/derivatives/first_level_inputs_analysis/sub-07/run-03/events_long.tsv	<PROJECT_ROOT>/derivatives/first_level_inputs_analysis/sub-07/run-03/events_stim.tsv	<PROJECT_ROOT>/derivatives/first_level_inputs_analysis/sub-07/run-03/confounds_standard.tsv	True	True
sub-07	4	KEEP	False	READY	OK	<PROJECT_ROOT>/derivatives/smoothed_fwhm6/sub-07/func/sub-07_task-heatpainwithregulationandratings_run-04_space-MNI152NLin2009cAsym_desc-smoothedFWHM6_bold.nii.gz	<PROJECT_ROOT>/derivatives/fmriprep/sub-07/func/sub-07_task-heatpainwithregulationandratings_run-04_space-MNI152NLin2009cAsym_desc-preproc_bold.nii.gz	<PROJECT_ROOT>/derivatives/fmriprep/sub-07/func/sub-07_task-heatpainwithregulationandratings_run-04_space-MNI152NLin2009cAsym_desc-brain_mask.nii.gz	<PROJECT_ROOT>/derivatives/first_level_inputs_analysis/sub-07/run-04/events_long.tsv	<PROJECT_ROOT>/derivatives/first_level_inputs_analysis/sub-07/run-04/events_stim.tsv	<PROJECT_ROOT>/derivatives/first_level_inputs_analysis/sub-07/run-04/confounds_standard.tsv	True	True
sub-07	5	KEEP_FOR_MAIN_BUT_SENSITIVITY_EXCLUDE_CANDIDATE	True	READY	OK	<PROJECT_ROOT>/derivatives/smoothed_fwhm6/sub-07/func/sub-07_task-heatpainwithregulationandratings_run-05_space-MNI152NLin2009cAsym_desc-smoothedFWHM6_bold.nii.gz	<PROJECT_ROOT>/derivatives/fmriprep/sub-07/func/sub-07_task-heatpainwithregulationandratings_run-05_space-MNI152NLin2009cAsym_desc-preproc_bold.nii.gz	<PROJECT_ROOT>/derivatives/fmriprep/sub-07/func/sub-07_task-heatpainwithregulationandratings_run-05_space-MNI152NLin2009cAsym_desc-brain_mask.nii.gz	<PROJECT_ROOT>/derivatives/first_level_inputs_analysis/sub-07/run-05/events_long.tsv	<PROJECT_ROOT>/derivatives/first_level_inputs_analysis/sub-07/run-05/events_stim.tsv	<PROJECT_ROOT>/derivatives/first_level_inputs_analysis/sub-07/run-05/confounds_standard.tsv	True	False
sub-07	6	KEEP_FOR_MAIN_BUT_SENSITIVITY_EXCLUDE_CANDIDATE	True	READY	OK	<PROJECT_ROOT>/derivatives/smoothed_fwhm6/sub-07/func/sub-07_task-heatpainwithregulationandratings_run-06_space-MNI152NLin2009cAsym_desc-smoothedFWHM6_bold.nii.gz	<PROJECT_ROOT>/derivatives/fmriprep/sub-07/func/sub-07_task-heatpainwithregulationandratings_run-06_space-MNI152NLin2009cAsym_desc-preproc_bold.nii.gz	<PROJECT_ROOT>/derivatives/fmriprep/sub-07/func/sub-07_task-heatpainwithregulationandratings_run-06_space-MNI152NLin2009cAsym_desc-brain_mask.nii.gz	<PROJECT_ROOT>/derivatives/first_level_inputs_analysis/sub-07/run-06/events_long.tsv	<PROJECT_ROOT>/derivatives/first_level_inputs_analysis/sub-07/run-06/events_stim.tsv	<PROJECT_ROOT>/derivatives/first_level_inputs_analysis/sub-07/run-06/confounds_standard.tsv	True	False
sub-07	7	KEEP_WITH_WARNING	False	READY	OK	<PROJECT_ROOT>/derivatives/smoothed_fwhm6/sub-07/func/sub-07_task-heatpainwithregulationandratings_run-07_space-MNI152NLin2009cAsym_desc-smoothedFWHM6_bold.nii.gz	<PROJECT_ROOT>/derivatives/fmriprep/sub-07/func/sub-07_task-heatpainwithregulationandratings_run-07_space-MNI152NLin2009cAsym_desc-preproc_bold.nii.gz	<PROJECT_ROOT>/derivatives/fmriprep/sub-07/func/sub-07_task-heatpainwithregulationandratings_run-07_space-MNI152NLin2009cAsym_desc-brain_mask.nii.gz	<PROJECT_ROOT>/derivatives/first_level_inputs_analysis/sub-07/run-07/events_long.tsv	<PROJECT_ROOT>/derivatives/first_level_inputs_analysis/sub-07/run-07/events_stim.tsv	<PROJECT_ROOT>/derivatives/first_level_inputs_analysis/sub-07/run-07/confounds_standard.tsv	True	True
sub-07	8	KEEP_WITH_WARNING	False	READY	OK	<PROJECT_ROOT>/derivatives/smoothed_fwhm6/sub-07/func/sub-07_task-heatpainwithregulationandratings_run-08_space-MNI152NLin2009cAsym_desc-smoothedFWHM6_bold.nii.gz	<PROJECT_ROOT>/derivatives/fmriprep/sub-07/func/sub-07_task-heatpainwithregulationandratings_run-08_space-MNI152NLin2009cAsym_desc-preproc_bold.nii.gz	<PROJECT_ROOT>/derivatives/fmriprep/sub-07/func/sub-07_task-heatpainwithregulationandratings_run-08_space-MNI152NLin2009cAsym_desc-brain_mask.nii.gz	<PROJECT_ROOT>/derivatives/first_level_inputs_analysis/sub-07/run-08/events_long.tsv	<PROJECT_ROOT>/derivatives/first_level_inputs_analysis/sub-07/run-08/events_stim.tsv	<PROJECT_ROOT>/derivatives/first_level_inputs_analysis/sub-07/run-08/confounds_standard.tsv	True	True
sub-07	9	KEEP_WITH_WARNING	False	READY	OK	<PROJECT_ROOT>/derivatives/smoothed_fwhm6/sub-07/func/sub-07_task-heatpainwithregulationandratings_run-09_space-MNI152NLin2009cAsym_desc-smoothedFWHM6_bold.nii.gz	<PROJECT_ROOT>/derivatives/fmriprep/sub-07/func/sub-07_task-heatpainwithregulationandratings_run-09_space-MNI152NLin2009cAsym_desc-preproc_bold.nii.gz	<PROJECT_ROOT>/derivatives/fmriprep/sub-07/func/sub-07_task-heatpainwithregulationandratings_run-09_space-MNI152NLin2009cAsym_desc-brain_mask.nii.gz	<PROJECT_ROOT>/derivatives/first_level_inputs_analysis/sub-07/run-09/events_long.tsv	<PROJECT_ROOT>/derivatives/first_level_inputs_analysis/sub-07/run-09/events_stim.tsv	<PROJECT_ROOT>/derivatives/first_level_inputs_analysis/sub-07/run-09/confounds_standard.tsv	True	True
sub-08	1	KEEP	False	READY	OK	<PROJECT_ROOT>/derivatives/smoothed_fwhm6/sub-08/func/sub-08_task-heatpainwithregulationandratings_run-01_space-MNI152NLin2009cAsym_desc-smoothedFWHM6_bold.nii.gz	<PROJECT_ROOT>/derivatives/fmriprep/sub-08/func/sub-08_task-heatpainwithregulationandratings_run-01_space-MNI152NLin2009cAsym_desc-preproc_bold.nii.gz	<PROJECT_ROOT>/derivatives/fmriprep/sub-08/func/sub-08_task-heatpainwithregulationandratings_run-01_space-MNI152NLin2009cAsym_desc-brain_mask.nii.gz	<PROJECT_ROOT>/derivatives/first_level_inputs_analysis/sub-08/run-01/events_long.tsv	<PROJECT_ROOT>/derivatives/first_level_inputs_analysis/sub-08/run-01/events_stim.tsv	<PROJECT_ROOT>/derivatives/first_level_inputs_analysis/sub-08/run-01/confounds_standard.tsv	True	True
sub-08	2	KEEP	False	READY	OK	<PROJECT_ROOT>/derivatives/smoothed_fwhm6/sub-08/func/sub-08_task-heatpainwithregulationandratings_run-02_space-MNI152NLin2009cAsym_desc-smoothedFWHM6_bold.nii.gz	<PROJECT_ROOT>/derivatives/fmriprep/sub-08/func/sub-08_task-heatpainwithregulationandratings_run-02_space-MNI152NLin2009cAsym_desc-preproc_bold.nii.gz	<PROJECT_ROOT>/derivatives/fmriprep/sub-08/func/sub-08_task-heatpainwithregulationandratings_run-02_space-MNI152NLin2009cAsym_desc-brain_mask.nii.gz	<PROJECT_ROOT>/derivatives/first_level_inputs_analysis/sub-08/run-02/events_long.tsv	<PROJECT_ROOT>/derivatives/first_level_inputs_analysis/sub-08/run-02/events_stim.tsv	<PROJECT_ROOT>/derivatives/first_level_inputs_analysis/sub-08/run-02/confounds_standard.tsv	True	True
sub-08	3	KEEP_WITH_WARNING	False	READY	OK	<PROJECT_ROOT>/derivatives/smoothed_fwhm6/sub-08/func/sub-08_task-heatpainwithregulationandratings_run-03_space-MNI152NLin2009cAsym_desc-smoothedFWHM6_bold.nii.gz	<PROJECT_ROOT>/derivatives/fmriprep/sub-08/func/sub-08_task-heatpainwithregulationandratings_run-03_space-MNI152NLin2009cAsym_desc-preproc_bold.nii.gz	<PROJECT_ROOT>/derivatives/fmriprep/sub-08/func/sub-08_task-heatpainwithregulationandratings_run-03_space-MNI152NLin2009cAsym_desc-brain_mask.nii.gz	<PROJECT_ROOT>/derivatives/first_level_inputs_analysis/sub-08/run-03/events_long.tsv	<PROJECT_ROOT>/derivatives/first_level_inputs_analysis/sub-08/run-03/events_stim.tsv	<PROJECT_ROOT>/derivatives/first_level_inputs_analysis/sub-08/run-03/confounds_standard.tsv	True	True
sub-08	4	KEEP	False	READY	OK	<PROJECT_ROOT>/derivatives/smoothed_fwhm6/sub-08/func/sub-08_task-heatpainwithregulationandratings_run-04_space-MNI152NLin2009cAsym_desc-smoothedFWHM6_bold.nii.gz	<PROJECT_ROOT>/derivatives/fmriprep/sub-08/func/sub-08_task-heatpainwithregulationandratings_run-04_space-MNI152NLin2009cAsym_desc-preproc_bold.nii.gz	<PROJECT_ROOT>/derivatives/fmriprep/sub-08/func/sub-08_task-heatpainwithregulationandratings_run-04_space-MNI152NLin2009cAsym_desc-brain_mask.nii.gz	<PROJECT_ROOT>/derivatives/first_level_inputs_analysis/sub-08/run-04/events_long.tsv	<PROJECT_ROOT>/derivatives/first_level_inputs_analysis/sub-08/run-04/events_stim.tsv	<PROJECT_ROOT>/derivatives/first_level_inputs_analysis/sub-08/run-04/confounds_standard.tsv	True	True
sub-08	5	KEEP	False	READY	OK	<PROJECT_ROOT>/derivatives/smoothed_fwhm6/sub-08/func/sub-08_task-heatpainwithregulationandratings_run-05_space-MNI152NLin2009cAsym_desc-smoothedFWHM6_bold.nii.gz	<PROJECT_ROOT>/derivatives/fmriprep/sub-08/func/sub-08_task-heatpainwithregulationandratings_run-05_space-MNI152NLin2009cAsym_desc-preproc_bold.nii.gz	<PROJECT_ROOT>/derivatives/fmriprep/sub-08/func/sub-08_task-heatpainwithregulationandratings_run-05_space-MNI152NLin2009cAsym_desc-brain_mask.nii.gz	<PROJECT_ROOT>/derivatives/first_level_inputs_analysis/sub-08/run-05/events_long.tsv	<PROJECT_ROOT>/derivatives/first_level_inputs_analysis/sub-08/run-05/events_stim.tsv	<PROJECT_ROOT>/derivatives/first_level_inputs_analysis/sub-08/run-05/confounds_standard.tsv	True	True
sub-08	6	KEEP_FOR_MAIN_BUT_SENSITIVITY_EXCLUDE_CANDIDATE	True	READY	OK	<PROJECT_ROOT>/derivatives/smoothed_fwhm6/sub-08/func/sub-08_task-heatpainwithregulationandratings_run-06_space-MNI152NLin2009cAsym_desc-smoothedFWHM6_bold.nii.gz	<PROJECT_ROOT>/derivatives/fmriprep/sub-08/func/sub-08_task-heatpainwithregulationandratings_run-06_space-MNI152NLin2009cAsym_desc-preproc_bold.nii.gz	<PROJECT_ROOT>/derivatives/fmriprep/sub-08/func/sub-08_task-heatpainwithregulationandratings_run-06_space-MNI152NLin2009cAsym_desc-brain_mask.nii.gz	<PROJECT_ROOT>/derivatives/first_level_inputs_analysis/sub-08/run-06/events_long.tsv	<PROJECT_ROOT>/derivatives/first_level_inputs_analysis/sub-08/run-06/events_stim.tsv	<PROJECT_ROOT>/derivatives/first_level_inputs_analysis/sub-08/run-06/confounds_standard.tsv	True	False
sub-08	7	KEEP	False	READY	OK	<PROJECT_ROOT>/derivatives/smoothed_fwhm6/sub-08/func/sub-08_task-heatpainwithregulationandratings_run-07_space-MNI152NLin2009cAsym_desc-smoothedFWHM6_bold.nii.gz	<PROJECT_ROOT>/derivatives/fmriprep/sub-08/func/sub-08_task-heatpainwithregulationandratings_run-07_space-MNI152NLin2009cAsym_desc-preproc_bold.nii.gz	<PROJECT_ROOT>/derivatives/fmriprep/sub-08/func/sub-08_task-heatpainwithregulationandratings_run-07_space-MNI152NLin2009cAsym_desc-brain_mask.nii.gz	<PROJECT_ROOT>/derivatives/first_level_inputs_analysis/sub-08/run-07/events_long.tsv	<PROJECT_ROOT>/derivatives/first_level_inputs_analysis/sub-08/run-07/events_stim.tsv	<PROJECT_ROOT>/derivatives/first_level_inputs_analysis/sub-08/run-07/confounds_standard.tsv	True	True
sub-08	8	KEEP	False	READY	OK	<PROJECT_ROOT>/derivatives/smoothed_fwhm6/sub-08/func/sub-08_task-heatpainwithregulationandratings_run-08_space-MNI152NLin2009cAsym_desc-smoothedFWHM6_bold.nii.gz	<PROJECT_ROOT>/derivatives/fmriprep/sub-08/func/sub-08_task-heatpainwithregulationandratings_run-08_space-MNI152NLin2009cAsym_desc-preproc_bold.nii.gz	<PROJECT_ROOT>/derivatives/fmriprep/sub-08/func/sub-08_task-heatpainwithregulationandratings_run-08_space-MNI152NLin2009cAsym_desc-brain_mask.nii.gz	<PROJECT_ROOT>/derivatives/first_level_inputs_analysis/sub-08/run-08/events_long.tsv	<PROJECT_ROOT>/derivatives/first_level_inputs_analysis/sub-08/run-08/events_stim.tsv	<PROJECT_ROOT>/derivatives/first_level_inputs_analysis/sub-08/run-08/confounds_standard.tsv	True	True
sub-08	9	KEEP	False	READY	OK	<PROJECT_ROOT>/derivatives/smoothed_fwhm6/sub-08/func/sub-08_task-heatpainwithregulationandratings_run-09_space-MNI152NLin2009cAsym_desc-smoothedFWHM6_bold.nii.gz	<PROJECT_ROOT>/derivatives/fmriprep/sub-08/func/sub-08_task-heatpainwithregulationandratings_run-09_space-MNI152NLin2009cAsym_desc-preproc_bold.nii.gz	<PROJECT_ROOT>/derivatives/fmriprep/sub-08/func/sub-08_task-heatpainwithregulationandratings_run-09_space-MNI152NLin2009cAsym_desc-brain_mask.nii.gz	<PROJECT_ROOT>/derivatives/first_level_inputs_analysis/sub-08/run-09/events_long.tsv	<PROJECT_ROOT>/derivatives/first_level_inputs_analysis/sub-08/run-09/events_stim.tsv	<PROJECT_ROOT>/derivatives/first_level_inputs_analysis/sub-08/run-09/confounds_standard.tsv	True	True
sub-09	1	KEEP_WITH_WARNING	False	READY	OK	<PROJECT_ROOT>/derivatives/smoothed_fwhm6/sub-09/func/sub-09_task-heatpainwithregulationandratings_run-01_space-MNI152NLin2009cAsym_desc-smoothedFWHM6_bold.nii.gz	<PROJECT_ROOT>/derivatives/fmriprep/sub-09/func/sub-09_task-heatpainwithregulationandratings_run-01_space-MNI152NLin2009cAsym_desc-preproc_bold.nii.gz	<PROJECT_ROOT>/derivatives/fmriprep/sub-09/func/sub-09_task-heatpainwithregulationandratings_run-01_space-MNI152NLin2009cAsym_desc-brain_mask.nii.gz	<PROJECT_ROOT>/derivatives/first_level_inputs_analysis/sub-09/run-01/events_long.tsv	<PROJECT_ROOT>/derivatives/first_level_inputs_analysis/sub-09/run-01/events_stim.tsv	<PROJECT_ROOT>/derivatives/first_level_inputs_analysis/sub-09/run-01/confounds_standard.tsv	True	True
sub-09	2	KEEP_WITH_WARNING	False	READY	OK	<PROJECT_ROOT>/derivatives/smoothed_fwhm6/sub-09/func/sub-09_task-heatpainwithregulationandratings_run-02_space-MNI152NLin2009cAsym_desc-smoothedFWHM6_bold.nii.gz	<PROJECT_ROOT>/derivatives/fmriprep/sub-09/func/sub-09_task-heatpainwithregulationandratings_run-02_space-MNI152NLin2009cAsym_desc-preproc_bold.nii.gz	<PROJECT_ROOT>/derivatives/fmriprep/sub-09/func/sub-09_task-heatpainwithregulationandratings_run-02_space-MNI152NLin2009cAsym_desc-brain_mask.nii.gz	<PROJECT_ROOT>/derivatives/first_level_inputs_analysis/sub-09/run-02/events_long.tsv	<PROJECT_ROOT>/derivatives/first_level_inputs_analysis/sub-09/run-02/events_stim.tsv	<PROJECT_ROOT>/derivatives/first_level_inputs_analysis/sub-09/run-02/confounds_standard.tsv	True	True
sub-09	3	KEEP	False	READY	OK	<PROJECT_ROOT>/derivatives/smoothed_fwhm6/sub-09/func/sub-09_task-heatpainwithregulationandratings_run-03_space-MNI152NLin2009cAsym_desc-smoothedFWHM6_bold.nii.gz	<PROJECT_ROOT>/derivatives/fmriprep/sub-09/func/sub-09_task-heatpainwithregulationandratings_run-03_space-MNI152NLin2009cAsym_desc-preproc_bold.nii.gz	<PROJECT_ROOT>/derivatives/fmriprep/sub-09/func/sub-09_task-heatpainwithregulationandratings_run-03_space-MNI152NLin2009cAsym_desc-brain_mask.nii.gz	<PROJECT_ROOT>/derivatives/first_level_inputs_analysis/sub-09/run-03/events_long.tsv	<PROJECT_ROOT>/derivatives/first_level_inputs_analysis/sub-09/run-03/events_stim.tsv	<PROJECT_ROOT>/derivatives/first_level_inputs_analysis/sub-09/run-03/confounds_standard.tsv	True	True
sub-09	4	KEEP	False	READY	OK	<PROJECT_ROOT>/derivatives/smoothed_fwhm6/sub-09/func/sub-09_task-heatpainwithregulationandratings_run-04_space-MNI152NLin2009cAsym_desc-smoothedFWHM6_bold.nii.gz	<PROJECT_ROOT>/derivatives/fmriprep/sub-09/func/sub-09_task-heatpainwithregulationandratings_run-04_space-MNI152NLin2009cAsym_desc-preproc_bold.nii.gz	<PROJECT_ROOT>/derivatives/fmriprep/sub-09/func/sub-09_task-heatpainwithregulationandratings_run-04_space-MNI152NLin2009cAsym_desc-brain_mask.nii.gz	<PROJECT_ROOT>/derivatives/first_level_inputs_analysis/sub-09/run-04/events_long.tsv	<PROJECT_ROOT>/derivatives/first_level_inputs_analysis/sub-09/run-04/events_stim.tsv	<PROJECT_ROOT>/derivatives/first_level_inputs_analysis/sub-09/run-04/confounds_standard.tsv	True	True
sub-09	5	KEEP_WITH_WARNING	False	READY	OK	<PROJECT_ROOT>/derivatives/smoothed_fwhm6/sub-09/func/sub-09_task-heatpainwithregulationandratings_run-05_space-MNI152NLin2009cAsym_desc-smoothedFWHM6_bold.nii.gz	<PROJECT_ROOT>/derivatives/fmriprep/sub-09/func/sub-09_task-heatpainwithregulationandratings_run-05_space-MNI152NLin2009cAsym_desc-preproc_bold.nii.gz	<PROJECT_ROOT>/derivatives/fmriprep/sub-09/func/sub-09_task-heatpainwithregulationandratings_run-05_space-MNI152NLin2009cAsym_desc-brain_mask.nii.gz	<PROJECT_ROOT>/derivatives/first_level_inputs_analysis/sub-09/run-05/events_long.tsv	<PROJECT_ROOT>/derivatives/first_level_inputs_analysis/sub-09/run-05/events_stim.tsv	<PROJECT_ROOT>/derivatives/first_level_inputs_analysis/sub-09/run-05/confounds_standard.tsv	True	True
sub-09	6	KEEP_FOR_MAIN_BUT_SENSITIVITY_EXCLUDE_CANDIDATE	True	READY	OK	<PROJECT_ROOT>/derivatives/smoothed_fwhm6/sub-09/func/sub-09_task-heatpainwithregulationandratings_run-06_space-MNI152NLin2009cAsym_desc-smoothedFWHM6_bold.nii.gz	<PROJECT_ROOT>/derivatives/fmriprep/sub-09/func/sub-09_task-heatpainwithregulationandratings_run-06_space-MNI152NLin2009cAsym_desc-preproc_bold.nii.gz	<PROJECT_ROOT>/derivatives/fmriprep/sub-09/func/sub-09_task-heatpainwithregulationandratings_run-06_space-MNI152NLin2009cAsym_desc-brain_mask.nii.gz	<PROJECT_ROOT>/derivatives/first_level_inputs_analysis/sub-09/run-06/events_long.tsv	<PROJECT_ROOT>/derivatives/first_level_inputs_analysis/sub-09/run-06/events_stim.tsv	<PROJECT_ROOT>/derivatives/first_level_inputs_analysis/sub-09/run-06/confounds_standard.tsv	True	False
sub-09	7	KEEP_FOR_MAIN_BUT_SENSITIVITY_EXCLUDE_CANDIDATE	True	READY	OK	<PROJECT_ROOT>/derivatives/smoothed_fwhm6/sub-09/func/sub-09_task-heatpainwithregulationandratings_run-07_space-MNI152NLin2009cAsym_desc-smoothedFWHM6_bold.nii.gz	<PROJECT_ROOT>/derivatives/fmriprep/sub-09/func/sub-09_task-heatpainwithregulationandratings_run-07_space-MNI152NLin2009cAsym_desc-preproc_bold.nii.gz	<PROJECT_ROOT>/derivatives/fmriprep/sub-09/func/sub-09_task-heatpainwithregulationandratings_run-07_space-MNI152NLin2009cAsym_desc-brain_mask.nii.gz	<PROJECT_ROOT>/derivatives/first_level_inputs_analysis/sub-09/run-07/events_long.tsv	<PROJECT_ROOT>/derivatives/first_level_inputs_analysis/sub-09/run-07/events_stim.tsv	<PROJECT_ROOT>/derivatives/first_level_inputs_analysis/sub-09/run-07/confounds_standard.tsv	True	False
sub-09	8	KEEP_WITH_WARNING	False	READY	OK	<PROJECT_ROOT>/derivatives/smoothed_fwhm6/sub-09/func/sub-09_task-heatpainwithregulationandratings_run-08_space-MNI152NLin2009cAsym_desc-smoothedFWHM6_bold.nii.gz	<PROJECT_ROOT>/derivatives/fmriprep/sub-09/func/sub-09_task-heatpainwithregulationandratings_run-08_space-MNI152NLin2009cAsym_desc-preproc_bold.nii.gz	<PROJECT_ROOT>/derivatives/fmriprep/sub-09/func/sub-09_task-heatpainwithregulationandratings_run-08_space-MNI152NLin2009cAsym_desc-brain_mask.nii.gz	<PROJECT_ROOT>/derivatives/first_level_inputs_analysis/sub-09/run-08/events_long.tsv	<PROJECT_ROOT>/derivatives/first_level_inputs_analysis/sub-09/run-08/events_stim.tsv	<PROJECT_ROOT>/derivatives/first_level_inputs_analysis/sub-09/run-08/confounds_standard.tsv	True	True
sub-09	9	KEEP_WITH_WARNING	False	READY	OK	<PROJECT_ROOT>/derivatives/smoothed_fwhm6/sub-09/func/sub-09_task-heatpainwithregulationandratings_run-09_space-MNI152NLin2009cAsym_desc-smoothedFWHM6_bold.nii.gz	<PROJECT_ROOT>/derivatives/fmriprep/sub-09/func/sub-09_task-heatpainwithregulationandratings_run-09_space-MNI152NLin2009cAsym_desc-preproc_bold.nii.gz	<PROJECT_ROOT>/derivatives/fmriprep/sub-09/func/sub-09_task-heatpainwithregulationandratings_run-09_space-MNI152NLin2009cAsym_desc-brain_mask.nii.gz	<PROJECT_ROOT>/derivatives/first_level_inputs_analysis/sub-09/run-09/events_long.tsv	<PROJECT_ROOT>/derivatives/first_level_inputs_analysis/sub-09/run-09/events_stim.tsv	<PROJECT_ROOT>/derivatives/first_level_inputs_analysis/sub-09/run-09/confounds_standard.tsv	True	True
sub-10	1	KEEP_FOR_MAIN_BUT_SENSITIVITY_EXCLUDE_CANDIDATE	True	READY	OK	<PROJECT_ROOT>/derivatives/smoothed_fwhm6/sub-10/func/sub-10_task-heatpainwithregulationandratings_run-01_space-MNI152NLin2009cAsym_desc-smoothedFWHM6_bold.nii.gz	<PROJECT_ROOT>/derivatives/fmriprep/sub-10/func/sub-10_task-heatpainwithregulationandratings_run-01_space-MNI152NLin2009cAsym_desc-preproc_bold.nii.gz	<PROJECT_ROOT>/derivatives/fmriprep/sub-10/func/sub-10_task-heatpainwithregulationandratings_run-01_space-MNI152NLin2009cAsym_desc-brain_mask.nii.gz	<PROJECT_ROOT>/derivatives/first_level_inputs_analysis/sub-10/run-01/events_long.tsv	<PROJECT_ROOT>/derivatives/first_level_inputs_analysis/sub-10/run-01/events_stim.tsv	<PROJECT_ROOT>/derivatives/first_level_inputs_analysis/sub-10/run-01/confounds_standard.tsv	True	False
sub-10	3	KEEP_FOR_MAIN_BUT_SENSITIVITY_EXCLUDE_CANDIDATE	True	READY	OK	<PROJECT_ROOT>/derivatives/smoothed_fwhm6/sub-10/func/sub-10_task-heatpainwithregulationandratings_run-03_space-MNI152NLin2009cAsym_desc-smoothedFWHM6_bold.nii.gz	<PROJECT_ROOT>/derivatives/fmriprep/sub-10/func/sub-10_task-heatpainwithregulationandratings_run-03_space-MNI152NLin2009cAsym_desc-preproc_bold.nii.gz	<PROJECT_ROOT>/derivatives/fmriprep/sub-10/func/sub-10_task-heatpainwithregulationandratings_run-03_space-MNI152NLin2009cAsym_desc-brain_mask.nii.gz	<PROJECT_ROOT>/derivatives/first_level_inputs_analysis/sub-10/run-03/events_long.tsv	<PROJECT_ROOT>/derivatives/first_level_inputs_analysis/sub-10/run-03/events_stim.tsv	<PROJECT_ROOT>/derivatives/first_level_inputs_analysis/sub-10/run-03/confounds_standard.tsv	True	False
sub-10	4	KEEP_FOR_MAIN_BUT_SENSITIVITY_EXCLUDE_CANDIDATE	True	READY	OK	<PROJECT_ROOT>/derivatives/smoothed_fwhm6/sub-10/func/sub-10_task-heatpainwithregulationandratings_run-04_space-MNI152NLin2009cAsym_desc-smoothedFWHM6_bold.nii.gz	<PROJECT_ROOT>/derivatives/fmriprep/sub-10/func/sub-10_task-heatpainwithregulationandratings_run-04_space-MNI152NLin2009cAsym_desc-preproc_bold.nii.gz	<PROJECT_ROOT>/derivatives/fmriprep/sub-10/func/sub-10_task-heatpainwithregulationandratings_run-04_space-MNI152NLin2009cAsym_desc-brain_mask.nii.gz	<PROJECT_ROOT>/derivatives/first_level_inputs_analysis/sub-10/run-04/events_long.tsv	<PROJECT_ROOT>/derivatives/first_level_inputs_analysis/sub-10/run-04/events_stim.tsv	<PROJECT_ROOT>/derivatives/first_level_inputs_analysis/sub-10/run-04/confounds_standard.tsv	True	False
sub-10	7	KEEP_FOR_MAIN_BUT_SENSITIVITY_EXCLUDE_CANDIDATE	True	READY	OK	<PROJECT_ROOT>/derivatives/smoothed_fwhm6/sub-10/func/sub-10_task-heatpainwithregulationandratings_run-07_space-MNI152NLin2009cAsym_desc-smoothedFWHM6_bold.nii.gz	<PROJECT_ROOT>/derivatives/fmriprep/sub-10/func/sub-10_task-heatpainwithregulationandratings_run-07_space-MNI152NLin2009cAsym_desc-preproc_bold.nii.gz	<PROJECT_ROOT>/derivatives/fmriprep/sub-10/func/sub-10_task-heatpainwithregulationandratings_run-07_space-MNI152NLin2009cAsym_desc-brain_mask.nii.gz	<PROJECT_ROOT>/derivatives/first_level_inputs_analysis/sub-10/run-07/events_long.tsv	<PROJECT_ROOT>/derivatives/first_level_inputs_analysis/sub-10/run-07/events_stim.tsv	<PROJECT_ROOT>/derivatives/first_level_inputs_analysis/sub-10/run-07/confounds_standard.tsv	True	False
sub-10	8	KEEP_WITH_WARNING	False	READY	OK	<PROJECT_ROOT>/derivatives/smoothed_fwhm6/sub-10/func/sub-10_task-heatpainwithregulationandratings_run-08_space-MNI152NLin2009cAsym_desc-smoothedFWHM6_bold.nii.gz	<PROJECT_ROOT>/derivatives/fmriprep/sub-10/func/sub-10_task-heatpainwithregulationandratings_run-08_space-MNI152NLin2009cAsym_desc-preproc_bold.nii.gz	<PROJECT_ROOT>/derivatives/fmriprep/sub-10/func/sub-10_task-heatpainwithregulationandratings_run-08_space-MNI152NLin2009cAsym_desc-brain_mask.nii.gz	<PROJECT_ROOT>/derivatives/first_level_inputs_analysis/sub-10/run-08/events_long.tsv	<PROJECT_ROOT>/derivatives/first_level_inputs_analysis/sub-10/run-08/events_stim.tsv	<PROJECT_ROOT>/derivatives/first_level_inputs_analysis/sub-10/run-08/confounds_standard.tsv	True	True
sub-10	9	KEEP_FOR_MAIN_BUT_SENSITIVITY_EXCLUDE_CANDIDATE	True	READY	OK	<PROJECT_ROOT>/derivatives/smoothed_fwhm6/sub-10/func/sub-10_task-heatpainwithregulationandratings_run-09_space-MNI152NLin2009cAsym_desc-smoothedFWHM6_bold.nii.gz	<PROJECT_ROOT>/derivatives/fmriprep/sub-10/func/sub-10_task-heatpainwithregulationandratings_run-09_space-MNI152NLin2009cAsym_desc-preproc_bold.nii.gz	<PROJECT_ROOT>/derivatives/fmriprep/sub-10/func/sub-10_task-heatpainwithregulationandratings_run-09_space-MNI152NLin2009cAsym_desc-brain_mask.nii.gz	<PROJECT_ROOT>/derivatives/first_level_inputs_analysis/sub-10/run-09/events_long.tsv	<PROJECT_ROOT>/derivatives/first_level_inputs_analysis/sub-10/run-09/events_stim.tsv	<PROJECT_ROOT>/derivatives/first_level_inputs_analysis/sub-10/run-09/confounds_standard.tsv	True	False
sub-11	1	KEEP_WITH_WARNING	False	READY	OK	<PROJECT_ROOT>/derivatives/smoothed_fwhm6/sub-11/func/sub-11_task-heatpainwithregulationandratings_run-01_space-MNI152NLin2009cAsym_desc-smoothedFWHM6_bold.nii.gz	<PROJECT_ROOT>/derivatives/fmriprep/sub-11/func/sub-11_task-heatpainwithregulationandratings_run-01_space-MNI152NLin2009cAsym_desc-preproc_bold.nii.gz	<PROJECT_ROOT>/derivatives/fmriprep/sub-11/func/sub-11_task-heatpainwithregulationandratings_run-01_space-MNI152NLin2009cAsym_desc-brain_mask.nii.gz	<PROJECT_ROOT>/derivatives/first_level_inputs_analysis/sub-11/run-01/events_long.tsv	<PROJECT_ROOT>/derivatives/first_level_inputs_analysis/sub-11/run-01/events_stim.tsv	<PROJECT_ROOT>/derivatives/first_level_inputs_analysis/sub-11/run-01/confounds_standard.tsv	True	True
sub-11	2	KEEP_FOR_MAIN_BUT_SENSITIVITY_EXCLUDE_CANDIDATE	True	READY	OK	<PROJECT_ROOT>/derivatives/smoothed_fwhm6/sub-11/func/sub-11_task-heatpainwithregulationandratings_run-02_space-MNI152NLin2009cAsym_desc-smoothedFWHM6_bold.nii.gz	<PROJECT_ROOT>/derivatives/fmriprep/sub-11/func/sub-11_task-heatpainwithregulationandratings_run-02_space-MNI152NLin2009cAsym_desc-preproc_bold.nii.gz	<PROJECT_ROOT>/derivatives/fmriprep/sub-11/func/sub-11_task-heatpainwithregulationandratings_run-02_space-MNI152NLin2009cAsym_desc-brain_mask.nii.gz	<PROJECT_ROOT>/derivatives/first_level_inputs_analysis/sub-11/run-02/events_long.tsv	<PROJECT_ROOT>/derivatives/first_level_inputs_analysis/sub-11/run-02/events_stim.tsv	<PROJECT_ROOT>/derivatives/first_level_inputs_analysis/sub-11/run-02/confounds_standard.tsv	True	False
sub-11	3	KEEP_FOR_MAIN_BUT_SENSITIVITY_EXCLUDE_CANDIDATE	True	READY	OK	<PROJECT_ROOT>/derivatives/smoothed_fwhm6/sub-11/func/sub-11_task-heatpainwithregulationandratings_run-03_space-MNI152NLin2009cAsym_desc-smoothedFWHM6_bold.nii.gz	<PROJECT_ROOT>/derivatives/fmriprep/sub-11/func/sub-11_task-heatpainwithregulationandratings_run-03_space-MNI152NLin2009cAsym_desc-preproc_bold.nii.gz	<PROJECT_ROOT>/derivatives/fmriprep/sub-11/func/sub-11_task-heatpainwithregulationandratings_run-03_space-MNI152NLin2009cAsym_desc-brain_mask.nii.gz	<PROJECT_ROOT>/derivatives/first_level_inputs_analysis/sub-11/run-03/events_long.tsv	<PROJECT_ROOT>/derivatives/first_level_inputs_analysis/sub-11/run-03/events_stim.tsv	<PROJECT_ROOT>/derivatives/first_level_inputs_analysis/sub-11/run-03/confounds_standard.tsv	True	False
sub-11	4	KEEP_FOR_MAIN_BUT_SENSITIVITY_EXCLUDE_CANDIDATE	True	READY	OK	<PROJECT_ROOT>/derivatives/smoothed_fwhm6/sub-11/func/sub-11_task-heatpainwithregulationandratings_run-04_space-MNI152NLin2009cAsym_desc-smoothedFWHM6_bold.nii.gz	<PROJECT_ROOT>/derivatives/fmriprep/sub-11/func/sub-11_task-heatpainwithregulationandratings_run-04_space-MNI152NLin2009cAsym_desc-preproc_bold.nii.gz	<PROJECT_ROOT>/derivatives/fmriprep/sub-11/func/sub-11_task-heatpainwithregulationandratings_run-04_space-MNI152NLin2009cAsym_desc-brain_mask.nii.gz	<PROJECT_ROOT>/derivatives/first_level_inputs_analysis/sub-11/run-04/events_long.tsv	<PROJECT_ROOT>/derivatives/first_level_inputs_analysis/sub-11/run-04/events_stim.tsv	<PROJECT_ROOT>/derivatives/first_level_inputs_analysis/sub-11/run-04/confounds_standard.tsv	True	False
sub-11	5	KEEP_WITH_WARNING	False	READY	OK	<PROJECT_ROOT>/derivatives/smoothed_fwhm6/sub-11/func/sub-11_task-heatpainwithregulationandratings_run-05_space-MNI152NLin2009cAsym_desc-smoothedFWHM6_bold.nii.gz	<PROJECT_ROOT>/derivatives/fmriprep/sub-11/func/sub-11_task-heatpainwithregulationandratings_run-05_space-MNI152NLin2009cAsym_desc-preproc_bold.nii.gz	<PROJECT_ROOT>/derivatives/fmriprep/sub-11/func/sub-11_task-heatpainwithregulationandratings_run-05_space-MNI152NLin2009cAsym_desc-brain_mask.nii.gz	<PROJECT_ROOT>/derivatives/first_level_inputs_analysis/sub-11/run-05/events_long.tsv	<PROJECT_ROOT>/derivatives/first_level_inputs_analysis/sub-11/run-05/events_stim.tsv	<PROJECT_ROOT>/derivatives/first_level_inputs_analysis/sub-11/run-05/confounds_standard.tsv	True	True
sub-11	6	KEEP_FOR_MAIN_BUT_SENSITIVITY_EXCLUDE_CANDIDATE	True	READY	OK	<PROJECT_ROOT>/derivatives/smoothed_fwhm6/sub-11/func/sub-11_task-heatpainwithregulationandratings_run-06_space-MNI152NLin2009cAsym_desc-smoothedFWHM6_bold.nii.gz	<PROJECT_ROOT>/derivatives/fmriprep/sub-11/func/sub-11_task-heatpainwithregulationandratings_run-06_space-MNI152NLin2009cAsym_desc-preproc_bold.nii.gz	<PROJECT_ROOT>/derivatives/fmriprep/sub-11/func/sub-11_task-heatpainwithregulationandratings_run-06_space-MNI152NLin2009cAsym_desc-brain_mask.nii.gz	<PROJECT_ROOT>/derivatives/first_level_inputs_analysis/sub-11/run-06/events_long.tsv	<PROJECT_ROOT>/derivatives/first_level_inputs_analysis/sub-11/run-06/events_stim.tsv	<PROJECT_ROOT>/derivatives/first_level_inputs_analysis/sub-11/run-06/confounds_standard.tsv	True	False
sub-11	7	KEEP	False	READY	OK	<PROJECT_ROOT>/derivatives/smoothed_fwhm6/sub-11/func/sub-11_task-heatpainwithregulationandratings_run-07_space-MNI152NLin2009cAsym_desc-smoothedFWHM6_bold.nii.gz	<PROJECT_ROOT>/derivatives/fmriprep/sub-11/func/sub-11_task-heatpainwithregulationandratings_run-07_space-MNI152NLin2009cAsym_desc-preproc_bold.nii.gz	<PROJECT_ROOT>/derivatives/fmriprep/sub-11/func/sub-11_task-heatpainwithregulationandratings_run-07_space-MNI152NLin2009cAsym_desc-brain_mask.nii.gz	<PROJECT_ROOT>/derivatives/first_level_inputs_analysis/sub-11/run-07/events_long.tsv	<PROJECT_ROOT>/derivatives/first_level_inputs_analysis/sub-11/run-07/events_stim.tsv	<PROJECT_ROOT>/derivatives/first_level_inputs_analysis/sub-11/run-07/confounds_standard.tsv	True	True
sub-11	8	KEEP_WITH_WARNING	False	READY	OK	<PROJECT_ROOT>/derivatives/smoothed_fwhm6/sub-11/func/sub-11_task-heatpainwithregulationandratings_run-08_space-MNI152NLin2009cAsym_desc-smoothedFWHM6_bold.nii.gz	<PROJECT_ROOT>/derivatives/fmriprep/sub-11/func/sub-11_task-heatpainwithregulationandratings_run-08_space-MNI152NLin2009cAsym_desc-preproc_bold.nii.gz	<PROJECT_ROOT>/derivatives/fmriprep/sub-11/func/sub-11_task-heatpainwithregulationandratings_run-08_space-MNI152NLin2009cAsym_desc-brain_mask.nii.gz	<PROJECT_ROOT>/derivatives/first_level_inputs_analysis/sub-11/run-08/events_long.tsv	<PROJECT_ROOT>/derivatives/first_level_inputs_analysis/sub-11/run-08/events_stim.tsv	<PROJECT_ROOT>/derivatives/first_level_inputs_analysis/sub-11/run-08/confounds_standard.tsv	True	True
sub-11	9	KEEP	False	READY	OK	<PROJECT_ROOT>/derivatives/smoothed_fwhm6/sub-11/func/sub-11_task-heatpainwithregulationandratings_run-09_space-MNI152NLin2009cAsym_desc-smoothedFWHM6_bold.nii.gz	<PROJECT_ROOT>/derivatives/fmriprep/sub-11/func/sub-11_task-heatpainwithregulationandratings_run-09_space-MNI152NLin2009cAsym_desc-preproc_bold.nii.gz	<PROJECT_ROOT>/derivatives/fmriprep/sub-11/func/sub-11_task-heatpainwithregulationandratings_run-09_space-MNI152NLin2009cAsym_desc-brain_mask.nii.gz	<PROJECT_ROOT>/derivatives/first_level_inputs_analysis/sub-11/run-09/events_long.tsv	<PROJECT_ROOT>/derivatives/first_level_inputs_analysis/sub-11/run-09/events_stim.tsv	<PROJECT_ROOT>/derivatives/first_level_inputs_analysis/sub-11/run-09/confounds_standard.tsv	True	True
sub-12	1	KEEP_WITH_WARNING	False	READY	OK	<PROJECT_ROOT>/derivatives/smoothed_fwhm6/sub-12/func/sub-12_task-heatpainwithregulationandratings_run-01_space-MNI152NLin2009cAsym_desc-smoothedFWHM6_bold.nii.gz	<PROJECT_ROOT>/derivatives/fmriprep/sub-12/func/sub-12_task-heatpainwithregulationandratings_run-01_space-MNI152NLin2009cAsym_desc-preproc_bold.nii.gz	<PROJECT_ROOT>/derivatives/fmriprep/sub-12/func/sub-12_task-heatpainwithregulationandratings_run-01_space-MNI152NLin2009cAsym_desc-brain_mask.nii.gz	<PROJECT_ROOT>/derivatives/first_level_inputs_analysis/sub-12/run-01/events_long.tsv	<PROJECT_ROOT>/derivatives/first_level_inputs_analysis/sub-12/run-01/events_stim.tsv	<PROJECT_ROOT>/derivatives/first_level_inputs_analysis/sub-12/run-01/confounds_standard.tsv	True	True
sub-12	2	KEEP	False	READY	OK	<PROJECT_ROOT>/derivatives/smoothed_fwhm6/sub-12/func/sub-12_task-heatpainwithregulationandratings_run-02_space-MNI152NLin2009cAsym_desc-smoothedFWHM6_bold.nii.gz	<PROJECT_ROOT>/derivatives/fmriprep/sub-12/func/sub-12_task-heatpainwithregulationandratings_run-02_space-MNI152NLin2009cAsym_desc-preproc_bold.nii.gz	<PROJECT_ROOT>/derivatives/fmriprep/sub-12/func/sub-12_task-heatpainwithregulationandratings_run-02_space-MNI152NLin2009cAsym_desc-brain_mask.nii.gz	<PROJECT_ROOT>/derivatives/first_level_inputs_analysis/sub-12/run-02/events_long.tsv	<PROJECT_ROOT>/derivatives/first_level_inputs_analysis/sub-12/run-02/events_stim.tsv	<PROJECT_ROOT>/derivatives/first_level_inputs_analysis/sub-12/run-02/confounds_standard.tsv	True	True
sub-12	3	KEEP	False	READY	OK	<PROJECT_ROOT>/derivatives/smoothed_fwhm6/sub-12/func/sub-12_task-heatpainwithregulationandratings_run-03_space-MNI152NLin2009cAsym_desc-smoothedFWHM6_bold.nii.gz	<PROJECT_ROOT>/derivatives/fmriprep/sub-12/func/sub-12_task-heatpainwithregulationandratings_run-03_space-MNI152NLin2009cAsym_desc-preproc_bold.nii.gz	<PROJECT_ROOT>/derivatives/fmriprep/sub-12/func/sub-12_task-heatpainwithregulationandratings_run-03_space-MNI152NLin2009cAsym_desc-brain_mask.nii.gz	<PROJECT_ROOT>/derivatives/first_level_inputs_analysis/sub-12/run-03/events_long.tsv	<PROJECT_ROOT>/derivatives/first_level_inputs_analysis/sub-12/run-03/events_stim.tsv	<PROJECT_ROOT>/derivatives/first_level_inputs_analysis/sub-12/run-03/confounds_standard.tsv	True	True
sub-12	4	KEEP_WITH_WARNING	False	READY	OK	<PROJECT_ROOT>/derivatives/smoothed_fwhm6/sub-12/func/sub-12_task-heatpainwithregulationandratings_run-04_space-MNI152NLin2009cAsym_desc-smoothedFWHM6_bold.nii.gz	<PROJECT_ROOT>/derivatives/fmriprep/sub-12/func/sub-12_task-heatpainwithregulationandratings_run-04_space-MNI152NLin2009cAsym_desc-preproc_bold.nii.gz	<PROJECT_ROOT>/derivatives/fmriprep/sub-12/func/sub-12_task-heatpainwithregulationandratings_run-04_space-MNI152NLin2009cAsym_desc-brain_mask.nii.gz	<PROJECT_ROOT>/derivatives/first_level_inputs_analysis/sub-12/run-04/events_long.tsv	<PROJECT_ROOT>/derivatives/first_level_inputs_analysis/sub-12/run-04/events_stim.tsv	<PROJECT_ROOT>/derivatives/first_level_inputs_analysis/sub-12/run-04/confounds_standard.tsv	True	True
sub-12	5	KEEP_WITH_WARNING	False	READY	OK	<PROJECT_ROOT>/derivatives/smoothed_fwhm6/sub-12/func/sub-12_task-heatpainwithregulationandratings_run-05_space-MNI152NLin2009cAsym_desc-smoothedFWHM6_bold.nii.gz	<PROJECT_ROOT>/derivatives/fmriprep/sub-12/func/sub-12_task-heatpainwithregulationandratings_run-05_space-MNI152NLin2009cAsym_desc-preproc_bold.nii.gz	<PROJECT_ROOT>/derivatives/fmriprep/sub-12/func/sub-12_task-heatpainwithregulationandratings_run-05_space-MNI152NLin2009cAsym_desc-brain_mask.nii.gz	<PROJECT_ROOT>/derivatives/first_level_inputs_analysis/sub-12/run-05/events_long.tsv	<PROJECT_ROOT>/derivatives/first_level_inputs_analysis/sub-12/run-05/events_stim.tsv	<PROJECT_ROOT>/derivatives/first_level_inputs_analysis/sub-12/run-05/confounds_standard.tsv	True	True
sub-12	6	KEEP_WITH_WARNING	False	READY	OK	<PROJECT_ROOT>/derivatives/smoothed_fwhm6/sub-12/func/sub-12_task-heatpainwithregulationandratings_run-06_space-MNI152NLin2009cAsym_desc-smoothedFWHM6_bold.nii.gz	<PROJECT_ROOT>/derivatives/fmriprep/sub-12/func/sub-12_task-heatpainwithregulationandratings_run-06_space-MNI152NLin2009cAsym_desc-preproc_bold.nii.gz	<PROJECT_ROOT>/derivatives/fmriprep/sub-12/func/sub-12_task-heatpainwithregulationandratings_run-06_space-MNI152NLin2009cAsym_desc-brain_mask.nii.gz	<PROJECT_ROOT>/derivatives/first_level_inputs_analysis/sub-12/run-06/events_long.tsv	<PROJECT_ROOT>/derivatives/first_level_inputs_analysis/sub-12/run-06/events_stim.tsv	<PROJECT_ROOT>/derivatives/first_level_inputs_analysis/sub-12/run-06/confounds_standard.tsv	True	True
sub-12	7	KEEP_WITH_WARNING	False	READY	OK	<PROJECT_ROOT>/derivatives/smoothed_fwhm6/sub-12/func/sub-12_task-heatpainwithregulationandratings_run-07_space-MNI152NLin2009cAsym_desc-smoothedFWHM6_bold.nii.gz	<PROJECT_ROOT>/derivatives/fmriprep/sub-12/func/sub-12_task-heatpainwithregulationandratings_run-07_space-MNI152NLin2009cAsym_desc-preproc_bold.nii.gz	<PROJECT_ROOT>/derivatives/fmriprep/sub-12/func/sub-12_task-heatpainwithregulationandratings_run-07_space-MNI152NLin2009cAsym_desc-brain_mask.nii.gz	<PROJECT_ROOT>/derivatives/first_level_inputs_analysis/sub-12/run-07/events_long.tsv	<PROJECT_ROOT>/derivatives/first_level_inputs_analysis/sub-12/run-07/events_stim.tsv	<PROJECT_ROOT>/derivatives/first_level_inputs_analysis/sub-12/run-07/confounds_standard.tsv	True	True
sub-12	8	KEEP_FOR_MAIN_BUT_SENSITIVITY_EXCLUDE_CANDIDATE	True	READY	OK	<PROJECT_ROOT>/derivatives/smoothed_fwhm6/sub-12/func/sub-12_task-heatpainwithregulationandratings_run-08_space-MNI152NLin2009cAsym_desc-smoothedFWHM6_bold.nii.gz	<PROJECT_ROOT>/derivatives/fmriprep/sub-12/func/sub-12_task-heatpainwithregulationandratings_run-08_space-MNI152NLin2009cAsym_desc-preproc_bold.nii.gz	<PROJECT_ROOT>/derivatives/fmriprep/sub-12/func/sub-12_task-heatpainwithregulationandratings_run-08_space-MNI152NLin2009cAsym_desc-brain_mask.nii.gz	<PROJECT_ROOT>/derivatives/first_level_inputs_analysis/sub-12/run-08/events_long.tsv	<PROJECT_ROOT>/derivatives/first_level_inputs_analysis/sub-12/run-08/events_stim.tsv	<PROJECT_ROOT>/derivatives/first_level_inputs_analysis/sub-12/run-08/confounds_standard.tsv	True	False
sub-12	9	KEEP_FOR_MAIN_BUT_SENSITIVITY_EXCLUDE_CANDIDATE	True	READY	OK	<PROJECT_ROOT>/derivatives/smoothed_fwhm6/sub-12/func/sub-12_task-heatpainwithregulationandratings_run-09_space-MNI152NLin2009cAsym_desc-smoothedFWHM6_bold.nii.gz	<PROJECT_ROOT>/derivatives/fmriprep/sub-12/func/sub-12_task-heatpainwithregulationandratings_run-09_space-MNI152NLin2009cAsym_desc-preproc_bold.nii.gz	<PROJECT_ROOT>/derivatives/fmriprep/sub-12/func/sub-12_task-heatpainwithregulationandratings_run-09_space-MNI152NLin2009cAsym_desc-brain_mask.nii.gz	<PROJECT_ROOT>/derivatives/first_level_inputs_analysis/sub-12/run-09/events_long.tsv	<PROJECT_ROOT>/derivatives/first_level_inputs_analysis/sub-12/run-09/events_stim.tsv	<PROJECT_ROOT>/derivatives/first_level_inputs_analysis/sub-12/run-09/confounds_standard.tsv	True	False
sub-13	1	KEEP_FOR_MAIN_BUT_SENSITIVITY_EXCLUDE_CANDIDATE	True	READY	OK	<PROJECT_ROOT>/derivatives/smoothed_fwhm6/sub-13/func/sub-13_task-heatpainwithregulationandratings_run-01_space-MNI152NLin2009cAsym_desc-smoothedFWHM6_bold.nii.gz	<PROJECT_ROOT>/derivatives/fmriprep/sub-13/func/sub-13_task-heatpainwithregulationandratings_run-01_space-MNI152NLin2009cAsym_desc-preproc_bold.nii.gz	<PROJECT_ROOT>/derivatives/fmriprep/sub-13/func/sub-13_task-heatpainwithregulationandratings_run-01_space-MNI152NLin2009cAsym_desc-brain_mask.nii.gz	<PROJECT_ROOT>/derivatives/first_level_inputs_analysis/sub-13/run-01/events_long.tsv	<PROJECT_ROOT>/derivatives/first_level_inputs_analysis/sub-13/run-01/events_stim.tsv	<PROJECT_ROOT>/derivatives/first_level_inputs_analysis/sub-13/run-01/confounds_standard.tsv	True	False
sub-13	2	KEEP_FOR_MAIN_BUT_SENSITIVITY_EXCLUDE_CANDIDATE	True	READY	OK	<PROJECT_ROOT>/derivatives/smoothed_fwhm6/sub-13/func/sub-13_task-heatpainwithregulationandratings_run-02_space-MNI152NLin2009cAsym_desc-smoothedFWHM6_bold.nii.gz	<PROJECT_ROOT>/derivatives/fmriprep/sub-13/func/sub-13_task-heatpainwithregulationandratings_run-02_space-MNI152NLin2009cAsym_desc-preproc_bold.nii.gz	<PROJECT_ROOT>/derivatives/fmriprep/sub-13/func/sub-13_task-heatpainwithregulationandratings_run-02_space-MNI152NLin2009cAsym_desc-brain_mask.nii.gz	<PROJECT_ROOT>/derivatives/first_level_inputs_analysis/sub-13/run-02/events_long.tsv	<PROJECT_ROOT>/derivatives/first_level_inputs_analysis/sub-13/run-02/events_stim.tsv	<PROJECT_ROOT>/derivatives/first_level_inputs_analysis/sub-13/run-02/confounds_standard.tsv	True	False
sub-13	3	KEEP_WITH_WARNING	False	READY	OK	<PROJECT_ROOT>/derivatives/smoothed_fwhm6/sub-13/func/sub-13_task-heatpainwithregulationandratings_run-03_space-MNI152NLin2009cAsym_desc-smoothedFWHM6_bold.nii.gz	<PROJECT_ROOT>/derivatives/fmriprep/sub-13/func/sub-13_task-heatpainwithregulationandratings_run-03_space-MNI152NLin2009cAsym_desc-preproc_bold.nii.gz	<PROJECT_ROOT>/derivatives/fmriprep/sub-13/func/sub-13_task-heatpainwithregulationandratings_run-03_space-MNI152NLin2009cAsym_desc-brain_mask.nii.gz	<PROJECT_ROOT>/derivatives/first_level_inputs_analysis/sub-13/run-03/events_long.tsv	<PROJECT_ROOT>/derivatives/first_level_inputs_analysis/sub-13/run-03/events_stim.tsv	<PROJECT_ROOT>/derivatives/first_level_inputs_analysis/sub-13/run-03/confounds_standard.tsv	True	True
sub-13	4	KEEP_WITH_WARNING	False	READY	OK	<PROJECT_ROOT>/derivatives/smoothed_fwhm6/sub-13/func/sub-13_task-heatpainwithregulationandratings_run-04_space-MNI152NLin2009cAsym_desc-smoothedFWHM6_bold.nii.gz	<PROJECT_ROOT>/derivatives/fmriprep/sub-13/func/sub-13_task-heatpainwithregulationandratings_run-04_space-MNI152NLin2009cAsym_desc-preproc_bold.nii.gz	<PROJECT_ROOT>/derivatives/fmriprep/sub-13/func/sub-13_task-heatpainwithregulationandratings_run-04_space-MNI152NLin2009cAsym_desc-brain_mask.nii.gz	<PROJECT_ROOT>/derivatives/first_level_inputs_analysis/sub-13/run-04/events_long.tsv	<PROJECT_ROOT>/derivatives/first_level_inputs_analysis/sub-13/run-04/events_stim.tsv	<PROJECT_ROOT>/derivatives/first_level_inputs_analysis/sub-13/run-04/confounds_standard.tsv	True	True
sub-13	5	KEEP	False	READY	OK	<PROJECT_ROOT>/derivatives/smoothed_fwhm6/sub-13/func/sub-13_task-heatpainwithregulationandratings_run-05_space-MNI152NLin2009cAsym_desc-smoothedFWHM6_bold.nii.gz	<PROJECT_ROOT>/derivatives/fmriprep/sub-13/func/sub-13_task-heatpainwithregulationandratings_run-05_space-MNI152NLin2009cAsym_desc-preproc_bold.nii.gz	<PROJECT_ROOT>/derivatives/fmriprep/sub-13/func/sub-13_task-heatpainwithregulationandratings_run-05_space-MNI152NLin2009cAsym_desc-brain_mask.nii.gz	<PROJECT_ROOT>/derivatives/first_level_inputs_analysis/sub-13/run-05/events_long.tsv	<PROJECT_ROOT>/derivatives/first_level_inputs_analysis/sub-13/run-05/events_stim.tsv	<PROJECT_ROOT>/derivatives/first_level_inputs_analysis/sub-13/run-05/confounds_standard.tsv	True	True
sub-13	6	KEEP_WITH_WARNING	False	READY	OK	<PROJECT_ROOT>/derivatives/smoothed_fwhm6/sub-13/func/sub-13_task-heatpainwithregulationandratings_run-06_space-MNI152NLin2009cAsym_desc-smoothedFWHM6_bold.nii.gz	<PROJECT_ROOT>/derivatives/fmriprep/sub-13/func/sub-13_task-heatpainwithregulationandratings_run-06_space-MNI152NLin2009cAsym_desc-preproc_bold.nii.gz	<PROJECT_ROOT>/derivatives/fmriprep/sub-13/func/sub-13_task-heatpainwithregulationandratings_run-06_space-MNI152NLin2009cAsym_desc-brain_mask.nii.gz	<PROJECT_ROOT>/derivatives/first_level_inputs_analysis/sub-13/run-06/events_long.tsv	<PROJECT_ROOT>/derivatives/first_level_inputs_analysis/sub-13/run-06/events_stim.tsv	<PROJECT_ROOT>/derivatives/first_level_inputs_analysis/sub-13/run-06/confounds_standard.tsv	True	True
sub-13	7	KEEP_FOR_MAIN_BUT_SENSITIVITY_EXCLUDE_CANDIDATE	True	READY	OK	<PROJECT_ROOT>/derivatives/smoothed_fwhm6/sub-13/func/sub-13_task-heatpainwithregulationandratings_run-07_space-MNI152NLin2009cAsym_desc-smoothedFWHM6_bold.nii.gz	<PROJECT_ROOT>/derivatives/fmriprep/sub-13/func/sub-13_task-heatpainwithregulationandratings_run-07_space-MNI152NLin2009cAsym_desc-preproc_bold.nii.gz	<PROJECT_ROOT>/derivatives/fmriprep/sub-13/func/sub-13_task-heatpainwithregulationandratings_run-07_space-MNI152NLin2009cAsym_desc-brain_mask.nii.gz	<PROJECT_ROOT>/derivatives/first_level_inputs_analysis/sub-13/run-07/events_long.tsv	<PROJECT_ROOT>/derivatives/first_level_inputs_analysis/sub-13/run-07/events_stim.tsv	<PROJECT_ROOT>/derivatives/first_level_inputs_analysis/sub-13/run-07/confounds_standard.tsv	True	False
sub-13	8	KEEP	False	READY	OK	<PROJECT_ROOT>/derivatives/smoothed_fwhm6/sub-13/func/sub-13_task-heatpainwithregulationandratings_run-08_space-MNI152NLin2009cAsym_desc-smoothedFWHM6_bold.nii.gz	<PROJECT_ROOT>/derivatives/fmriprep/sub-13/func/sub-13_task-heatpainwithregulationandratings_run-08_space-MNI152NLin2009cAsym_desc-preproc_bold.nii.gz	<PROJECT_ROOT>/derivatives/fmriprep/sub-13/func/sub-13_task-heatpainwithregulationandratings_run-08_space-MNI152NLin2009cAsym_desc-brain_mask.nii.gz	<PROJECT_ROOT>/derivatives/first_level_inputs_analysis/sub-13/run-08/events_long.tsv	<PROJECT_ROOT>/derivatives/first_level_inputs_analysis/sub-13/run-08/events_stim.tsv	<PROJECT_ROOT>/derivatives/first_level_inputs_analysis/sub-13/run-08/confounds_standard.tsv	True	True
sub-13	9	KEEP_WITH_WARNING	False	READY	OK	<PROJECT_ROOT>/derivatives/smoothed_fwhm6/sub-13/func/sub-13_task-heatpainwithregulationandratings_run-09_space-MNI152NLin2009cAsym_desc-smoothedFWHM6_bold.nii.gz	<PROJECT_ROOT>/derivatives/fmriprep/sub-13/func/sub-13_task-heatpainwithregulationandratings_run-09_space-MNI152NLin2009cAsym_desc-preproc_bold.nii.gz	<PROJECT_ROOT>/derivatives/fmriprep/sub-13/func/sub-13_task-heatpainwithregulationandratings_run-09_space-MNI152NLin2009cAsym_desc-brain_mask.nii.gz	<PROJECT_ROOT>/derivatives/first_level_inputs_analysis/sub-13/run-09/events_long.tsv	<PROJECT_ROOT>/derivatives/first_level_inputs_analysis/sub-13/run-09/events_stim.tsv	<PROJECT_ROOT>/derivatives/first_level_inputs_analysis/sub-13/run-09/confounds_standard.tsv	True	True
sub-14	1	KEEP	False	READY	OK	<PROJECT_ROOT>/derivatives/smoothed_fwhm6/sub-14/func/sub-14_task-heatpainwithregulationandratings_run-01_space-MNI152NLin2009cAsym_desc-smoothedFWHM6_bold.nii.gz	<PROJECT_ROOT>/derivatives/fmriprep/sub-14/func/sub-14_task-heatpainwithregulationandratings_run-01_space-MNI152NLin2009cAsym_desc-preproc_bold.nii.gz	<PROJECT_ROOT>/derivatives/fmriprep/sub-14/func/sub-14_task-heatpainwithregulationandratings_run-01_space-MNI152NLin2009cAsym_desc-brain_mask.nii.gz	<PROJECT_ROOT>/derivatives/first_level_inputs_analysis/sub-14/run-01/events_long.tsv	<PROJECT_ROOT>/derivatives/first_level_inputs_analysis/sub-14/run-01/events_stim.tsv	<PROJECT_ROOT>/derivatives/first_level_inputs_analysis/sub-14/run-01/confounds_standard.tsv	True	True
sub-14	2	KEEP_WITH_WARNING	False	READY	OK	<PROJECT_ROOT>/derivatives/smoothed_fwhm6/sub-14/func/sub-14_task-heatpainwithregulationandratings_run-02_space-MNI152NLin2009cAsym_desc-smoothedFWHM6_bold.nii.gz	<PROJECT_ROOT>/derivatives/fmriprep/sub-14/func/sub-14_task-heatpainwithregulationandratings_run-02_space-MNI152NLin2009cAsym_desc-preproc_bold.nii.gz	<PROJECT_ROOT>/derivatives/fmriprep/sub-14/func/sub-14_task-heatpainwithregulationandratings_run-02_space-MNI152NLin2009cAsym_desc-brain_mask.nii.gz	<PROJECT_ROOT>/derivatives/first_level_inputs_analysis/sub-14/run-02/events_long.tsv	<PROJECT_ROOT>/derivatives/first_level_inputs_analysis/sub-14/run-02/events_stim.tsv	<PROJECT_ROOT>/derivatives/first_level_inputs_analysis/sub-14/run-02/confounds_standard.tsv	True	True
sub-14	3	KEEP	False	READY	OK	<PROJECT_ROOT>/derivatives/smoothed_fwhm6/sub-14/func/sub-14_task-heatpainwithregulationandratings_run-03_space-MNI152NLin2009cAsym_desc-smoothedFWHM6_bold.nii.gz	<PROJECT_ROOT>/derivatives/fmriprep/sub-14/func/sub-14_task-heatpainwithregulationandratings_run-03_space-MNI152NLin2009cAsym_desc-preproc_bold.nii.gz	<PROJECT_ROOT>/derivatives/fmriprep/sub-14/func/sub-14_task-heatpainwithregulationandratings_run-03_space-MNI152NLin2009cAsym_desc-brain_mask.nii.gz	<PROJECT_ROOT>/derivatives/first_level_inputs_analysis/sub-14/run-03/events_long.tsv	<PROJECT_ROOT>/derivatives/first_level_inputs_analysis/sub-14/run-03/events_stim.tsv	<PROJECT_ROOT>/derivatives/first_level_inputs_analysis/sub-14/run-03/confounds_standard.tsv	True	True
sub-14	4	KEEP_FOR_MAIN_BUT_SENSITIVITY_EXCLUDE_CANDIDATE	True	READY	OK	<PROJECT_ROOT>/derivatives/smoothed_fwhm6/sub-14/func/sub-14_task-heatpainwithregulationandratings_run-04_space-MNI152NLin2009cAsym_desc-smoothedFWHM6_bold.nii.gz	<PROJECT_ROOT>/derivatives/fmriprep/sub-14/func/sub-14_task-heatpainwithregulationandratings_run-04_space-MNI152NLin2009cAsym_desc-preproc_bold.nii.gz	<PROJECT_ROOT>/derivatives/fmriprep/sub-14/func/sub-14_task-heatpainwithregulationandratings_run-04_space-MNI152NLin2009cAsym_desc-brain_mask.nii.gz	<PROJECT_ROOT>/derivatives/first_level_inputs_analysis/sub-14/run-04/events_long.tsv	<PROJECT_ROOT>/derivatives/first_level_inputs_analysis/sub-14/run-04/events_stim.tsv	<PROJECT_ROOT>/derivatives/first_level_inputs_analysis/sub-14/run-04/confounds_standard.tsv	True	False
sub-14	5	KEEP_FOR_MAIN_BUT_SENSITIVITY_EXCLUDE_CANDIDATE	True	READY	OK	<PROJECT_ROOT>/derivatives/smoothed_fwhm6/sub-14/func/sub-14_task-heatpainwithregulationandratings_run-05_space-MNI152NLin2009cAsym_desc-smoothedFWHM6_bold.nii.gz	<PROJECT_ROOT>/derivatives/fmriprep/sub-14/func/sub-14_task-heatpainwithregulationandratings_run-05_space-MNI152NLin2009cAsym_desc-preproc_bold.nii.gz	<PROJECT_ROOT>/derivatives/fmriprep/sub-14/func/sub-14_task-heatpainwithregulationandratings_run-05_space-MNI152NLin2009cAsym_desc-brain_mask.nii.gz	<PROJECT_ROOT>/derivatives/first_level_inputs_analysis/sub-14/run-05/events_long.tsv	<PROJECT_ROOT>/derivatives/first_level_inputs_analysis/sub-14/run-05/events_stim.tsv	<PROJECT_ROOT>/derivatives/first_level_inputs_analysis/sub-14/run-05/confounds_standard.tsv	True	False
sub-14	6	KEEP_WITH_WARNING	False	READY	OK	<PROJECT_ROOT>/derivatives/smoothed_fwhm6/sub-14/func/sub-14_task-heatpainwithregulationandratings_run-06_space-MNI152NLin2009cAsym_desc-smoothedFWHM6_bold.nii.gz	<PROJECT_ROOT>/derivatives/fmriprep/sub-14/func/sub-14_task-heatpainwithregulationandratings_run-06_space-MNI152NLin2009cAsym_desc-preproc_bold.nii.gz	<PROJECT_ROOT>/derivatives/fmriprep/sub-14/func/sub-14_task-heatpainwithregulationandratings_run-06_space-MNI152NLin2009cAsym_desc-brain_mask.nii.gz	<PROJECT_ROOT>/derivatives/first_level_inputs_analysis/sub-14/run-06/events_long.tsv	<PROJECT_ROOT>/derivatives/first_level_inputs_analysis/sub-14/run-06/events_stim.tsv	<PROJECT_ROOT>/derivatives/first_level_inputs_analysis/sub-14/run-06/confounds_standard.tsv	True	True
sub-14	7	KEEP	False	READY	OK	<PROJECT_ROOT>/derivatives/smoothed_fwhm6/sub-14/func/sub-14_task-heatpainwithregulationandratings_run-07_space-MNI152NLin2009cAsym_desc-smoothedFWHM6_bold.nii.gz	<PROJECT_ROOT>/derivatives/fmriprep/sub-14/func/sub-14_task-heatpainwithregulationandratings_run-07_space-MNI152NLin2009cAsym_desc-preproc_bold.nii.gz	<PROJECT_ROOT>/derivatives/fmriprep/sub-14/func/sub-14_task-heatpainwithregulationandratings_run-07_space-MNI152NLin2009cAsym_desc-brain_mask.nii.gz	<PROJECT_ROOT>/derivatives/first_level_inputs_analysis/sub-14/run-07/events_long.tsv	<PROJECT_ROOT>/derivatives/first_level_inputs_analysis/sub-14/run-07/events_stim.tsv	<PROJECT_ROOT>/derivatives/first_level_inputs_analysis/sub-14/run-07/confounds_standard.tsv	True	True
sub-14	8	KEEP_FOR_MAIN_BUT_SENSITIVITY_EXCLUDE_CANDIDATE	True	READY	OK	<PROJECT_ROOT>/derivatives/smoothed_fwhm6/sub-14/func/sub-14_task-heatpainwithregulationandratings_run-08_space-MNI152NLin2009cAsym_desc-smoothedFWHM6_bold.nii.gz	<PROJECT_ROOT>/derivatives/fmriprep/sub-14/func/sub-14_task-heatpainwithregulationandratings_run-08_space-MNI152NLin2009cAsym_desc-preproc_bold.nii.gz	<PROJECT_ROOT>/derivatives/fmriprep/sub-14/func/sub-14_task-heatpainwithregulationandratings_run-08_space-MNI152NLin2009cAsym_desc-brain_mask.nii.gz	<PROJECT_ROOT>/derivatives/first_level_inputs_analysis/sub-14/run-08/events_long.tsv	<PROJECT_ROOT>/derivatives/first_level_inputs_analysis/sub-14/run-08/events_stim.tsv	<PROJECT_ROOT>/derivatives/first_level_inputs_analysis/sub-14/run-08/confounds_standard.tsv	True	False
sub-14	9	KEEP_FOR_MAIN_BUT_SENSITIVITY_EXCLUDE_CANDIDATE	True	READY	OK	<PROJECT_ROOT>/derivatives/smoothed_fwhm6/sub-14/func/sub-14_task-heatpainwithregulationandratings_run-09_space-MNI152NLin2009cAsym_desc-smoothedFWHM6_bold.nii.gz	<PROJECT_ROOT>/derivatives/fmriprep/sub-14/func/sub-14_task-heatpainwithregulationandratings_run-09_space-MNI152NLin2009cAsym_desc-preproc_bold.nii.gz	<PROJECT_ROOT>/derivatives/fmriprep/sub-14/func/sub-14_task-heatpainwithregulationandratings_run-09_space-MNI152NLin2009cAsym_desc-brain_mask.nii.gz	<PROJECT_ROOT>/derivatives/first_level_inputs_analysis/sub-14/run-09/events_long.tsv	<PROJECT_ROOT>/derivatives/first_level_inputs_analysis/sub-14/run-09/events_stim.tsv	<PROJECT_ROOT>/derivatives/first_level_inputs_analysis/sub-14/run-09/confounds_standard.tsv	True	False
sub-15	1	KEEP_WITH_WARNING	False	READY	OK	<PROJECT_ROOT>/derivatives/smoothed_fwhm6/sub-15/func/sub-15_task-heatpainwithregulationandratings_run-01_space-MNI152NLin2009cAsym_desc-smoothedFWHM6_bold.nii.gz	<PROJECT_ROOT>/derivatives/fmriprep/sub-15/func/sub-15_task-heatpainwithregulationandratings_run-01_space-MNI152NLin2009cAsym_desc-preproc_bold.nii.gz	<PROJECT_ROOT>/derivatives/fmriprep/sub-15/func/sub-15_task-heatpainwithregulationandratings_run-01_space-MNI152NLin2009cAsym_desc-brain_mask.nii.gz	<PROJECT_ROOT>/derivatives/first_level_inputs_analysis/sub-15/run-01/events_long.tsv	<PROJECT_ROOT>/derivatives/first_level_inputs_analysis/sub-15/run-01/events_stim.tsv	<PROJECT_ROOT>/derivatives/first_level_inputs_analysis/sub-15/run-01/confounds_standard.tsv	True	True
sub-15	2	KEEP_WITH_WARNING	False	READY	OK	<PROJECT_ROOT>/derivatives/smoothed_fwhm6/sub-15/func/sub-15_task-heatpainwithregulationandratings_run-02_space-MNI152NLin2009cAsym_desc-smoothedFWHM6_bold.nii.gz	<PROJECT_ROOT>/derivatives/fmriprep/sub-15/func/sub-15_task-heatpainwithregulationandratings_run-02_space-MNI152NLin2009cAsym_desc-preproc_bold.nii.gz	<PROJECT_ROOT>/derivatives/fmriprep/sub-15/func/sub-15_task-heatpainwithregulationandratings_run-02_space-MNI152NLin2009cAsym_desc-brain_mask.nii.gz	<PROJECT_ROOT>/derivatives/first_level_inputs_analysis/sub-15/run-02/events_long.tsv	<PROJECT_ROOT>/derivatives/first_level_inputs_analysis/sub-15/run-02/events_stim.tsv	<PROJECT_ROOT>/derivatives/first_level_inputs_analysis/sub-15/run-02/confounds_standard.tsv	True	True
sub-15	3	KEEP_WITH_WARNING	False	READY	OK	<PROJECT_ROOT>/derivatives/smoothed_fwhm6/sub-15/func/sub-15_task-heatpainwithregulationandratings_run-03_space-MNI152NLin2009cAsym_desc-smoothedFWHM6_bold.nii.gz	<PROJECT_ROOT>/derivatives/fmriprep/sub-15/func/sub-15_task-heatpainwithregulationandratings_run-03_space-MNI152NLin2009cAsym_desc-preproc_bold.nii.gz	<PROJECT_ROOT>/derivatives/fmriprep/sub-15/func/sub-15_task-heatpainwithregulationandratings_run-03_space-MNI152NLin2009cAsym_desc-brain_mask.nii.gz	<PROJECT_ROOT>/derivatives/first_level_inputs_analysis/sub-15/run-03/events_long.tsv	<PROJECT_ROOT>/derivatives/first_level_inputs_analysis/sub-15/run-03/events_stim.tsv	<PROJECT_ROOT>/derivatives/first_level_inputs_analysis/sub-15/run-03/confounds_standard.tsv	True	True
sub-15	4	KEEP	False	READY	OK	<PROJECT_ROOT>/derivatives/smoothed_fwhm6/sub-15/func/sub-15_task-heatpainwithregulationandratings_run-04_space-MNI152NLin2009cAsym_desc-smoothedFWHM6_bold.nii.gz	<PROJECT_ROOT>/derivatives/fmriprep/sub-15/func/sub-15_task-heatpainwithregulationandratings_run-04_space-MNI152NLin2009cAsym_desc-preproc_bold.nii.gz	<PROJECT_ROOT>/derivatives/fmriprep/sub-15/func/sub-15_task-heatpainwithregulationandratings_run-04_space-MNI152NLin2009cAsym_desc-brain_mask.nii.gz	<PROJECT_ROOT>/derivatives/first_level_inputs_analysis/sub-15/run-04/events_long.tsv	<PROJECT_ROOT>/derivatives/first_level_inputs_analysis/sub-15/run-04/events_stim.tsv	<PROJECT_ROOT>/derivatives/first_level_inputs_analysis/sub-15/run-04/confounds_standard.tsv	True	True
sub-15	5	KEEP_WITH_WARNING	False	READY	OK	<PROJECT_ROOT>/derivatives/smoothed_fwhm6/sub-15/func/sub-15_task-heatpainwithregulationandratings_run-05_space-MNI152NLin2009cAsym_desc-smoothedFWHM6_bold.nii.gz	<PROJECT_ROOT>/derivatives/fmriprep/sub-15/func/sub-15_task-heatpainwithregulationandratings_run-05_space-MNI152NLin2009cAsym_desc-preproc_bold.nii.gz	<PROJECT_ROOT>/derivatives/fmriprep/sub-15/func/sub-15_task-heatpainwithregulationandratings_run-05_space-MNI152NLin2009cAsym_desc-brain_mask.nii.gz	<PROJECT_ROOT>/derivatives/first_level_inputs_analysis/sub-15/run-05/events_long.tsv	<PROJECT_ROOT>/derivatives/first_level_inputs_analysis/sub-15/run-05/events_stim.tsv	<PROJECT_ROOT>/derivatives/first_level_inputs_analysis/sub-15/run-05/confounds_standard.tsv	True	True
sub-15	6	KEEP	False	READY	OK	<PROJECT_ROOT>/derivatives/smoothed_fwhm6/sub-15/func/sub-15_task-heatpainwithregulationandratings_run-06_space-MNI152NLin2009cAsym_desc-smoothedFWHM6_bold.nii.gz	<PROJECT_ROOT>/derivatives/fmriprep/sub-15/func/sub-15_task-heatpainwithregulationandratings_run-06_space-MNI152NLin2009cAsym_desc-preproc_bold.nii.gz	<PROJECT_ROOT>/derivatives/fmriprep/sub-15/func/sub-15_task-heatpainwithregulationandratings_run-06_space-MNI152NLin2009cAsym_desc-brain_mask.nii.gz	<PROJECT_ROOT>/derivatives/first_level_inputs_analysis/sub-15/run-06/events_long.tsv	<PROJECT_ROOT>/derivatives/first_level_inputs_analysis/sub-15/run-06/events_stim.tsv	<PROJECT_ROOT>/derivatives/first_level_inputs_analysis/sub-15/run-06/confounds_standard.tsv	True	True
sub-15	7	KEEP_FOR_MAIN_BUT_SENSITIVITY_EXCLUDE_CANDIDATE	True	READY	OK	<PROJECT_ROOT>/derivatives/smoothed_fwhm6/sub-15/func/sub-15_task-heatpainwithregulationandratings_run-07_space-MNI152NLin2009cAsym_desc-smoothedFWHM6_bold.nii.gz	<PROJECT_ROOT>/derivatives/fmriprep/sub-15/func/sub-15_task-heatpainwithregulationandratings_run-07_space-MNI152NLin2009cAsym_desc-preproc_bold.nii.gz	<PROJECT_ROOT>/derivatives/fmriprep/sub-15/func/sub-15_task-heatpainwithregulationandratings_run-07_space-MNI152NLin2009cAsym_desc-brain_mask.nii.gz	<PROJECT_ROOT>/derivatives/first_level_inputs_analysis/sub-15/run-07/events_long.tsv	<PROJECT_ROOT>/derivatives/first_level_inputs_analysis/sub-15/run-07/events_stim.tsv	<PROJECT_ROOT>/derivatives/first_level_inputs_analysis/sub-15/run-07/confounds_standard.tsv	True	False
sub-15	8	KEEP_WITH_WARNING	False	READY	OK	<PROJECT_ROOT>/derivatives/smoothed_fwhm6/sub-15/func/sub-15_task-heatpainwithregulationandratings_run-08_space-MNI152NLin2009cAsym_desc-smoothedFWHM6_bold.nii.gz	<PROJECT_ROOT>/derivatives/fmriprep/sub-15/func/sub-15_task-heatpainwithregulationandratings_run-08_space-MNI152NLin2009cAsym_desc-preproc_bold.nii.gz	<PROJECT_ROOT>/derivatives/fmriprep/sub-15/func/sub-15_task-heatpainwithregulationandratings_run-08_space-MNI152NLin2009cAsym_desc-brain_mask.nii.gz	<PROJECT_ROOT>/derivatives/first_level_inputs_analysis/sub-15/run-08/events_long.tsv	<PROJECT_ROOT>/derivatives/first_level_inputs_analysis/sub-15/run-08/events_stim.tsv	<PROJECT_ROOT>/derivatives/first_level_inputs_analysis/sub-15/run-08/confounds_standard.tsv	True	True
sub-15	9	KEEP_FOR_MAIN_BUT_SENSITIVITY_EXCLUDE_CANDIDATE	True	READY	OK	<PROJECT_ROOT>/derivatives/smoothed_fwhm6/sub-15/func/sub-15_task-heatpainwithregulationandratings_run-09_space-MNI152NLin2009cAsym_desc-smoothedFWHM6_bold.nii.gz	<PROJECT_ROOT>/derivatives/fmriprep/sub-15/func/sub-15_task-heatpainwithregulationandratings_run-09_space-MNI152NLin2009cAsym_desc-preproc_bold.nii.gz	<PROJECT_ROOT>/derivatives/fmriprep/sub-15/func/sub-15_task-heatpainwithregulationandratings_run-09_space-MNI152NLin2009cAsym_desc-brain_mask.nii.gz	<PROJECT_ROOT>/derivatives/first_level_inputs_analysis/sub-15/run-09/events_long.tsv	<PROJECT_ROOT>/derivatives/first_level_inputs_analysis/sub-15/run-09/events_stim.tsv	<PROJECT_ROOT>/derivatives/first_level_inputs_analysis/sub-15/run-09/confounds_standard.tsv	True	False
sub-16	1	KEEP	False	READY	OK	<PROJECT_ROOT>/derivatives/smoothed_fwhm6/sub-16/func/sub-16_task-heatpainwithregulationandratings_run-01_space-MNI152NLin2009cAsym_desc-smoothedFWHM6_bold.nii.gz	<PROJECT_ROOT>/derivatives/fmriprep/sub-16/func/sub-16_task-heatpainwithregulationandratings_run-01_space-MNI152NLin2009cAsym_desc-preproc_bold.nii.gz	<PROJECT_ROOT>/derivatives/fmriprep/sub-16/func/sub-16_task-heatpainwithregulationandratings_run-01_space-MNI152NLin2009cAsym_desc-brain_mask.nii.gz	<PROJECT_ROOT>/derivatives/first_level_inputs_analysis/sub-16/run-01/events_long.tsv	<PROJECT_ROOT>/derivatives/first_level_inputs_analysis/sub-16/run-01/events_stim.tsv	<PROJECT_ROOT>/derivatives/first_level_inputs_analysis/sub-16/run-01/confounds_standard.tsv	True	True
sub-16	2	KEEP_FOR_MAIN_BUT_SENSITIVITY_EXCLUDE_CANDIDATE	True	READY	OK	<PROJECT_ROOT>/derivatives/smoothed_fwhm6/sub-16/func/sub-16_task-heatpainwithregulationandratings_run-02_space-MNI152NLin2009cAsym_desc-smoothedFWHM6_bold.nii.gz	<PROJECT_ROOT>/derivatives/fmriprep/sub-16/func/sub-16_task-heatpainwithregulationandratings_run-02_space-MNI152NLin2009cAsym_desc-preproc_bold.nii.gz	<PROJECT_ROOT>/derivatives/fmriprep/sub-16/func/sub-16_task-heatpainwithregulationandratings_run-02_space-MNI152NLin2009cAsym_desc-brain_mask.nii.gz	<PROJECT_ROOT>/derivatives/first_level_inputs_analysis/sub-16/run-02/events_long.tsv	<PROJECT_ROOT>/derivatives/first_level_inputs_analysis/sub-16/run-02/events_stim.tsv	<PROJECT_ROOT>/derivatives/first_level_inputs_analysis/sub-16/run-02/confounds_standard.tsv	True	False
sub-16	3	KEEP	False	READY	OK	<PROJECT_ROOT>/derivatives/smoothed_fwhm6/sub-16/func/sub-16_task-heatpainwithregulationandratings_run-03_space-MNI152NLin2009cAsym_desc-smoothedFWHM6_bold.nii.gz	<PROJECT_ROOT>/derivatives/fmriprep/sub-16/func/sub-16_task-heatpainwithregulationandratings_run-03_space-MNI152NLin2009cAsym_desc-preproc_bold.nii.gz	<PROJECT_ROOT>/derivatives/fmriprep/sub-16/func/sub-16_task-heatpainwithregulationandratings_run-03_space-MNI152NLin2009cAsym_desc-brain_mask.nii.gz	<PROJECT_ROOT>/derivatives/first_level_inputs_analysis/sub-16/run-03/events_long.tsv	<PROJECT_ROOT>/derivatives/first_level_inputs_analysis/sub-16/run-03/events_stim.tsv	<PROJECT_ROOT>/derivatives/first_level_inputs_analysis/sub-16/run-03/confounds_standard.tsv	True	True
sub-16	4	KEEP	False	READY	OK	<PROJECT_ROOT>/derivatives/smoothed_fwhm6/sub-16/func/sub-16_task-heatpainwithregulationandratings_run-04_space-MNI152NLin2009cAsym_desc-smoothedFWHM6_bold.nii.gz	<PROJECT_ROOT>/derivatives/fmriprep/sub-16/func/sub-16_task-heatpainwithregulationandratings_run-04_space-MNI152NLin2009cAsym_desc-preproc_bold.nii.gz	<PROJECT_ROOT>/derivatives/fmriprep/sub-16/func/sub-16_task-heatpainwithregulationandratings_run-04_space-MNI152NLin2009cAsym_desc-brain_mask.nii.gz	<PROJECT_ROOT>/derivatives/first_level_inputs_analysis/sub-16/run-04/events_long.tsv	<PROJECT_ROOT>/derivatives/first_level_inputs_analysis/sub-16/run-04/events_stim.tsv	<PROJECT_ROOT>/derivatives/first_level_inputs_analysis/sub-16/run-04/confounds_standard.tsv	True	True
sub-16	5	KEEP_FOR_MAIN_BUT_SENSITIVITY_EXCLUDE_CANDIDATE	True	READY	OK	<PROJECT_ROOT>/derivatives/smoothed_fwhm6/sub-16/func/sub-16_task-heatpainwithregulationandratings_run-05_space-MNI152NLin2009cAsym_desc-smoothedFWHM6_bold.nii.gz	<PROJECT_ROOT>/derivatives/fmriprep/sub-16/func/sub-16_task-heatpainwithregulationandratings_run-05_space-MNI152NLin2009cAsym_desc-preproc_bold.nii.gz	<PROJECT_ROOT>/derivatives/fmriprep/sub-16/func/sub-16_task-heatpainwithregulationandratings_run-05_space-MNI152NLin2009cAsym_desc-brain_mask.nii.gz	<PROJECT_ROOT>/derivatives/first_level_inputs_analysis/sub-16/run-05/events_long.tsv	<PROJECT_ROOT>/derivatives/first_level_inputs_analysis/sub-16/run-05/events_stim.tsv	<PROJECT_ROOT>/derivatives/first_level_inputs_analysis/sub-16/run-05/confounds_standard.tsv	True	False
sub-16	6	KEEP_FOR_MAIN_BUT_SENSITIVITY_EXCLUDE_CANDIDATE	True	READY	OK	<PROJECT_ROOT>/derivatives/smoothed_fwhm6/sub-16/func/sub-16_task-heatpainwithregulationandratings_run-06_space-MNI152NLin2009cAsym_desc-smoothedFWHM6_bold.nii.gz	<PROJECT_ROOT>/derivatives/fmriprep/sub-16/func/sub-16_task-heatpainwithregulationandratings_run-06_space-MNI152NLin2009cAsym_desc-preproc_bold.nii.gz	<PROJECT_ROOT>/derivatives/fmriprep/sub-16/func/sub-16_task-heatpainwithregulationandratings_run-06_space-MNI152NLin2009cAsym_desc-brain_mask.nii.gz	<PROJECT_ROOT>/derivatives/first_level_inputs_analysis/sub-16/run-06/events_long.tsv	<PROJECT_ROOT>/derivatives/first_level_inputs_analysis/sub-16/run-06/events_stim.tsv	<PROJECT_ROOT>/derivatives/first_level_inputs_analysis/sub-16/run-06/confounds_standard.tsv	True	False
sub-16	7	KEEP	False	READY	OK	<PROJECT_ROOT>/derivatives/smoothed_fwhm6/sub-16/func/sub-16_task-heatpainwithregulationandratings_run-07_space-MNI152NLin2009cAsym_desc-smoothedFWHM6_bold.nii.gz	<PROJECT_ROOT>/derivatives/fmriprep/sub-16/func/sub-16_task-heatpainwithregulationandratings_run-07_space-MNI152NLin2009cAsym_desc-preproc_bold.nii.gz	<PROJECT_ROOT>/derivatives/fmriprep/sub-16/func/sub-16_task-heatpainwithregulationandratings_run-07_space-MNI152NLin2009cAsym_desc-brain_mask.nii.gz	<PROJECT_ROOT>/derivatives/first_level_inputs_analysis/sub-16/run-07/events_long.tsv	<PROJECT_ROOT>/derivatives/first_level_inputs_analysis/sub-16/run-07/events_stim.tsv	<PROJECT_ROOT>/derivatives/first_level_inputs_analysis/sub-16/run-07/confounds_standard.tsv	True	True
sub-16	8	KEEP_FOR_MAIN_BUT_SENSITIVITY_EXCLUDE_CANDIDATE	True	READY	OK	<PROJECT_ROOT>/derivatives/smoothed_fwhm6/sub-16/func/sub-16_task-heatpainwithregulationandratings_run-08_space-MNI152NLin2009cAsym_desc-smoothedFWHM6_bold.nii.gz	<PROJECT_ROOT>/derivatives/fmriprep/sub-16/func/sub-16_task-heatpainwithregulationandratings_run-08_space-MNI152NLin2009cAsym_desc-preproc_bold.nii.gz	<PROJECT_ROOT>/derivatives/fmriprep/sub-16/func/sub-16_task-heatpainwithregulationandratings_run-08_space-MNI152NLin2009cAsym_desc-brain_mask.nii.gz	<PROJECT_ROOT>/derivatives/first_level_inputs_analysis/sub-16/run-08/events_long.tsv	<PROJECT_ROOT>/derivatives/first_level_inputs_analysis/sub-16/run-08/events_stim.tsv	<PROJECT_ROOT>/derivatives/first_level_inputs_analysis/sub-16/run-08/confounds_standard.tsv	True	False
sub-16	9	KEEP_FOR_MAIN_BUT_SENSITIVITY_EXCLUDE_CANDIDATE	True	READY	OK	<PROJECT_ROOT>/derivatives/smoothed_fwhm6/sub-16/func/sub-16_task-heatpainwithregulationandratings_run-09_space-MNI152NLin2009cAsym_desc-smoothedFWHM6_bold.nii.gz	<PROJECT_ROOT>/derivatives/fmriprep/sub-16/func/sub-16_task-heatpainwithregulationandratings_run-09_space-MNI152NLin2009cAsym_desc-preproc_bold.nii.gz	<PROJECT_ROOT>/derivatives/fmriprep/sub-16/func/sub-16_task-heatpainwithregulationandratings_run-09_space-MNI152NLin2009cAsym_desc-brain_mask.nii.gz	<PROJECT_ROOT>/derivatives/first_level_inputs_analysis/sub-16/run-09/events_long.tsv	<PROJECT_ROOT>/derivatives/first_level_inputs_analysis/sub-16/run-09/events_stim.tsv	<PROJECT_ROOT>/derivatives/first_level_inputs_analysis/sub-16/run-09/confounds_standard.tsv	True	False
sub-17	1	KEEP_WITH_WARNING	False	READY	OK	<PROJECT_ROOT>/derivatives/smoothed_fwhm6/sub-17/func/sub-17_task-heatpainwithregulationandratings_run-01_space-MNI152NLin2009cAsym_desc-smoothedFWHM6_bold.nii.gz	<PROJECT_ROOT>/derivatives/fmriprep/sub-17/func/sub-17_task-heatpainwithregulationandratings_run-01_space-MNI152NLin2009cAsym_desc-preproc_bold.nii.gz	<PROJECT_ROOT>/derivatives/fmriprep/sub-17/func/sub-17_task-heatpainwithregulationandratings_run-01_space-MNI152NLin2009cAsym_desc-brain_mask.nii.gz	<PROJECT_ROOT>/derivatives/first_level_inputs_analysis/sub-17/run-01/events_long.tsv	<PROJECT_ROOT>/derivatives/first_level_inputs_analysis/sub-17/run-01/events_stim.tsv	<PROJECT_ROOT>/derivatives/first_level_inputs_analysis/sub-17/run-01/confounds_standard.tsv	True	True
sub-17	2	KEEP_WITH_WARNING	False	READY	OK	<PROJECT_ROOT>/derivatives/smoothed_fwhm6/sub-17/func/sub-17_task-heatpainwithregulationandratings_run-02_space-MNI152NLin2009cAsym_desc-smoothedFWHM6_bold.nii.gz	<PROJECT_ROOT>/derivatives/fmriprep/sub-17/func/sub-17_task-heatpainwithregulationandratings_run-02_space-MNI152NLin2009cAsym_desc-preproc_bold.nii.gz	<PROJECT_ROOT>/derivatives/fmriprep/sub-17/func/sub-17_task-heatpainwithregulationandratings_run-02_space-MNI152NLin2009cAsym_desc-brain_mask.nii.gz	<PROJECT_ROOT>/derivatives/first_level_inputs_analysis/sub-17/run-02/events_long.tsv	<PROJECT_ROOT>/derivatives/first_level_inputs_analysis/sub-17/run-02/events_stim.tsv	<PROJECT_ROOT>/derivatives/first_level_inputs_analysis/sub-17/run-02/confounds_standard.tsv	True	True
sub-17	3	KEEP	False	READY	OK	<PROJECT_ROOT>/derivatives/smoothed_fwhm6/sub-17/func/sub-17_task-heatpainwithregulationandratings_run-03_space-MNI152NLin2009cAsym_desc-smoothedFWHM6_bold.nii.gz	<PROJECT_ROOT>/derivatives/fmriprep/sub-17/func/sub-17_task-heatpainwithregulationandratings_run-03_space-MNI152NLin2009cAsym_desc-preproc_bold.nii.gz	<PROJECT_ROOT>/derivatives/fmriprep/sub-17/func/sub-17_task-heatpainwithregulationandratings_run-03_space-MNI152NLin2009cAsym_desc-brain_mask.nii.gz	<PROJECT_ROOT>/derivatives/first_level_inputs_analysis/sub-17/run-03/events_long.tsv	<PROJECT_ROOT>/derivatives/first_level_inputs_analysis/sub-17/run-03/events_stim.tsv	<PROJECT_ROOT>/derivatives/first_level_inputs_analysis/sub-17/run-03/confounds_standard.tsv	True	True
sub-17	4	KEEP_WITH_WARNING	False	READY	OK	<PROJECT_ROOT>/derivatives/smoothed_fwhm6/sub-17/func/sub-17_task-heatpainwithregulationandratings_run-04_space-MNI152NLin2009cAsym_desc-smoothedFWHM6_bold.nii.gz	<PROJECT_ROOT>/derivatives/fmriprep/sub-17/func/sub-17_task-heatpainwithregulationandratings_run-04_space-MNI152NLin2009cAsym_desc-preproc_bold.nii.gz	<PROJECT_ROOT>/derivatives/fmriprep/sub-17/func/sub-17_task-heatpainwithregulationandratings_run-04_space-MNI152NLin2009cAsym_desc-brain_mask.nii.gz	<PROJECT_ROOT>/derivatives/first_level_inputs_analysis/sub-17/run-04/events_long.tsv	<PROJECT_ROOT>/derivatives/first_level_inputs_analysis/sub-17/run-04/events_stim.tsv	<PROJECT_ROOT>/derivatives/first_level_inputs_analysis/sub-17/run-04/confounds_standard.tsv	True	True
sub-17	5	KEEP_FOR_MAIN_BUT_SENSITIVITY_EXCLUDE_CANDIDATE	True	READY	OK	<PROJECT_ROOT>/derivatives/smoothed_fwhm6/sub-17/func/sub-17_task-heatpainwithregulationandratings_run-05_space-MNI152NLin2009cAsym_desc-smoothedFWHM6_bold.nii.gz	<PROJECT_ROOT>/derivatives/fmriprep/sub-17/func/sub-17_task-heatpainwithregulationandratings_run-05_space-MNI152NLin2009cAsym_desc-preproc_bold.nii.gz	<PROJECT_ROOT>/derivatives/fmriprep/sub-17/func/sub-17_task-heatpainwithregulationandratings_run-05_space-MNI152NLin2009cAsym_desc-brain_mask.nii.gz	<PROJECT_ROOT>/derivatives/first_level_inputs_analysis/sub-17/run-05/events_long.tsv	<PROJECT_ROOT>/derivatives/first_level_inputs_analysis/sub-17/run-05/events_stim.tsv	<PROJECT_ROOT>/derivatives/first_level_inputs_analysis/sub-17/run-05/confounds_standard.tsv	True	False
sub-17	6	KEEP	False	READY	OK	<PROJECT_ROOT>/derivatives/smoothed_fwhm6/sub-17/func/sub-17_task-heatpainwithregulationandratings_run-06_space-MNI152NLin2009cAsym_desc-smoothedFWHM6_bold.nii.gz	<PROJECT_ROOT>/derivatives/fmriprep/sub-17/func/sub-17_task-heatpainwithregulationandratings_run-06_space-MNI152NLin2009cAsym_desc-preproc_bold.nii.gz	<PROJECT_ROOT>/derivatives/fmriprep/sub-17/func/sub-17_task-heatpainwithregulationandratings_run-06_space-MNI152NLin2009cAsym_desc-brain_mask.nii.gz	<PROJECT_ROOT>/derivatives/first_level_inputs_analysis/sub-17/run-06/events_long.tsv	<PROJECT_ROOT>/derivatives/first_level_inputs_analysis/sub-17/run-06/events_stim.tsv	<PROJECT_ROOT>/derivatives/first_level_inputs_analysis/sub-17/run-06/confounds_standard.tsv	True	True
sub-17	7	KEEP_FOR_MAIN_BUT_SENSITIVITY_EXCLUDE_CANDIDATE	True	READY	OK	<PROJECT_ROOT>/derivatives/smoothed_fwhm6/sub-17/func/sub-17_task-heatpainwithregulationandratings_run-07_space-MNI152NLin2009cAsym_desc-smoothedFWHM6_bold.nii.gz	<PROJECT_ROOT>/derivatives/fmriprep/sub-17/func/sub-17_task-heatpainwithregulationandratings_run-07_space-MNI152NLin2009cAsym_desc-preproc_bold.nii.gz	<PROJECT_ROOT>/derivatives/fmriprep/sub-17/func/sub-17_task-heatpainwithregulationandratings_run-07_space-MNI152NLin2009cAsym_desc-brain_mask.nii.gz	<PROJECT_ROOT>/derivatives/first_level_inputs_analysis/sub-17/run-07/events_long.tsv	<PROJECT_ROOT>/derivatives/first_level_inputs_analysis/sub-17/run-07/events_stim.tsv	<PROJECT_ROOT>/derivatives/first_level_inputs_analysis/sub-17/run-07/confounds_standard.tsv	True	False
sub-17	8	KEEP_FOR_MAIN_BUT_SENSITIVITY_EXCLUDE_CANDIDATE	True	READY	OK	<PROJECT_ROOT>/derivatives/smoothed_fwhm6/sub-17/func/sub-17_task-heatpainwithregulationandratings_run-08_space-MNI152NLin2009cAsym_desc-smoothedFWHM6_bold.nii.gz	<PROJECT_ROOT>/derivatives/fmriprep/sub-17/func/sub-17_task-heatpainwithregulationandratings_run-08_space-MNI152NLin2009cAsym_desc-preproc_bold.nii.gz	<PROJECT_ROOT>/derivatives/fmriprep/sub-17/func/sub-17_task-heatpainwithregulationandratings_run-08_space-MNI152NLin2009cAsym_desc-brain_mask.nii.gz	<PROJECT_ROOT>/derivatives/first_level_inputs_analysis/sub-17/run-08/events_long.tsv	<PROJECT_ROOT>/derivatives/first_level_inputs_analysis/sub-17/run-08/events_stim.tsv	<PROJECT_ROOT>/derivatives/first_level_inputs_analysis/sub-17/run-08/confounds_standard.tsv	True	False
sub-17	9	KEEP_FOR_MAIN_BUT_SENSITIVITY_EXCLUDE_CANDIDATE	True	READY	OK	<PROJECT_ROOT>/derivatives/smoothed_fwhm6/sub-17/func/sub-17_task-heatpainwithregulationandratings_run-09_space-MNI152NLin2009cAsym_desc-smoothedFWHM6_bold.nii.gz	<PROJECT_ROOT>/derivatives/fmriprep/sub-17/func/sub-17_task-heatpainwithregulationandratings_run-09_space-MNI152NLin2009cAsym_desc-preproc_bold.nii.gz	<PROJECT_ROOT>/derivatives/fmriprep/sub-17/func/sub-17_task-heatpainwithregulationandratings_run-09_space-MNI152NLin2009cAsym_desc-brain_mask.nii.gz	<PROJECT_ROOT>/derivatives/first_level_inputs_analysis/sub-17/run-09/events_long.tsv	<PROJECT_ROOT>/derivatives/first_level_inputs_analysis/sub-17/run-09/events_stim.tsv	<PROJECT_ROOT>/derivatives/first_level_inputs_analysis/sub-17/run-09/confounds_standard.tsv	True	False
sub-18	1	KEEP_FOR_MAIN_BUT_SENSITIVITY_EXCLUDE_CANDIDATE	True	READY	OK	<PROJECT_ROOT>/derivatives/smoothed_fwhm6/sub-18/func/sub-18_task-heatpainwithregulationandratings_run-01_space-MNI152NLin2009cAsym_desc-smoothedFWHM6_bold.nii.gz	<PROJECT_ROOT>/derivatives/fmriprep/sub-18/func/sub-18_task-heatpainwithregulationandratings_run-01_space-MNI152NLin2009cAsym_desc-preproc_bold.nii.gz	<PROJECT_ROOT>/derivatives/fmriprep/sub-18/func/sub-18_task-heatpainwithregulationandratings_run-01_space-MNI152NLin2009cAsym_desc-brain_mask.nii.gz	<PROJECT_ROOT>/derivatives/first_level_inputs_analysis/sub-18/run-01/events_long.tsv	<PROJECT_ROOT>/derivatives/first_level_inputs_analysis/sub-18/run-01/events_stim.tsv	<PROJECT_ROOT>/derivatives/first_level_inputs_analysis/sub-18/run-01/confounds_standard.tsv	True	False
sub-18	2	KEEP_FOR_MAIN_BUT_SENSITIVITY_EXCLUDE_CANDIDATE	True	READY	OK	<PROJECT_ROOT>/derivatives/smoothed_fwhm6/sub-18/func/sub-18_task-heatpainwithregulationandratings_run-02_space-MNI152NLin2009cAsym_desc-smoothedFWHM6_bold.nii.gz	<PROJECT_ROOT>/derivatives/fmriprep/sub-18/func/sub-18_task-heatpainwithregulationandratings_run-02_space-MNI152NLin2009cAsym_desc-preproc_bold.nii.gz	<PROJECT_ROOT>/derivatives/fmriprep/sub-18/func/sub-18_task-heatpainwithregulationandratings_run-02_space-MNI152NLin2009cAsym_desc-brain_mask.nii.gz	<PROJECT_ROOT>/derivatives/first_level_inputs_analysis/sub-18/run-02/events_long.tsv	<PROJECT_ROOT>/derivatives/first_level_inputs_analysis/sub-18/run-02/events_stim.tsv	<PROJECT_ROOT>/derivatives/first_level_inputs_analysis/sub-18/run-02/confounds_standard.tsv	True	False
sub-18	3	KEEP_FOR_MAIN_BUT_SENSITIVITY_EXCLUDE_CANDIDATE	True	READY	OK	<PROJECT_ROOT>/derivatives/smoothed_fwhm6/sub-18/func/sub-18_task-heatpainwithregulationandratings_run-03_space-MNI152NLin2009cAsym_desc-smoothedFWHM6_bold.nii.gz	<PROJECT_ROOT>/derivatives/fmriprep/sub-18/func/sub-18_task-heatpainwithregulationandratings_run-03_space-MNI152NLin2009cAsym_desc-preproc_bold.nii.gz	<PROJECT_ROOT>/derivatives/fmriprep/sub-18/func/sub-18_task-heatpainwithregulationandratings_run-03_space-MNI152NLin2009cAsym_desc-brain_mask.nii.gz	<PROJECT_ROOT>/derivatives/first_level_inputs_analysis/sub-18/run-03/events_long.tsv	<PROJECT_ROOT>/derivatives/first_level_inputs_analysis/sub-18/run-03/events_stim.tsv	<PROJECT_ROOT>/derivatives/first_level_inputs_analysis/sub-18/run-03/confounds_standard.tsv	True	False
sub-18	4	KEEP_FOR_MAIN_BUT_SENSITIVITY_EXCLUDE_CANDIDATE	True	READY	OK	<PROJECT_ROOT>/derivatives/smoothed_fwhm6/sub-18/func/sub-18_task-heatpainwithregulationandratings_run-04_space-MNI152NLin2009cAsym_desc-smoothedFWHM6_bold.nii.gz	<PROJECT_ROOT>/derivatives/fmriprep/sub-18/func/sub-18_task-heatpainwithregulationandratings_run-04_space-MNI152NLin2009cAsym_desc-preproc_bold.nii.gz	<PROJECT_ROOT>/derivatives/fmriprep/sub-18/func/sub-18_task-heatpainwithregulationandratings_run-04_space-MNI152NLin2009cAsym_desc-brain_mask.nii.gz	<PROJECT_ROOT>/derivatives/first_level_inputs_analysis/sub-18/run-04/events_long.tsv	<PROJECT_ROOT>/derivatives/first_level_inputs_analysis/sub-18/run-04/events_stim.tsv	<PROJECT_ROOT>/derivatives/first_level_inputs_analysis/sub-18/run-04/confounds_standard.tsv	True	False
sub-18	5	KEEP_WITH_WARNING	False	READY	OK	<PROJECT_ROOT>/derivatives/smoothed_fwhm6/sub-18/func/sub-18_task-heatpainwithregulationandratings_run-05_space-MNI152NLin2009cAsym_desc-smoothedFWHM6_bold.nii.gz	<PROJECT_ROOT>/derivatives/fmriprep/sub-18/func/sub-18_task-heatpainwithregulationandratings_run-05_space-MNI152NLin2009cAsym_desc-preproc_bold.nii.gz	<PROJECT_ROOT>/derivatives/fmriprep/sub-18/func/sub-18_task-heatpainwithregulationandratings_run-05_space-MNI152NLin2009cAsym_desc-brain_mask.nii.gz	<PROJECT_ROOT>/derivatives/first_level_inputs_analysis/sub-18/run-05/events_long.tsv	<PROJECT_ROOT>/derivatives/first_level_inputs_analysis/sub-18/run-05/events_stim.tsv	<PROJECT_ROOT>/derivatives/first_level_inputs_analysis/sub-18/run-05/confounds_standard.tsv	True	True
sub-18	6	KEEP	False	READY	OK	<PROJECT_ROOT>/derivatives/smoothed_fwhm6/sub-18/func/sub-18_task-heatpainwithregulationandratings_run-06_space-MNI152NLin2009cAsym_desc-smoothedFWHM6_bold.nii.gz	<PROJECT_ROOT>/derivatives/fmriprep/sub-18/func/sub-18_task-heatpainwithregulationandratings_run-06_space-MNI152NLin2009cAsym_desc-preproc_bold.nii.gz	<PROJECT_ROOT>/derivatives/fmriprep/sub-18/func/sub-18_task-heatpainwithregulationandratings_run-06_space-MNI152NLin2009cAsym_desc-brain_mask.nii.gz	<PROJECT_ROOT>/derivatives/first_level_inputs_analysis/sub-18/run-06/events_long.tsv	<PROJECT_ROOT>/derivatives/first_level_inputs_analysis/sub-18/run-06/events_stim.tsv	<PROJECT_ROOT>/derivatives/first_level_inputs_analysis/sub-18/run-06/confounds_standard.tsv	True	True
sub-18	7	KEEP	False	READY	OK	<PROJECT_ROOT>/derivatives/smoothed_fwhm6/sub-18/func/sub-18_task-heatpainwithregulationandratings_run-07_space-MNI152NLin2009cAsym_desc-smoothedFWHM6_bold.nii.gz	<PROJECT_ROOT>/derivatives/fmriprep/sub-18/func/sub-18_task-heatpainwithregulationandratings_run-07_space-MNI152NLin2009cAsym_desc-preproc_bold.nii.gz	<PROJECT_ROOT>/derivatives/fmriprep/sub-18/func/sub-18_task-heatpainwithregulationandratings_run-07_space-MNI152NLin2009cAsym_desc-brain_mask.nii.gz	<PROJECT_ROOT>/derivatives/first_level_inputs_analysis/sub-18/run-07/events_long.tsv	<PROJECT_ROOT>/derivatives/first_level_inputs_analysis/sub-18/run-07/events_stim.tsv	<PROJECT_ROOT>/derivatives/first_level_inputs_analysis/sub-18/run-07/confounds_standard.tsv	True	True
sub-18	8	KEEP_WITH_WARNING	False	READY	OK	<PROJECT_ROOT>/derivatives/smoothed_fwhm6/sub-18/func/sub-18_task-heatpainwithregulationandratings_run-08_space-MNI152NLin2009cAsym_desc-smoothedFWHM6_bold.nii.gz	<PROJECT_ROOT>/derivatives/fmriprep/sub-18/func/sub-18_task-heatpainwithregulationandratings_run-08_space-MNI152NLin2009cAsym_desc-preproc_bold.nii.gz	<PROJECT_ROOT>/derivatives/fmriprep/sub-18/func/sub-18_task-heatpainwithregulationandratings_run-08_space-MNI152NLin2009cAsym_desc-brain_mask.nii.gz	<PROJECT_ROOT>/derivatives/first_level_inputs_analysis/sub-18/run-08/events_long.tsv	<PROJECT_ROOT>/derivatives/first_level_inputs_analysis/sub-18/run-08/events_stim.tsv	<PROJECT_ROOT>/derivatives/first_level_inputs_analysis/sub-18/run-08/confounds_standard.tsv	True	True
sub-18	9	KEEP_FOR_MAIN_BUT_SENSITIVITY_EXCLUDE_CANDIDATE	True	READY	OK	<PROJECT_ROOT>/derivatives/smoothed_fwhm6/sub-18/func/sub-18_task-heatpainwithregulationandratings_run-09_space-MNI152NLin2009cAsym_desc-smoothedFWHM6_bold.nii.gz	<PROJECT_ROOT>/derivatives/fmriprep/sub-18/func/sub-18_task-heatpainwithregulationandratings_run-09_space-MNI152NLin2009cAsym_desc-preproc_bold.nii.gz	<PROJECT_ROOT>/derivatives/fmriprep/sub-18/func/sub-18_task-heatpainwithregulationandratings_run-09_space-MNI152NLin2009cAsym_desc-brain_mask.nii.gz	<PROJECT_ROOT>/derivatives/first_level_inputs_analysis/sub-18/run-09/events_long.tsv	<PROJECT_ROOT>/derivatives/first_level_inputs_analysis/sub-18/run-09/events_stim.tsv	<PROJECT_ROOT>/derivatives/first_level_inputs_analysis/sub-18/run-09/confounds_standard.tsv	True	False
sub-19	1	KEEP	False	READY	OK	<PROJECT_ROOT>/derivatives/smoothed_fwhm6/sub-19/func/sub-19_task-heatpainwithregulationandratings_run-01_space-MNI152NLin2009cAsym_desc-smoothedFWHM6_bold.nii.gz	<PROJECT_ROOT>/derivatives/fmriprep/sub-19/func/sub-19_task-heatpainwithregulationandratings_run-01_space-MNI152NLin2009cAsym_desc-preproc_bold.nii.gz	<PROJECT_ROOT>/derivatives/fmriprep/sub-19/func/sub-19_task-heatpainwithregulationandratings_run-01_space-MNI152NLin2009cAsym_desc-brain_mask.nii.gz	<PROJECT_ROOT>/derivatives/first_level_inputs_analysis/sub-19/run-01/events_long.tsv	<PROJECT_ROOT>/derivatives/first_level_inputs_analysis/sub-19/run-01/events_stim.tsv	<PROJECT_ROOT>/derivatives/first_level_inputs_analysis/sub-19/run-01/confounds_standard.tsv	True	True
sub-19	2	KEEP_WITH_WARNING	False	READY	OK	<PROJECT_ROOT>/derivatives/smoothed_fwhm6/sub-19/func/sub-19_task-heatpainwithregulationandratings_run-02_space-MNI152NLin2009cAsym_desc-smoothedFWHM6_bold.nii.gz	<PROJECT_ROOT>/derivatives/fmriprep/sub-19/func/sub-19_task-heatpainwithregulationandratings_run-02_space-MNI152NLin2009cAsym_desc-preproc_bold.nii.gz	<PROJECT_ROOT>/derivatives/fmriprep/sub-19/func/sub-19_task-heatpainwithregulationandratings_run-02_space-MNI152NLin2009cAsym_desc-brain_mask.nii.gz	<PROJECT_ROOT>/derivatives/first_level_inputs_analysis/sub-19/run-02/events_long.tsv	<PROJECT_ROOT>/derivatives/first_level_inputs_analysis/sub-19/run-02/events_stim.tsv	<PROJECT_ROOT>/derivatives/first_level_inputs_analysis/sub-19/run-02/confounds_standard.tsv	True	True
sub-19	3	KEEP_FOR_MAIN_BUT_SENSITIVITY_EXCLUDE_CANDIDATE	True	READY	OK	<PROJECT_ROOT>/derivatives/smoothed_fwhm6/sub-19/func/sub-19_task-heatpainwithregulationandratings_run-03_space-MNI152NLin2009cAsym_desc-smoothedFWHM6_bold.nii.gz	<PROJECT_ROOT>/derivatives/fmriprep/sub-19/func/sub-19_task-heatpainwithregulationandratings_run-03_space-MNI152NLin2009cAsym_desc-preproc_bold.nii.gz	<PROJECT_ROOT>/derivatives/fmriprep/sub-19/func/sub-19_task-heatpainwithregulationandratings_run-03_space-MNI152NLin2009cAsym_desc-brain_mask.nii.gz	<PROJECT_ROOT>/derivatives/first_level_inputs_analysis/sub-19/run-03/events_long.tsv	<PROJECT_ROOT>/derivatives/first_level_inputs_analysis/sub-19/run-03/events_stim.tsv	<PROJECT_ROOT>/derivatives/first_level_inputs_analysis/sub-19/run-03/confounds_standard.tsv	True	False
sub-19	4	KEEP_WITH_WARNING	False	READY	OK	<PROJECT_ROOT>/derivatives/smoothed_fwhm6/sub-19/func/sub-19_task-heatpainwithregulationandratings_run-04_space-MNI152NLin2009cAsym_desc-smoothedFWHM6_bold.nii.gz	<PROJECT_ROOT>/derivatives/fmriprep/sub-19/func/sub-19_task-heatpainwithregulationandratings_run-04_space-MNI152NLin2009cAsym_desc-preproc_bold.nii.gz	<PROJECT_ROOT>/derivatives/fmriprep/sub-19/func/sub-19_task-heatpainwithregulationandratings_run-04_space-MNI152NLin2009cAsym_desc-brain_mask.nii.gz	<PROJECT_ROOT>/derivatives/first_level_inputs_analysis/sub-19/run-04/events_long.tsv	<PROJECT_ROOT>/derivatives/first_level_inputs_analysis/sub-19/run-04/events_stim.tsv	<PROJECT_ROOT>/derivatives/first_level_inputs_analysis/sub-19/run-04/confounds_standard.tsv	True	True
sub-19	5	KEEP_FOR_MAIN_BUT_SENSITIVITY_EXCLUDE_CANDIDATE	True	READY	OK	<PROJECT_ROOT>/derivatives/smoothed_fwhm6/sub-19/func/sub-19_task-heatpainwithregulationandratings_run-05_space-MNI152NLin2009cAsym_desc-smoothedFWHM6_bold.nii.gz	<PROJECT_ROOT>/derivatives/fmriprep/sub-19/func/sub-19_task-heatpainwithregulationandratings_run-05_space-MNI152NLin2009cAsym_desc-preproc_bold.nii.gz	<PROJECT_ROOT>/derivatives/fmriprep/sub-19/func/sub-19_task-heatpainwithregulationandratings_run-05_space-MNI152NLin2009cAsym_desc-brain_mask.nii.gz	<PROJECT_ROOT>/derivatives/first_level_inputs_analysis/sub-19/run-05/events_long.tsv	<PROJECT_ROOT>/derivatives/first_level_inputs_analysis/sub-19/run-05/events_stim.tsv	<PROJECT_ROOT>/derivatives/first_level_inputs_analysis/sub-19/run-05/confounds_standard.tsv	True	False
sub-19	6	KEEP_WITH_WARNING	False	READY	OK	<PROJECT_ROOT>/derivatives/smoothed_fwhm6/sub-19/func/sub-19_task-heatpainwithregulationandratings_run-06_space-MNI152NLin2009cAsym_desc-smoothedFWHM6_bold.nii.gz	<PROJECT_ROOT>/derivatives/fmriprep/sub-19/func/sub-19_task-heatpainwithregulationandratings_run-06_space-MNI152NLin2009cAsym_desc-preproc_bold.nii.gz	<PROJECT_ROOT>/derivatives/fmriprep/sub-19/func/sub-19_task-heatpainwithregulationandratings_run-06_space-MNI152NLin2009cAsym_desc-brain_mask.nii.gz	<PROJECT_ROOT>/derivatives/first_level_inputs_analysis/sub-19/run-06/events_long.tsv	<PROJECT_ROOT>/derivatives/first_level_inputs_analysis/sub-19/run-06/events_stim.tsv	<PROJECT_ROOT>/derivatives/first_level_inputs_analysis/sub-19/run-06/confounds_standard.tsv	True	True
sub-19	7	KEEP_WITH_WARNING	False	READY	OK	<PROJECT_ROOT>/derivatives/smoothed_fwhm6/sub-19/func/sub-19_task-heatpainwithregulationandratings_run-07_space-MNI152NLin2009cAsym_desc-smoothedFWHM6_bold.nii.gz	<PROJECT_ROOT>/derivatives/fmriprep/sub-19/func/sub-19_task-heatpainwithregulationandratings_run-07_space-MNI152NLin2009cAsym_desc-preproc_bold.nii.gz	<PROJECT_ROOT>/derivatives/fmriprep/sub-19/func/sub-19_task-heatpainwithregulationandratings_run-07_space-MNI152NLin2009cAsym_desc-brain_mask.nii.gz	<PROJECT_ROOT>/derivatives/first_level_inputs_analysis/sub-19/run-07/events_long.tsv	<PROJECT_ROOT>/derivatives/first_level_inputs_analysis/sub-19/run-07/events_stim.tsv	<PROJECT_ROOT>/derivatives/first_level_inputs_analysis/sub-19/run-07/confounds_standard.tsv	True	True
sub-19	8	KEEP_WITH_WARNING	False	READY	OK	<PROJECT_ROOT>/derivatives/smoothed_fwhm6/sub-19/func/sub-19_task-heatpainwithregulationandratings_run-08_space-MNI152NLin2009cAsym_desc-smoothedFWHM6_bold.nii.gz	<PROJECT_ROOT>/derivatives/fmriprep/sub-19/func/sub-19_task-heatpainwithregulationandratings_run-08_space-MNI152NLin2009cAsym_desc-preproc_bold.nii.gz	<PROJECT_ROOT>/derivatives/fmriprep/sub-19/func/sub-19_task-heatpainwithregulationandratings_run-08_space-MNI152NLin2009cAsym_desc-brain_mask.nii.gz	<PROJECT_ROOT>/derivatives/first_level_inputs_analysis/sub-19/run-08/events_long.tsv	<PROJECT_ROOT>/derivatives/first_level_inputs_analysis/sub-19/run-08/events_stim.tsv	<PROJECT_ROOT>/derivatives/first_level_inputs_analysis/sub-19/run-08/confounds_standard.tsv	True	True
sub-19	9	KEEP_WITH_WARNING	False	READY	OK	<PROJECT_ROOT>/derivatives/smoothed_fwhm6/sub-19/func/sub-19_task-heatpainwithregulationandratings_run-09_space-MNI152NLin2009cAsym_desc-smoothedFWHM6_bold.nii.gz	<PROJECT_ROOT>/derivatives/fmriprep/sub-19/func/sub-19_task-heatpainwithregulationandratings_run-09_space-MNI152NLin2009cAsym_desc-preproc_bold.nii.gz	<PROJECT_ROOT>/derivatives/fmriprep/sub-19/func/sub-19_task-heatpainwithregulationandratings_run-09_space-MNI152NLin2009cAsym_desc-brain_mask.nii.gz	<PROJECT_ROOT>/derivatives/first_level_inputs_analysis/sub-19/run-09/events_long.tsv	<PROJECT_ROOT>/derivatives/first_level_inputs_analysis/sub-19/run-09/events_stim.tsv	<PROJECT_ROOT>/derivatives/first_level_inputs_analysis/sub-19/run-09/confounds_standard.tsv	True	True
sub-20	1	KEEP_WITH_WARNING	False	READY	OK	<PROJECT_ROOT>/derivatives/smoothed_fwhm6/sub-20/func/sub-20_task-heatpainwithregulationandratings_run-01_space-MNI152NLin2009cAsym_desc-smoothedFWHM6_bold.nii.gz	<PROJECT_ROOT>/derivatives/fmriprep/sub-20/func/sub-20_task-heatpainwithregulationandratings_run-01_space-MNI152NLin2009cAsym_desc-preproc_bold.nii.gz	<PROJECT_ROOT>/derivatives/fmriprep/sub-20/func/sub-20_task-heatpainwithregulationandratings_run-01_space-MNI152NLin2009cAsym_desc-brain_mask.nii.gz	<PROJECT_ROOT>/derivatives/first_level_inputs_analysis/sub-20/run-01/events_long.tsv	<PROJECT_ROOT>/derivatives/first_level_inputs_analysis/sub-20/run-01/events_stim.tsv	<PROJECT_ROOT>/derivatives/first_level_inputs_analysis/sub-20/run-01/confounds_standard.tsv	True	True
sub-20	2	KEEP_WITH_WARNING	False	READY	OK	<PROJECT_ROOT>/derivatives/smoothed_fwhm6/sub-20/func/sub-20_task-heatpainwithregulationandratings_run-02_space-MNI152NLin2009cAsym_desc-smoothedFWHM6_bold.nii.gz	<PROJECT_ROOT>/derivatives/fmriprep/sub-20/func/sub-20_task-heatpainwithregulationandratings_run-02_space-MNI152NLin2009cAsym_desc-preproc_bold.nii.gz	<PROJECT_ROOT>/derivatives/fmriprep/sub-20/func/sub-20_task-heatpainwithregulationandratings_run-02_space-MNI152NLin2009cAsym_desc-brain_mask.nii.gz	<PROJECT_ROOT>/derivatives/first_level_inputs_analysis/sub-20/run-02/events_long.tsv	<PROJECT_ROOT>/derivatives/first_level_inputs_analysis/sub-20/run-02/events_stim.tsv	<PROJECT_ROOT>/derivatives/first_level_inputs_analysis/sub-20/run-02/confounds_standard.tsv	True	True
sub-20	3	KEEP_FOR_MAIN_BUT_SENSITIVITY_EXCLUDE_CANDIDATE	True	READY	OK	<PROJECT_ROOT>/derivatives/smoothed_fwhm6/sub-20/func/sub-20_task-heatpainwithregulationandratings_run-03_space-MNI152NLin2009cAsym_desc-smoothedFWHM6_bold.nii.gz	<PROJECT_ROOT>/derivatives/fmriprep/sub-20/func/sub-20_task-heatpainwithregulationandratings_run-03_space-MNI152NLin2009cAsym_desc-preproc_bold.nii.gz	<PROJECT_ROOT>/derivatives/fmriprep/sub-20/func/sub-20_task-heatpainwithregulationandratings_run-03_space-MNI152NLin2009cAsym_desc-brain_mask.nii.gz	<PROJECT_ROOT>/derivatives/first_level_inputs_analysis/sub-20/run-03/events_long.tsv	<PROJECT_ROOT>/derivatives/first_level_inputs_analysis/sub-20/run-03/events_stim.tsv	<PROJECT_ROOT>/derivatives/first_level_inputs_analysis/sub-20/run-03/confounds_standard.tsv	True	False
sub-20	4	KEEP	False	READY	OK	<PROJECT_ROOT>/derivatives/smoothed_fwhm6/sub-20/func/sub-20_task-heatpainwithregulationandratings_run-04_space-MNI152NLin2009cAsym_desc-smoothedFWHM6_bold.nii.gz	<PROJECT_ROOT>/derivatives/fmriprep/sub-20/func/sub-20_task-heatpainwithregulationandratings_run-04_space-MNI152NLin2009cAsym_desc-preproc_bold.nii.gz	<PROJECT_ROOT>/derivatives/fmriprep/sub-20/func/sub-20_task-heatpainwithregulationandratings_run-04_space-MNI152NLin2009cAsym_desc-brain_mask.nii.gz	<PROJECT_ROOT>/derivatives/first_level_inputs_analysis/sub-20/run-04/events_long.tsv	<PROJECT_ROOT>/derivatives/first_level_inputs_analysis/sub-20/run-04/events_stim.tsv	<PROJECT_ROOT>/derivatives/first_level_inputs_analysis/sub-20/run-04/confounds_standard.tsv	True	True
sub-20	5	KEEP_FOR_MAIN_BUT_SENSITIVITY_EXCLUDE_CANDIDATE	True	READY	OK	<PROJECT_ROOT>/derivatives/smoothed_fwhm6/sub-20/func/sub-20_task-heatpainwithregulationandratings_run-05_space-MNI152NLin2009cAsym_desc-smoothedFWHM6_bold.nii.gz	<PROJECT_ROOT>/derivatives/fmriprep/sub-20/func/sub-20_task-heatpainwithregulationandratings_run-05_space-MNI152NLin2009cAsym_desc-preproc_bold.nii.gz	<PROJECT_ROOT>/derivatives/fmriprep/sub-20/func/sub-20_task-heatpainwithregulationandratings_run-05_space-MNI152NLin2009cAsym_desc-brain_mask.nii.gz	<PROJECT_ROOT>/derivatives/first_level_inputs_analysis/sub-20/run-05/events_long.tsv	<PROJECT_ROOT>/derivatives/first_level_inputs_analysis/sub-20/run-05/events_stim.tsv	<PROJECT_ROOT>/derivatives/first_level_inputs_analysis/sub-20/run-05/confounds_standard.tsv	True	False
sub-20	6	KEEP	False	READY	OK	<PROJECT_ROOT>/derivatives/smoothed_fwhm6/sub-20/func/sub-20_task-heatpainwithregulationandratings_run-06_space-MNI152NLin2009cAsym_desc-smoothedFWHM6_bold.nii.gz	<PROJECT_ROOT>/derivatives/fmriprep/sub-20/func/sub-20_task-heatpainwithregulationandratings_run-06_space-MNI152NLin2009cAsym_desc-preproc_bold.nii.gz	<PROJECT_ROOT>/derivatives/fmriprep/sub-20/func/sub-20_task-heatpainwithregulationandratings_run-06_space-MNI152NLin2009cAsym_desc-brain_mask.nii.gz	<PROJECT_ROOT>/derivatives/first_level_inputs_analysis/sub-20/run-06/events_long.tsv	<PROJECT_ROOT>/derivatives/first_level_inputs_analysis/sub-20/run-06/events_stim.tsv	<PROJECT_ROOT>/derivatives/first_level_inputs_analysis/sub-20/run-06/confounds_standard.tsv	True	True
sub-20	7	KEEP_WITH_WARNING	False	READY	OK	<PROJECT_ROOT>/derivatives/smoothed_fwhm6/sub-20/func/sub-20_task-heatpainwithregulationandratings_run-07_space-MNI152NLin2009cAsym_desc-smoothedFWHM6_bold.nii.gz	<PROJECT_ROOT>/derivatives/fmriprep/sub-20/func/sub-20_task-heatpainwithregulationandratings_run-07_space-MNI152NLin2009cAsym_desc-preproc_bold.nii.gz	<PROJECT_ROOT>/derivatives/fmriprep/sub-20/func/sub-20_task-heatpainwithregulationandratings_run-07_space-MNI152NLin2009cAsym_desc-brain_mask.nii.gz	<PROJECT_ROOT>/derivatives/first_level_inputs_analysis/sub-20/run-07/events_long.tsv	<PROJECT_ROOT>/derivatives/first_level_inputs_analysis/sub-20/run-07/events_stim.tsv	<PROJECT_ROOT>/derivatives/first_level_inputs_analysis/sub-20/run-07/confounds_standard.tsv	True	True
sub-20	8	KEEP_WITH_WARNING	False	READY	OK	<PROJECT_ROOT>/derivatives/smoothed_fwhm6/sub-20/func/sub-20_task-heatpainwithregulationandratings_run-08_space-MNI152NLin2009cAsym_desc-smoothedFWHM6_bold.nii.gz	<PROJECT_ROOT>/derivatives/fmriprep/sub-20/func/sub-20_task-heatpainwithregulationandratings_run-08_space-MNI152NLin2009cAsym_desc-preproc_bold.nii.gz	<PROJECT_ROOT>/derivatives/fmriprep/sub-20/func/sub-20_task-heatpainwithregulationandratings_run-08_space-MNI152NLin2009cAsym_desc-brain_mask.nii.gz	<PROJECT_ROOT>/derivatives/first_level_inputs_analysis/sub-20/run-08/events_long.tsv	<PROJECT_ROOT>/derivatives/first_level_inputs_analysis/sub-20/run-08/events_stim.tsv	<PROJECT_ROOT>/derivatives/first_level_inputs_analysis/sub-20/run-08/confounds_standard.tsv	True	True
sub-20	9	KEEP	False	READY	OK	<PROJECT_ROOT>/derivatives/smoothed_fwhm6/sub-20/func/sub-20_task-heatpainwithregulationandratings_run-09_space-MNI152NLin2009cAsym_desc-smoothedFWHM6_bold.nii.gz	<PROJECT_ROOT>/derivatives/fmriprep/sub-20/func/sub-20_task-heatpainwithregulationandratings_run-09_space-MNI152NLin2009cAsym_desc-preproc_bold.nii.gz	<PROJECT_ROOT>/derivatives/fmriprep/sub-20/func/sub-20_task-heatpainwithregulationandratings_run-09_space-MNI152NLin2009cAsym_desc-brain_mask.nii.gz	<PROJECT_ROOT>/derivatives/first_level_inputs_analysis/sub-20/run-09/events_long.tsv	<PROJECT_ROOT>/derivatives/first_level_inputs_analysis/sub-20/run-09/events_stim.tsv	<PROJECT_ROOT>/derivatives/first_level_inputs_analysis/sub-20/run-09/confounds_standard.tsv	True	True
sub-21	1	KEEP_WITH_WARNING	False	READY	OK	<PROJECT_ROOT>/derivatives/smoothed_fwhm6/sub-21/func/sub-21_task-heatpainwithregulationandratings_run-01_space-MNI152NLin2009cAsym_desc-smoothedFWHM6_bold.nii.gz	<PROJECT_ROOT>/derivatives/fmriprep/sub-21/func/sub-21_task-heatpainwithregulationandratings_run-01_space-MNI152NLin2009cAsym_desc-preproc_bold.nii.gz	<PROJECT_ROOT>/derivatives/fmriprep/sub-21/func/sub-21_task-heatpainwithregulationandratings_run-01_space-MNI152NLin2009cAsym_desc-brain_mask.nii.gz	<PROJECT_ROOT>/derivatives/first_level_inputs_analysis/sub-21/run-01/events_long.tsv	<PROJECT_ROOT>/derivatives/first_level_inputs_analysis/sub-21/run-01/events_stim.tsv	<PROJECT_ROOT>/derivatives/first_level_inputs_analysis/sub-21/run-01/confounds_standard.tsv	True	True
sub-21	2	KEEP_FOR_MAIN_BUT_SENSITIVITY_EXCLUDE_CANDIDATE	True	READY	OK	<PROJECT_ROOT>/derivatives/smoothed_fwhm6/sub-21/func/sub-21_task-heatpainwithregulationandratings_run-02_space-MNI152NLin2009cAsym_desc-smoothedFWHM6_bold.nii.gz	<PROJECT_ROOT>/derivatives/fmriprep/sub-21/func/sub-21_task-heatpainwithregulationandratings_run-02_space-MNI152NLin2009cAsym_desc-preproc_bold.nii.gz	<PROJECT_ROOT>/derivatives/fmriprep/sub-21/func/sub-21_task-heatpainwithregulationandratings_run-02_space-MNI152NLin2009cAsym_desc-brain_mask.nii.gz	<PROJECT_ROOT>/derivatives/first_level_inputs_analysis/sub-21/run-02/events_long.tsv	<PROJECT_ROOT>/derivatives/first_level_inputs_analysis/sub-21/run-02/events_stim.tsv	<PROJECT_ROOT>/derivatives/first_level_inputs_analysis/sub-21/run-02/confounds_standard.tsv	True	False
sub-21	3	KEEP_FOR_MAIN_BUT_SENSITIVITY_EXCLUDE_CANDIDATE	True	READY	OK	<PROJECT_ROOT>/derivatives/smoothed_fwhm6/sub-21/func/sub-21_task-heatpainwithregulationandratings_run-03_space-MNI152NLin2009cAsym_desc-smoothedFWHM6_bold.nii.gz	<PROJECT_ROOT>/derivatives/fmriprep/sub-21/func/sub-21_task-heatpainwithregulationandratings_run-03_space-MNI152NLin2009cAsym_desc-preproc_bold.nii.gz	<PROJECT_ROOT>/derivatives/fmriprep/sub-21/func/sub-21_task-heatpainwithregulationandratings_run-03_space-MNI152NLin2009cAsym_desc-brain_mask.nii.gz	<PROJECT_ROOT>/derivatives/first_level_inputs_analysis/sub-21/run-03/events_long.tsv	<PROJECT_ROOT>/derivatives/first_level_inputs_analysis/sub-21/run-03/events_stim.tsv	<PROJECT_ROOT>/derivatives/first_level_inputs_analysis/sub-21/run-03/confounds_standard.tsv	True	False
sub-21	4	KEEP	False	READY	OK	<PROJECT_ROOT>/derivatives/smoothed_fwhm6/sub-21/func/sub-21_task-heatpainwithregulationandratings_run-04_space-MNI152NLin2009cAsym_desc-smoothedFWHM6_bold.nii.gz	<PROJECT_ROOT>/derivatives/fmriprep/sub-21/func/sub-21_task-heatpainwithregulationandratings_run-04_space-MNI152NLin2009cAsym_desc-preproc_bold.nii.gz	<PROJECT_ROOT>/derivatives/fmriprep/sub-21/func/sub-21_task-heatpainwithregulationandratings_run-04_space-MNI152NLin2009cAsym_desc-brain_mask.nii.gz	<PROJECT_ROOT>/derivatives/first_level_inputs_analysis/sub-21/run-04/events_long.tsv	<PROJECT_ROOT>/derivatives/first_level_inputs_analysis/sub-21/run-04/events_stim.tsv	<PROJECT_ROOT>/derivatives/first_level_inputs_analysis/sub-21/run-04/confounds_standard.tsv	True	True
sub-21	5	KEEP_WITH_WARNING	False	READY	OK	<PROJECT_ROOT>/derivatives/smoothed_fwhm6/sub-21/func/sub-21_task-heatpainwithregulationandratings_run-05_space-MNI152NLin2009cAsym_desc-smoothedFWHM6_bold.nii.gz	<PROJECT_ROOT>/derivatives/fmriprep/sub-21/func/sub-21_task-heatpainwithregulationandratings_run-05_space-MNI152NLin2009cAsym_desc-preproc_bold.nii.gz	<PROJECT_ROOT>/derivatives/fmriprep/sub-21/func/sub-21_task-heatpainwithregulationandratings_run-05_space-MNI152NLin2009cAsym_desc-brain_mask.nii.gz	<PROJECT_ROOT>/derivatives/first_level_inputs_analysis/sub-21/run-05/events_long.tsv	<PROJECT_ROOT>/derivatives/first_level_inputs_analysis/sub-21/run-05/events_stim.tsv	<PROJECT_ROOT>/derivatives/first_level_inputs_analysis/sub-21/run-05/confounds_standard.tsv	True	True
sub-21	6	KEEP_FOR_MAIN_BUT_SENSITIVITY_EXCLUDE_CANDIDATE	True	READY	OK	<PROJECT_ROOT>/derivatives/smoothed_fwhm6/sub-21/func/sub-21_task-heatpainwithregulationandratings_run-06_space-MNI152NLin2009cAsym_desc-smoothedFWHM6_bold.nii.gz	<PROJECT_ROOT>/derivatives/fmriprep/sub-21/func/sub-21_task-heatpainwithregulationandratings_run-06_space-MNI152NLin2009cAsym_desc-preproc_bold.nii.gz	<PROJECT_ROOT>/derivatives/fmriprep/sub-21/func/sub-21_task-heatpainwithregulationandratings_run-06_space-MNI152NLin2009cAsym_desc-brain_mask.nii.gz	<PROJECT_ROOT>/derivatives/first_level_inputs_analysis/sub-21/run-06/events_long.tsv	<PROJECT_ROOT>/derivatives/first_level_inputs_analysis/sub-21/run-06/events_stim.tsv	<PROJECT_ROOT>/derivatives/first_level_inputs_analysis/sub-21/run-06/confounds_standard.tsv	True	False
sub-21	7	KEEP_WITH_WARNING	False	READY	OK	<PROJECT_ROOT>/derivatives/smoothed_fwhm6/sub-21/func/sub-21_task-heatpainwithregulationandratings_run-07_space-MNI152NLin2009cAsym_desc-smoothedFWHM6_bold.nii.gz	<PROJECT_ROOT>/derivatives/fmriprep/sub-21/func/sub-21_task-heatpainwithregulationandratings_run-07_space-MNI152NLin2009cAsym_desc-preproc_bold.nii.gz	<PROJECT_ROOT>/derivatives/fmriprep/sub-21/func/sub-21_task-heatpainwithregulationandratings_run-07_space-MNI152NLin2009cAsym_desc-brain_mask.nii.gz	<PROJECT_ROOT>/derivatives/first_level_inputs_analysis/sub-21/run-07/events_long.tsv	<PROJECT_ROOT>/derivatives/first_level_inputs_analysis/sub-21/run-07/events_stim.tsv	<PROJECT_ROOT>/derivatives/first_level_inputs_analysis/sub-21/run-07/confounds_standard.tsv	True	True
sub-21	8	KEEP_FOR_MAIN_BUT_SENSITIVITY_EXCLUDE_CANDIDATE	True	READY	OK	<PROJECT_ROOT>/derivatives/smoothed_fwhm6/sub-21/func/sub-21_task-heatpainwithregulationandratings_run-08_space-MNI152NLin2009cAsym_desc-smoothedFWHM6_bold.nii.gz	<PROJECT_ROOT>/derivatives/fmriprep/sub-21/func/sub-21_task-heatpainwithregulationandratings_run-08_space-MNI152NLin2009cAsym_desc-preproc_bold.nii.gz	<PROJECT_ROOT>/derivatives/fmriprep/sub-21/func/sub-21_task-heatpainwithregulationandratings_run-08_space-MNI152NLin2009cAsym_desc-brain_mask.nii.gz	<PROJECT_ROOT>/derivatives/first_level_inputs_analysis/sub-21/run-08/events_long.tsv	<PROJECT_ROOT>/derivatives/first_level_inputs_analysis/sub-21/run-08/events_stim.tsv	<PROJECT_ROOT>/derivatives/first_level_inputs_analysis/sub-21/run-08/confounds_standard.tsv	True	False
sub-21	9	KEEP_FOR_MAIN_BUT_SENSITIVITY_EXCLUDE_CANDIDATE	True	READY	OK	<PROJECT_ROOT>/derivatives/smoothed_fwhm6/sub-21/func/sub-21_task-heatpainwithregulationandratings_run-09_space-MNI152NLin2009cAsym_desc-smoothedFWHM6_bold.nii.gz	<PROJECT_ROOT>/derivatives/fmriprep/sub-21/func/sub-21_task-heatpainwithregulationandratings_run-09_space-MNI152NLin2009cAsym_desc-preproc_bold.nii.gz	<PROJECT_ROOT>/derivatives/fmriprep/sub-21/func/sub-21_task-heatpainwithregulationandratings_run-09_space-MNI152NLin2009cAsym_desc-brain_mask.nii.gz	<PROJECT_ROOT>/derivatives/first_level_inputs_analysis/sub-21/run-09/events_long.tsv	<PROJECT_ROOT>/derivatives/first_level_inputs_analysis/sub-21/run-09/events_stim.tsv	<PROJECT_ROOT>/derivatives/first_level_inputs_analysis/sub-21/run-09/confounds_standard.tsv	True	False
sub-22	1	KEEP	False	READY	OK	<PROJECT_ROOT>/derivatives/smoothed_fwhm6/sub-22/func/sub-22_task-heatpainwithregulationandratings_run-01_space-MNI152NLin2009cAsym_desc-smoothedFWHM6_bold.nii.gz	<PROJECT_ROOT>/derivatives/fmriprep/sub-22/func/sub-22_task-heatpainwithregulationandratings_run-01_space-MNI152NLin2009cAsym_desc-preproc_bold.nii.gz	<PROJECT_ROOT>/derivatives/fmriprep/sub-22/func/sub-22_task-heatpainwithregulationandratings_run-01_space-MNI152NLin2009cAsym_desc-brain_mask.nii.gz	<PROJECT_ROOT>/derivatives/first_level_inputs_analysis/sub-22/run-01/events_long.tsv	<PROJECT_ROOT>/derivatives/first_level_inputs_analysis/sub-22/run-01/events_stim.tsv	<PROJECT_ROOT>/derivatives/first_level_inputs_analysis/sub-22/run-01/confounds_standard.tsv	True	True
sub-22	2	KEEP	False	READY	OK	<PROJECT_ROOT>/derivatives/smoothed_fwhm6/sub-22/func/sub-22_task-heatpainwithregulationandratings_run-02_space-MNI152NLin2009cAsym_desc-smoothedFWHM6_bold.nii.gz	<PROJECT_ROOT>/derivatives/fmriprep/sub-22/func/sub-22_task-heatpainwithregulationandratings_run-02_space-MNI152NLin2009cAsym_desc-preproc_bold.nii.gz	<PROJECT_ROOT>/derivatives/fmriprep/sub-22/func/sub-22_task-heatpainwithregulationandratings_run-02_space-MNI152NLin2009cAsym_desc-brain_mask.nii.gz	<PROJECT_ROOT>/derivatives/first_level_inputs_analysis/sub-22/run-02/events_long.tsv	<PROJECT_ROOT>/derivatives/first_level_inputs_analysis/sub-22/run-02/events_stim.tsv	<PROJECT_ROOT>/derivatives/first_level_inputs_analysis/sub-22/run-02/confounds_standard.tsv	True	True
sub-22	3	KEEP	False	READY	OK	<PROJECT_ROOT>/derivatives/smoothed_fwhm6/sub-22/func/sub-22_task-heatpainwithregulationandratings_run-03_space-MNI152NLin2009cAsym_desc-smoothedFWHM6_bold.nii.gz	<PROJECT_ROOT>/derivatives/fmriprep/sub-22/func/sub-22_task-heatpainwithregulationandratings_run-03_space-MNI152NLin2009cAsym_desc-preproc_bold.nii.gz	<PROJECT_ROOT>/derivatives/fmriprep/sub-22/func/sub-22_task-heatpainwithregulationandratings_run-03_space-MNI152NLin2009cAsym_desc-brain_mask.nii.gz	<PROJECT_ROOT>/derivatives/first_level_inputs_analysis/sub-22/run-03/events_long.tsv	<PROJECT_ROOT>/derivatives/first_level_inputs_analysis/sub-22/run-03/events_stim.tsv	<PROJECT_ROOT>/derivatives/first_level_inputs_analysis/sub-22/run-03/confounds_standard.tsv	True	True
sub-22	4	KEEP_WITH_WARNING	False	READY	OK	<PROJECT_ROOT>/derivatives/smoothed_fwhm6/sub-22/func/sub-22_task-heatpainwithregulationandratings_run-04_space-MNI152NLin2009cAsym_desc-smoothedFWHM6_bold.nii.gz	<PROJECT_ROOT>/derivatives/fmriprep/sub-22/func/sub-22_task-heatpainwithregulationandratings_run-04_space-MNI152NLin2009cAsym_desc-preproc_bold.nii.gz	<PROJECT_ROOT>/derivatives/fmriprep/sub-22/func/sub-22_task-heatpainwithregulationandratings_run-04_space-MNI152NLin2009cAsym_desc-brain_mask.nii.gz	<PROJECT_ROOT>/derivatives/first_level_inputs_analysis/sub-22/run-04/events_long.tsv	<PROJECT_ROOT>/derivatives/first_level_inputs_analysis/sub-22/run-04/events_stim.tsv	<PROJECT_ROOT>/derivatives/first_level_inputs_analysis/sub-22/run-04/confounds_standard.tsv	True	True
sub-22	5	KEEP_WITH_WARNING	False	READY	OK	<PROJECT_ROOT>/derivatives/smoothed_fwhm6/sub-22/func/sub-22_task-heatpainwithregulationandratings_run-05_space-MNI152NLin2009cAsym_desc-smoothedFWHM6_bold.nii.gz	<PROJECT_ROOT>/derivatives/fmriprep/sub-22/func/sub-22_task-heatpainwithregulationandratings_run-05_space-MNI152NLin2009cAsym_desc-preproc_bold.nii.gz	<PROJECT_ROOT>/derivatives/fmriprep/sub-22/func/sub-22_task-heatpainwithregulationandratings_run-05_space-MNI152NLin2009cAsym_desc-brain_mask.nii.gz	<PROJECT_ROOT>/derivatives/first_level_inputs_analysis/sub-22/run-05/events_long.tsv	<PROJECT_ROOT>/derivatives/first_level_inputs_analysis/sub-22/run-05/events_stim.tsv	<PROJECT_ROOT>/derivatives/first_level_inputs_analysis/sub-22/run-05/confounds_standard.tsv	True	True
sub-22	6	KEEP_WITH_WARNING	False	READY	OK	<PROJECT_ROOT>/derivatives/smoothed_fwhm6/sub-22/func/sub-22_task-heatpainwithregulationandratings_run-06_space-MNI152NLin2009cAsym_desc-smoothedFWHM6_bold.nii.gz	<PROJECT_ROOT>/derivatives/fmriprep/sub-22/func/sub-22_task-heatpainwithregulationandratings_run-06_space-MNI152NLin2009cAsym_desc-preproc_bold.nii.gz	<PROJECT_ROOT>/derivatives/fmriprep/sub-22/func/sub-22_task-heatpainwithregulationandratings_run-06_space-MNI152NLin2009cAsym_desc-brain_mask.nii.gz	<PROJECT_ROOT>/derivatives/first_level_inputs_analysis/sub-22/run-06/events_long.tsv	<PROJECT_ROOT>/derivatives/first_level_inputs_analysis/sub-22/run-06/events_stim.tsv	<PROJECT_ROOT>/derivatives/first_level_inputs_analysis/sub-22/run-06/confounds_standard.tsv	True	True
sub-22	7	KEEP_FOR_MAIN_BUT_SENSITIVITY_EXCLUDE_CANDIDATE	True	READY	OK	<PROJECT_ROOT>/derivatives/smoothed_fwhm6/sub-22/func/sub-22_task-heatpainwithregulationandratings_run-07_space-MNI152NLin2009cAsym_desc-smoothedFWHM6_bold.nii.gz	<PROJECT_ROOT>/derivatives/fmriprep/sub-22/func/sub-22_task-heatpainwithregulationandratings_run-07_space-MNI152NLin2009cAsym_desc-preproc_bold.nii.gz	<PROJECT_ROOT>/derivatives/fmriprep/sub-22/func/sub-22_task-heatpainwithregulationandratings_run-07_space-MNI152NLin2009cAsym_desc-brain_mask.nii.gz	<PROJECT_ROOT>/derivatives/first_level_inputs_analysis/sub-22/run-07/events_long.tsv	<PROJECT_ROOT>/derivatives/first_level_inputs_analysis/sub-22/run-07/events_stim.tsv	<PROJECT_ROOT>/derivatives/first_level_inputs_analysis/sub-22/run-07/confounds_standard.tsv	True	False
sub-22	8	KEEP	False	READY	OK	<PROJECT_ROOT>/derivatives/smoothed_fwhm6/sub-22/func/sub-22_task-heatpainwithregulationandratings_run-08_space-MNI152NLin2009cAsym_desc-smoothedFWHM6_bold.nii.gz	<PROJECT_ROOT>/derivatives/fmriprep/sub-22/func/sub-22_task-heatpainwithregulationandratings_run-08_space-MNI152NLin2009cAsym_desc-preproc_bold.nii.gz	<PROJECT_ROOT>/derivatives/fmriprep/sub-22/func/sub-22_task-heatpainwithregulationandratings_run-08_space-MNI152NLin2009cAsym_desc-brain_mask.nii.gz	<PROJECT_ROOT>/derivatives/first_level_inputs_analysis/sub-22/run-08/events_long.tsv	<PROJECT_ROOT>/derivatives/first_level_inputs_analysis/sub-22/run-08/events_stim.tsv	<PROJECT_ROOT>/derivatives/first_level_inputs_analysis/sub-22/run-08/confounds_standard.tsv	True	True
sub-22	9	KEEP_WITH_WARNING	False	READY	OK	<PROJECT_ROOT>/derivatives/smoothed_fwhm6/sub-22/func/sub-22_task-heatpainwithregulationandratings_run-09_space-MNI152NLin2009cAsym_desc-smoothedFWHM6_bold.nii.gz	<PROJECT_ROOT>/derivatives/fmriprep/sub-22/func/sub-22_task-heatpainwithregulationandratings_run-09_space-MNI152NLin2009cAsym_desc-preproc_bold.nii.gz	<PROJECT_ROOT>/derivatives/fmriprep/sub-22/func/sub-22_task-heatpainwithregulationandratings_run-09_space-MNI152NLin2009cAsym_desc-brain_mask.nii.gz	<PROJECT_ROOT>/derivatives/first_level_inputs_analysis/sub-22/run-09/events_long.tsv	<PROJECT_ROOT>/derivatives/first_level_inputs_analysis/sub-22/run-09/events_stim.tsv	<PROJECT_ROOT>/derivatives/first_level_inputs_analysis/sub-22/run-09/confounds_standard.tsv	True	True
sub-23	1	KEEP_WITH_WARNING	False	READY	OK	<PROJECT_ROOT>/derivatives/smoothed_fwhm6/sub-23/func/sub-23_task-heatpainwithregulationandratings_run-01_space-MNI152NLin2009cAsym_desc-smoothedFWHM6_bold.nii.gz	<PROJECT_ROOT>/derivatives/fmriprep/sub-23/func/sub-23_task-heatpainwithregulationandratings_run-01_space-MNI152NLin2009cAsym_desc-preproc_bold.nii.gz	<PROJECT_ROOT>/derivatives/fmriprep/sub-23/func/sub-23_task-heatpainwithregulationandratings_run-01_space-MNI152NLin2009cAsym_desc-brain_mask.nii.gz	<PROJECT_ROOT>/derivatives/first_level_inputs_analysis/sub-23/run-01/events_long.tsv	<PROJECT_ROOT>/derivatives/first_level_inputs_analysis/sub-23/run-01/events_stim.tsv	<PROJECT_ROOT>/derivatives/first_level_inputs_analysis/sub-23/run-01/confounds_standard.tsv	True	True
sub-23	2	KEEP	False	READY	OK	<PROJECT_ROOT>/derivatives/smoothed_fwhm6/sub-23/func/sub-23_task-heatpainwithregulationandratings_run-02_space-MNI152NLin2009cAsym_desc-smoothedFWHM6_bold.nii.gz	<PROJECT_ROOT>/derivatives/fmriprep/sub-23/func/sub-23_task-heatpainwithregulationandratings_run-02_space-MNI152NLin2009cAsym_desc-preproc_bold.nii.gz	<PROJECT_ROOT>/derivatives/fmriprep/sub-23/func/sub-23_task-heatpainwithregulationandratings_run-02_space-MNI152NLin2009cAsym_desc-brain_mask.nii.gz	<PROJECT_ROOT>/derivatives/first_level_inputs_analysis/sub-23/run-02/events_long.tsv	<PROJECT_ROOT>/derivatives/first_level_inputs_analysis/sub-23/run-02/events_stim.tsv	<PROJECT_ROOT>/derivatives/first_level_inputs_analysis/sub-23/run-02/confounds_standard.tsv	True	True
sub-23	3	KEEP_WITH_WARNING	False	READY	OK	<PROJECT_ROOT>/derivatives/smoothed_fwhm6/sub-23/func/sub-23_task-heatpainwithregulationandratings_run-03_space-MNI152NLin2009cAsym_desc-smoothedFWHM6_bold.nii.gz	<PROJECT_ROOT>/derivatives/fmriprep/sub-23/func/sub-23_task-heatpainwithregulationandratings_run-03_space-MNI152NLin2009cAsym_desc-preproc_bold.nii.gz	<PROJECT_ROOT>/derivatives/fmriprep/sub-23/func/sub-23_task-heatpainwithregulationandratings_run-03_space-MNI152NLin2009cAsym_desc-brain_mask.nii.gz	<PROJECT_ROOT>/derivatives/first_level_inputs_analysis/sub-23/run-03/events_long.tsv	<PROJECT_ROOT>/derivatives/first_level_inputs_analysis/sub-23/run-03/events_stim.tsv	<PROJECT_ROOT>/derivatives/first_level_inputs_analysis/sub-23/run-03/confounds_standard.tsv	True	True
sub-23	4	KEEP	False	READY	OK	<PROJECT_ROOT>/derivatives/smoothed_fwhm6/sub-23/func/sub-23_task-heatpainwithregulationandratings_run-04_space-MNI152NLin2009cAsym_desc-smoothedFWHM6_bold.nii.gz	<PROJECT_ROOT>/derivatives/fmriprep/sub-23/func/sub-23_task-heatpainwithregulationandratings_run-04_space-MNI152NLin2009cAsym_desc-preproc_bold.nii.gz	<PROJECT_ROOT>/derivatives/fmriprep/sub-23/func/sub-23_task-heatpainwithregulationandratings_run-04_space-MNI152NLin2009cAsym_desc-brain_mask.nii.gz	<PROJECT_ROOT>/derivatives/first_level_inputs_analysis/sub-23/run-04/events_long.tsv	<PROJECT_ROOT>/derivatives/first_level_inputs_analysis/sub-23/run-04/events_stim.tsv	<PROJECT_ROOT>/derivatives/first_level_inputs_analysis/sub-23/run-04/confounds_standard.tsv	True	True
sub-23	5	KEEP_WITH_WARNING	False	READY	OK	<PROJECT_ROOT>/derivatives/smoothed_fwhm6/sub-23/func/sub-23_task-heatpainwithregulationandratings_run-05_space-MNI152NLin2009cAsym_desc-smoothedFWHM6_bold.nii.gz	<PROJECT_ROOT>/derivatives/fmriprep/sub-23/func/sub-23_task-heatpainwithregulationandratings_run-05_space-MNI152NLin2009cAsym_desc-preproc_bold.nii.gz	<PROJECT_ROOT>/derivatives/fmriprep/sub-23/func/sub-23_task-heatpainwithregulationandratings_run-05_space-MNI152NLin2009cAsym_desc-brain_mask.nii.gz	<PROJECT_ROOT>/derivatives/first_level_inputs_analysis/sub-23/run-05/events_long.tsv	<PROJECT_ROOT>/derivatives/first_level_inputs_analysis/sub-23/run-05/events_stim.tsv	<PROJECT_ROOT>/derivatives/first_level_inputs_analysis/sub-23/run-05/confounds_standard.tsv	True	True
sub-23	6	KEEP_WITH_WARNING	False	READY	OK	<PROJECT_ROOT>/derivatives/smoothed_fwhm6/sub-23/func/sub-23_task-heatpainwithregulationandratings_run-06_space-MNI152NLin2009cAsym_desc-smoothedFWHM6_bold.nii.gz	<PROJECT_ROOT>/derivatives/fmriprep/sub-23/func/sub-23_task-heatpainwithregulationandratings_run-06_space-MNI152NLin2009cAsym_desc-preproc_bold.nii.gz	<PROJECT_ROOT>/derivatives/fmriprep/sub-23/func/sub-23_task-heatpainwithregulationandratings_run-06_space-MNI152NLin2009cAsym_desc-brain_mask.nii.gz	<PROJECT_ROOT>/derivatives/first_level_inputs_analysis/sub-23/run-06/events_long.tsv	<PROJECT_ROOT>/derivatives/first_level_inputs_analysis/sub-23/run-06/events_stim.tsv	<PROJECT_ROOT>/derivatives/first_level_inputs_analysis/sub-23/run-06/confounds_standard.tsv	True	True
sub-23	7	KEEP_FOR_MAIN_BUT_SENSITIVITY_EXCLUDE_CANDIDATE	True	READY	OK	<PROJECT_ROOT>/derivatives/smoothed_fwhm6/sub-23/func/sub-23_task-heatpainwithregulationandratings_run-07_space-MNI152NLin2009cAsym_desc-smoothedFWHM6_bold.nii.gz	<PROJECT_ROOT>/derivatives/fmriprep/sub-23/func/sub-23_task-heatpainwithregulationandratings_run-07_space-MNI152NLin2009cAsym_desc-preproc_bold.nii.gz	<PROJECT_ROOT>/derivatives/fmriprep/sub-23/func/sub-23_task-heatpainwithregulationandratings_run-07_space-MNI152NLin2009cAsym_desc-brain_mask.nii.gz	<PROJECT_ROOT>/derivatives/first_level_inputs_analysis/sub-23/run-07/events_long.tsv	<PROJECT_ROOT>/derivatives/first_level_inputs_analysis/sub-23/run-07/events_stim.tsv	<PROJECT_ROOT>/derivatives/first_level_inputs_analysis/sub-23/run-07/confounds_standard.tsv	True	False
sub-23	8	KEEP_WITH_WARNING	False	READY	OK	<PROJECT_ROOT>/derivatives/smoothed_fwhm6/sub-23/func/sub-23_task-heatpainwithregulationandratings_run-08_space-MNI152NLin2009cAsym_desc-smoothedFWHM6_bold.nii.gz	<PROJECT_ROOT>/derivatives/fmriprep/sub-23/func/sub-23_task-heatpainwithregulationandratings_run-08_space-MNI152NLin2009cAsym_desc-preproc_bold.nii.gz	<PROJECT_ROOT>/derivatives/fmriprep/sub-23/func/sub-23_task-heatpainwithregulationandratings_run-08_space-MNI152NLin2009cAsym_desc-brain_mask.nii.gz	<PROJECT_ROOT>/derivatives/first_level_inputs_analysis/sub-23/run-08/events_long.tsv	<PROJECT_ROOT>/derivatives/first_level_inputs_analysis/sub-23/run-08/events_stim.tsv	<PROJECT_ROOT>/derivatives/first_level_inputs_analysis/sub-23/run-08/confounds_standard.tsv	True	True
sub-23	9	KEEP_WITH_WARNING	False	READY	OK	<PROJECT_ROOT>/derivatives/smoothed_fwhm6/sub-23/func/sub-23_task-heatpainwithregulationandratings_run-09_space-MNI152NLin2009cAsym_desc-smoothedFWHM6_bold.nii.gz	<PROJECT_ROOT>/derivatives/fmriprep/sub-23/func/sub-23_task-heatpainwithregulationandratings_run-09_space-MNI152NLin2009cAsym_desc-preproc_bold.nii.gz	<PROJECT_ROOT>/derivatives/fmriprep/sub-23/func/sub-23_task-heatpainwithregulationandratings_run-09_space-MNI152NLin2009cAsym_desc-brain_mask.nii.gz	<PROJECT_ROOT>/derivatives/first_level_inputs_analysis/sub-23/run-09/events_long.tsv	<PROJECT_ROOT>/derivatives/first_level_inputs_analysis/sub-23/run-09/events_stim.tsv	<PROJECT_ROOT>/derivatives/first_level_inputs_analysis/sub-23/run-09/confounds_standard.tsv	True	True
sub-24	1	KEEP_WITH_WARNING	False	READY	OK	<PROJECT_ROOT>/derivatives/smoothed_fwhm6/sub-24/func/sub-24_task-heatpainwithregulationandratings_run-01_space-MNI152NLin2009cAsym_desc-smoothedFWHM6_bold.nii.gz	<PROJECT_ROOT>/derivatives/fmriprep/sub-24/func/sub-24_task-heatpainwithregulationandratings_run-01_space-MNI152NLin2009cAsym_desc-preproc_bold.nii.gz	<PROJECT_ROOT>/derivatives/fmriprep/sub-24/func/sub-24_task-heatpainwithregulationandratings_run-01_space-MNI152NLin2009cAsym_desc-brain_mask.nii.gz	<PROJECT_ROOT>/derivatives/first_level_inputs_analysis/sub-24/run-01/events_long.tsv	<PROJECT_ROOT>/derivatives/first_level_inputs_analysis/sub-24/run-01/events_stim.tsv	<PROJECT_ROOT>/derivatives/first_level_inputs_analysis/sub-24/run-01/confounds_standard.tsv	True	True
sub-24	2	KEEP_FOR_MAIN_BUT_SENSITIVITY_EXCLUDE_CANDIDATE	True	READY	OK	<PROJECT_ROOT>/derivatives/smoothed_fwhm6/sub-24/func/sub-24_task-heatpainwithregulationandratings_run-02_space-MNI152NLin2009cAsym_desc-smoothedFWHM6_bold.nii.gz	<PROJECT_ROOT>/derivatives/fmriprep/sub-24/func/sub-24_task-heatpainwithregulationandratings_run-02_space-MNI152NLin2009cAsym_desc-preproc_bold.nii.gz	<PROJECT_ROOT>/derivatives/fmriprep/sub-24/func/sub-24_task-heatpainwithregulationandratings_run-02_space-MNI152NLin2009cAsym_desc-brain_mask.nii.gz	<PROJECT_ROOT>/derivatives/first_level_inputs_analysis/sub-24/run-02/events_long.tsv	<PROJECT_ROOT>/derivatives/first_level_inputs_analysis/sub-24/run-02/events_stim.tsv	<PROJECT_ROOT>/derivatives/first_level_inputs_analysis/sub-24/run-02/confounds_standard.tsv	True	False
sub-24	3	KEEP_WITH_WARNING	False	READY	OK	<PROJECT_ROOT>/derivatives/smoothed_fwhm6/sub-24/func/sub-24_task-heatpainwithregulationandratings_run-03_space-MNI152NLin2009cAsym_desc-smoothedFWHM6_bold.nii.gz	<PROJECT_ROOT>/derivatives/fmriprep/sub-24/func/sub-24_task-heatpainwithregulationandratings_run-03_space-MNI152NLin2009cAsym_desc-preproc_bold.nii.gz	<PROJECT_ROOT>/derivatives/fmriprep/sub-24/func/sub-24_task-heatpainwithregulationandratings_run-03_space-MNI152NLin2009cAsym_desc-brain_mask.nii.gz	<PROJECT_ROOT>/derivatives/first_level_inputs_analysis/sub-24/run-03/events_long.tsv	<PROJECT_ROOT>/derivatives/first_level_inputs_analysis/sub-24/run-03/events_stim.tsv	<PROJECT_ROOT>/derivatives/first_level_inputs_analysis/sub-24/run-03/confounds_standard.tsv	True	True
sub-24	4	KEEP_WITH_WARNING	False	READY	OK	<PROJECT_ROOT>/derivatives/smoothed_fwhm6/sub-24/func/sub-24_task-heatpainwithregulationandratings_run-04_space-MNI152NLin2009cAsym_desc-smoothedFWHM6_bold.nii.gz	<PROJECT_ROOT>/derivatives/fmriprep/sub-24/func/sub-24_task-heatpainwithregulationandratings_run-04_space-MNI152NLin2009cAsym_desc-preproc_bold.nii.gz	<PROJECT_ROOT>/derivatives/fmriprep/sub-24/func/sub-24_task-heatpainwithregulationandratings_run-04_space-MNI152NLin2009cAsym_desc-brain_mask.nii.gz	<PROJECT_ROOT>/derivatives/first_level_inputs_analysis/sub-24/run-04/events_long.tsv	<PROJECT_ROOT>/derivatives/first_level_inputs_analysis/sub-24/run-04/events_stim.tsv	<PROJECT_ROOT>/derivatives/first_level_inputs_analysis/sub-24/run-04/confounds_standard.tsv	True	True
sub-24	5	KEEP_WITH_WARNING	False	READY	OK	<PROJECT_ROOT>/derivatives/smoothed_fwhm6/sub-24/func/sub-24_task-heatpainwithregulationandratings_run-05_space-MNI152NLin2009cAsym_desc-smoothedFWHM6_bold.nii.gz	<PROJECT_ROOT>/derivatives/fmriprep/sub-24/func/sub-24_task-heatpainwithregulationandratings_run-05_space-MNI152NLin2009cAsym_desc-preproc_bold.nii.gz	<PROJECT_ROOT>/derivatives/fmriprep/sub-24/func/sub-24_task-heatpainwithregulationandratings_run-05_space-MNI152NLin2009cAsym_desc-brain_mask.nii.gz	<PROJECT_ROOT>/derivatives/first_level_inputs_analysis/sub-24/run-05/events_long.tsv	<PROJECT_ROOT>/derivatives/first_level_inputs_analysis/sub-24/run-05/events_stim.tsv	<PROJECT_ROOT>/derivatives/first_level_inputs_analysis/sub-24/run-05/confounds_standard.tsv	True	True
sub-24	6	KEEP_FOR_MAIN_BUT_SENSITIVITY_EXCLUDE_CANDIDATE	True	READY	OK	<PROJECT_ROOT>/derivatives/smoothed_fwhm6/sub-24/func/sub-24_task-heatpainwithregulationandratings_run-06_space-MNI152NLin2009cAsym_desc-smoothedFWHM6_bold.nii.gz	<PROJECT_ROOT>/derivatives/fmriprep/sub-24/func/sub-24_task-heatpainwithregulationandratings_run-06_space-MNI152NLin2009cAsym_desc-preproc_bold.nii.gz	<PROJECT_ROOT>/derivatives/fmriprep/sub-24/func/sub-24_task-heatpainwithregulationandratings_run-06_space-MNI152NLin2009cAsym_desc-brain_mask.nii.gz	<PROJECT_ROOT>/derivatives/first_level_inputs_analysis/sub-24/run-06/events_long.tsv	<PROJECT_ROOT>/derivatives/first_level_inputs_analysis/sub-24/run-06/events_stim.tsv	<PROJECT_ROOT>/derivatives/first_level_inputs_analysis/sub-24/run-06/confounds_standard.tsv	True	False
sub-24	7	KEEP_WITH_WARNING	False	READY	OK	<PROJECT_ROOT>/derivatives/smoothed_fwhm6/sub-24/func/sub-24_task-heatpainwithregulationandratings_run-07_space-MNI152NLin2009cAsym_desc-smoothedFWHM6_bold.nii.gz	<PROJECT_ROOT>/derivatives/fmriprep/sub-24/func/sub-24_task-heatpainwithregulationandratings_run-07_space-MNI152NLin2009cAsym_desc-preproc_bold.nii.gz	<PROJECT_ROOT>/derivatives/fmriprep/sub-24/func/sub-24_task-heatpainwithregulationandratings_run-07_space-MNI152NLin2009cAsym_desc-brain_mask.nii.gz	<PROJECT_ROOT>/derivatives/first_level_inputs_analysis/sub-24/run-07/events_long.tsv	<PROJECT_ROOT>/derivatives/first_level_inputs_analysis/sub-24/run-07/events_stim.tsv	<PROJECT_ROOT>/derivatives/first_level_inputs_analysis/sub-24/run-07/confounds_standard.tsv	True	True
sub-24	8	KEEP_WITH_WARNING	False	READY	OK	<PROJECT_ROOT>/derivatives/smoothed_fwhm6/sub-24/func/sub-24_task-heatpainwithregulationandratings_run-08_space-MNI152NLin2009cAsym_desc-smoothedFWHM6_bold.nii.gz	<PROJECT_ROOT>/derivatives/fmriprep/sub-24/func/sub-24_task-heatpainwithregulationandratings_run-08_space-MNI152NLin2009cAsym_desc-preproc_bold.nii.gz	<PROJECT_ROOT>/derivatives/fmriprep/sub-24/func/sub-24_task-heatpainwithregulationandratings_run-08_space-MNI152NLin2009cAsym_desc-brain_mask.nii.gz	<PROJECT_ROOT>/derivatives/first_level_inputs_analysis/sub-24/run-08/events_long.tsv	<PROJECT_ROOT>/derivatives/first_level_inputs_analysis/sub-24/run-08/events_stim.tsv	<PROJECT_ROOT>/derivatives/first_level_inputs_analysis/sub-24/run-08/confounds_standard.tsv	True	True
sub-24	9	KEEP_FOR_MAIN_BUT_SENSITIVITY_EXCLUDE_CANDIDATE	True	READY	OK	<PROJECT_ROOT>/derivatives/smoothed_fwhm6/sub-24/func/sub-24_task-heatpainwithregulationandratings_run-09_space-MNI152NLin2009cAsym_desc-smoothedFWHM6_bold.nii.gz	<PROJECT_ROOT>/derivatives/fmriprep/sub-24/func/sub-24_task-heatpainwithregulationandratings_run-09_space-MNI152NLin2009cAsym_desc-preproc_bold.nii.gz	<PROJECT_ROOT>/derivatives/fmriprep/sub-24/func/sub-24_task-heatpainwithregulationandratings_run-09_space-MNI152NLin2009cAsym_desc-brain_mask.nii.gz	<PROJECT_ROOT>/derivatives/first_level_inputs_analysis/sub-24/run-09/events_long.tsv	<PROJECT_ROOT>/derivatives/first_level_inputs_analysis/sub-24/run-09/events_stim.tsv	<PROJECT_ROOT>/derivatives/first_level_inputs_analysis/sub-24/run-09/confounds_standard.tsv	True	False
sub-25	2	KEEP_FOR_MAIN_BUT_SENSITIVITY_EXCLUDE_CANDIDATE	True	READY	OK	<PROJECT_ROOT>/derivatives/smoothed_fwhm6/sub-25/func/sub-25_task-heatpainwithregulationandratings_run-02_space-MNI152NLin2009cAsym_desc-smoothedFWHM6_bold.nii.gz	<PROJECT_ROOT>/derivatives/fmriprep/sub-25/func/sub-25_task-heatpainwithregulationandratings_run-02_space-MNI152NLin2009cAsym_desc-preproc_bold.nii.gz	<PROJECT_ROOT>/derivatives/fmriprep/sub-25/func/sub-25_task-heatpainwithregulationandratings_run-02_space-MNI152NLin2009cAsym_desc-brain_mask.nii.gz	<PROJECT_ROOT>/derivatives/first_level_inputs_analysis/sub-25/run-02/events_long.tsv	<PROJECT_ROOT>/derivatives/first_level_inputs_analysis/sub-25/run-02/events_stim.tsv	<PROJECT_ROOT>/derivatives/first_level_inputs_analysis/sub-25/run-02/confounds_standard.tsv	True	False
sub-25	3	KEEP_FOR_MAIN_BUT_SENSITIVITY_EXCLUDE_CANDIDATE	True	READY	OK	<PROJECT_ROOT>/derivatives/smoothed_fwhm6/sub-25/func/sub-25_task-heatpainwithregulationandratings_run-03_space-MNI152NLin2009cAsym_desc-smoothedFWHM6_bold.nii.gz	<PROJECT_ROOT>/derivatives/fmriprep/sub-25/func/sub-25_task-heatpainwithregulationandratings_run-03_space-MNI152NLin2009cAsym_desc-preproc_bold.nii.gz	<PROJECT_ROOT>/derivatives/fmriprep/sub-25/func/sub-25_task-heatpainwithregulationandratings_run-03_space-MNI152NLin2009cAsym_desc-brain_mask.nii.gz	<PROJECT_ROOT>/derivatives/first_level_inputs_analysis/sub-25/run-03/events_long.tsv	<PROJECT_ROOT>/derivatives/first_level_inputs_analysis/sub-25/run-03/events_stim.tsv	<PROJECT_ROOT>/derivatives/first_level_inputs_analysis/sub-25/run-03/confounds_standard.tsv	True	False
sub-25	4	KEEP_FOR_MAIN_BUT_SENSITIVITY_EXCLUDE_CANDIDATE	True	READY	OK	<PROJECT_ROOT>/derivatives/smoothed_fwhm6/sub-25/func/sub-25_task-heatpainwithregulationandratings_run-04_space-MNI152NLin2009cAsym_desc-smoothedFWHM6_bold.nii.gz	<PROJECT_ROOT>/derivatives/fmriprep/sub-25/func/sub-25_task-heatpainwithregulationandratings_run-04_space-MNI152NLin2009cAsym_desc-preproc_bold.nii.gz	<PROJECT_ROOT>/derivatives/fmriprep/sub-25/func/sub-25_task-heatpainwithregulationandratings_run-04_space-MNI152NLin2009cAsym_desc-brain_mask.nii.gz	<PROJECT_ROOT>/derivatives/first_level_inputs_analysis/sub-25/run-04/events_long.tsv	<PROJECT_ROOT>/derivatives/first_level_inputs_analysis/sub-25/run-04/events_stim.tsv	<PROJECT_ROOT>/derivatives/first_level_inputs_analysis/sub-25/run-04/confounds_standard.tsv	True	False
sub-25	5	KEEP_FOR_MAIN_BUT_SENSITIVITY_EXCLUDE_CANDIDATE	True	READY	OK	<PROJECT_ROOT>/derivatives/smoothed_fwhm6/sub-25/func/sub-25_task-heatpainwithregulationandratings_run-05_space-MNI152NLin2009cAsym_desc-smoothedFWHM6_bold.nii.gz	<PROJECT_ROOT>/derivatives/fmriprep/sub-25/func/sub-25_task-heatpainwithregulationandratings_run-05_space-MNI152NLin2009cAsym_desc-preproc_bold.nii.gz	<PROJECT_ROOT>/derivatives/fmriprep/sub-25/func/sub-25_task-heatpainwithregulationandratings_run-05_space-MNI152NLin2009cAsym_desc-brain_mask.nii.gz	<PROJECT_ROOT>/derivatives/first_level_inputs_analysis/sub-25/run-05/events_long.tsv	<PROJECT_ROOT>/derivatives/first_level_inputs_analysis/sub-25/run-05/events_stim.tsv	<PROJECT_ROOT>/derivatives/first_level_inputs_analysis/sub-25/run-05/confounds_standard.tsv	True	False
sub-25	6	KEEP_FOR_MAIN_BUT_SENSITIVITY_EXCLUDE_CANDIDATE	True	READY	OK	<PROJECT_ROOT>/derivatives/smoothed_fwhm6/sub-25/func/sub-25_task-heatpainwithregulationandratings_run-06_space-MNI152NLin2009cAsym_desc-smoothedFWHM6_bold.nii.gz	<PROJECT_ROOT>/derivatives/fmriprep/sub-25/func/sub-25_task-heatpainwithregulationandratings_run-06_space-MNI152NLin2009cAsym_desc-preproc_bold.nii.gz	<PROJECT_ROOT>/derivatives/fmriprep/sub-25/func/sub-25_task-heatpainwithregulationandratings_run-06_space-MNI152NLin2009cAsym_desc-brain_mask.nii.gz	<PROJECT_ROOT>/derivatives/first_level_inputs_analysis/sub-25/run-06/events_long.tsv	<PROJECT_ROOT>/derivatives/first_level_inputs_analysis/sub-25/run-06/events_stim.tsv	<PROJECT_ROOT>/derivatives/first_level_inputs_analysis/sub-25/run-06/confounds_standard.tsv	True	False
sub-25	7	KEEP_FOR_MAIN_BUT_SENSITIVITY_EXCLUDE_CANDIDATE	True	READY	OK	<PROJECT_ROOT>/derivatives/smoothed_fwhm6/sub-25/func/sub-25_task-heatpainwithregulationandratings_run-07_space-MNI152NLin2009cAsym_desc-smoothedFWHM6_bold.nii.gz	<PROJECT_ROOT>/derivatives/fmriprep/sub-25/func/sub-25_task-heatpainwithregulationandratings_run-07_space-MNI152NLin2009cAsym_desc-preproc_bold.nii.gz	<PROJECT_ROOT>/derivatives/fmriprep/sub-25/func/sub-25_task-heatpainwithregulationandratings_run-07_space-MNI152NLin2009cAsym_desc-brain_mask.nii.gz	<PROJECT_ROOT>/derivatives/first_level_inputs_analysis/sub-25/run-07/events_long.tsv	<PROJECT_ROOT>/derivatives/first_level_inputs_analysis/sub-25/run-07/events_stim.tsv	<PROJECT_ROOT>/derivatives/first_level_inputs_analysis/sub-25/run-07/confounds_standard.tsv	True	False
sub-25	8	KEEP_FOR_MAIN_BUT_SENSITIVITY_EXCLUDE_CANDIDATE	True	READY	OK	<PROJECT_ROOT>/derivatives/smoothed_fwhm6/sub-25/func/sub-25_task-heatpainwithregulationandratings_run-08_space-MNI152NLin2009cAsym_desc-smoothedFWHM6_bold.nii.gz	<PROJECT_ROOT>/derivatives/fmriprep/sub-25/func/sub-25_task-heatpainwithregulationandratings_run-08_space-MNI152NLin2009cAsym_desc-preproc_bold.nii.gz	<PROJECT_ROOT>/derivatives/fmriprep/sub-25/func/sub-25_task-heatpainwithregulationandratings_run-08_space-MNI152NLin2009cAsym_desc-brain_mask.nii.gz	<PROJECT_ROOT>/derivatives/first_level_inputs_analysis/sub-25/run-08/events_long.tsv	<PROJECT_ROOT>/derivatives/first_level_inputs_analysis/sub-25/run-08/events_stim.tsv	<PROJECT_ROOT>/derivatives/first_level_inputs_analysis/sub-25/run-08/confounds_standard.tsv	True	False
sub-25	9	KEEP_WITH_WARNING	False	READY	OK	<PROJECT_ROOT>/derivatives/smoothed_fwhm6/sub-25/func/sub-25_task-heatpainwithregulationandratings_run-09_space-MNI152NLin2009cAsym_desc-smoothedFWHM6_bold.nii.gz	<PROJECT_ROOT>/derivatives/fmriprep/sub-25/func/sub-25_task-heatpainwithregulationandratings_run-09_space-MNI152NLin2009cAsym_desc-preproc_bold.nii.gz	<PROJECT_ROOT>/derivatives/fmriprep/sub-25/func/sub-25_task-heatpainwithregulationandratings_run-09_space-MNI152NLin2009cAsym_desc-brain_mask.nii.gz	<PROJECT_ROOT>/derivatives/first_level_inputs_analysis/sub-25/run-09/events_long.tsv	<PROJECT_ROOT>/derivatives/first_level_inputs_analysis/sub-25/run-09/events_stim.tsv	<PROJECT_ROOT>/derivatives/first_level_inputs_analysis/sub-25/run-09/confounds_standard.tsv	True	True
sub-26	1	KEEP	False	READY	OK	<PROJECT_ROOT>/derivatives/smoothed_fwhm6/sub-26/func/sub-26_task-heatpainwithregulationandratings_run-01_space-MNI152NLin2009cAsym_desc-smoothedFWHM6_bold.nii.gz	<PROJECT_ROOT>/derivatives/fmriprep/sub-26/func/sub-26_task-heatpainwithregulationandratings_run-01_space-MNI152NLin2009cAsym_desc-preproc_bold.nii.gz	<PROJECT_ROOT>/derivatives/fmriprep/sub-26/func/sub-26_task-heatpainwithregulationandratings_run-01_space-MNI152NLin2009cAsym_desc-brain_mask.nii.gz	<PROJECT_ROOT>/derivatives/first_level_inputs_analysis/sub-26/run-01/events_long.tsv	<PROJECT_ROOT>/derivatives/first_level_inputs_analysis/sub-26/run-01/events_stim.tsv	<PROJECT_ROOT>/derivatives/first_level_inputs_analysis/sub-26/run-01/confounds_standard.tsv	True	True
sub-26	2	KEEP_WITH_WARNING	False	READY	OK	<PROJECT_ROOT>/derivatives/smoothed_fwhm6/sub-26/func/sub-26_task-heatpainwithregulationandratings_run-02_space-MNI152NLin2009cAsym_desc-smoothedFWHM6_bold.nii.gz	<PROJECT_ROOT>/derivatives/fmriprep/sub-26/func/sub-26_task-heatpainwithregulationandratings_run-02_space-MNI152NLin2009cAsym_desc-preproc_bold.nii.gz	<PROJECT_ROOT>/derivatives/fmriprep/sub-26/func/sub-26_task-heatpainwithregulationandratings_run-02_space-MNI152NLin2009cAsym_desc-brain_mask.nii.gz	<PROJECT_ROOT>/derivatives/first_level_inputs_analysis/sub-26/run-02/events_long.tsv	<PROJECT_ROOT>/derivatives/first_level_inputs_analysis/sub-26/run-02/events_stim.tsv	<PROJECT_ROOT>/derivatives/first_level_inputs_analysis/sub-26/run-02/confounds_standard.tsv	True	True
sub-26	3	KEEP	False	READY	OK	<PROJECT_ROOT>/derivatives/smoothed_fwhm6/sub-26/func/sub-26_task-heatpainwithregulationandratings_run-03_space-MNI152NLin2009cAsym_desc-smoothedFWHM6_bold.nii.gz	<PROJECT_ROOT>/derivatives/fmriprep/sub-26/func/sub-26_task-heatpainwithregulationandratings_run-03_space-MNI152NLin2009cAsym_desc-preproc_bold.nii.gz	<PROJECT_ROOT>/derivatives/fmriprep/sub-26/func/sub-26_task-heatpainwithregulationandratings_run-03_space-MNI152NLin2009cAsym_desc-brain_mask.nii.gz	<PROJECT_ROOT>/derivatives/first_level_inputs_analysis/sub-26/run-03/events_long.tsv	<PROJECT_ROOT>/derivatives/first_level_inputs_analysis/sub-26/run-03/events_stim.tsv	<PROJECT_ROOT>/derivatives/first_level_inputs_analysis/sub-26/run-03/confounds_standard.tsv	True	True
sub-26	4	KEEP_WITH_WARNING	False	READY	OK	<PROJECT_ROOT>/derivatives/smoothed_fwhm6/sub-26/func/sub-26_task-heatpainwithregulationandratings_run-04_space-MNI152NLin2009cAsym_desc-smoothedFWHM6_bold.nii.gz	<PROJECT_ROOT>/derivatives/fmriprep/sub-26/func/sub-26_task-heatpainwithregulationandratings_run-04_space-MNI152NLin2009cAsym_desc-preproc_bold.nii.gz	<PROJECT_ROOT>/derivatives/fmriprep/sub-26/func/sub-26_task-heatpainwithregulationandratings_run-04_space-MNI152NLin2009cAsym_desc-brain_mask.nii.gz	<PROJECT_ROOT>/derivatives/first_level_inputs_analysis/sub-26/run-04/events_long.tsv	<PROJECT_ROOT>/derivatives/first_level_inputs_analysis/sub-26/run-04/events_stim.tsv	<PROJECT_ROOT>/derivatives/first_level_inputs_analysis/sub-26/run-04/confounds_standard.tsv	True	True
sub-26	5	KEEP_WITH_WARNING	False	READY	OK	<PROJECT_ROOT>/derivatives/smoothed_fwhm6/sub-26/func/sub-26_task-heatpainwithregulationandratings_run-05_space-MNI152NLin2009cAsym_desc-smoothedFWHM6_bold.nii.gz	<PROJECT_ROOT>/derivatives/fmriprep/sub-26/func/sub-26_task-heatpainwithregulationandratings_run-05_space-MNI152NLin2009cAsym_desc-preproc_bold.nii.gz	<PROJECT_ROOT>/derivatives/fmriprep/sub-26/func/sub-26_task-heatpainwithregulationandratings_run-05_space-MNI152NLin2009cAsym_desc-brain_mask.nii.gz	<PROJECT_ROOT>/derivatives/first_level_inputs_analysis/sub-26/run-05/events_long.tsv	<PROJECT_ROOT>/derivatives/first_level_inputs_analysis/sub-26/run-05/events_stim.tsv	<PROJECT_ROOT>/derivatives/first_level_inputs_analysis/sub-26/run-05/confounds_standard.tsv	True	True
sub-26	6	KEEP_FOR_MAIN_BUT_SENSITIVITY_EXCLUDE_CANDIDATE	True	READY	OK	<PROJECT_ROOT>/derivatives/smoothed_fwhm6/sub-26/func/sub-26_task-heatpainwithregulationandratings_run-06_space-MNI152NLin2009cAsym_desc-smoothedFWHM6_bold.nii.gz	<PROJECT_ROOT>/derivatives/fmriprep/sub-26/func/sub-26_task-heatpainwithregulationandratings_run-06_space-MNI152NLin2009cAsym_desc-preproc_bold.nii.gz	<PROJECT_ROOT>/derivatives/fmriprep/sub-26/func/sub-26_task-heatpainwithregulationandratings_run-06_space-MNI152NLin2009cAsym_desc-brain_mask.nii.gz	<PROJECT_ROOT>/derivatives/first_level_inputs_analysis/sub-26/run-06/events_long.tsv	<PROJECT_ROOT>/derivatives/first_level_inputs_analysis/sub-26/run-06/events_stim.tsv	<PROJECT_ROOT>/derivatives/first_level_inputs_analysis/sub-26/run-06/confounds_standard.tsv	True	False
sub-26	7	KEEP_FOR_MAIN_BUT_SENSITIVITY_EXCLUDE_CANDIDATE	True	READY	OK	<PROJECT_ROOT>/derivatives/smoothed_fwhm6/sub-26/func/sub-26_task-heatpainwithregulationandratings_run-07_space-MNI152NLin2009cAsym_desc-smoothedFWHM6_bold.nii.gz	<PROJECT_ROOT>/derivatives/fmriprep/sub-26/func/sub-26_task-heatpainwithregulationandratings_run-07_space-MNI152NLin2009cAsym_desc-preproc_bold.nii.gz	<PROJECT_ROOT>/derivatives/fmriprep/sub-26/func/sub-26_task-heatpainwithregulationandratings_run-07_space-MNI152NLin2009cAsym_desc-brain_mask.nii.gz	<PROJECT_ROOT>/derivatives/first_level_inputs_analysis/sub-26/run-07/events_long.tsv	<PROJECT_ROOT>/derivatives/first_level_inputs_analysis/sub-26/run-07/events_stim.tsv	<PROJECT_ROOT>/derivatives/first_level_inputs_analysis/sub-26/run-07/confounds_standard.tsv	True	False
sub-26	8	KEEP_FOR_MAIN_BUT_SENSITIVITY_EXCLUDE_CANDIDATE	True	READY	OK	<PROJECT_ROOT>/derivatives/smoothed_fwhm6/sub-26/func/sub-26_task-heatpainwithregulationandratings_run-08_space-MNI152NLin2009cAsym_desc-smoothedFWHM6_bold.nii.gz	<PROJECT_ROOT>/derivatives/fmriprep/sub-26/func/sub-26_task-heatpainwithregulationandratings_run-08_space-MNI152NLin2009cAsym_desc-preproc_bold.nii.gz	<PROJECT_ROOT>/derivatives/fmriprep/sub-26/func/sub-26_task-heatpainwithregulationandratings_run-08_space-MNI152NLin2009cAsym_desc-brain_mask.nii.gz	<PROJECT_ROOT>/derivatives/first_level_inputs_analysis/sub-26/run-08/events_long.tsv	<PROJECT_ROOT>/derivatives/first_level_inputs_analysis/sub-26/run-08/events_stim.tsv	<PROJECT_ROOT>/derivatives/first_level_inputs_analysis/sub-26/run-08/confounds_standard.tsv	True	False
sub-26	9	KEEP_WITH_WARNING	False	READY	OK	<PROJECT_ROOT>/derivatives/smoothed_fwhm6/sub-26/func/sub-26_task-heatpainwithregulationandratings_run-09_space-MNI152NLin2009cAsym_desc-smoothedFWHM6_bold.nii.gz	<PROJECT_ROOT>/derivatives/fmriprep/sub-26/func/sub-26_task-heatpainwithregulationandratings_run-09_space-MNI152NLin2009cAsym_desc-preproc_bold.nii.gz	<PROJECT_ROOT>/derivatives/fmriprep/sub-26/func/sub-26_task-heatpainwithregulationandratings_run-09_space-MNI152NLin2009cAsym_desc-brain_mask.nii.gz	<PROJECT_ROOT>/derivatives/first_level_inputs_analysis/sub-26/run-09/events_long.tsv	<PROJECT_ROOT>/derivatives/first_level_inputs_analysis/sub-26/run-09/events_stim.tsv	<PROJECT_ROOT>/derivatives/first_level_inputs_analysis/sub-26/run-09/confounds_standard.tsv	True	True
sub-27	1	KEEP_FOR_MAIN_BUT_SENSITIVITY_EXCLUDE_CANDIDATE	True	READY	OK	<PROJECT_ROOT>/derivatives/smoothed_fwhm6/sub-27/func/sub-27_task-heatpainwithregulationandratings_run-01_space-MNI152NLin2009cAsym_desc-smoothedFWHM6_bold.nii.gz	<PROJECT_ROOT>/derivatives/fmriprep/sub-27/func/sub-27_task-heatpainwithregulationandratings_run-01_space-MNI152NLin2009cAsym_desc-preproc_bold.nii.gz	<PROJECT_ROOT>/derivatives/fmriprep/sub-27/func/sub-27_task-heatpainwithregulationandratings_run-01_space-MNI152NLin2009cAsym_desc-brain_mask.nii.gz	<PROJECT_ROOT>/derivatives/first_level_inputs_analysis/sub-27/run-01/events_long.tsv	<PROJECT_ROOT>/derivatives/first_level_inputs_analysis/sub-27/run-01/events_stim.tsv	<PROJECT_ROOT>/derivatives/first_level_inputs_analysis/sub-27/run-01/confounds_standard.tsv	True	False
sub-27	2	KEEP_FOR_MAIN_BUT_SENSITIVITY_EXCLUDE_CANDIDATE	True	READY	OK	<PROJECT_ROOT>/derivatives/smoothed_fwhm6/sub-27/func/sub-27_task-heatpainwithregulationandratings_run-02_space-MNI152NLin2009cAsym_desc-smoothedFWHM6_bold.nii.gz	<PROJECT_ROOT>/derivatives/fmriprep/sub-27/func/sub-27_task-heatpainwithregulationandratings_run-02_space-MNI152NLin2009cAsym_desc-preproc_bold.nii.gz	<PROJECT_ROOT>/derivatives/fmriprep/sub-27/func/sub-27_task-heatpainwithregulationandratings_run-02_space-MNI152NLin2009cAsym_desc-brain_mask.nii.gz	<PROJECT_ROOT>/derivatives/first_level_inputs_analysis/sub-27/run-02/events_long.tsv	<PROJECT_ROOT>/derivatives/first_level_inputs_analysis/sub-27/run-02/events_stim.tsv	<PROJECT_ROOT>/derivatives/first_level_inputs_analysis/sub-27/run-02/confounds_standard.tsv	True	False
sub-27	3	KEEP_FOR_MAIN_BUT_SENSITIVITY_EXCLUDE_CANDIDATE	True	READY	OK	<PROJECT_ROOT>/derivatives/smoothed_fwhm6/sub-27/func/sub-27_task-heatpainwithregulationandratings_run-03_space-MNI152NLin2009cAsym_desc-smoothedFWHM6_bold.nii.gz	<PROJECT_ROOT>/derivatives/fmriprep/sub-27/func/sub-27_task-heatpainwithregulationandratings_run-03_space-MNI152NLin2009cAsym_desc-preproc_bold.nii.gz	<PROJECT_ROOT>/derivatives/fmriprep/sub-27/func/sub-27_task-heatpainwithregulationandratings_run-03_space-MNI152NLin2009cAsym_desc-brain_mask.nii.gz	<PROJECT_ROOT>/derivatives/first_level_inputs_analysis/sub-27/run-03/events_long.tsv	<PROJECT_ROOT>/derivatives/first_level_inputs_analysis/sub-27/run-03/events_stim.tsv	<PROJECT_ROOT>/derivatives/first_level_inputs_analysis/sub-27/run-03/confounds_standard.tsv	True	False
sub-27	4	KEEP_WITH_WARNING	False	READY	OK	<PROJECT_ROOT>/derivatives/smoothed_fwhm6/sub-27/func/sub-27_task-heatpainwithregulationandratings_run-04_space-MNI152NLin2009cAsym_desc-smoothedFWHM6_bold.nii.gz	<PROJECT_ROOT>/derivatives/fmriprep/sub-27/func/sub-27_task-heatpainwithregulationandratings_run-04_space-MNI152NLin2009cAsym_desc-preproc_bold.nii.gz	<PROJECT_ROOT>/derivatives/fmriprep/sub-27/func/sub-27_task-heatpainwithregulationandratings_run-04_space-MNI152NLin2009cAsym_desc-brain_mask.nii.gz	<PROJECT_ROOT>/derivatives/first_level_inputs_analysis/sub-27/run-04/events_long.tsv	<PROJECT_ROOT>/derivatives/first_level_inputs_analysis/sub-27/run-04/events_stim.tsv	<PROJECT_ROOT>/derivatives/first_level_inputs_analysis/sub-27/run-04/confounds_standard.tsv	True	True
sub-27	5	KEEP_WITH_WARNING	False	READY	OK	<PROJECT_ROOT>/derivatives/smoothed_fwhm6/sub-27/func/sub-27_task-heatpainwithregulationandratings_run-05_space-MNI152NLin2009cAsym_desc-smoothedFWHM6_bold.nii.gz	<PROJECT_ROOT>/derivatives/fmriprep/sub-27/func/sub-27_task-heatpainwithregulationandratings_run-05_space-MNI152NLin2009cAsym_desc-preproc_bold.nii.gz	<PROJECT_ROOT>/derivatives/fmriprep/sub-27/func/sub-27_task-heatpainwithregulationandratings_run-05_space-MNI152NLin2009cAsym_desc-brain_mask.nii.gz	<PROJECT_ROOT>/derivatives/first_level_inputs_analysis/sub-27/run-05/events_long.tsv	<PROJECT_ROOT>/derivatives/first_level_inputs_analysis/sub-27/run-05/events_stim.tsv	<PROJECT_ROOT>/derivatives/first_level_inputs_analysis/sub-27/run-05/confounds_standard.tsv	True	True
sub-27	6	KEEP_WITH_WARNING	False	READY	OK	<PROJECT_ROOT>/derivatives/smoothed_fwhm6/sub-27/func/sub-27_task-heatpainwithregulationandratings_run-06_space-MNI152NLin2009cAsym_desc-smoothedFWHM6_bold.nii.gz	<PROJECT_ROOT>/derivatives/fmriprep/sub-27/func/sub-27_task-heatpainwithregulationandratings_run-06_space-MNI152NLin2009cAsym_desc-preproc_bold.nii.gz	<PROJECT_ROOT>/derivatives/fmriprep/sub-27/func/sub-27_task-heatpainwithregulationandratings_run-06_space-MNI152NLin2009cAsym_desc-brain_mask.nii.gz	<PROJECT_ROOT>/derivatives/first_level_inputs_analysis/sub-27/run-06/events_long.tsv	<PROJECT_ROOT>/derivatives/first_level_inputs_analysis/sub-27/run-06/events_stim.tsv	<PROJECT_ROOT>/derivatives/first_level_inputs_analysis/sub-27/run-06/confounds_standard.tsv	True	True
sub-27	7	KEEP_WITH_WARNING	False	READY	OK	<PROJECT_ROOT>/derivatives/smoothed_fwhm6/sub-27/func/sub-27_task-heatpainwithregulationandratings_run-07_space-MNI152NLin2009cAsym_desc-smoothedFWHM6_bold.nii.gz	<PROJECT_ROOT>/derivatives/fmriprep/sub-27/func/sub-27_task-heatpainwithregulationandratings_run-07_space-MNI152NLin2009cAsym_desc-preproc_bold.nii.gz	<PROJECT_ROOT>/derivatives/fmriprep/sub-27/func/sub-27_task-heatpainwithregulationandratings_run-07_space-MNI152NLin2009cAsym_desc-brain_mask.nii.gz	<PROJECT_ROOT>/derivatives/first_level_inputs_analysis/sub-27/run-07/events_long.tsv	<PROJECT_ROOT>/derivatives/first_level_inputs_analysis/sub-27/run-07/events_stim.tsv	<PROJECT_ROOT>/derivatives/first_level_inputs_analysis/sub-27/run-07/confounds_standard.tsv	True	True
sub-27	8	KEEP_FOR_MAIN_BUT_SENSITIVITY_EXCLUDE_CANDIDATE	True	READY	OK	<PROJECT_ROOT>/derivatives/smoothed_fwhm6/sub-27/func/sub-27_task-heatpainwithregulationandratings_run-08_space-MNI152NLin2009cAsym_desc-smoothedFWHM6_bold.nii.gz	<PROJECT_ROOT>/derivatives/fmriprep/sub-27/func/sub-27_task-heatpainwithregulationandratings_run-08_space-MNI152NLin2009cAsym_desc-preproc_bold.nii.gz	<PROJECT_ROOT>/derivatives/fmriprep/sub-27/func/sub-27_task-heatpainwithregulationandratings_run-08_space-MNI152NLin2009cAsym_desc-brain_mask.nii.gz	<PROJECT_ROOT>/derivatives/first_level_inputs_analysis/sub-27/run-08/events_long.tsv	<PROJECT_ROOT>/derivatives/first_level_inputs_analysis/sub-27/run-08/events_stim.tsv	<PROJECT_ROOT>/derivatives/first_level_inputs_analysis/sub-27/run-08/confounds_standard.tsv	True	False
sub-27	9	KEEP_FOR_MAIN_BUT_SENSITIVITY_EXCLUDE_CANDIDATE	True	READY	OK	<PROJECT_ROOT>/derivatives/smoothed_fwhm6/sub-27/func/sub-27_task-heatpainwithregulationandratings_run-09_space-MNI152NLin2009cAsym_desc-smoothedFWHM6_bold.nii.gz	<PROJECT_ROOT>/derivatives/fmriprep/sub-27/func/sub-27_task-heatpainwithregulationandratings_run-09_space-MNI152NLin2009cAsym_desc-preproc_bold.nii.gz	<PROJECT_ROOT>/derivatives/fmriprep/sub-27/func/sub-27_task-heatpainwithregulationandratings_run-09_space-MNI152NLin2009cAsym_desc-brain_mask.nii.gz	<PROJECT_ROOT>/derivatives/first_level_inputs_analysis/sub-27/run-09/events_long.tsv	<PROJECT_ROOT>/derivatives/first_level_inputs_analysis/sub-27/run-09/events_stim.tsv	<PROJECT_ROOT>/derivatives/first_level_inputs_analysis/sub-27/run-09/confounds_standard.tsv	True	False
sub-28	1	KEEP_FOR_MAIN_BUT_SENSITIVITY_EXCLUDE_CANDIDATE	True	READY	OK	<PROJECT_ROOT>/derivatives/smoothed_fwhm6/sub-28/func/sub-28_task-heatpainwithregulationandratings_run-01_space-MNI152NLin2009cAsym_desc-smoothedFWHM6_bold.nii.gz	<PROJECT_ROOT>/derivatives/fmriprep/sub-28/func/sub-28_task-heatpainwithregulationandratings_run-01_space-MNI152NLin2009cAsym_desc-preproc_bold.nii.gz	<PROJECT_ROOT>/derivatives/fmriprep/sub-28/func/sub-28_task-heatpainwithregulationandratings_run-01_space-MNI152NLin2009cAsym_desc-brain_mask.nii.gz	<PROJECT_ROOT>/derivatives/first_level_inputs_analysis/sub-28/run-01/events_long.tsv	<PROJECT_ROOT>/derivatives/first_level_inputs_analysis/sub-28/run-01/events_stim.tsv	<PROJECT_ROOT>/derivatives/first_level_inputs_analysis/sub-28/run-01/confounds_standard.tsv	True	False
sub-28	2	KEEP_FOR_MAIN_BUT_SENSITIVITY_EXCLUDE_CANDIDATE	True	READY	OK	<PROJECT_ROOT>/derivatives/smoothed_fwhm6/sub-28/func/sub-28_task-heatpainwithregulationandratings_run-02_space-MNI152NLin2009cAsym_desc-smoothedFWHM6_bold.nii.gz	<PROJECT_ROOT>/derivatives/fmriprep/sub-28/func/sub-28_task-heatpainwithregulationandratings_run-02_space-MNI152NLin2009cAsym_desc-preproc_bold.nii.gz	<PROJECT_ROOT>/derivatives/fmriprep/sub-28/func/sub-28_task-heatpainwithregulationandratings_run-02_space-MNI152NLin2009cAsym_desc-brain_mask.nii.gz	<PROJECT_ROOT>/derivatives/first_level_inputs_analysis/sub-28/run-02/events_long.tsv	<PROJECT_ROOT>/derivatives/first_level_inputs_analysis/sub-28/run-02/events_stim.tsv	<PROJECT_ROOT>/derivatives/first_level_inputs_analysis/sub-28/run-02/confounds_standard.tsv	True	False
sub-28	3	KEEP	False	READY	OK	<PROJECT_ROOT>/derivatives/smoothed_fwhm6/sub-28/func/sub-28_task-heatpainwithregulationandratings_run-03_space-MNI152NLin2009cAsym_desc-smoothedFWHM6_bold.nii.gz	<PROJECT_ROOT>/derivatives/fmriprep/sub-28/func/sub-28_task-heatpainwithregulationandratings_run-03_space-MNI152NLin2009cAsym_desc-preproc_bold.nii.gz	<PROJECT_ROOT>/derivatives/fmriprep/sub-28/func/sub-28_task-heatpainwithregulationandratings_run-03_space-MNI152NLin2009cAsym_desc-brain_mask.nii.gz	<PROJECT_ROOT>/derivatives/first_level_inputs_analysis/sub-28/run-03/events_long.tsv	<PROJECT_ROOT>/derivatives/first_level_inputs_analysis/sub-28/run-03/events_stim.tsv	<PROJECT_ROOT>/derivatives/first_level_inputs_analysis/sub-28/run-03/confounds_standard.tsv	True	True
sub-28	4	KEEP_FOR_MAIN_BUT_SENSITIVITY_EXCLUDE_CANDIDATE	True	READY	OK	<PROJECT_ROOT>/derivatives/smoothed_fwhm6/sub-28/func/sub-28_task-heatpainwithregulationandratings_run-04_space-MNI152NLin2009cAsym_desc-smoothedFWHM6_bold.nii.gz	<PROJECT_ROOT>/derivatives/fmriprep/sub-28/func/sub-28_task-heatpainwithregulationandratings_run-04_space-MNI152NLin2009cAsym_desc-preproc_bold.nii.gz	<PROJECT_ROOT>/derivatives/fmriprep/sub-28/func/sub-28_task-heatpainwithregulationandratings_run-04_space-MNI152NLin2009cAsym_desc-brain_mask.nii.gz	<PROJECT_ROOT>/derivatives/first_level_inputs_analysis/sub-28/run-04/events_long.tsv	<PROJECT_ROOT>/derivatives/first_level_inputs_analysis/sub-28/run-04/events_stim.tsv	<PROJECT_ROOT>/derivatives/first_level_inputs_analysis/sub-28/run-04/confounds_standard.tsv	True	False
sub-28	5	KEEP_WITH_WARNING	False	READY	OK	<PROJECT_ROOT>/derivatives/smoothed_fwhm6/sub-28/func/sub-28_task-heatpainwithregulationandratings_run-05_space-MNI152NLin2009cAsym_desc-smoothedFWHM6_bold.nii.gz	<PROJECT_ROOT>/derivatives/fmriprep/sub-28/func/sub-28_task-heatpainwithregulationandratings_run-05_space-MNI152NLin2009cAsym_desc-preproc_bold.nii.gz	<PROJECT_ROOT>/derivatives/fmriprep/sub-28/func/sub-28_task-heatpainwithregulationandratings_run-05_space-MNI152NLin2009cAsym_desc-brain_mask.nii.gz	<PROJECT_ROOT>/derivatives/first_level_inputs_analysis/sub-28/run-05/events_long.tsv	<PROJECT_ROOT>/derivatives/first_level_inputs_analysis/sub-28/run-05/events_stim.tsv	<PROJECT_ROOT>/derivatives/first_level_inputs_analysis/sub-28/run-05/confounds_standard.tsv	True	True
sub-28	6	KEEP_WITH_WARNING	False	READY	OK	<PROJECT_ROOT>/derivatives/smoothed_fwhm6/sub-28/func/sub-28_task-heatpainwithregulationandratings_run-06_space-MNI152NLin2009cAsym_desc-smoothedFWHM6_bold.nii.gz	<PROJECT_ROOT>/derivatives/fmriprep/sub-28/func/sub-28_task-heatpainwithregulationandratings_run-06_space-MNI152NLin2009cAsym_desc-preproc_bold.nii.gz	<PROJECT_ROOT>/derivatives/fmriprep/sub-28/func/sub-28_task-heatpainwithregulationandratings_run-06_space-MNI152NLin2009cAsym_desc-brain_mask.nii.gz	<PROJECT_ROOT>/derivatives/first_level_inputs_analysis/sub-28/run-06/events_long.tsv	<PROJECT_ROOT>/derivatives/first_level_inputs_analysis/sub-28/run-06/events_stim.tsv	<PROJECT_ROOT>/derivatives/first_level_inputs_analysis/sub-28/run-06/confounds_standard.tsv	True	True
sub-28	7	KEEP_WITH_WARNING	False	READY	OK	<PROJECT_ROOT>/derivatives/smoothed_fwhm6/sub-28/func/sub-28_task-heatpainwithregulationandratings_run-07_space-MNI152NLin2009cAsym_desc-smoothedFWHM6_bold.nii.gz	<PROJECT_ROOT>/derivatives/fmriprep/sub-28/func/sub-28_task-heatpainwithregulationandratings_run-07_space-MNI152NLin2009cAsym_desc-preproc_bold.nii.gz	<PROJECT_ROOT>/derivatives/fmriprep/sub-28/func/sub-28_task-heatpainwithregulationandratings_run-07_space-MNI152NLin2009cAsym_desc-brain_mask.nii.gz	<PROJECT_ROOT>/derivatives/first_level_inputs_analysis/sub-28/run-07/events_long.tsv	<PROJECT_ROOT>/derivatives/first_level_inputs_analysis/sub-28/run-07/events_stim.tsv	<PROJECT_ROOT>/derivatives/first_level_inputs_analysis/sub-28/run-07/confounds_standard.tsv	True	True
sub-28	8	KEEP_FOR_MAIN_BUT_SENSITIVITY_EXCLUDE_CANDIDATE	True	READY	OK	<PROJECT_ROOT>/derivatives/smoothed_fwhm6/sub-28/func/sub-28_task-heatpainwithregulationandratings_run-08_space-MNI152NLin2009cAsym_desc-smoothedFWHM6_bold.nii.gz	<PROJECT_ROOT>/derivatives/fmriprep/sub-28/func/sub-28_task-heatpainwithregulationandratings_run-08_space-MNI152NLin2009cAsym_desc-preproc_bold.nii.gz	<PROJECT_ROOT>/derivatives/fmriprep/sub-28/func/sub-28_task-heatpainwithregulationandratings_run-08_space-MNI152NLin2009cAsym_desc-brain_mask.nii.gz	<PROJECT_ROOT>/derivatives/first_level_inputs_analysis/sub-28/run-08/events_long.tsv	<PROJECT_ROOT>/derivatives/first_level_inputs_analysis/sub-28/run-08/events_stim.tsv	<PROJECT_ROOT>/derivatives/first_level_inputs_analysis/sub-28/run-08/confounds_standard.tsv	True	False
sub-28	9	KEEP_FOR_MAIN_BUT_SENSITIVITY_EXCLUDE_CANDIDATE	True	READY	OK	<PROJECT_ROOT>/derivatives/smoothed_fwhm6/sub-28/func/sub-28_task-heatpainwithregulationandratings_run-09_space-MNI152NLin2009cAsym_desc-smoothedFWHM6_bold.nii.gz	<PROJECT_ROOT>/derivatives/fmriprep/sub-28/func/sub-28_task-heatpainwithregulationandratings_run-09_space-MNI152NLin2009cAsym_desc-preproc_bold.nii.gz	<PROJECT_ROOT>/derivatives/fmriprep/sub-28/func/sub-28_task-heatpainwithregulationandratings_run-09_space-MNI152NLin2009cAsym_desc-brain_mask.nii.gz	<PROJECT_ROOT>/derivatives/first_level_inputs_analysis/sub-28/run-09/events_long.tsv	<PROJECT_ROOT>/derivatives/first_level_inputs_analysis/sub-28/run-09/events_stim.tsv	<PROJECT_ROOT>/derivatives/first_level_inputs_analysis/sub-28/run-09/confounds_standard.tsv	True	False
sub-29	1	KEEP_WITH_WARNING	False	READY	OK	<PROJECT_ROOT>/derivatives/smoothed_fwhm6/sub-29/func/sub-29_task-heatpainwithregulationandratings_run-01_space-MNI152NLin2009cAsym_desc-smoothedFWHM6_bold.nii.gz	<PROJECT_ROOT>/derivatives/fmriprep/sub-29/func/sub-29_task-heatpainwithregulationandratings_run-01_space-MNI152NLin2009cAsym_desc-preproc_bold.nii.gz	<PROJECT_ROOT>/derivatives/fmriprep/sub-29/func/sub-29_task-heatpainwithregulationandratings_run-01_space-MNI152NLin2009cAsym_desc-brain_mask.nii.gz	<PROJECT_ROOT>/derivatives/first_level_inputs_analysis/sub-29/run-01/events_long.tsv	<PROJECT_ROOT>/derivatives/first_level_inputs_analysis/sub-29/run-01/events_stim.tsv	<PROJECT_ROOT>/derivatives/first_level_inputs_analysis/sub-29/run-01/confounds_standard.tsv	True	True
sub-29	2	KEEP_FOR_MAIN_BUT_SENSITIVITY_EXCLUDE_CANDIDATE	True	READY	OK	<PROJECT_ROOT>/derivatives/smoothed_fwhm6/sub-29/func/sub-29_task-heatpainwithregulationandratings_run-02_space-MNI152NLin2009cAsym_desc-smoothedFWHM6_bold.nii.gz	<PROJECT_ROOT>/derivatives/fmriprep/sub-29/func/sub-29_task-heatpainwithregulationandratings_run-02_space-MNI152NLin2009cAsym_desc-preproc_bold.nii.gz	<PROJECT_ROOT>/derivatives/fmriprep/sub-29/func/sub-29_task-heatpainwithregulationandratings_run-02_space-MNI152NLin2009cAsym_desc-brain_mask.nii.gz	<PROJECT_ROOT>/derivatives/first_level_inputs_analysis/sub-29/run-02/events_long.tsv	<PROJECT_ROOT>/derivatives/first_level_inputs_analysis/sub-29/run-02/events_stim.tsv	<PROJECT_ROOT>/derivatives/first_level_inputs_analysis/sub-29/run-02/confounds_standard.tsv	True	False
sub-29	3	KEEP_FOR_MAIN_BUT_SENSITIVITY_EXCLUDE_CANDIDATE	True	READY	OK	<PROJECT_ROOT>/derivatives/smoothed_fwhm6/sub-29/func/sub-29_task-heatpainwithregulationandratings_run-03_space-MNI152NLin2009cAsym_desc-smoothedFWHM6_bold.nii.gz	<PROJECT_ROOT>/derivatives/fmriprep/sub-29/func/sub-29_task-heatpainwithregulationandratings_run-03_space-MNI152NLin2009cAsym_desc-preproc_bold.nii.gz	<PROJECT_ROOT>/derivatives/fmriprep/sub-29/func/sub-29_task-heatpainwithregulationandratings_run-03_space-MNI152NLin2009cAsym_desc-brain_mask.nii.gz	<PROJECT_ROOT>/derivatives/first_level_inputs_analysis/sub-29/run-03/events_long.tsv	<PROJECT_ROOT>/derivatives/first_level_inputs_analysis/sub-29/run-03/events_stim.tsv	<PROJECT_ROOT>/derivatives/first_level_inputs_analysis/sub-29/run-03/confounds_standard.tsv	True	False
sub-29	4	KEEP_FOR_MAIN_BUT_SENSITIVITY_EXCLUDE_CANDIDATE	True	READY	OK	<PROJECT_ROOT>/derivatives/smoothed_fwhm6/sub-29/func/sub-29_task-heatpainwithregulationandratings_run-04_space-MNI152NLin2009cAsym_desc-smoothedFWHM6_bold.nii.gz	<PROJECT_ROOT>/derivatives/fmriprep/sub-29/func/sub-29_task-heatpainwithregulationandratings_run-04_space-MNI152NLin2009cAsym_desc-preproc_bold.nii.gz	<PROJECT_ROOT>/derivatives/fmriprep/sub-29/func/sub-29_task-heatpainwithregulationandratings_run-04_space-MNI152NLin2009cAsym_desc-brain_mask.nii.gz	<PROJECT_ROOT>/derivatives/first_level_inputs_analysis/sub-29/run-04/events_long.tsv	<PROJECT_ROOT>/derivatives/first_level_inputs_analysis/sub-29/run-04/events_stim.tsv	<PROJECT_ROOT>/derivatives/first_level_inputs_analysis/sub-29/run-04/confounds_standard.tsv	True	False
sub-29	5	KEEP_WITH_WARNING	False	READY	OK	<PROJECT_ROOT>/derivatives/smoothed_fwhm6/sub-29/func/sub-29_task-heatpainwithregulationandratings_run-05_space-MNI152NLin2009cAsym_desc-smoothedFWHM6_bold.nii.gz	<PROJECT_ROOT>/derivatives/fmriprep/sub-29/func/sub-29_task-heatpainwithregulationandratings_run-05_space-MNI152NLin2009cAsym_desc-preproc_bold.nii.gz	<PROJECT_ROOT>/derivatives/fmriprep/sub-29/func/sub-29_task-heatpainwithregulationandratings_run-05_space-MNI152NLin2009cAsym_desc-brain_mask.nii.gz	<PROJECT_ROOT>/derivatives/first_level_inputs_analysis/sub-29/run-05/events_long.tsv	<PROJECT_ROOT>/derivatives/first_level_inputs_analysis/sub-29/run-05/events_stim.tsv	<PROJECT_ROOT>/derivatives/first_level_inputs_analysis/sub-29/run-05/confounds_standard.tsv	True	True
sub-29	6	KEEP_WITH_WARNING	False	READY	OK	<PROJECT_ROOT>/derivatives/smoothed_fwhm6/sub-29/func/sub-29_task-heatpainwithregulationandratings_run-06_space-MNI152NLin2009cAsym_desc-smoothedFWHM6_bold.nii.gz	<PROJECT_ROOT>/derivatives/fmriprep/sub-29/func/sub-29_task-heatpainwithregulationandratings_run-06_space-MNI152NLin2009cAsym_desc-preproc_bold.nii.gz	<PROJECT_ROOT>/derivatives/fmriprep/sub-29/func/sub-29_task-heatpainwithregulationandratings_run-06_space-MNI152NLin2009cAsym_desc-brain_mask.nii.gz	<PROJECT_ROOT>/derivatives/first_level_inputs_analysis/sub-29/run-06/events_long.tsv	<PROJECT_ROOT>/derivatives/first_level_inputs_analysis/sub-29/run-06/events_stim.tsv	<PROJECT_ROOT>/derivatives/first_level_inputs_analysis/sub-29/run-06/confounds_standard.tsv	True	True
sub-29	7	KEEP_FOR_MAIN_BUT_SENSITIVITY_EXCLUDE_CANDIDATE	True	READY	OK	<PROJECT_ROOT>/derivatives/smoothed_fwhm6/sub-29/func/sub-29_task-heatpainwithregulationandratings_run-07_space-MNI152NLin2009cAsym_desc-smoothedFWHM6_bold.nii.gz	<PROJECT_ROOT>/derivatives/fmriprep/sub-29/func/sub-29_task-heatpainwithregulationandratings_run-07_space-MNI152NLin2009cAsym_desc-preproc_bold.nii.gz	<PROJECT_ROOT>/derivatives/fmriprep/sub-29/func/sub-29_task-heatpainwithregulationandratings_run-07_space-MNI152NLin2009cAsym_desc-brain_mask.nii.gz	<PROJECT_ROOT>/derivatives/first_level_inputs_analysis/sub-29/run-07/events_long.tsv	<PROJECT_ROOT>/derivatives/first_level_inputs_analysis/sub-29/run-07/events_stim.tsv	<PROJECT_ROOT>/derivatives/first_level_inputs_analysis/sub-29/run-07/confounds_standard.tsv	True	False
sub-29	8	KEEP_WITH_WARNING	False	READY	OK	<PROJECT_ROOT>/derivatives/smoothed_fwhm6/sub-29/func/sub-29_task-heatpainwithregulationandratings_run-08_space-MNI152NLin2009cAsym_desc-smoothedFWHM6_bold.nii.gz	<PROJECT_ROOT>/derivatives/fmriprep/sub-29/func/sub-29_task-heatpainwithregulationandratings_run-08_space-MNI152NLin2009cAsym_desc-preproc_bold.nii.gz	<PROJECT_ROOT>/derivatives/fmriprep/sub-29/func/sub-29_task-heatpainwithregulationandratings_run-08_space-MNI152NLin2009cAsym_desc-brain_mask.nii.gz	<PROJECT_ROOT>/derivatives/first_level_inputs_analysis/sub-29/run-08/events_long.tsv	<PROJECT_ROOT>/derivatives/first_level_inputs_analysis/sub-29/run-08/events_stim.tsv	<PROJECT_ROOT>/derivatives/first_level_inputs_analysis/sub-29/run-08/confounds_standard.tsv	True	True
sub-29	9	KEEP_FOR_MAIN_BUT_SENSITIVITY_EXCLUDE_CANDIDATE	True	READY	OK	<PROJECT_ROOT>/derivatives/smoothed_fwhm6/sub-29/func/sub-29_task-heatpainwithregulationandratings_run-09_space-MNI152NLin2009cAsym_desc-smoothedFWHM6_bold.nii.gz	<PROJECT_ROOT>/derivatives/fmriprep/sub-29/func/sub-29_task-heatpainwithregulationandratings_run-09_space-MNI152NLin2009cAsym_desc-preproc_bold.nii.gz	<PROJECT_ROOT>/derivatives/fmriprep/sub-29/func/sub-29_task-heatpainwithregulationandratings_run-09_space-MNI152NLin2009cAsym_desc-brain_mask.nii.gz	<PROJECT_ROOT>/derivatives/first_level_inputs_analysis/sub-29/run-09/events_long.tsv	<PROJECT_ROOT>/derivatives/first_level_inputs_analysis/sub-29/run-09/events_stim.tsv	<PROJECT_ROOT>/derivatives/first_level_inputs_analysis/sub-29/run-09/confounds_standard.tsv	True	False
sub-30	1	KEEP_FOR_MAIN_BUT_SENSITIVITY_EXCLUDE_CANDIDATE	True	READY	OK	<PROJECT_ROOT>/derivatives/smoothed_fwhm6/sub-30/func/sub-30_task-heatpainwithregulationandratings_run-01_space-MNI152NLin2009cAsym_desc-smoothedFWHM6_bold.nii.gz	<PROJECT_ROOT>/derivatives/fmriprep/sub-30/func/sub-30_task-heatpainwithregulationandratings_run-01_space-MNI152NLin2009cAsym_desc-preproc_bold.nii.gz	<PROJECT_ROOT>/derivatives/fmriprep/sub-30/func/sub-30_task-heatpainwithregulationandratings_run-01_space-MNI152NLin2009cAsym_desc-brain_mask.nii.gz	<PROJECT_ROOT>/derivatives/first_level_inputs_analysis/sub-30/run-01/events_long.tsv	<PROJECT_ROOT>/derivatives/first_level_inputs_analysis/sub-30/run-01/events_stim.tsv	<PROJECT_ROOT>/derivatives/first_level_inputs_analysis/sub-30/run-01/confounds_standard.tsv	True	False
sub-30	2	KEEP_FOR_MAIN_BUT_SENSITIVITY_EXCLUDE_CANDIDATE	True	READY	OK	<PROJECT_ROOT>/derivatives/smoothed_fwhm6/sub-30/func/sub-30_task-heatpainwithregulationandratings_run-02_space-MNI152NLin2009cAsym_desc-smoothedFWHM6_bold.nii.gz	<PROJECT_ROOT>/derivatives/fmriprep/sub-30/func/sub-30_task-heatpainwithregulationandratings_run-02_space-MNI152NLin2009cAsym_desc-preproc_bold.nii.gz	<PROJECT_ROOT>/derivatives/fmriprep/sub-30/func/sub-30_task-heatpainwithregulationandratings_run-02_space-MNI152NLin2009cAsym_desc-brain_mask.nii.gz	<PROJECT_ROOT>/derivatives/first_level_inputs_analysis/sub-30/run-02/events_long.tsv	<PROJECT_ROOT>/derivatives/first_level_inputs_analysis/sub-30/run-02/events_stim.tsv	<PROJECT_ROOT>/derivatives/first_level_inputs_analysis/sub-30/run-02/confounds_standard.tsv	True	False
sub-30	3	KEEP_FOR_MAIN_BUT_SENSITIVITY_EXCLUDE_CANDIDATE	True	READY	OK	<PROJECT_ROOT>/derivatives/smoothed_fwhm6/sub-30/func/sub-30_task-heatpainwithregulationandratings_run-03_space-MNI152NLin2009cAsym_desc-smoothedFWHM6_bold.nii.gz	<PROJECT_ROOT>/derivatives/fmriprep/sub-30/func/sub-30_task-heatpainwithregulationandratings_run-03_space-MNI152NLin2009cAsym_desc-preproc_bold.nii.gz	<PROJECT_ROOT>/derivatives/fmriprep/sub-30/func/sub-30_task-heatpainwithregulationandratings_run-03_space-MNI152NLin2009cAsym_desc-brain_mask.nii.gz	<PROJECT_ROOT>/derivatives/first_level_inputs_analysis/sub-30/run-03/events_long.tsv	<PROJECT_ROOT>/derivatives/first_level_inputs_analysis/sub-30/run-03/events_stim.tsv	<PROJECT_ROOT>/derivatives/first_level_inputs_analysis/sub-30/run-03/confounds_standard.tsv	True	False
sub-30	4	KEEP_FOR_MAIN_BUT_SENSITIVITY_EXCLUDE_CANDIDATE	True	READY	OK	<PROJECT_ROOT>/derivatives/smoothed_fwhm6/sub-30/func/sub-30_task-heatpainwithregulationandratings_run-04_space-MNI152NLin2009cAsym_desc-smoothedFWHM6_bold.nii.gz	<PROJECT_ROOT>/derivatives/fmriprep/sub-30/func/sub-30_task-heatpainwithregulationandratings_run-04_space-MNI152NLin2009cAsym_desc-preproc_bold.nii.gz	<PROJECT_ROOT>/derivatives/fmriprep/sub-30/func/sub-30_task-heatpainwithregulationandratings_run-04_space-MNI152NLin2009cAsym_desc-brain_mask.nii.gz	<PROJECT_ROOT>/derivatives/first_level_inputs_analysis/sub-30/run-04/events_long.tsv	<PROJECT_ROOT>/derivatives/first_level_inputs_analysis/sub-30/run-04/events_stim.tsv	<PROJECT_ROOT>/derivatives/first_level_inputs_analysis/sub-30/run-04/confounds_standard.tsv	True	False
sub-30	5	KEEP_WITH_WARNING	False	READY	OK	<PROJECT_ROOT>/derivatives/smoothed_fwhm6/sub-30/func/sub-30_task-heatpainwithregulationandratings_run-05_space-MNI152NLin2009cAsym_desc-smoothedFWHM6_bold.nii.gz	<PROJECT_ROOT>/derivatives/fmriprep/sub-30/func/sub-30_task-heatpainwithregulationandratings_run-05_space-MNI152NLin2009cAsym_desc-preproc_bold.nii.gz	<PROJECT_ROOT>/derivatives/fmriprep/sub-30/func/sub-30_task-heatpainwithregulationandratings_run-05_space-MNI152NLin2009cAsym_desc-brain_mask.nii.gz	<PROJECT_ROOT>/derivatives/first_level_inputs_analysis/sub-30/run-05/events_long.tsv	<PROJECT_ROOT>/derivatives/first_level_inputs_analysis/sub-30/run-05/events_stim.tsv	<PROJECT_ROOT>/derivatives/first_level_inputs_analysis/sub-30/run-05/confounds_standard.tsv	True	True
sub-30	6	KEEP_WITH_WARNING	False	READY	OK	<PROJECT_ROOT>/derivatives/smoothed_fwhm6/sub-30/func/sub-30_task-heatpainwithregulationandratings_run-06_space-MNI152NLin2009cAsym_desc-smoothedFWHM6_bold.nii.gz	<PROJECT_ROOT>/derivatives/fmriprep/sub-30/func/sub-30_task-heatpainwithregulationandratings_run-06_space-MNI152NLin2009cAsym_desc-preproc_bold.nii.gz	<PROJECT_ROOT>/derivatives/fmriprep/sub-30/func/sub-30_task-heatpainwithregulationandratings_run-06_space-MNI152NLin2009cAsym_desc-brain_mask.nii.gz	<PROJECT_ROOT>/derivatives/first_level_inputs_analysis/sub-30/run-06/events_long.tsv	<PROJECT_ROOT>/derivatives/first_level_inputs_analysis/sub-30/run-06/events_stim.tsv	<PROJECT_ROOT>/derivatives/first_level_inputs_analysis/sub-30/run-06/confounds_standard.tsv	True	True
sub-30	7	KEEP_FOR_MAIN_BUT_SENSITIVITY_EXCLUDE_CANDIDATE	True	READY	OK	<PROJECT_ROOT>/derivatives/smoothed_fwhm6/sub-30/func/sub-30_task-heatpainwithregulationandratings_run-07_space-MNI152NLin2009cAsym_desc-smoothedFWHM6_bold.nii.gz	<PROJECT_ROOT>/derivatives/fmriprep/sub-30/func/sub-30_task-heatpainwithregulationandratings_run-07_space-MNI152NLin2009cAsym_desc-preproc_bold.nii.gz	<PROJECT_ROOT>/derivatives/fmriprep/sub-30/func/sub-30_task-heatpainwithregulationandratings_run-07_space-MNI152NLin2009cAsym_desc-brain_mask.nii.gz	<PROJECT_ROOT>/derivatives/first_level_inputs_analysis/sub-30/run-07/events_long.tsv	<PROJECT_ROOT>/derivatives/first_level_inputs_analysis/sub-30/run-07/events_stim.tsv	<PROJECT_ROOT>/derivatives/first_level_inputs_analysis/sub-30/run-07/confounds_standard.tsv	True	False
sub-30	8	KEEP_FOR_MAIN_BUT_SENSITIVITY_EXCLUDE_CANDIDATE	True	READY	OK	<PROJECT_ROOT>/derivatives/smoothed_fwhm6/sub-30/func/sub-30_task-heatpainwithregulationandratings_run-08_space-MNI152NLin2009cAsym_desc-smoothedFWHM6_bold.nii.gz	<PROJECT_ROOT>/derivatives/fmriprep/sub-30/func/sub-30_task-heatpainwithregulationandratings_run-08_space-MNI152NLin2009cAsym_desc-preproc_bold.nii.gz	<PROJECT_ROOT>/derivatives/fmriprep/sub-30/func/sub-30_task-heatpainwithregulationandratings_run-08_space-MNI152NLin2009cAsym_desc-brain_mask.nii.gz	<PROJECT_ROOT>/derivatives/first_level_inputs_analysis/sub-30/run-08/events_long.tsv	<PROJECT_ROOT>/derivatives/first_level_inputs_analysis/sub-30/run-08/events_stim.tsv	<PROJECT_ROOT>/derivatives/first_level_inputs_analysis/sub-30/run-08/confounds_standard.tsv	True	False
sub-30	9	KEEP_WITH_WARNING	False	READY	OK	<PROJECT_ROOT>/derivatives/smoothed_fwhm6/sub-30/func/sub-30_task-heatpainwithregulationandratings_run-09_space-MNI152NLin2009cAsym_desc-smoothedFWHM6_bold.nii.gz	<PROJECT_ROOT>/derivatives/fmriprep/sub-30/func/sub-30_task-heatpainwithregulationandratings_run-09_space-MNI152NLin2009cAsym_desc-preproc_bold.nii.gz	<PROJECT_ROOT>/derivatives/fmriprep/sub-30/func/sub-30_task-heatpainwithregulationandratings_run-09_space-MNI152NLin2009cAsym_desc-brain_mask.nii.gz	<PROJECT_ROOT>/derivatives/first_level_inputs_analysis/sub-30/run-09/events_long.tsv	<PROJECT_ROOT>/derivatives/first_level_inputs_analysis/sub-30/run-09/events_stim.tsv	<PROJECT_ROOT>/derivatives/first_level_inputs_analysis/sub-30/run-09/confounds_standard.tsv	True	True
sub-31	1	KEEP_WITH_WARNING	False	READY	OK	<PROJECT_ROOT>/derivatives/smoothed_fwhm6/sub-31/func/sub-31_task-heatpainwithregulationandratings_run-01_space-MNI152NLin2009cAsym_desc-smoothedFWHM6_bold.nii.gz	<PROJECT_ROOT>/derivatives/fmriprep/sub-31/func/sub-31_task-heatpainwithregulationandratings_run-01_space-MNI152NLin2009cAsym_desc-preproc_bold.nii.gz	<PROJECT_ROOT>/derivatives/fmriprep/sub-31/func/sub-31_task-heatpainwithregulationandratings_run-01_space-MNI152NLin2009cAsym_desc-brain_mask.nii.gz	<PROJECT_ROOT>/derivatives/first_level_inputs_analysis/sub-31/run-01/events_long.tsv	<PROJECT_ROOT>/derivatives/first_level_inputs_analysis/sub-31/run-01/events_stim.tsv	<PROJECT_ROOT>/derivatives/first_level_inputs_analysis/sub-31/run-01/confounds_standard.tsv	True	True
sub-31	2	KEEP_FOR_MAIN_BUT_SENSITIVITY_EXCLUDE_CANDIDATE	True	READY	OK	<PROJECT_ROOT>/derivatives/smoothed_fwhm6/sub-31/func/sub-31_task-heatpainwithregulationandratings_run-02_space-MNI152NLin2009cAsym_desc-smoothedFWHM6_bold.nii.gz	<PROJECT_ROOT>/derivatives/fmriprep/sub-31/func/sub-31_task-heatpainwithregulationandratings_run-02_space-MNI152NLin2009cAsym_desc-preproc_bold.nii.gz	<PROJECT_ROOT>/derivatives/fmriprep/sub-31/func/sub-31_task-heatpainwithregulationandratings_run-02_space-MNI152NLin2009cAsym_desc-brain_mask.nii.gz	<PROJECT_ROOT>/derivatives/first_level_inputs_analysis/sub-31/run-02/events_long.tsv	<PROJECT_ROOT>/derivatives/first_level_inputs_analysis/sub-31/run-02/events_stim.tsv	<PROJECT_ROOT>/derivatives/first_level_inputs_analysis/sub-31/run-02/confounds_standard.tsv	True	False
sub-31	3	KEEP	False	READY	OK	<PROJECT_ROOT>/derivatives/smoothed_fwhm6/sub-31/func/sub-31_task-heatpainwithregulationandratings_run-03_space-MNI152NLin2009cAsym_desc-smoothedFWHM6_bold.nii.gz	<PROJECT_ROOT>/derivatives/fmriprep/sub-31/func/sub-31_task-heatpainwithregulationandratings_run-03_space-MNI152NLin2009cAsym_desc-preproc_bold.nii.gz	<PROJECT_ROOT>/derivatives/fmriprep/sub-31/func/sub-31_task-heatpainwithregulationandratings_run-03_space-MNI152NLin2009cAsym_desc-brain_mask.nii.gz	<PROJECT_ROOT>/derivatives/first_level_inputs_analysis/sub-31/run-03/events_long.tsv	<PROJECT_ROOT>/derivatives/first_level_inputs_analysis/sub-31/run-03/events_stim.tsv	<PROJECT_ROOT>/derivatives/first_level_inputs_analysis/sub-31/run-03/confounds_standard.tsv	True	True
sub-31	4	KEEP_FOR_MAIN_BUT_SENSITIVITY_EXCLUDE_CANDIDATE	True	READY	OK	<PROJECT_ROOT>/derivatives/smoothed_fwhm6/sub-31/func/sub-31_task-heatpainwithregulationandratings_run-04_space-MNI152NLin2009cAsym_desc-smoothedFWHM6_bold.nii.gz	<PROJECT_ROOT>/derivatives/fmriprep/sub-31/func/sub-31_task-heatpainwithregulationandratings_run-04_space-MNI152NLin2009cAsym_desc-preproc_bold.nii.gz	<PROJECT_ROOT>/derivatives/fmriprep/sub-31/func/sub-31_task-heatpainwithregulationandratings_run-04_space-MNI152NLin2009cAsym_desc-brain_mask.nii.gz	<PROJECT_ROOT>/derivatives/first_level_inputs_analysis/sub-31/run-04/events_long.tsv	<PROJECT_ROOT>/derivatives/first_level_inputs_analysis/sub-31/run-04/events_stim.tsv	<PROJECT_ROOT>/derivatives/first_level_inputs_analysis/sub-31/run-04/confounds_standard.tsv	True	False
sub-31	5	KEEP_FOR_MAIN_BUT_SENSITIVITY_EXCLUDE_CANDIDATE	True	READY	OK	<PROJECT_ROOT>/derivatives/smoothed_fwhm6/sub-31/func/sub-31_task-heatpainwithregulationandratings_run-05_space-MNI152NLin2009cAsym_desc-smoothedFWHM6_bold.nii.gz	<PROJECT_ROOT>/derivatives/fmriprep/sub-31/func/sub-31_task-heatpainwithregulationandratings_run-05_space-MNI152NLin2009cAsym_desc-preproc_bold.nii.gz	<PROJECT_ROOT>/derivatives/fmriprep/sub-31/func/sub-31_task-heatpainwithregulationandratings_run-05_space-MNI152NLin2009cAsym_desc-brain_mask.nii.gz	<PROJECT_ROOT>/derivatives/first_level_inputs_analysis/sub-31/run-05/events_long.tsv	<PROJECT_ROOT>/derivatives/first_level_inputs_analysis/sub-31/run-05/events_stim.tsv	<PROJECT_ROOT>/derivatives/first_level_inputs_analysis/sub-31/run-05/confounds_standard.tsv	True	False
sub-31	6	KEEP_WITH_WARNING	False	READY	OK	<PROJECT_ROOT>/derivatives/smoothed_fwhm6/sub-31/func/sub-31_task-heatpainwithregulationandratings_run-06_space-MNI152NLin2009cAsym_desc-smoothedFWHM6_bold.nii.gz	<PROJECT_ROOT>/derivatives/fmriprep/sub-31/func/sub-31_task-heatpainwithregulationandratings_run-06_space-MNI152NLin2009cAsym_desc-preproc_bold.nii.gz	<PROJECT_ROOT>/derivatives/fmriprep/sub-31/func/sub-31_task-heatpainwithregulationandratings_run-06_space-MNI152NLin2009cAsym_desc-brain_mask.nii.gz	<PROJECT_ROOT>/derivatives/first_level_inputs_analysis/sub-31/run-06/events_long.tsv	<PROJECT_ROOT>/derivatives/first_level_inputs_analysis/sub-31/run-06/events_stim.tsv	<PROJECT_ROOT>/derivatives/first_level_inputs_analysis/sub-31/run-06/confounds_standard.tsv	True	True
sub-31	7	KEEP	False	READY	OK	<PROJECT_ROOT>/derivatives/smoothed_fwhm6/sub-31/func/sub-31_task-heatpainwithregulationandratings_run-07_space-MNI152NLin2009cAsym_desc-smoothedFWHM6_bold.nii.gz	<PROJECT_ROOT>/derivatives/fmriprep/sub-31/func/sub-31_task-heatpainwithregulationandratings_run-07_space-MNI152NLin2009cAsym_desc-preproc_bold.nii.gz	<PROJECT_ROOT>/derivatives/fmriprep/sub-31/func/sub-31_task-heatpainwithregulationandratings_run-07_space-MNI152NLin2009cAsym_desc-brain_mask.nii.gz	<PROJECT_ROOT>/derivatives/first_level_inputs_analysis/sub-31/run-07/events_long.tsv	<PROJECT_ROOT>/derivatives/first_level_inputs_analysis/sub-31/run-07/events_stim.tsv	<PROJECT_ROOT>/derivatives/first_level_inputs_analysis/sub-31/run-07/confounds_standard.tsv	True	True
sub-31	8	KEEP_FOR_MAIN_BUT_SENSITIVITY_EXCLUDE_CANDIDATE	True	READY	OK	<PROJECT_ROOT>/derivatives/smoothed_fwhm6/sub-31/func/sub-31_task-heatpainwithregulationandratings_run-08_space-MNI152NLin2009cAsym_desc-smoothedFWHM6_bold.nii.gz	<PROJECT_ROOT>/derivatives/fmriprep/sub-31/func/sub-31_task-heatpainwithregulationandratings_run-08_space-MNI152NLin2009cAsym_desc-preproc_bold.nii.gz	<PROJECT_ROOT>/derivatives/fmriprep/sub-31/func/sub-31_task-heatpainwithregulationandratings_run-08_space-MNI152NLin2009cAsym_desc-brain_mask.nii.gz	<PROJECT_ROOT>/derivatives/first_level_inputs_analysis/sub-31/run-08/events_long.tsv	<PROJECT_ROOT>/derivatives/first_level_inputs_analysis/sub-31/run-08/events_stim.tsv	<PROJECT_ROOT>/derivatives/first_level_inputs_analysis/sub-31/run-08/confounds_standard.tsv	True	False
sub-31	9	KEEP	False	READY	OK	<PROJECT_ROOT>/derivatives/smoothed_fwhm6/sub-31/func/sub-31_task-heatpainwithregulationandratings_run-09_space-MNI152NLin2009cAsym_desc-smoothedFWHM6_bold.nii.gz	<PROJECT_ROOT>/derivatives/fmriprep/sub-31/func/sub-31_task-heatpainwithregulationandratings_run-09_space-MNI152NLin2009cAsym_desc-preproc_bold.nii.gz	<PROJECT_ROOT>/derivatives/fmriprep/sub-31/func/sub-31_task-heatpainwithregulationandratings_run-09_space-MNI152NLin2009cAsym_desc-brain_mask.nii.gz	<PROJECT_ROOT>/derivatives/first_level_inputs_analysis/sub-31/run-09/events_long.tsv	<PROJECT_ROOT>/derivatives/first_level_inputs_analysis/sub-31/run-09/events_stim.tsv	<PROJECT_ROOT>/derivatives/first_level_inputs_analysis/sub-31/run-09/confounds_standard.tsv	True	True
sub-32	1	KEEP_FOR_MAIN_BUT_SENSITIVITY_EXCLUDE_CANDIDATE	True	READY	OK	<PROJECT_ROOT>/derivatives/smoothed_fwhm6/sub-32/func/sub-32_task-heatpainwithregulationandratings_run-01_space-MNI152NLin2009cAsym_desc-smoothedFWHM6_bold.nii.gz	<PROJECT_ROOT>/derivatives/fmriprep/sub-32/func/sub-32_task-heatpainwithregulationandratings_run-01_space-MNI152NLin2009cAsym_desc-preproc_bold.nii.gz	<PROJECT_ROOT>/derivatives/fmriprep/sub-32/func/sub-32_task-heatpainwithregulationandratings_run-01_space-MNI152NLin2009cAsym_desc-brain_mask.nii.gz	<PROJECT_ROOT>/derivatives/first_level_inputs_analysis/sub-32/run-01/events_long.tsv	<PROJECT_ROOT>/derivatives/first_level_inputs_analysis/sub-32/run-01/events_stim.tsv	<PROJECT_ROOT>/derivatives/first_level_inputs_analysis/sub-32/run-01/confounds_standard.tsv	True	False
sub-32	2	KEEP_FOR_MAIN_BUT_SENSITIVITY_EXCLUDE_CANDIDATE	True	READY	OK	<PROJECT_ROOT>/derivatives/smoothed_fwhm6/sub-32/func/sub-32_task-heatpainwithregulationandratings_run-02_space-MNI152NLin2009cAsym_desc-smoothedFWHM6_bold.nii.gz	<PROJECT_ROOT>/derivatives/fmriprep/sub-32/func/sub-32_task-heatpainwithregulationandratings_run-02_space-MNI152NLin2009cAsym_desc-preproc_bold.nii.gz	<PROJECT_ROOT>/derivatives/fmriprep/sub-32/func/sub-32_task-heatpainwithregulationandratings_run-02_space-MNI152NLin2009cAsym_desc-brain_mask.nii.gz	<PROJECT_ROOT>/derivatives/first_level_inputs_analysis/sub-32/run-02/events_long.tsv	<PROJECT_ROOT>/derivatives/first_level_inputs_analysis/sub-32/run-02/events_stim.tsv	<PROJECT_ROOT>/derivatives/first_level_inputs_analysis/sub-32/run-02/confounds_standard.tsv	True	False
sub-32	3	KEEP_WITH_WARNING	False	READY	OK	<PROJECT_ROOT>/derivatives/smoothed_fwhm6/sub-32/func/sub-32_task-heatpainwithregulationandratings_run-03_space-MNI152NLin2009cAsym_desc-smoothedFWHM6_bold.nii.gz	<PROJECT_ROOT>/derivatives/fmriprep/sub-32/func/sub-32_task-heatpainwithregulationandratings_run-03_space-MNI152NLin2009cAsym_desc-preproc_bold.nii.gz	<PROJECT_ROOT>/derivatives/fmriprep/sub-32/func/sub-32_task-heatpainwithregulationandratings_run-03_space-MNI152NLin2009cAsym_desc-brain_mask.nii.gz	<PROJECT_ROOT>/derivatives/first_level_inputs_analysis/sub-32/run-03/events_long.tsv	<PROJECT_ROOT>/derivatives/first_level_inputs_analysis/sub-32/run-03/events_stim.tsv	<PROJECT_ROOT>/derivatives/first_level_inputs_analysis/sub-32/run-03/confounds_standard.tsv	True	True
sub-32	4	KEEP_FOR_MAIN_BUT_SENSITIVITY_EXCLUDE_CANDIDATE	True	READY	OK	<PROJECT_ROOT>/derivatives/smoothed_fwhm6/sub-32/func/sub-32_task-heatpainwithregulationandratings_run-04_space-MNI152NLin2009cAsym_desc-smoothedFWHM6_bold.nii.gz	<PROJECT_ROOT>/derivatives/fmriprep/sub-32/func/sub-32_task-heatpainwithregulationandratings_run-04_space-MNI152NLin2009cAsym_desc-preproc_bold.nii.gz	<PROJECT_ROOT>/derivatives/fmriprep/sub-32/func/sub-32_task-heatpainwithregulationandratings_run-04_space-MNI152NLin2009cAsym_desc-brain_mask.nii.gz	<PROJECT_ROOT>/derivatives/first_level_inputs_analysis/sub-32/run-04/events_long.tsv	<PROJECT_ROOT>/derivatives/first_level_inputs_analysis/sub-32/run-04/events_stim.tsv	<PROJECT_ROOT>/derivatives/first_level_inputs_analysis/sub-32/run-04/confounds_standard.tsv	True	False
sub-32	5	KEEP_FOR_MAIN_BUT_SENSITIVITY_EXCLUDE_CANDIDATE	True	READY	OK	<PROJECT_ROOT>/derivatives/smoothed_fwhm6/sub-32/func/sub-32_task-heatpainwithregulationandratings_run-05_space-MNI152NLin2009cAsym_desc-smoothedFWHM6_bold.nii.gz	<PROJECT_ROOT>/derivatives/fmriprep/sub-32/func/sub-32_task-heatpainwithregulationandratings_run-05_space-MNI152NLin2009cAsym_desc-preproc_bold.nii.gz	<PROJECT_ROOT>/derivatives/fmriprep/sub-32/func/sub-32_task-heatpainwithregulationandratings_run-05_space-MNI152NLin2009cAsym_desc-brain_mask.nii.gz	<PROJECT_ROOT>/derivatives/first_level_inputs_analysis/sub-32/run-05/events_long.tsv	<PROJECT_ROOT>/derivatives/first_level_inputs_analysis/sub-32/run-05/events_stim.tsv	<PROJECT_ROOT>/derivatives/first_level_inputs_analysis/sub-32/run-05/confounds_standard.tsv	True	False
sub-32	6	KEEP_FOR_MAIN_BUT_SENSITIVITY_EXCLUDE_CANDIDATE	True	READY	OK	<PROJECT_ROOT>/derivatives/smoothed_fwhm6/sub-32/func/sub-32_task-heatpainwithregulationandratings_run-06_space-MNI152NLin2009cAsym_desc-smoothedFWHM6_bold.nii.gz	<PROJECT_ROOT>/derivatives/fmriprep/sub-32/func/sub-32_task-heatpainwithregulationandratings_run-06_space-MNI152NLin2009cAsym_desc-preproc_bold.nii.gz	<PROJECT_ROOT>/derivatives/fmriprep/sub-32/func/sub-32_task-heatpainwithregulationandratings_run-06_space-MNI152NLin2009cAsym_desc-brain_mask.nii.gz	<PROJECT_ROOT>/derivatives/first_level_inputs_analysis/sub-32/run-06/events_long.tsv	<PROJECT_ROOT>/derivatives/first_level_inputs_analysis/sub-32/run-06/events_stim.tsv	<PROJECT_ROOT>/derivatives/first_level_inputs_analysis/sub-32/run-06/confounds_standard.tsv	True	False
sub-32	7	KEEP_FOR_MAIN_BUT_SENSITIVITY_EXCLUDE_CANDIDATE	True	READY	OK	<PROJECT_ROOT>/derivatives/smoothed_fwhm6/sub-32/func/sub-32_task-heatpainwithregulationandratings_run-07_space-MNI152NLin2009cAsym_desc-smoothedFWHM6_bold.nii.gz	<PROJECT_ROOT>/derivatives/fmriprep/sub-32/func/sub-32_task-heatpainwithregulationandratings_run-07_space-MNI152NLin2009cAsym_desc-preproc_bold.nii.gz	<PROJECT_ROOT>/derivatives/fmriprep/sub-32/func/sub-32_task-heatpainwithregulationandratings_run-07_space-MNI152NLin2009cAsym_desc-brain_mask.nii.gz	<PROJECT_ROOT>/derivatives/first_level_inputs_analysis/sub-32/run-07/events_long.tsv	<PROJECT_ROOT>/derivatives/first_level_inputs_analysis/sub-32/run-07/events_stim.tsv	<PROJECT_ROOT>/derivatives/first_level_inputs_analysis/sub-32/run-07/confounds_standard.tsv	True	False
sub-32	8	KEEP_WITH_WARNING	False	READY	OK	<PROJECT_ROOT>/derivatives/smoothed_fwhm6/sub-32/func/sub-32_task-heatpainwithregulationandratings_run-08_space-MNI152NLin2009cAsym_desc-smoothedFWHM6_bold.nii.gz	<PROJECT_ROOT>/derivatives/fmriprep/sub-32/func/sub-32_task-heatpainwithregulationandratings_run-08_space-MNI152NLin2009cAsym_desc-preproc_bold.nii.gz	<PROJECT_ROOT>/derivatives/fmriprep/sub-32/func/sub-32_task-heatpainwithregulationandratings_run-08_space-MNI152NLin2009cAsym_desc-brain_mask.nii.gz	<PROJECT_ROOT>/derivatives/first_level_inputs_analysis/sub-32/run-08/events_long.tsv	<PROJECT_ROOT>/derivatives/first_level_inputs_analysis/sub-32/run-08/events_stim.tsv	<PROJECT_ROOT>/derivatives/first_level_inputs_analysis/sub-32/run-08/confounds_standard.tsv	True	True
sub-32	9	KEEP_FOR_MAIN_BUT_SENSITIVITY_EXCLUDE_CANDIDATE	True	READY	OK	<PROJECT_ROOT>/derivatives/smoothed_fwhm6/sub-32/func/sub-32_task-heatpainwithregulationandratings_run-09_space-MNI152NLin2009cAsym_desc-smoothedFWHM6_bold.nii.gz	<PROJECT_ROOT>/derivatives/fmriprep/sub-32/func/sub-32_task-heatpainwithregulationandratings_run-09_space-MNI152NLin2009cAsym_desc-preproc_bold.nii.gz	<PROJECT_ROOT>/derivatives/fmriprep/sub-32/func/sub-32_task-heatpainwithregulationandratings_run-09_space-MNI152NLin2009cAsym_desc-brain_mask.nii.gz	<PROJECT_ROOT>/derivatives/first_level_inputs_analysis/sub-32/run-09/events_long.tsv	<PROJECT_ROOT>/derivatives/first_level_inputs_analysis/sub-32/run-09/events_stim.tsv	<PROJECT_ROOT>/derivatives/first_level_inputs_analysis/sub-32/run-09/confounds_standard.tsv	True	False
sub-33	1	KEEP_FOR_MAIN_BUT_SENSITIVITY_EXCLUDE_CANDIDATE	True	READY	OK	<PROJECT_ROOT>/derivatives/smoothed_fwhm6/sub-33/func/sub-33_task-heatpainwithregulationandratings_run-01_space-MNI152NLin2009cAsym_desc-smoothedFWHM6_bold.nii.gz	<PROJECT_ROOT>/derivatives/fmriprep/sub-33/func/sub-33_task-heatpainwithregulationandratings_run-01_space-MNI152NLin2009cAsym_desc-preproc_bold.nii.gz	<PROJECT_ROOT>/derivatives/fmriprep/sub-33/func/sub-33_task-heatpainwithregulationandratings_run-01_space-MNI152NLin2009cAsym_desc-brain_mask.nii.gz	<PROJECT_ROOT>/derivatives/first_level_inputs_analysis/sub-33/run-01/events_long.tsv	<PROJECT_ROOT>/derivatives/first_level_inputs_analysis/sub-33/run-01/events_stim.tsv	<PROJECT_ROOT>/derivatives/first_level_inputs_analysis/sub-33/run-01/confounds_standard.tsv	True	False
sub-33	2	KEEP_WITH_WARNING	False	READY	OK	<PROJECT_ROOT>/derivatives/smoothed_fwhm6/sub-33/func/sub-33_task-heatpainwithregulationandratings_run-02_space-MNI152NLin2009cAsym_desc-smoothedFWHM6_bold.nii.gz	<PROJECT_ROOT>/derivatives/fmriprep/sub-33/func/sub-33_task-heatpainwithregulationandratings_run-02_space-MNI152NLin2009cAsym_desc-preproc_bold.nii.gz	<PROJECT_ROOT>/derivatives/fmriprep/sub-33/func/sub-33_task-heatpainwithregulationandratings_run-02_space-MNI152NLin2009cAsym_desc-brain_mask.nii.gz	<PROJECT_ROOT>/derivatives/first_level_inputs_analysis/sub-33/run-02/events_long.tsv	<PROJECT_ROOT>/derivatives/first_level_inputs_analysis/sub-33/run-02/events_stim.tsv	<PROJECT_ROOT>/derivatives/first_level_inputs_analysis/sub-33/run-02/confounds_standard.tsv	True	True
sub-33	3	KEEP_FOR_MAIN_BUT_SENSITIVITY_EXCLUDE_CANDIDATE	True	READY	OK	<PROJECT_ROOT>/derivatives/smoothed_fwhm6/sub-33/func/sub-33_task-heatpainwithregulationandratings_run-03_space-MNI152NLin2009cAsym_desc-smoothedFWHM6_bold.nii.gz	<PROJECT_ROOT>/derivatives/fmriprep/sub-33/func/sub-33_task-heatpainwithregulationandratings_run-03_space-MNI152NLin2009cAsym_desc-preproc_bold.nii.gz	<PROJECT_ROOT>/derivatives/fmriprep/sub-33/func/sub-33_task-heatpainwithregulationandratings_run-03_space-MNI152NLin2009cAsym_desc-brain_mask.nii.gz	<PROJECT_ROOT>/derivatives/first_level_inputs_analysis/sub-33/run-03/events_long.tsv	<PROJECT_ROOT>/derivatives/first_level_inputs_analysis/sub-33/run-03/events_stim.tsv	<PROJECT_ROOT>/derivatives/first_level_inputs_analysis/sub-33/run-03/confounds_standard.tsv	True	False
sub-33	4	KEEP_FOR_MAIN_BUT_SENSITIVITY_EXCLUDE_CANDIDATE	True	READY	OK	<PROJECT_ROOT>/derivatives/smoothed_fwhm6/sub-33/func/sub-33_task-heatpainwithregulationandratings_run-04_space-MNI152NLin2009cAsym_desc-smoothedFWHM6_bold.nii.gz	<PROJECT_ROOT>/derivatives/fmriprep/sub-33/func/sub-33_task-heatpainwithregulationandratings_run-04_space-MNI152NLin2009cAsym_desc-preproc_bold.nii.gz	<PROJECT_ROOT>/derivatives/fmriprep/sub-33/func/sub-33_task-heatpainwithregulationandratings_run-04_space-MNI152NLin2009cAsym_desc-brain_mask.nii.gz	<PROJECT_ROOT>/derivatives/first_level_inputs_analysis/sub-33/run-04/events_long.tsv	<PROJECT_ROOT>/derivatives/first_level_inputs_analysis/sub-33/run-04/events_stim.tsv	<PROJECT_ROOT>/derivatives/first_level_inputs_analysis/sub-33/run-04/confounds_standard.tsv	True	False
sub-33	5	KEEP_FOR_MAIN_BUT_SENSITIVITY_EXCLUDE_CANDIDATE	True	READY	OK	<PROJECT_ROOT>/derivatives/smoothed_fwhm6/sub-33/func/sub-33_task-heatpainwithregulationandratings_run-05_space-MNI152NLin2009cAsym_desc-smoothedFWHM6_bold.nii.gz	<PROJECT_ROOT>/derivatives/fmriprep/sub-33/func/sub-33_task-heatpainwithregulationandratings_run-05_space-MNI152NLin2009cAsym_desc-preproc_bold.nii.gz	<PROJECT_ROOT>/derivatives/fmriprep/sub-33/func/sub-33_task-heatpainwithregulationandratings_run-05_space-MNI152NLin2009cAsym_desc-brain_mask.nii.gz	<PROJECT_ROOT>/derivatives/first_level_inputs_analysis/sub-33/run-05/events_long.tsv	<PROJECT_ROOT>/derivatives/first_level_inputs_analysis/sub-33/run-05/events_stim.tsv	<PROJECT_ROOT>/derivatives/first_level_inputs_analysis/sub-33/run-05/confounds_standard.tsv	True	False
sub-33	6	KEEP_FOR_MAIN_BUT_SENSITIVITY_EXCLUDE_CANDIDATE	True	READY	OK	<PROJECT_ROOT>/derivatives/smoothed_fwhm6/sub-33/func/sub-33_task-heatpainwithregulationandratings_run-06_space-MNI152NLin2009cAsym_desc-smoothedFWHM6_bold.nii.gz	<PROJECT_ROOT>/derivatives/fmriprep/sub-33/func/sub-33_task-heatpainwithregulationandratings_run-06_space-MNI152NLin2009cAsym_desc-preproc_bold.nii.gz	<PROJECT_ROOT>/derivatives/fmriprep/sub-33/func/sub-33_task-heatpainwithregulationandratings_run-06_space-MNI152NLin2009cAsym_desc-brain_mask.nii.gz	<PROJECT_ROOT>/derivatives/first_level_inputs_analysis/sub-33/run-06/events_long.tsv	<PROJECT_ROOT>/derivatives/first_level_inputs_analysis/sub-33/run-06/events_stim.tsv	<PROJECT_ROOT>/derivatives/first_level_inputs_analysis/sub-33/run-06/confounds_standard.tsv	True	False
sub-33	7	KEEP_FOR_MAIN_BUT_SENSITIVITY_EXCLUDE_CANDIDATE	True	READY	OK	<PROJECT_ROOT>/derivatives/smoothed_fwhm6/sub-33/func/sub-33_task-heatpainwithregulationandratings_run-07_space-MNI152NLin2009cAsym_desc-smoothedFWHM6_bold.nii.gz	<PROJECT_ROOT>/derivatives/fmriprep/sub-33/func/sub-33_task-heatpainwithregulationandratings_run-07_space-MNI152NLin2009cAsym_desc-preproc_bold.nii.gz	<PROJECT_ROOT>/derivatives/fmriprep/sub-33/func/sub-33_task-heatpainwithregulationandratings_run-07_space-MNI152NLin2009cAsym_desc-brain_mask.nii.gz	<PROJECT_ROOT>/derivatives/first_level_inputs_analysis/sub-33/run-07/events_long.tsv	<PROJECT_ROOT>/derivatives/first_level_inputs_analysis/sub-33/run-07/events_stim.tsv	<PROJECT_ROOT>/derivatives/first_level_inputs_analysis/sub-33/run-07/confounds_standard.tsv	True	False
sub-33	8	KEEP_FOR_MAIN_BUT_SENSITIVITY_EXCLUDE_CANDIDATE	True	READY	OK	<PROJECT_ROOT>/derivatives/smoothed_fwhm6/sub-33/func/sub-33_task-heatpainwithregulationandratings_run-08_space-MNI152NLin2009cAsym_desc-smoothedFWHM6_bold.nii.gz	<PROJECT_ROOT>/derivatives/fmriprep/sub-33/func/sub-33_task-heatpainwithregulationandratings_run-08_space-MNI152NLin2009cAsym_desc-preproc_bold.nii.gz	<PROJECT_ROOT>/derivatives/fmriprep/sub-33/func/sub-33_task-heatpainwithregulationandratings_run-08_space-MNI152NLin2009cAsym_desc-brain_mask.nii.gz	<PROJECT_ROOT>/derivatives/first_level_inputs_analysis/sub-33/run-08/events_long.tsv	<PROJECT_ROOT>/derivatives/first_level_inputs_analysis/sub-33/run-08/events_stim.tsv	<PROJECT_ROOT>/derivatives/first_level_inputs_analysis/sub-33/run-08/confounds_standard.tsv	True	False
sub-33	9	KEEP_FOR_MAIN_BUT_SENSITIVITY_EXCLUDE_CANDIDATE	True	READY	OK	<PROJECT_ROOT>/derivatives/smoothed_fwhm6/sub-33/func/sub-33_task-heatpainwithregulationandratings_run-09_space-MNI152NLin2009cAsym_desc-smoothedFWHM6_bold.nii.gz	<PROJECT_ROOT>/derivatives/fmriprep/sub-33/func/sub-33_task-heatpainwithregulationandratings_run-09_space-MNI152NLin2009cAsym_desc-preproc_bold.nii.gz	<PROJECT_ROOT>/derivatives/fmriprep/sub-33/func/sub-33_task-heatpainwithregulationandratings_run-09_space-MNI152NLin2009cAsym_desc-brain_mask.nii.gz	<PROJECT_ROOT>/derivatives/first_level_inputs_analysis/sub-33/run-09/events_long.tsv	<PROJECT_ROOT>/derivatives/first_level_inputs_analysis/sub-33/run-09/events_stim.tsv	<PROJECT_ROOT>/derivatives/first_level_inputs_analysis/sub-33/run-09/confounds_standard.tsv	True	False
