mode	simulation	down_slope	up_slope	up_minus_down_slope
unclipped	0	0.0330984528008198	-0.1697564135128892	-0.202854866313709
unclipped	1	0.0242267649780163	-0.2242333510669036	-0.24846011604492
unclipped	2	0.1175303129170218	-0.1185722212601098	-0.2361025341771316
unclipped	3	0.0833381833795201	-0.1235997316850958	-0.206937915064616
unclipped	4	-0.1889840373510208	-0.4095190194231962	-0.2205349820721753
unclipped	5	0.0418150109692775	-0.1393612179916349	-0.1811762289609124
unclipped	6	-0.102859656186337	-0.2396594470762434	-0.1367997908899063
unclipped	7	-0.029778349631297	-0.2194532879120889	-0.1896749382807918
unclipped	8	-0.0031958313438497	-0.238269529777421	-0.2350736984335713
unclipped	9	-0.0607801206176162	-0.2722341379653735	-0.2114540173477572
unclipped	10	-0.1083510916810207	-0.2697943806579508	-0.1614432889769301
unclipped	11	-0.0406526912188668	-0.2589907720154156	-0.2183380807965487
unclipped	12	0.0480681240346682	-0.2914345925615402	-0.3395027165962084
unclipped	13	0.1281957165964153	-0.0679646321628052	-0.1961603487592205
unclipped	14	-0.0859660739047732	-0.3113146367662623	-0.2253485628614892
unclipped	15	-0.0680075323260362	-0.3097247703492031	-0.2417172380231669
unclipped	16	-0.2984905192051384	-0.4211651318687077	-0.1226746126635692
unclipped	17	-0.0866936543850471	-0.252116286118299	-0.1654226317332519
unclipped	18	0.0425246268767472	-0.2048183543428607	-0.2473429812196079
unclipped	19	0.0385274809470162	-0.1745022798338626	-0.2130297607808788
unclipped	20	-0.0247570888738165	-0.242886648999797	-0.2181295601259805
unclipped	21	-0.239343150970702	-0.3128590772385862	-0.0735159262678841
unclipped	22	0.0035252669599534	-0.2272009867699971	-0.2307262537299506
unclipped	23	-0.0689677551053427	-0.3305832017917187	-0.2616154466863759
unclipped	24	-0.0341588335658158	-0.2264286214913842	-0.1922697879255683
unclipped	25	0.1097396884610274	-0.0574458056653638	-0.1671854941263912
unclipped	26	0.2168143817839629	0.0253803325602417	-0.1914340492237212
unclipped	27	-0.1169529982663708	-0.3497013426379571	-0.2327483443715863
unclipped	28	-0.0098647466901445	-0.3111790694366619	-0.3013143227465173
unclipped	29	0.114589972591212	-0.1499494623569291	-0.2645394349481411
unclipped	30	0.0550887067865647	-0.1303972779207683	-0.1854859847073331
unclipped	31	-0.1124189381379245	-0.2313130201971474	-0.1188940820592228
unclipped	32	-0.0546640854924258	-0.2287468174071097	-0.1740827319146838
unclipped	33	-0.0666300241901506	-0.2835476544805541	-0.2169176302904034
unclipped	34	-0.0114813984751517	-0.1742143443593334	-0.1627329458841817
unclipped	35	-0.2384880877065252	-0.4016379149084876	-0.1631498272019624
unclipped	36	0.0798902267589379	-0.2164575293700391	-0.2963477561289771
unclipped	37	-0.0362963114616736	-0.2173154520967648	-0.1810191406350911
unclipped	38	0.0501120381224145	-0.137581731931465	-0.1876937700538795
unclipped	39	0.0055723499087344	-0.2840205500281427	-0.2895928999368771
unclipped	40	-0.0015346033279501	-0.238445777534498	-0.2369111742065479
unclipped	41	-0.0551438148135176	-0.2436825471198393	-0.1885387323063216
unclipped	42	0.1264863900358938	-0.0631497543363235	-0.1896361443722174
unclipped	43	0.0848103406236616	-0.2384200740260446	-0.3232304146497062
unclipped	44	-0.0173379738447202	-0.1735405612798416	-0.1562025874351214
unclipped	45	0.0375409697400738	-0.2483035666756126	-0.2858445364156865
unclipped	46	0.0683857049986642	-0.1812940907749609	-0.2496797957736252
unclipped	47	-0.0725855137427928	-0.311224434495188	-0.2386389207523951
unclipped	48	0.0273379507852391	-0.1502019421213224	-0.1775398929065615
unclipped	49	0.1501340357252863	-0.1029695939099729	-0.2531036296352593
unclipped	50	0.1416997641682671	-0.1267657809045304	-0.2684655450727975
unclipped	51	0.0014240959573484	-0.3009474015636972	-0.3023714975210456
unclipped	52	-0.0397130502807996	-0.2728338174188772	-0.2331207671380775
unclipped	53	-0.0707484568680116	-0.33591889285087	-0.2651704359828584
unclipped	54	-0.0817509962067115	-0.3061400239615255	-0.2243890277548139
unclipped	55	0.0386100315153696	-0.1436423296002647	-0.1822523611156343
unclipped	56	-0.0613740951426041	-0.3529241929241736	-0.2915500977815695
unclipped	57	0.0401219366152462	-0.1787603475872386	-0.2188822842024849
unclipped	58	-0.0500848116625316	-0.261040275014776	-0.2109554633522444
unclipped	59	-0.0939403069199883	-0.2419028284284614	-0.1479625215084731
unclipped	60	-0.2948862889578095	-0.5325798825907082	-0.2376935936328987
unclipped	61	-0.0821738129989681	-0.2221206981688363	-0.1399468851698682
unclipped	62	-0.0368950549715591	-0.1809396418171686	-0.1440445868456095
unclipped	63	-0.0272626799147011	-0.2808314990259062	-0.2535688191112051
unclipped	64	0.0460104452449266	-0.2153017306992954	-0.261312175944222
unclipped	65	0.0097684166789578	-0.2449614260816512	-0.254729842760609
unclipped	66	-0.1165423857163694	-0.325564688490926	-0.2090223027745565
unclipped	67	-0.0260754995997705	-0.2901951990447503	-0.2641196994449797
unclipped	68	-0.0532773293883344	-0.3156590696188633	-0.2623817402305288
unclipped	69	-0.1289642257212275	-0.2940945373957548	-0.1651303116745273
unclipped	70	0.031617494729514	-0.1975492268800174	-0.2291667216095314
unclipped	71	0.0855086958654871	-0.0772985143451042	-0.1628072102105913
unclipped	72	0.1241833344321554	-0.1829672279466867	-0.3071505623788422
unclipped	73	-0.1004877898825538	-0.2709004794046055	-0.1704126895220516
unclipped	74	-0.1686245180515071	-0.4194617971675074	-0.2508372791160003
unclipped	75	-0.1011268165735636	-0.2765159330316397	-0.1753891164580761
unclipped	76	-0.0078862345165144	-0.2570689232517164	-0.249182688735202
unclipped	77	-0.0686179438982487	-0.2655684634089402	-0.1969505195106915
unclipped	78	0.1279108132438401	-0.0703565981245902	-0.1982674113684304
unclipped	79	-0.1482354333562743	-0.3513350399777784	-0.203099606621504
unclipped	80	0.0298401774955761	-0.200740300287554	-0.2305804777831301
unclipped	81	0.0941490954316139	-0.07716598823365	-0.1713150836652639
unclipped	82	-0.0223374368960686	-0.1898984590080236	-0.167561022111955
unclipped	83	0.022076570301845	-0.1376020278090158	-0.1596785981108608
unclipped	84	-0.1300566628276647	-0.2541153058584274	-0.1240586430307626
unclipped	85	-0.0605980685265445	-0.2776276242933914	-0.2170295557668469
unclipped	86	-0.1587766993835224	-0.3726689674930361	-0.2138922681095136
unclipped	87	-0.0563671319711674	-0.2650439440250721	-0.2086768120539046
unclipped	88	-0.0986453725783836	-0.3828237578861602	-0.2841783853077766
unclipped	89	0.088086364283612	-0.1727122516980699	-0.2607986159816819
unclipped	90	0.0408981633553032	-0.1909481977035982	-0.2318463610589014
unclipped	91	-0.0911445751029247	-0.2556351144171241	-0.1644905393141993
unclipped	92	-0.0738723203908077	-0.2871169231242952	-0.2132446027334875
unclipped	93	-0.0173728871008802	-0.2240783616655793	-0.206705474564699
unclipped	94	-0.0858494931110292	-0.2088360873535076	-0.1229865942424783
unclipped	95	0.0209011503724202	-0.1211621994635718	-0.142063349835992
unclipped	96	0.0180918296163245	-0.0796313733277594	-0.0977232029440839
unclipped	97	0.0081663118597928	-0.1887293986534598	-0.1968957105132527
unclipped	98	-0.1969228639896968	-0.4518066082564961	-0.2548837442667993
unclipped	99	-0.0172546961996872	-0.18150196585157	-0.1642472696518828
unclipped	100	0.0378951763689226	-0.1556536701855739	-0.1935488465544965
unclipped	101	0.0640664744524901	-0.1749367357983349	-0.239003210250825
unclipped	102	-0.0302676712463172	-0.2522408693804168	-0.2219731981340995
unclipped	103	-0.0208082856665095	-0.2200490644441559	-0.1992407787776464
unclipped	104	-0.0205139441930641	-0.1873519178592372	-0.1668379736661731
unclipped	105	-0.1364203990246373	-0.2760877484786446	-0.1396673494540072
unclipped	106	-0.1659343873556588	-0.3306479627995556	-0.1647135754438968
unclipped	107	-0.0143118872699405	-0.2661495905584347	-0.2518377032884942
unclipped	108	-0.1209555172302861	-0.2806843147405591	-0.1597287975102729
unclipped	109	0.1429107179768012	-0.1681758102562737	-0.311086528233075
unclipped	110	-0.2056588278234759	-0.3388217244779009	-0.1331628966544249
unclipped	111	0.07850864802045	-0.1068447259880038	-0.1853533740084538
unclipped	112	0.0276584778292536	-0.2139625057460326	-0.2416209835752862
unclipped	113	0.0775443791424876	-0.172709110999091	-0.2502534901415787
unclipped	114	-0.072772443941061	-0.2750039237051262	-0.2022314797640652
unclipped	115	0.0880502859841936	-0.1014552951721636	-0.1895055811563573
unclipped	116	0.0272991723141194	-0.1925519786313564	-0.2198511509454759
unclipped	117	0.0527634155827005	-0.1069561795256593	-0.1597195951083598
unclipped	118	-0.0673465782054207	-0.2387133492699256	-0.1713667710645048
unclipped	119	0.1577109123535217	-0.1087053154459731	-0.2664162277994949
unclipped	120	-0.1271456309833439	-0.3224054056129222	-0.1952597746295783
unclipped	121	-0.1914253819125784	-0.4085433682039292	-0.2171179862913508
unclipped	122	-0.0132420987246408	-0.2237247333359009	-0.21048263461126
unclipped	123	-0.1100593539267979	-0.3810327827018557	-0.2709734287750578
unclipped	124	-0.0827098206865284	-0.2787215751966428	-0.1960117545101143
unclipped	125	0.0627862400990083	-0.1884085181056292	-0.2511947582046376
unclipped	126	-0.0398132399911094	-0.2544245230073276	-0.2146112830162181
unclipped	127	-0.0834144166879324	-0.273273534450678	-0.1898591177627455
unclipped	128	-0.0861960173659573	-0.2898240434949516	-0.2036280261289942
unclipped	129	-0.0755878195574556	-0.2955985450207036	-0.2200107254632479
unclipped	130	0.1438498268853108	-0.1211089306517129	-0.2649587575370238
unclipped	131	-0.1729420933290949	-0.3288039215786508	-0.1558618282495558
unclipped	132	0.0169229240232694	-0.0821152727450033	-0.0990381967682727
unclipped	133	0.079194451968872	-0.1249827826421055	-0.2041772346109776
unclipped	134	0.0506063095505566	-0.0844436143119866	-0.1350499238625433
unclipped	135	-0.2163866284949948	-0.3527390304994637	-0.1363524020044688
unclipped	136	0.1259657106178967	-0.1746867794372121	-0.3006524900551088
unclipped	137	-0.1215995544045126	-0.2857903220593942	-0.1641907676548815
unclipped	138	-0.2473869720596842	-0.4609160522015937	-0.2135290801419094
unclipped	139	-0.1976802813703506	-0.3034601756048283	-0.1057798942344776
unclipped	140	-0.0476171378359599	-0.2524602135712401	-0.2048430757352801
unclipped	141	0.1780667817088816	-0.0831854495303903	-0.261252231239272
unclipped	142	0.0319958198727416	-0.1577092934486639	-0.1897051133214056
unclipped	143	-0.0639215369645148	-0.1579569939730855	-0.0940354570085706
unclipped	144	-0.0727812422473034	-0.2793998393453346	-0.2066185970980311
unclipped	145	-0.1043904888552077	-0.352990572953314	-0.2486000840981062
unclipped	146	-0.0432812094679936	-0.2535363277833033	-0.2102551183153096
unclipped	147	-0.1197327577152599	-0.291936637649168	-0.172203879933908
unclipped	148	-0.1346198533879437	-0.3264117280789169	-0.1917918746909731
unclipped	149	-0.1205861962696224	-0.4265674697854955	-0.3059812735158731
unclipped	150	0.0166024226504339	-0.1607554849802804	-0.1773579076307143
unclipped	151	-0.0582507164099778	-0.2265106226208715	-0.1682599062108936
unclipped	152	-0.055079013001705	-0.2074261787738656	-0.1523471657721606
unclipped	153	-0.1272749134180472	-0.3224944280418058	-0.1952195146237585
unclipped	154	0.0792385523001843	-0.1649796689329897	-0.244218221233174
unclipped	155	-0.1862759960764604	-0.3773027116459959	-0.1910267155695355
unclipped	156	-0.0360977065708791	-0.2459725837667964	-0.2098748771959172
unclipped	157	-0.0069827727131904	-0.248789172457409	-0.2418063997442185
unclipped	158	-0.0727707617834022	-0.3481143001868648	-0.2753435384034626
unclipped	159	-0.0348156454099283	-0.3201694608822133	-0.285353815472285
unclipped	160	0.1164782758779378	-0.1382633690405036	-0.2547416449184414
unclipped	161	0.0469878215322051	-0.2626931192309426	-0.3096809407631476
unclipped	162	0.0213858387865403	-0.1553993352242553	-0.1767851740107957
unclipped	163	-0.0723192161427504	-0.1851108335705376	-0.1127916174277872
unclipped	164	0.012663856799513	-0.2074418280356224	-0.2201056848351354
unclipped	165	-0.1632621219982185	-0.4098043117660775	-0.246542189767859
unclipped	166	-0.1043501721400371	-0.2824596548817585	-0.1781094827417213
unclipped	167	-0.0796383240123554	-0.2699185263737395	-0.1902802023613841
unclipped	168	-0.1953233225797497	-0.3459680431364286	-0.1506447205566788
unclipped	169	-0.0192784361976361	-0.2136410769920623	-0.1943626407944261
unclipped	170	0.0804949103187843	-0.1031043569480599	-0.1835992672668442
unclipped	171	0.1479191859025238	-0.1166961185050962	-0.26461530440762
unclipped	172	-0.0770695224032067	-0.3088692059084783	-0.2317996835052715
unclipped	173	0.059329732958187	-0.2466101919488949	-0.305939924907082
unclipped	174	-0.0841415426692607	-0.2398687995744713	-0.1557272569052106
unclipped	175	-0.1710844564058217	-0.3658242795761458	-0.1947398231703241
unclipped	176	-0.0641270521119615	-0.2931921497502158	-0.2290650976382542
unclipped	177	-0.1373805397806203	-0.3912712304599271	-0.2538906906793068
unclipped	178	0.0349984120093151	-0.240529732966243	-0.2755281449755582
unclipped	179	-0.1142799105990774	-0.3784890957997359	-0.2642091852006585
unclipped	180	0.0810749246669113	-0.1501431502665286	-0.2312180749334399
unclipped	181	-0.1914533728344337	-0.296011491753216	-0.1045581189187823
unclipped	182	0.0372294639204657	-0.07299059555429	-0.1102200594747557
unclipped	183	0.070675880539914	-0.2003510429433651	-0.2710269234832791
unclipped	184	0.0360358021090672	-0.3267690387347348	-0.362804840843802
unclipped	185	-0.2472547730142226	-0.450007048692249	-0.2027522756780264
unclipped	186	0.0586740019048255	-0.2558834151690536	-0.3145574170738792
unclipped	187	0.1057443818615049	-0.1091002261365374	-0.2148446079980424
unclipped	188	0.0195423899655823	-0.2433646681855092	-0.2629070581510916
unclipped	189	0.0834280524613077	-0.1384500243834177	-0.2218780768447255
unclipped	190	-0.0955304024852595	-0.286338422128079	-0.1908080196428194
unclipped	191	0.1263209001341443	-0.1215822662369449	-0.2479031663710893
unclipped	192	0.0382696174229739	-0.1066747632706544	-0.1449443806936283
unclipped	193	-0.0370530819150348	-0.2700427808838074	-0.2329896989687725
unclipped	194	-0.252557200850013	-0.418650673505847	-0.166093472655834
unclipped	195	0.0398425030867058	-0.1761324403537482	-0.2159749434404541
unclipped	196	-0.1463460069121108	-0.3227625502630836	-0.1764165433509728
unclipped	197	-0.1070256848295863	-0.2876932193820818	-0.1806675345524955
unclipped	198	-0.0060432276612218	-0.1902046435102507	-0.1841614158490289
unclipped	199	-0.1022278000384666	-0.2652865356352891	-0.1630587355968225
unclipped	200	0.1277909509154267	-0.0378191462343495	-0.1656100971497762
unclipped	201	-0.0447759320247767	-0.2073326860093443	-0.1625567539845676
unclipped	202	-0.000600261749432	-0.212086475568193	-0.2114862138187609
unclipped	203	-0.0507090932425646	-0.325180196889038	-0.2744711036464733
unclipped	204	0.1329930745808571	-0.1550483131190094	-0.2880413876998666
unclipped	205	-0.0461380731172861	-0.2304239450164404	-0.1842858718991542
unclipped	206	0.0047853178641003	-0.1993158610649433	-0.2041011789290436
unclipped	207	0.0190999365091976	-0.1953612615602556	-0.2144611980694533
unclipped	208	0.1070558270104662	-0.160219329723925	-0.2672751567343913
unclipped	209	-0.1211147227756215	-0.3225519928114946	-0.201437270035873
unclipped	210	-0.0329074725022675	-0.2645944595879637	-0.2316869870856961
unclipped	211	-0.0399114039365059	-0.2792549716988495	-0.2393435677623436
unclipped	212	-0.1294601581308407	-0.3800175561135863	-0.2505573979827455
unclipped	213	-0.0527978259667103	-0.2647885361914397	-0.2119907102247293
unclipped	214	-0.0714955222502173	-0.2106352101633517	-0.1391396879131344
unclipped	215	0.019220130076427	-0.142441765154322	-0.161661895230749
unclipped	216	-0.0433840741373406	-0.2228137818193983	-0.1794297076820577
unclipped	217	0.152540116067932	-0.0306129271525234	-0.1831530432204555
unclipped	218	-0.042201607084655	-0.2085526951795736	-0.1663510880949186
unclipped	219	0.0770520040999743	-0.1858673409521353	-0.2629193450521097
unclipped	220	-0.1108657144443425	-0.1842899011298133	-0.0734241866854708
unclipped	221	0.1745055093741394	-0.0513802936574077	-0.2258858030315472
unclipped	222	-0.1454640251847262	-0.3526958398459413	-0.2072318146612151
unclipped	223	-0.0414435461844281	-0.3729969443958151	-0.3315533982113869
unclipped	224	-0.1380092312584325	-0.3112256842892561	-0.1732164530308235
unclipped	225	0.0189939369924252	-0.2170194795307096	-0.2360134165231349
unclipped	226	-0.0827293640501994	-0.2550073886737016	-0.1722780246235022
unclipped	227	0.074862290623814	-0.1599460086509537	-0.2348082992747677
unclipped	228	0.0291331360676583	-0.2321480169889332	-0.2612811530565915
unclipped	229	-0.054771796097568	-0.3289412693632796	-0.2741694732657116
unclipped	230	-0.2189033968347641	-0.4083116070440181	-0.189408210209254
unclipped	231	-0.0380182709963747	-0.201028598814376	-0.1630103278180013
unclipped	232	-0.0711106201695542	-0.2969877880838607	-0.2258771679143064
unclipped	233	-0.013866451632479	-0.1815237158529073	-0.1676572642204283
unclipped	234	-0.02295111424969	-0.1807071588706574	-0.1577560446209673
unclipped	235	-0.0610824664387105	-0.2430435343750393	-0.1819610679363288
unclipped	236	-0.0390733158349877	-0.0970566632911974	-0.0579833474562097
unclipped	237	-0.0053389768302571	-0.2162552989042878	-0.2109163220740306
unclipped	238	0.0791199568251041	-0.0446167250103861	-0.1237366818354903
unclipped	239	-0.0377471563548985	-0.24416249073039	-0.2064153343754915
unclipped	240	-0.0851334335610884	-0.2855741357643675	-0.200440702203279
unclipped	241	0.0509552913977275	-0.1699150009573593	-0.2208702923550869
unclipped	242	-0.0239322002381568	-0.1576913413428181	-0.1337591411046612
unclipped	243	-0.0024310180242545	-0.1968956902512094	-0.1944646722269549
unclipped	244	0.1273172686461831	-0.0359228794552731	-0.1632401481014562
unclipped	245	-0.0364718000615631	-0.2780879449996092	-0.241616144938046
unclipped	246	-0.0269240392944522	-0.2826643321172594	-0.2557402928228072
unclipped	247	-0.0830145956239263	-0.2440493958599148	-0.1610348002359884
unclipped	248	0.1086736590686909	-0.2347884394664141	-0.3434620985351051
unclipped	249	-0.2339196979749963	-0.3588328346565986	-0.1249131366816023
unclipped	250	-0.069941250006736	-0.3063642551405732	-0.2364230051338371
unclipped	251	-0.131970511488387	-0.4356519050945081	-0.3036813936061211
unclipped	252	-0.0634491310533985	-0.2541151196472871	-0.1906659885938886
unclipped	253	-0.0897244610438028	-0.289088380549144	-0.1993639195053411
unclipped	254	0.0068580992414559	-0.2574428043814054	-0.2643009036228614
unclipped	255	-0.0808151262121633	-0.2470136230749521	-0.1661984968627887
unclipped	256	0.0823667223565983	-0.1394381545921433	-0.2218048769487417
unclipped	257	0.0263444945308631	-0.2243072936546691	-0.2506517881855323
unclipped	258	-0.2169032640023729	-0.3646048221441011	-0.1477015581417282
unclipped	259	-0.0218098672588797	-0.221064841918469	-0.1992549746595893
unclipped	260	0.0455620326610713	-0.1573448173407634	-0.2029068500018347
unclipped	261	-0.0264009588541424	-0.3285205897360645	-0.302119630881922
unclipped	262	0.0615046008150205	-0.1216152178320589	-0.1831198186470795
unclipped	263	-0.0619203204988981	-0.3173256539165588	-0.2554053334176607
unclipped	264	-0.1627887374980265	-0.2975406967840891	-0.1347519592860626
unclipped	265	0.1445101191136587	0.0054989435430589	-0.1390111755705998
unclipped	266	-0.0879780442452986	-0.3538080021989334	-0.2658299579536347
unclipped	267	-0.0150824743061307	-0.1728524312146583	-0.1577699569085275
unclipped	268	-0.1986479218350078	-0.4158310785413237	-0.2171831567063158
unclipped	269	-0.0801464071633644	-0.2502796893019071	-0.1701332821385426
unclipped	270	0.0333546589015756	-0.1732471042024479	-0.2066017631040235
unclipped	271	0.1066744504135365	-0.1253313694313426	-0.2320058198448791
unclipped	272	-0.0706861278109171	-0.2954353075935798	-0.2247491797826626
unclipped	273	-0.0352065886564777	-0.2243238700608899	-0.1891172814044122
unclipped	274	0.0182147686416745	-0.1935692468950438	-0.2117840155367183
unclipped	275	-0.0612559094616777	-0.2922760391582925	-0.2310201296966147
unclipped	276	0.0187802579524518	-0.2786237680929457	-0.2974040260453976
unclipped	277	0.0006125995255415	-0.3104588687436953	-0.3110714682692368
unclipped	278	0.0139328440640688	-0.2230784259506047	-0.2370112700146736
unclipped	279	0.076726798539277	-0.2553660030893179	-0.3320928016285949
unclipped	280	0.1280476263609825	-0.1970415166086955	-0.325089142969678
unclipped	281	-0.042119314518015	-0.2080537511297964	-0.1659344366117814
unclipped	282	-0.2191202239501598	-0.2636833310359011	-0.0445631070857412
unclipped	283	-0.0233988433662632	-0.2461194148252338	-0.2227205714589706
unclipped	284	-0.2655103500235846	-0.4440020011223144	-0.1784916510987297
unclipped	285	0.0108164356535178	-0.2178432559112489	-0.2286596915647667
unclipped	286	-0.0069055604436478	-0.2106897770335181	-0.2037842165898702
unclipped	287	-0.1717342152676034	-0.361956471218802	-0.1902222559511985
unclipped	288	0.0074121940804578	-0.2345478532343863	-0.2419600473148442
unclipped	289	-0.0031439991595701	-0.1730050328348025	-0.1698610336752324
unclipped	290	-0.1128505486201113	-0.3480834832718992	-0.2352329346517878
unclipped	291	-0.0913805791771663	-0.2863880458570046	-0.1950074666798382
unclipped	292	-0.042095882098892	-0.1258844019852845	-0.0837885198863925
unclipped	293	-0.1472642193250733	-0.3738478295947287	-0.2265836102696553
unclipped	294	-0.1516205321451241	-0.3575435997249	-0.2059230675797758
unclipped	295	-0.1354186455984474	-0.3026290894775927	-0.1672104438791453
unclipped	296	-0.06932858748662	-0.2173456766305952	-0.1480170891439751
unclipped	297	0.0759898139132197	-0.2353087209676743	-0.3112985348808941
unclipped	298	0.0134122657625227	-0.1133685231678988	-0.1267807889304215
unclipped	299	-0.0268870412732224	-0.1687480949454173	-0.1418610536721949
unclipped	300	-0.0748715762391276	-0.2938975955165606	-0.2190260192774329
unclipped	301	0.1009883934055147	-0.0044204814678027	-0.1054088748733175
unclipped	302	-0.1877614244180894	-0.363556270931727	-0.1757948465136376
unclipped	303	-0.0046465409566678	-0.2698872802277776	-0.2652407392711098
unclipped	304	-0.0951707752090496	-0.3471943786191348	-0.2520236034100851
unclipped	305	-0.2395545393186985	-0.4302815947371096	-0.190727055418411
unclipped	306	-0.1646980257315314	-0.3826963060313065	-0.217998280299775
unclipped	307	-0.2800439071021758	-0.4594669774594857	-0.1794230703573098
unclipped	308	0.0522084810035769	-0.2124950145930045	-0.2647034955965814
unclipped	309	-0.1002159232947912	-0.3488360995847071	-0.2486201762899158
unclipped	310	-0.2396243782096808	-0.5075972114927877	-0.2679728332831068
unclipped	311	-0.2134125157604301	-0.3200942024426071	-0.1066816866821769
unclipped	312	-0.0499069157212502	-0.1619361220154927	-0.1120292062942425
unclipped	313	-0.115181458979118	-0.2548560777764242	-0.1396746187973061
unclipped	314	-0.1117144268858247	-0.2816499172844088	-0.1699354903985841
unclipped	315	-0.1836050656383548	-0.3855706746793229	-0.201965609040968
unclipped	316	-0.0295635035591091	-0.2837200319103805	-0.2541565283512714
unclipped	317	0.0686097576160502	-0.2256907971019547	-0.294300554718005
unclipped	318	-0.0955381800011959	-0.3200879851204842	-0.2245498051192882
unclipped	319	-0.0608290520008579	-0.3554450803128275	-0.2946160283119696
unclipped	320	0.0491139080432562	-0.255143648712263	-0.3042575567555192
unclipped	321	0.0029644956607345	-0.2226232331681382	-0.2255877288288728
unclipped	322	-0.1694893794506253	-0.3865783348439697	-0.2170889553933443
unclipped	323	0.0558631456743505	-0.1702329427357518	-0.2260960884101024
unclipped	324	-0.0626906244723737	-0.2716026077717637	-0.2089119832993899
unclipped	325	-0.0883239995823931	-0.3055888135692468	-0.2172648139868537
unclipped	326	-0.0827433185895315	-0.2410093856475706	-0.1582660670580391
unclipped	327	-0.0107289686399346	-0.1107907731496851	-0.1000618045097505
unclipped	328	-0.0066759337918651	-0.1950026689617045	-0.1883267351698393
unclipped	329	0.0753946214770081	-0.207562202931031	-0.2829568244080391
unclipped	330	-0.1768161782427667	-0.3783991026897334	-0.2015829244469666
unclipped	331	-0.1285102134241895	-0.2577737523411746	-0.1292635389169851
unclipped	332	-0.042087050168534	-0.2841257430290301	-0.242038692860496
unclipped	333	-0.097236916163665	-0.3181026518570768	-0.2208657356934118
unclipped	334	-0.0468465141199577	-0.1259026230170943	-0.0790561088971366
unclipped	335	-0.0860328725980029	-0.3011569965617181	-0.2151241239637151
unclipped	336	-0.0873296667042442	-0.2767667320825033	-0.1894370653782591
unclipped	337	-0.0410396567906734	-0.1998797002389029	-0.1588400434482295
unclipped	338	-0.0697070751936264	-0.297754080286192	-0.2280470050925656
unclipped	339	-0.0942714984667028	-0.2215815586121525	-0.1273100601454496
unclipped	340	-0.0582285034302074	-0.261253643693597	-0.2030251402633895
unclipped	341	0.1542912467354902	-0.1243790220681068	-0.2786702688035971
unclipped	342	-0.1674662686239834	-0.3211898835965752	-0.1537236149725918
unclipped	343	-0.0852607983100651	-0.378509738765927	-0.2932489404558618
unclipped	344	-0.0237122534311383	-0.2751009112396202	-0.2513886578084818
unclipped	345	0.0436555947907682	-0.1892519962834657	-0.2329075910742339
unclipped	346	-0.0381007596659947	-0.192963578916031	-0.1548628192500363
unclipped	347	0.118443405299445	-0.1237260197928635	-0.2421694250923085
unclipped	348	0.0048510613436762	-0.273615505418304	-0.2784665667619803
unclipped	349	0.0300797452738602	-0.1806922666866199	-0.2107720119604801
unclipped	350	0.0189570412161587	-0.2460883248189818	-0.2650453660351406
unclipped	351	0.028791543205124	-0.0324434495349818	-0.0612349927401059
unclipped	352	-0.0033744113250989	-0.2026917718489503	-0.1993173605238514
unclipped	353	-0.2065324370524497	-0.4837670560208791	-0.2772346189684294
unclipped	354	0.0071092442538994	-0.1285736069742419	-0.1356828512281414
unclipped	355	0.0307112764337772	-0.191223485026651	-0.2219347614604283
unclipped	356	0.0140970413007082	-0.2061722336954772	-0.2202692749961854
unclipped	357	0.0617067214886164	-0.1562696201272188	-0.2179763416158352
unclipped	358	-0.0873646751014778	-0.3081247590178062	-0.2207600839163284
unclipped	359	0.0366239516555956	-0.178127456821334	-0.2147514084769297
unclipped	360	-0.0119511248795607	-0.1915160815865749	-0.1795649567070141
unclipped	361	-0.1366915074548694	-0.2463241531580061	-0.1096326457031366
unclipped	362	0.0293265397911046	-0.2904572161974339	-0.3197837559885386
unclipped	363	-0.1691899309405519	-0.3558819975151314	-0.1866920665745794
unclipped	364	0.0116240918587373	-0.2544567649914859	-0.2660808568502233
unclipped	365	-0.15057254776265	-0.2705764961936962	-0.1200039484310462
unclipped	366	0.2176058052974274	-0.0494744456463058	-0.2670802509437333
unclipped	367	-0.1810223970286215	-0.452720940271591	-0.2716985432429695
unclipped	368	0.0339400136919597	-0.150435507635703	-0.1843755213276627
unclipped	369	0.0296139983399756	-0.1812325595000422	-0.2108465578400178
unclipped	370	-0.1015119407915557	-0.3188262166149429	-0.2173142758233872
unclipped	371	0.0514297979930029	-0.1742362615326689	-0.2256660595256718
unclipped	372	-0.0826026540761883	-0.3405046950236539	-0.2579020409474655
unclipped	373	-0.1199695000158095	-0.2274310302027365	-0.107461530186927
unclipped	374	-0.0887089541928203	-0.3444930200010128	-0.2557840658081924
unclipped	375	-0.0694067397971042	-0.2744325205513352	-0.205025780754231
unclipped	376	-0.0184166735128394	-0.1220431935127121	-0.1036265199998727
unclipped	377	-0.2339435124197723	-0.4051035844536929	-0.1711600720339205
unclipped	378	-0.0377976931775592	-0.2857131034892406	-0.2479154103116814
unclipped	379	0.0462673269212579	-0.2040206651939162	-0.2502879921151741
unclipped	380	0.0896382759299903	-0.1576877813212748	-0.2473260572512652
unclipped	381	-0.1911195597621955	-0.4355750319378196	-0.2444554721756241
unclipped	382	-0.043463340141402	-0.3336204482505865	-0.2901571081091845
unclipped	383	-0.1569464183352093	-0.3705758228147455	-0.2136294044795361
unclipped	384	-0.1357997158442092	-0.4044144167852401	-0.2686147009410309
unclipped	385	-0.1177820749141216	-0.2363419847342514	-0.1185599098201297
unclipped	386	-0.1053759448059392	-0.2986001691757654	-0.1932242243698261
unclipped	387	-0.181410410422066	-0.3163849623835809	-0.1349745519615148
unclipped	388	-0.0567358696986233	-0.2773909476595753	-0.2206550779609519
unclipped	389	-0.0679576135101827	-0.2038590493834762	-0.1359014358732935
unclipped	390	-0.1784098582100128	-0.4178613574969907	-0.2394514992869778
unclipped	391	0.0696116959078281	-0.0870348795851174	-0.1566465754929455
unclipped	392	-0.0014422774118986	-0.1922087038206594	-0.1907664264087607
unclipped	393	-0.0563647532859962	-0.2863051281535051	-0.2299403748675088
unclipped	394	-0.055399396895574	-0.2784187624849176	-0.2230193655893435
unclipped	395	-0.0883270781742079	-0.2661498753293924	-0.1778227971551844
unclipped	396	-0.0891918146514776	-0.281318580954218	-0.1921267663027404
unclipped	397	-0.1390436028566715	-0.3007996775526227	-0.1617560746959512
unclipped	398	0.0268021212980035	-0.2239005389014469	-0.2507026601994505
unclipped	399	0.0001459893101036	-0.2082262539630355	-0.2083722432731392
unclipped	400	0.060990336429974	-0.2051350603742151	-0.2661253968041892
unclipped	401	0.1340893182041915	-0.1418141870366029	-0.2759035052407945
unclipped	402	0.0705423903707993	-0.1058053686144404	-0.1763477589852398
unclipped	403	-0.0711085795674811	-0.2216165941637417	-0.1505080145962605
unclipped	404	-0.0225705059852833	-0.2559915254020802	-0.2334210194167969
unclipped	405	-0.1240558504849511	-0.33252250083431	-0.2084666503493588
unclipped	406	-0.0955849726453037	-0.2997991817121941	-0.2042142090668903
unclipped	407	0.0341187176948159	-0.2115712045381867	-0.2456899222330026
unclipped	408	0.0333572843978298	-0.1345237912051406	-0.1678810756029705
unclipped	409	0.0134259885836183	-0.1278413929663102	-0.1412673815499285
unclipped	410	-0.0762461490568825	-0.231010095952107	-0.1547639468952244
unclipped	411	0.067071894525319	-0.0799888714794451	-0.1470607660047641
unclipped	412	-0.0434111802740317	-0.200577777686891	-0.1571665974128593
unclipped	413	0.0207987722333117	-0.1666121917888342	-0.1874109640221459
unclipped	414	-0.0040975044131138	-0.2758415054091757	-0.2717440009960619
unclipped	415	-0.0411906608143157	-0.2001503084734329	-0.1589596476591171
unclipped	416	0.0277006576253675	-0.2071919830550544	-0.2348926406804219
unclipped	417	0.0020806910506682	-0.2698999662487929	-0.2719806572994612
unclipped	418	-0.0477857772511866	-0.1725228147768346	-0.124737037525648
unclipped	419	-0.094466529212788	-0.3385270412820437	-0.2440605120692556
unclipped	420	0.1147243114008523	-0.1011569111675677	-0.2158812225684201
unclipped	421	0.1470327194183315	-0.0969730103341362	-0.2440057297524678
unclipped	422	-0.192698760656444	-0.2852378358595845	-0.0925390752031405
unclipped	423	0.0589695862166726	-0.1124212618211865	-0.1713908480378592
unclipped	424	-0.1526299654227153	-0.2766563200663757	-0.1240263546436604
unclipped	425	-0.0693500297826158	-0.2404938933476493	-0.1711438635650335
unclipped	426	-0.0286932612362693	-0.2270863579996518	-0.1983930967633824
unclipped	427	0.1008843181628332	-0.1120902106891318	-0.2129745288519651
unclipped	428	-0.1760097605344905	-0.344626490436887	-0.1686167299023964
unclipped	429	-0.1142560317166099	-0.3440056802411631	-0.2297496485245531
unclipped	430	-0.0786607079889226	-0.2961745394079232	-0.2175138314190006
unclipped	431	0.0335808262217192	-0.2053359222925798	-0.2389167485142991
unclipped	432	-0.1855155899207477	-0.4780104180624039	-0.2924948281416561
unclipped	433	-0.0196895998244547	-0.1751206372380168	-0.1554310374135621
unclipped	434	-0.0713821735177577	-0.2971799126424223	-0.2257977391246646
unclipped	435	-0.2153216047102273	-0.3084982124432944	-0.0931766077330671
unclipped	436	0.0849486067290356	-0.1377502779211408	-0.2226988846501765
unclipped	437	-0.0499190095471348	-0.3275807570287414	-0.2776617474816065
unclipped	438	0.0046579774354775	-0.1967566532031308	-0.2014146306386084
unclipped	439	0.0149931585457292	-0.3015188867685194	-0.3165120453142487
unclipped	440	-0.1510083130523636	-0.4303028043721806	-0.279294491319817
unclipped	441	0.0632195113749276	-0.2040286435891716	-0.2672481549640992
unclipped	442	-0.0443485635021341	-0.1514451476896168	-0.1070965841874826
unclipped	443	-0.202768226984816	-0.3866200077197974	-0.1838517807349813
unclipped	444	-0.0751217795807254	-0.3223786361446765	-0.247256856563951
unclipped	445	-0.0116272079602648	-0.224875061394453	-0.2132478534341881
unclipped	446	-0.0225733002065684	-0.1993285472819402	-0.1767552470753717
unclipped	447	-0.1297494213650478	-0.2717769517919294	-0.1420275304268816
unclipped	448	0.1848152702281408	-0.0428463282521754	-0.2276615984803163
unclipped	449	0.0540857138543375	-0.2639311956196351	-0.3180169094739726
unclipped	450	-0.1205450575317304	-0.3395006735346024	-0.2189556160028719
unclipped	451	0.0685029656610497	-0.2186157944396397	-0.2871187601006895
unclipped	452	0.0022148782759125	-0.2304026255938425	-0.2326175038697551
unclipped	453	-0.1320845735964741	-0.3124884633725582	-0.180403889776084
unclipped	454	-0.0234771077067262	-0.2534325958380219	-0.2299554881312957
unclipped	455	0.0122444910792088	-0.1444654522383852	-0.156709943317594
unclipped	456	-0.0693185615224032	-0.2983813997783522	-0.2290628382559489
unclipped	457	-0.0712145429044916	-0.3142943877578751	-0.2430798448533835
unclipped	458	0.0604525948024545	-0.1532565548709506	-0.2137091496734051
unclipped	459	0.066713655749076	-0.1080922846848378	-0.1748059404339139
unclipped	460	-0.0499060127403246	-0.3141927495363832	-0.2642867367960586
unclipped	461	-0.3060535214569718	-0.4584681433900052	-0.1524146219330333
unclipped	462	-0.0122740316404392	-0.2304048596105642	-0.218130827970125
unclipped	463	-0.0223551796127077	-0.234627801942503	-0.2122726223297952
unclipped	464	-0.1204643138026917	-0.3759229632244108	-0.255458649421719
unclipped	465	-0.008561340400815	-0.2342946110018579	-0.2257332706010428
unclipped	466	-0.0082694532641737	-0.1434358437820512	-0.1351663905178775
unclipped	467	0.0068305240943087	-0.1540599954749772	-0.160890519569286
unclipped	468	-0.1144581596964833	-0.2988492846233297	-0.1843911249268464
unclipped	469	-0.1075050449155202	-0.2745438775418021	-0.1670388326262819
unclipped	470	-0.1572078181452651	-0.4347947314347912	-0.2775869132895261
unclipped	471	0.0295156222230524	-0.290020628591103	-0.3195362508141555
unclipped	472	0.0042667423855686	-0.2392323395875995	-0.2434990819731681
unclipped	473	0.0876809557768545	-0.2405237002038698	-0.3282046559807243
unclipped	474	-0.106225000725592	-0.2839690275756805	-0.1777440268500885
unclipped	475	-0.1488701600828929	-0.2946433740729979	-0.1457732139901049
unclipped	476	0.0816214841121258	-0.1327287665528345	-0.2143502506649603
unclipped	477	-0.205987798810288	-0.3315524482009393	-0.1255646493906512
unclipped	478	-0.1291476710445515	-0.2944061269278466	-0.1652584558832951
unclipped	479	0.0832310348649186	-0.1636153202858864	-0.2468463551508051
unclipped	480	-0.0678272643190235	-0.3284010021782444	-0.2605737378592209
unclipped	481	-0.0956409995936035	-0.2745013457187678	-0.1788603461251642
unclipped	482	-0.0373880179821521	-0.2914419094097912	-0.2540538914276391
unclipped	483	-0.0581465564760831	-0.2536378153880511	-0.1954912589119679
unclipped	484	-0.0554135331993661	-0.1458067585522613	-0.0903932253528951
unclipped	485	0.078728750338233	-0.2624000584263364	-0.3411288087645694
unclipped	486	-0.0411257788595624	-0.2664460262442515	-0.2253202473846891
unclipped	487	-0.1234180640341908	-0.2793658254374166	-0.1559477614032257
unclipped	488	-0.0850089090055254	-0.2365504658946663	-0.1515415568891409
unclipped	489	-0.1256163116828813	-0.3948138982590753	-0.2691975865761939
unclipped	490	0.0452929488600007	-0.0702164399842352	-0.1155093888442359
unclipped	491	0.0278587260071939	-0.1370484287091442	-0.1649071547163382
unclipped	492	0.0468115553310805	-0.2025298784518612	-0.2493414337829417
unclipped	493	-0.0113671108980104	-0.1933542858431616	-0.1819871749451511
unclipped	494	0.006951518771794	-0.210181220883982	-0.217132739655776
unclipped	495	-0.045239225660763	-0.2601301386893751	-0.214890913028612
unclipped	496	-0.1219092497198518	-0.3150592742995529	-0.1931500245797011
unclipped	497	-0.1262239300004865	-0.3307180057818299	-0.2044940757813433
unclipped	498	0.0705507658578116	-0.0920401509755982	-0.1625909168334098
unclipped	499	-0.0435274280384666	-0.1822549281532697	-0.1387275001148031
unclipped	500	0.0187472240365171	-0.2374190650803229	-0.2561662891168401
unclipped	501	-0.1062202031128141	-0.3392252577766802	-0.233005054663866
unclipped	502	0.0568824563683151	-0.1381775582050746	-0.1950600145733898
unclipped	503	-0.1005913159876017	-0.2096411424234598	-0.1090498264358581
unclipped	504	-0.0672479402919408	-0.2606121522230782	-0.1933642119311374
unclipped	505	-0.1056594887055804	-0.3613176061298391	-0.2556581174242587
unclipped	506	-0.2728474301850025	-0.4019525660465193	-0.1291051358615167
unclipped	507	-0.1915908661059746	-0.4410784922723674	-0.2494876261663927
unclipped	508	0.1772340107041453	-0.0364024269064656	-0.213636437610611
unclipped	509	-0.050659889832416	-0.1847900169435697	-0.1341301271111536
unclipped	510	0.0511491593973797	-0.1749673887099961	-0.2261165481073759
unclipped	511	0.0214487216436991	-0.2773004613592115	-0.2987491830029107
unclipped	512	-0.2000951748278204	-0.395246097971346	-0.1951509231435255
unclipped	513	0.0156680431585458	-0.1762672282295752	-0.191935271388121
unclipped	514	-0.1377609692211011	-0.3356026897555354	-0.1978417205344342
unclipped	515	0.0711345131455486	-0.1260797456060624	-0.197214258751611
unclipped	516	-0.188222725896306	-0.3597595175204195	-0.1715367916241135
unclipped	517	0.1890333860459348	-0.0430197163323706	-0.2320531023783054
unclipped	518	-0.1415655128814026	-0.2820939783869529	-0.1405284655055503
unclipped	519	-0.2186505097901134	-0.4805888325112865	-0.2619383227211731
unclipped	520	-0.0872894098298371	-0.2627023838262377	-0.1754129739964005
unclipped	521	-0.2277030088924399	-0.3228725708767327	-0.0951695619842927
unclipped	522	0.1755515212977253	-0.1036709156859708	-0.2792224369836962
unclipped	523	-0.1301837616664571	-0.352907158675891	-0.2227233970094339
unclipped	524	-0.0263723175247396	-0.2313697385666162	-0.2049974210418765
unclipped	525	-0.0251579857511639	-0.2414414040761499	-0.216283418324986
unclipped	526	0.0509511984894722	-0.1138164987847798	-0.164767697274252
unclipped	527	-0.0608759713446337	-0.2963586402009323	-0.2354826688562985
unclipped	528	-0.0405234405280561	-0.1110140833623636	-0.0704906428343075
unclipped	529	-0.0461679402481636	-0.2166382722357591	-0.1704703319875955
unclipped	530	-0.106040142752095	-0.24442835313839	-0.138388210386295
unclipped	531	-0.1198782366282134	-0.4040845728480291	-0.2842063362198157
unclipped	532	0.0294712248056119	-0.2432316516010142	-0.2727028764066261
unclipped	533	-0.0508552286178936	-0.2474831604290524	-0.1966279318111587
unclipped	534	0.0139958722583617	-0.1145702987923489	-0.1285661710507106
unclipped	535	-0.1686525473700886	-0.2931250631031563	-0.1244725157330677
unclipped	536	-0.0992474162486472	-0.3826797629493451	-0.2834323467006978
unclipped	537	-0.1184213508030612	-0.3089022963796045	-0.1904809455765432
unclipped	538	-0.031693146448621	-0.2423387191172819	-0.2106455726686609
unclipped	539	-0.0730213335399241	-0.304508692525715	-0.2314873589857908
unclipped	540	-0.0296413061297568	-0.1751340868841457	-0.1454927807543888
unclipped	541	-0.0883533315632922	-0.2785475924137738	-0.1901942608504816
unclipped	542	-0.0667539224050779	-0.2654224342346594	-0.1986685118295814
unclipped	543	-0.1440032291285126	-0.3700506848438371	-0.2260474557153244
unclipped	544	0.0098412378207814	-0.2069948310727337	-0.2168360688935151
unclipped	545	-0.1033784829858504	-0.2024353056749734	-0.0990568226891229
unclipped	546	-0.311833879872668	-0.4919940688692844	-0.1801601889966164
unclipped	547	0.0386080138665217	-0.2087437225081586	-0.2473517363746804
unclipped	548	0.0810028047460259	0.0037127152049784	-0.0772900895410475
unclipped	549	-0.061864395301983	-0.2320415671968271	-0.1701771718948441
unclipped	550	-0.0302052396075198	-0.1961563424547471	-0.1659511028472273
unclipped	551	-0.03586076117846	-0.2505074675325287	-0.2146467063540686
unclipped	552	0.0442959826060126	-0.1645554358217237	-0.2088514184277363
unclipped	553	0.0825220210708988	-0.136291098772089	-0.2188131198429879
unclipped	554	-0.0920616867765757	-0.3144741570471878	-0.222412470270612
unclipped	555	-0.1388775156880403	-0.3687390943327028	-0.2298615786446625
unclipped	556	-0.198897431471552	-0.4496330365954201	-0.250735605123868
unclipped	557	-0.0591367706692945	-0.2686950612551253	-0.2095582905858307
unclipped	558	-0.0549607705999346	-0.1910819183411593	-0.1361211477412247
unclipped	559	0.055912636482232	-0.1401774877107473	-0.1960901241929793
unclipped	560	-0.1421854978170691	-0.4119473102327691	-0.2697618124156999
unclipped	561	0.047039000958664	-0.1459044130920959	-0.19294341405076
unclipped	562	-0.0162429596707593	-0.1833338121227225	-0.1670908524519632
unclipped	563	-0.0601823345521434	-0.1957657324749151	-0.1355833979227716
unclipped	564	-0.0793432130898064	-0.2035598027419945	-0.124216589652188
unclipped	565	-0.2207050280142854	-0.4257734237371371	-0.2050683957228516
unclipped	566	-0.0355162106067032	-0.3575565639617306	-0.3220403533550273
unclipped	567	-0.0498614772134379	-0.2212010399427692	-0.1713395627293312
unclipped	568	-0.1081577284317035	-0.3482816394401541	-0.2401239110084505
unclipped	569	-0.1297680177898947	-0.2686072604946867	-0.1388392427047919
unclipped	570	-0.1186906722830905	-0.3662116374743518	-0.2475209651912613
unclipped	571	-0.1174236915139438	-0.3809915928909143	-0.2635679013769705
unclipped	572	-0.1271517201236299	-0.3795226890676087	-0.2523709689439788
unclipped	573	0.2547415442094163	-0.04188898146079	-0.2966305256702064
unclipped	574	-0.061941063857595	-0.3787250448232691	-0.316783980965674
unclipped	575	0.1837183828750355	-0.083923022490574	-0.2676414053656095
unclipped	576	-0.0048489587430924	-0.2620244230377686	-0.2571754642946762
unclipped	577	-0.1047057845734061	-0.3007893429731696	-0.1960835583997635
unclipped	578	-0.0682872830339379	-0.2988274272352008	-0.2305401442012629
unclipped	579	-0.1053544553755846	-0.2895981700210531	-0.1842437146454685
unclipped	580	-0.0729209038246452	-0.2375106762719827	-0.1645897724473375
unclipped	581	0.1319121086179723	-0.0556787437320388	-0.1875908523500111
unclipped	582	-0.155889018966374	-0.3032838763606597	-0.1473948573942856
unclipped	583	-0.1965744345497314	-0.3774989693729403	-0.1809245348232089
unclipped	584	0.0406596830227809	-0.1704222559621735	-0.2110819389849545
unclipped	585	-0.026943369988164	-0.2614613406318134	-0.2345179706436493
unclipped	586	-0.1000051410794147	-0.2580602053482281	-0.1580550642688134
unclipped	587	-0.1000296784677217	-0.3008901024781316	-0.2008604240104099
unclipped	588	0.0245616349644782	-0.179513476357862	-0.2040751113223402
unclipped	589	-0.1634340441414854	-0.3204912540433293	-0.1570572099018439
unclipped	590	-0.2545695111461178	-0.3846067049324148	-0.1300371937862969
unclipped	591	0.0135151765940273	-0.1889429764332401	-0.2024581530272675
unclipped	592	-0.0130095707607906	-0.2378025599893501	-0.2247929892285594
unclipped	593	0.1296250410003648	-0.0737678069981688	-0.2033928479985336
unclipped	594	-0.0090678012843547	-0.2022751151750683	-0.1932073138907135
unclipped	595	-0.1684094784887347	-0.3205068308186004	-0.1520973523298656
unclipped	596	-0.2803838320009805	-0.4635812693792295	-0.183197437378249
unclipped	597	-0.0329570347365646	-0.2986918803262928	-0.2657348455897281
unclipped	598	-0.1308539954091323	-0.305021230325712	-0.1741672349165797
unclipped	599	-0.0101120184060214	-0.2678856138044756	-0.2577735953984542
unclipped	600	0.032764983148297	-0.1574652840331298	-0.1902302671814268
unclipped	601	-0.0103079335227142	-0.2425412410659152	-0.232233307543201
unclipped	602	0.0187960020710699	-0.1731112956523528	-0.1919072977234228
unclipped	603	0.0907243272792549	-0.1191448809991672	-0.2098692082784221
unclipped	604	-0.0438959257452575	-0.1961551095573656	-0.152259183812108
unclipped	605	-0.0147507335205138	-0.2252770203204919	-0.2105262867999781
unclipped	606	-0.1100332684157351	-0.3483246890443677	-0.2382914206286326
unclipped	607	-0.2765788479786062	-0.4168867915597447	-0.1403079435811385
unclipped	608	-0.1222182480761832	-0.3707171586087264	-0.2484989105325432
unclipped	609	-0.0342780008116831	-0.189941138829511	-0.1556631380178279
unclipped	610	-0.0980556981802327	-0.2664204867517825	-0.1683647885715498
unclipped	611	-0.0750444247284741	-0.2400359650115771	-0.164991540283103
unclipped	612	0.132002364813566	-0.1157018523129202	-0.2477042171264862
unclipped	613	-0.0280365813379833	-0.2252231039880135	-0.1971865226500302
unclipped	614	0.1216231918761482	-0.2023569274417732	-0.3239801193179215
unclipped	615	0.0786206942775814	-0.2001941297807091	-0.2788148240582906
unclipped	616	-0.0447828939917286	-0.2973864399804365	-0.2526035459887079
unclipped	617	0.0252853689992106	-0.2356980249883765	-0.2609833939875872
unclipped	618	-0.0428837548311519	-0.1550020962953037	-0.1121183414641517
unclipped	619	-0.0156750899219344	-0.119688451179744	-0.1040133612578095
unclipped	620	-0.1122760011638706	-0.2357058341065717	-0.123429832942701
unclipped	621	-0.1811903940871374	-0.3181002504126174	-0.13690985632548
unclipped	622	-0.0487634118670405	-0.1793007782370923	-0.1305373663700517
unclipped	623	-0.1327825178086472	-0.3049757561567508	-0.1721932383481035
unclipped	624	0.1490183270997235	-0.0289115966945888	-0.1779299237943123
unclipped	625	-0.1032307622896697	-0.3003924436737775	-0.1971616813841077
unclipped	626	-0.138963348049748	-0.378619307450499	-0.239655959400751
unclipped	627	-0.0404768334631718	-0.3322263474314207	-0.2917495139682489
unclipped	628	-0.0897730811613943	-0.312783860260682	-0.2230107790992876
unclipped	629	-0.0026972951084416	-0.1930737872211068	-0.1903764921126651
unclipped	630	-0.1175015977473876	-0.3461674062633497	-0.228665808515962
unclipped	631	0.0123995972584512	-0.1767735453177213	-0.1891731425761726
unclipped	632	-0.0660033459242161	-0.183004562827826	-0.1170012169036098
unclipped	633	0.0265716328824857	-0.1881778789684122	-0.2147495118508979
unclipped	634	0.0340273618430729	-0.2591496164210699	-0.2931769782641429
unclipped	635	0.1170858428771148	-0.1123357444397304	-0.2294215873168452
unclipped	636	-0.0932076402326601	-0.2810050235451155	-0.1877973833124553
unclipped	637	0.0222580901035973	-0.2189193618951632	-0.2411774519987606
unclipped	638	0.0284579370178898	-0.1740952962500689	-0.2025532332679587
unclipped	639	-0.131067838977258	-0.3065168577097064	-0.1754490187324484
unclipped	640	-0.0967957017397668	-0.1881824088153871	-0.0913867070756203
unclipped	641	-0.1500238868200461	-0.303772496733014	-0.1537486099129679
unclipped	642	-0.2175476398041603	-0.3748968410959897	-0.1573492012918294
unclipped	643	-0.1622329159766466	-0.3262469422595832	-0.1640140262829366
unclipped	644	0.0487623864440165	-0.1648651025376784	-0.2136274889816949
unclipped	645	0.0677654025593833	-0.2000660598475722	-0.2678314624069555
unclipped	646	0.034251666377271	-0.2195564019141932	-0.2538080682914643
unclipped	647	0.1014558653813583	-0.1699565828771463	-0.2714124482585047
unclipped	648	0.0227562016012608	-0.2396602812653009	-0.2624164828665618
unclipped	649	-0.0729525903764193	-0.259815877683837	-0.1868632873074176
unclipped	650	-0.0225824133150375	-0.269318079674344	-0.2467356663593065
unclipped	651	-0.0145134328153767	-0.2700015829309133	-0.2554881501155366
unclipped	652	-0.1454340961503283	-0.3375640992336198	-0.1921300030832915
unclipped	653	-0.1041424400349045	-0.2620486338897128	-0.1579061938548083
unclipped	654	-0.0667736264035545	-0.2855495539692694	-0.2187759275657148
unclipped	655	0.0421454017998616	-0.1082883234934662	-0.1504337252933278
unclipped	656	-0.0841917910460773	-0.3445557895298902	-0.2603639984838128
unclipped	657	-0.122831900418053	-0.2858288686658506	-0.1629969682477976
unclipped	658	-0.0547845560625526	-0.2613625156038237	-0.2065779595412711
unclipped	659	-0.1015183411920123	-0.3184623943638004	-0.2169440531717881
unclipped	660	0.021075660674761	-0.1100700590866655	-0.1311457197614265
unclipped	661	-0.0755963275488431	-0.2084768100210627	-0.1328804824722196
unclipped	662	-0.1036547583460916	-0.3422337428543794	-0.2385789845082877
unclipped	663	0.0016891186379315	-0.2889612740866212	-0.2906503927245527
unclipped	664	0.0060068380589225	-0.1735938817583438	-0.1796007198172664
unclipped	665	0.148245507546938	-0.136015541498231	-0.2842610490451691
unclipped	666	0.0124165698150306	-0.1744532415655975	-0.1868698113806282
unclipped	667	-0.1214822747900591	-0.3804761833596158	-0.2589939085695567
unclipped	668	0.0438859089589774	-0.0960230423169575	-0.139908951275935
unclipped	669	-0.1047825087383203	-0.3428083944413533	-0.238025885703033
unclipped	670	0.0631455478232223	-0.0916700915080608	-0.1548156393312831
unclipped	671	0.0162488360573671	-0.2252000231175711	-0.2414488591749383
unclipped	672	-0.1113020446864442	-0.2471570596348373	-0.135855014948393
unclipped	673	-0.0720096113724955	-0.3891829005843095	-0.317173289211814
unclipped	674	0.1504045076347609	-0.0353700789463324	-0.1857745865810933
unclipped	675	-0.1622484975632122	-0.2421588120331466	-0.0799103144699344
unclipped	676	-0.242703268458311	-0.4195279509246841	-0.176824682466373
unclipped	677	-0.1463180581970589	-0.2920025132823712	-0.1456844550853122
unclipped	678	0.0808238692246565	-0.0940878537418859	-0.1749117229665424
unclipped	679	-0.129221738179415	-0.3851491619776469	-0.2559274237982318
unclipped	680	-0.2220790256183724	-0.434584430028113	-0.2125054044097405
unclipped	681	0.0014604584206832	-0.1640089884365571	-0.1654694468572404
unclipped	682	-0.1590505566489555	-0.3273014282561426	-0.1682508716071871
unclipped	683	0.0989133610597271	-0.0781821641646448	-0.177095525224372
unclipped	684	-0.0373290031928043	-0.3133366461645624	-0.2760076429717581
unclipped	685	0.0353840451175411	-0.1374846611277622	-0.1728687062453033
unclipped	686	-0.1066712107694818	-0.3760914833680713	-0.2694202725985894
unclipped	687	-0.0092399544099901	-0.2283818911213865	-0.2191419367113963
unclipped	688	-0.1550906325358868	-0.3555064092553207	-0.2004157767194339
unclipped	689	-0.2193269802193837	-0.4219892732369381	-0.2026622930175543
unclipped	690	0.2048947121284736	0.0489937951394867	-0.1559009169889869
unclipped	691	0.0180658845868225	-0.221591960083141	-0.2396578446699635
unclipped	692	-0.0606087288098699	-0.1899408599641616	-0.1293321311542916
unclipped	693	-0.0924439614344238	-0.3710007016262712	-0.2785567401918474
unclipped	694	0.098640580145606	-0.1088898202323995	-0.2075304003780056
unclipped	695	-0.1563224906830977	-0.2913403774900878	-0.13501788680699
unclipped	696	-0.0289023531822209	-0.274828289928749	-0.245925936746528
unclipped	697	-0.0923267874696575	-0.2154897475164385	-0.1231629600467809
unclipped	698	-0.0674209498361899	-0.1700964841840122	-0.1026755343478222
unclipped	699	0.1194329079659931	-0.1325345872168088	-0.2519674951828019
unclipped	700	-0.1622709925021399	-0.379620233442306	-0.217349240940166
unclipped	701	-0.0170367948692635	-0.25478221060063	-0.2377454157313665
unclipped	702	-0.0778784789834049	-0.2340511112716797	-0.1561726322882748
unclipped	703	-0.0582963144347091	-0.2792323388987959	-0.2209360244640867
unclipped	704	-0.1627416485262446	-0.2224483730657091	-0.0597067245394644
unclipped	705	-0.0830119682861531	-0.3018711706759187	-0.2188592023897655
unclipped	706	0.0020021711440481	-0.2423319550920931	-0.2443341262361412
unclipped	707	-0.0770324032582733	-0.2375594625304908	-0.1605270592722175
unclipped	708	-0.0665968979319366	-0.2632090279880328	-0.1966121300560961
unclipped	709	0.0130691043675849	-0.22182014938512	-0.2348892537527049
unclipped	710	-0.1479707059624516	-0.2323089892844013	-0.0843382833219497
unclipped	711	-0.2295255715646365	-0.4108888893410081	-0.1813633177763716
unclipped	712	0.0727791791231066	-0.1172477420433018	-0.1900269211664085
unclipped	713	0.0219259105779088	-0.3021756923074685	-0.3241016028853773
unclipped	714	-0.0175772678124714	-0.1983279242164636	-0.1807506564039921
unclipped	715	-0.1639026458354845	-0.3477629180299527	-0.1838602721944682
unclipped	716	-0.0486667683566927	-0.2196393240932663	-0.1709725557365735
unclipped	717	-0.2247414253650501	-0.4046681612929012	-0.1799267359278511
unclipped	718	0.013257573375337	-0.296628186442854	-0.309885759818191
unclipped	719	0.0104622696423021	-0.300218397134334	-0.3106806667766362
unclipped	720	-0.100147265376589	-0.3486516279722551	-0.248504362595666
unclipped	721	0.0889319710979801	-0.1863478266307587	-0.2752797977287389
unclipped	722	0.0637426481560012	-0.2468737528683793	-0.3106164010243806
unclipped	723	0.0337811977993523	-0.2146517993633132	-0.2484329971626655
unclipped	724	0.0468570149545783	-0.2149158749694613	-0.2617728899240397
unclipped	725	0.045845247314688	-0.1740461605177469	-0.219891407832435
unclipped	726	-0.0945936118714066	-0.3682854629967505	-0.2736918511253439
unclipped	727	-0.0407997141036494	-0.2397604191163745	-0.1989607050127251
unclipped	728	0.0545447112930703	-0.1774493742959483	-0.2319940855890186
unclipped	729	0.0259031228998815	-0.1328290240325266	-0.1587321469324081
unclipped	730	0.0741839618776469	-0.2236007602807923	-0.2977847221584393
unclipped	731	-0.145248713801031	-0.4112117794116601	-0.2659630656106291
unclipped	732	-0.0212662999249037	-0.1812435717194946	-0.1599772717945908
unclipped	733	-0.1087349770654739	-0.2551589988361695	-0.1464240217706955
unclipped	734	0.0358711690938363	-0.2339433706458861	-0.2698145397397224
unclipped	735	-0.0218189133284167	-0.2053317696887179	-0.1835128563603012
unclipped	736	-0.1735800494691869	-0.3511644190563686	-0.1775843695871817
unclipped	737	-0.1631031758957723	-0.2787587526156161	-0.1156555767198437
unclipped	738	0.0169469211837522	-0.2508363180800175	-0.2677832392637698
unclipped	739	-0.0946305120641884	-0.292316843021462	-0.1976863309572736
unclipped	740	-0.1664747483197365	-0.3771625225442353	-0.2106877742244988
unclipped	741	0.0821939424494747	-0.1794268654186289	-0.2616208078681037
unclipped	742	-0.0912819535449022	-0.2875980830905658	-0.1963161295456634
unclipped	743	-0.0624849963194791	-0.2950695711391173	-0.2325845748196382
unclipped	744	-0.1882497994116968	-0.2889072279442412	-0.1006574285325443
unclipped	745	0.2021185444103417	-0.0199848308216022	-0.2221033752319439
unclipped	746	-0.0140841066232494	-0.2481287792042171	-0.2340446725809677
unclipped	747	0.1835046786384622	-0.0843072611061665	-0.2678119397446288
unclipped	748	0.0115255801560673	-0.2281082051567718	-0.2396337853128392
unclipped	749	-0.0722154908388564	-0.2715477374148254	-0.199332246575969
unclipped	750	0.026413887955465	-0.2426075585528421	-0.2690214465083071
unclipped	751	-0.1395635714347086	-0.3391075974003733	-0.1995440259656646
unclipped	752	-0.1795888942165246	-0.3926491481954936	-0.213060253978969
unclipped	753	-0.0371453522590239	-0.1809010598582179	-0.1437557075991939
unclipped	754	0.1334222406834768	-0.0359866424332902	-0.169408883116767
unclipped	755	-0.1004867824627503	-0.2494017273475371	-0.1489149448847868
unclipped	756	-0.1777738531029208	-0.280236816564014	-0.1024629634610931
unclipped	757	0.0856594811699731	-0.146631086886759	-0.2322905680567322
unclipped	758	-0.0538514400004433	-0.311337918803776	-0.2574864788033326
unclipped	759	-0.0740636517419598	-0.3357156514748186	-0.2616519997328588
unclipped	760	0.0108229636448569	-0.1621938667005917	-0.1730168303454486
unclipped	761	-0.0753049186100788	-0.3267605915999438	-0.2514556729898649
unclipped	762	-0.0946750545028122	-0.2501270157773471	-0.1554519612745348
unclipped	763	-0.1325347373280385	-0.4588566564975684	-0.3263219191695299
unclipped	764	-0.0337985143105363	-0.1950101383231265	-0.1612116240125902
unclipped	765	-0.1049625553956657	-0.3917256332599848	-0.2867630778643191
unclipped	766	-0.0607798653113411	-0.2453753769151048	-0.1845955116037636
unclipped	767	-0.1002144463573431	-0.289957526707828	-0.1897430803504849
unclipped	768	-0.0899922254014689	-0.2782214765586882	-0.1882292511572192
unclipped	769	-0.1803033860172191	-0.4311435846512512	-0.250840198634032
unclipped	770	-0.046193357174508	-0.2624373722239684	-0.2162440150494604
unclipped	771	0.1684894436667265	-0.0692527509359486	-0.2377421946026752
unclipped	772	-0.1008158025332162	-0.2427650046623273	-0.1419492021291111
unclipped	773	-0.2116533280140781	-0.3002645309430249	-0.0886112029289467
unclipped	774	0.1361840595335028	-0.0385218572877715	-0.1747059168212743
unclipped	775	-0.1149840282538099	-0.3472997457125644	-0.2323157174587544
unclipped	776	-0.2383167573720172	-0.324066738673871	-0.0857499813018538
unclipped	777	-0.1212064897853563	-0.3894396342296607	-0.2682331444443044
unclipped	778	0.0217809597127805	-0.2592084263669192	-0.2809893860796997
unclipped	779	0.0093466253483957	-0.140602863773536	-0.1499494891219317
unclipped	780	-0.0893725076932952	-0.289148956963587	-0.1997764492702917
unclipped	781	-0.017672776832808	-0.1600333237347238	-0.1423605469019158
unclipped	782	0.0454682696378772	-0.2032129802604128	-0.24868124989829
unclipped	783	-0.0892676265656731	-0.22308933191063	-0.1338217053449568
unclipped	784	0.0649236716565783	-0.179684645373347	-0.2446083170299253
unclipped	785	0.0533108929596144	-0.0754062188815201	-0.1287171118411345
unclipped	786	0.0562448514323335	-0.1756901906817875	-0.231935042114121
unclipped	787	-0.1219667833184858	-0.391291088369394	-0.2693243050509082
unclipped	788	0.0710171956069827	-0.0717824169523238	-0.1427996125593065
unclipped	789	0.0238491080258521	-0.1810260653853899	-0.2048751734112421
unclipped	790	0.1171166315819035	-0.0778769507873989	-0.1949935823693024
unclipped	791	0.1050612104843426	-0.152718726305219	-0.2577799367895617
unclipped	792	0.1574221619627093	-0.0428593445593295	-0.2002815065220389
unclipped	793	-0.1156845714320314	-0.3400742100110233	-0.2243896385789918
unclipped	794	-0.1334331381657392	-0.4307997753657184	-0.2973666371999792
unclipped	795	-0.09069912833218	-0.2815739966830378	-0.1908748683508577
unclipped	796	0.0138587085485884	-0.1563774017783139	-0.1702361103269023
unclipped	797	0.0116683549488318	-0.2492538581576845	-0.2609222131065163
unclipped	798	-0.03716417517883	-0.2628664000666762	-0.2257022248878462
unclipped	799	0.0234842893032616	-0.2461919176738375	-0.2696762069770992
unclipped	800	-0.0174267441241984	-0.2915136295671712	-0.2740868854429727
unclipped	801	0.0643957631572868	-0.1070712941167775	-0.1714670572740644
unclipped	802	0.0735020278842282	-0.1006047941537877	-0.1741068220380159
unclipped	803	-0.0565688448873277	-0.2407211145838434	-0.1841522696965156
unclipped	804	-0.0882491334819253	-0.1578942109241694	-0.0696450774422441
unclipped	805	-0.0773434562917287	-0.2364029024600799	-0.1590594461683512
unclipped	806	-0.1140076894875798	-0.3071798014987523	-0.1931721120111724
unclipped	807	0.0596370260440022	-0.1815680579457221	-0.2412050839897244
unclipped	808	-0.009989375783613	-0.3308024419997081	-0.320813066216095
unclipped	809	-0.0142472775409281	-0.2127872436207722	-0.1985399660798441
unclipped	810	-0.0349890188720173	-0.249121889679366	-0.2141328708073486
unclipped	811	-0.1096710215023268	-0.3083188166831389	-0.1986477951808121
unclipped	812	-0.0654349656911419	-0.3242118000749139	-0.2587768343837719
unclipped	813	-0.0608086224636557	-0.1730535699621457	-0.1122449474984899
unclipped	814	-0.1822891552827481	-0.3380275782241255	-0.1557384229413774
unclipped	815	-0.1052275145811163	-0.1847909725124033	-0.079563457931287
unclipped	816	-0.0584183324170866	-0.255168417290281	-0.1967500848731944
unclipped	817	-0.0571154055688866	-0.0961000129356605	-0.0389846073667738
unclipped	818	0.0972931308057427	-0.222733021582723	-0.3200261523884657
unclipped	819	-0.0827081898169466	-0.2607046383520048	-0.1779964485350582
unclipped	820	-0.2516470668008234	-0.4014167191282839	-0.1497696523274605
unclipped	821	0.0490209157552216	-0.1395262148191144	-0.188547130574336
unclipped	822	-0.2359087698454079	-0.3437886314005304	-0.1078798615551224
unclipped	823	-0.0818481008496877	-0.2444263569582839	-0.1625782561085962
unclipped	824	-0.0367349668731215	-0.284749650111252	-0.2480146832381304
unclipped	825	-0.2446192290071129	-0.3232256928657691	-0.0786064638586561
unclipped	826	-0.0014531153319247	-0.1855679056886347	-0.1841147903567099
unclipped	827	0.107795580087546	-0.2641336429188273	-0.3719292230063733
unclipped	828	-0.1412692273313834	-0.3476168223227152	-0.2063475949913318
unclipped	829	-0.1809291133674289	-0.3414858631562507	-0.1605567497888218
unclipped	830	0.0835873722992845	-0.2026479977998078	-0.2862353700990923
unclipped	831	-0.0278315660512708	-0.2423327273974697	-0.2145011613461989
unclipped	832	0.0176649250174086	-0.254061549613423	-0.2717264746308316
unclipped	833	-0.2516561647447234	-0.4678651804296178	-0.2162090156848943
unclipped	834	0.1242831846733579	-0.1425014453493723	-0.2667846300227303
unclipped	835	-0.0279487049809499	-0.2068651176911121	-0.1789164127101621
unclipped	836	-0.1853662040632724	-0.2814416687995887	-0.0960754647363162
unclipped	837	-0.1422933938723606	-0.3970613869883849	-0.2547679931160242
unclipped	838	0.1056965076513964	-0.0605289765832513	-0.1662254842346477
unclipped	839	0.0814682984591468	-0.1548420955718579	-0.2363103940310047
unclipped	840	-0.0371877543434478	-0.2040527081536879	-0.16686495381024
unclipped	841	-0.0476766762483524	-0.1070497463905967	-0.0593730701422443
unclipped	842	-0.0401660453436114	-0.3749477659880728	-0.3347817206444614
unclipped	843	-0.081287053502615	-0.2992336429015301	-0.2179465893989149
unclipped	844	-0.0165229607541992	-0.2393346168305037	-0.2228116560763045
unclipped	845	-0.0582311292266455	-0.2509279007226812	-0.1926967714960357
unclipped	846	-0.0135504362746139	-0.3215897193297976	-0.3080392830551837
unclipped	847	-0.1271527335105291	-0.2246717326310146	-0.0975189991204854
unclipped	848	-0.158185081951136	-0.3063433678311628	-0.1481582858800267
unclipped	849	-0.0636958034333862	-0.1707770663282814	-0.1070812628948951
unclipped	850	-0.0881097072216101	-0.2206713907921364	-0.1325616835705263
unclipped	851	-0.1091815528106367	-0.2703796812617471	-0.1611981284511103
unclipped	852	-0.0489968407851724	-0.2185564657802872	-0.1695596249951148
unclipped	853	-0.0925777656775404	-0.2305035411002677	-0.1379257754227272
unclipped	854	-0.1031071617662589	-0.3125740513880939	-0.209466889621835
unclipped	855	0.0002698213259183	-0.0925163066652482	-0.0927861279911665
unclipped	856	-0.0145299823282739	-0.2175257382302776	-0.2029957559020037
unclipped	857	-0.1234797245536362	-0.3121064981478002	-0.188626773594164
unclipped	858	-0.0971516463158624	-0.1943802158610547	-0.0972285695451922
unclipped	859	0.025658975256074	-0.1165570655545706	-0.1422160408106447
unclipped	860	-0.0763791176437363	-0.2791371878288904	-0.2027580701851541
unclipped	861	-0.0678312950479796	-0.1254053313420876	-0.0575740362941079
unclipped	862	-0.0419800999988094	-0.1661076679780414	-0.1241275679792319
unclipped	863	-0.0746072133528777	-0.2813443172236194	-0.2067371038707417
unclipped	864	-0.1939952890071814	-0.3407591784645301	-0.1467638894573486
unclipped	865	0.0625943599488624	-0.0968781602413278	-0.1594725201901903
unclipped	866	0.0198939544069206	-0.2733254658429965	-0.2932194202499172
unclipped	867	0.0517250123102384	-0.219717879660071	-0.2714428919703096
unclipped	868	0.0224657301598796	-0.2109286349946173	-0.2333943651544969
unclipped	869	0.0212745090951332	-0.206073706972102	-0.2273482160672353
unclipped	870	0.0210802249551021	-0.1789219599544243	-0.2000021849095265
unclipped	871	-0.1842979370719389	-0.4516686485602869	-0.2673707114883479
unclipped	872	0.0413132371468276	-0.0860644701607502	-0.1273777073075779
unclipped	873	-0.3290135692986752	-0.4579444969372069	-0.1289309276385317
unclipped	874	-0.1039455423943278	-0.2440621808772289	-0.1401166384829011
unclipped	875	0.0463153126455021	-0.1544314497430911	-0.2007467623885932
unclipped	876	-0.1867178691420725	-0.3703715554734838	-0.1836536863314113
unclipped	877	-0.0783600320115915	-0.3571610897026946	-0.2788010576911031
unclipped	878	0.1125734376819451	-0.0777957256074008	-0.190369163289346
unclipped	879	-0.1491527616554142	-0.3122591997587856	-0.1631064381033713
unclipped	880	0.1002664874351748	-0.0837166726397309	-0.1839831600749057
unclipped	881	0.0563680423559009	-0.1964954941475394	-0.2528635365034404
unclipped	882	-0.0651755358323979	-0.3104477463867221	-0.2452722105543241
unclipped	883	-0.0538138689726919	-0.2730683246348946	-0.2192544556622027
unclipped	884	-0.0612649969986612	-0.186565415299729	-0.1253004183010677
unclipped	885	-0.0428972640084839	-0.2371826809983175	-0.1942854169898336
unclipped	886	-0.0415593997924764	-0.2410055657906081	-0.1994461659981317
unclipped	887	0.0571973489707245	-0.1785378701371748	-0.2357352191078994
unclipped	888	-0.1330170652336765	-0.2943184874375114	-0.1613014222038349
unclipped	889	-0.0504066932443427	-0.2844032808765215	-0.2339965876321788
unclipped	890	0.0776444272016225	-0.0793645593338043	-0.1570089865354269
unclipped	891	0.0761123244591003	-0.1156259206617107	-0.1917382451208111
unclipped	892	0.0104324570536488	-0.1467691401803804	-0.1572015972340292
unclipped	893	-0.1275709876109845	-0.3081122567262644	-0.1805412691152799
unclipped	894	-0.0071061271035735	-0.3131127146147315	-0.3060065875111579
unclipped	895	0.0421007579742665	-0.2254559193618379	-0.2675566773361044
unclipped	896	-0.0061068200793617	-0.2627684444281391	-0.2566616243487774
unclipped	897	-0.0672653427357105	-0.282239522002104	-0.2149741792663935
unclipped	898	-0.0897355486849046	-0.3719976479668609	-0.2822620992819562
unclipped	899	-0.071597372045194	-0.1894377850454014	-0.1178404130002074
unclipped	900	-0.130446096196414	-0.412718275924917	-0.282272179728503
unclipped	901	-0.0515628512505908	-0.28300189963911	-0.2314390483885192
unclipped	902	-0.0512410525565273	-0.2989135917057998	-0.2476725391492724
unclipped	903	-0.1359662620130332	-0.4584935471928267	-0.3225272851797935
unclipped	904	0.1255817988214044	-0.1208454775335724	-0.2464272763549768
unclipped	905	-0.0572805916139444	-0.3120989820209516	-0.2548183904070071
unclipped	906	0.1336105840796123	-0.1727422763794524	-0.3063528604590648
unclipped	907	-0.1355815640667556	-0.3018970841558536	-0.166315520089098
unclipped	908	0.1091425425357053	-0.1525335533471318	-0.2616760958828372
unclipped	909	-0.2539935666462057	-0.381923927785902	-0.1279303611396962
unclipped	910	-0.0706720627512077	-0.366078787617792	-0.2954067248665843
unclipped	911	0.0019165713224563	-0.166715136322645	-0.1686317076451013
unclipped	912	-0.0154479311981803	-0.2555598209230632	-0.2401118897248828
unclipped	913	-0.1019679063737133	-0.2591103420019369	-0.1571424356282236
unclipped	914	-0.1879034600536362	-0.2694551474557156	-0.0815516874020794
unclipped	915	-0.0603350859609351	-0.3155603626121644	-0.2552252766512293
unclipped	916	0.0428556830896242	-0.2535027045614315	-0.2963583876510558
unclipped	917	-0.1301079387352337	-0.3360116841366209	-0.2059037454013872
unclipped	918	-0.0861765069345182	-0.1675796719961915	-0.0814031650616733
unclipped	919	-0.1239949534384936	-0.330932381981754	-0.2069374285432603
unclipped	920	-0.1922899557747454	-0.393199977519001	-0.2009100217442556
unclipped	921	0.0418488277727011	-0.199936192131658	-0.2417850199043592
unclipped	922	-0.1028812468425114	-0.2789940640946883	-0.1761128172521768
unclipped	923	-0.0428348421612626	-0.2759202604001559	-0.2330854182388932
unclipped	924	-0.1456698181032954	-0.2870456027274856	-0.1413757846241901
unclipped	925	0.0523696903186049	-0.1751302120668484	-0.2274999023854533
unclipped	926	0.0366332066981148	-0.1869571966361062	-0.2235904033342211
unclipped	927	-0.0843202940857706	-0.2457320622304449	-0.1614117681446742
unclipped	928	-0.0349511364204852	-0.1966428477058799	-0.1616917112853947
unclipped	929	0.1088771288957126	-0.1517000665335981	-0.2605771954293108
unclipped	930	-0.1446947022263904	-0.2691268034448131	-0.1244321012184226
unclipped	931	0.1832040259683949	-0.1403892422506038	-0.3235932682189988
unclipped	932	0.0421745876060762	-0.1365184009444473	-0.1786929885505235
unclipped	933	0.0333582180574028	-0.1750593097381656	-0.2084175277955685
unclipped	934	-0.1104245192052496	-0.2804189532856381	-0.1699944340803885
unclipped	935	-0.0347600407469078	-0.3065211295147984	-0.2717610887678905
unclipped	936	-0.2113346041048472	-0.2785169271607164	-0.0671823230558692
unclipped	937	0.0949382680550635	-0.1534542512040867	-0.2483925192591503
unclipped	938	0.2291540688655267	-0.0716459764385495	-0.3008000453040762
unclipped	939	0.0455831106731306	-0.1275534400711226	-0.1731365507442532
unclipped	940	0.0305253050515907	-0.2462235553205752	-0.2767488603721659
unclipped	941	0.0182392749936916	-0.2391178540744447	-0.2573571290681364
unclipped	942	-0.067830800736115	-0.2605900328661713	-0.1927592321300562
unclipped	943	-0.1161216848492181	-0.3074061544649717	-0.1912844696157536
unclipped	944	-0.0317412395220215	-0.276543916561772	-0.2448026770397504
unclipped	945	0.0090799406986602	-0.1454241855188917	-0.1545041262175519
unclipped	946	-0.0357502432028598	-0.3092354549295432	-0.2734852117266833
unclipped	947	0.0255418334699828	-0.1973606175755695	-0.2229024510455524
unclipped	948	-0.1778020584881124	-0.4300140161873806	-0.2522119576992683
unclipped	949	-0.1538761983629363	-0.3634748983491366	-0.2095986999862003
unclipped	950	0.0088110822687104	-0.2248447961418619	-0.2336558784105724
unclipped	951	-0.1470943846051574	-0.370815955288204	-0.2237215706830465
unclipped	952	0.0965097349058818	-0.0974040135955117	-0.1939137485013935
unclipped	953	0.2274041047379645	-0.0115024995706094	-0.2389066043085739
unclipped	954	-0.049002855251111	-0.254225948832663	-0.205223093581552
unclipped	955	-0.0763473658110973	-0.2968745511917736	-0.2205271853806762
unclipped	956	-0.075617549120823	-0.300700529589339	-0.2250829804685159
unclipped	957	0.0176816098920652	-0.2416004635958551	-0.2592820734879204
unclipped	958	0.0529890006990656	-0.1899695525013031	-0.2429585532003688
unclipped	959	-0.1824055558653836	-0.3359262301170642	-0.1535206742516806
unclipped	960	-0.2202831711065426	-0.3173779896115604	-0.0970948185050177
unclipped	961	-0.2217435422017083	-0.3771775219558827	-0.1554339797541744
unclipped	962	-0.1897314065652568	-0.3018258919572881	-0.1120944853920313
unclipped	963	-0.0731579173578886	-0.2044027954725821	-0.1312448781146935
unclipped	964	-0.1295100250087471	-0.3433925320137388	-0.2138825070049916
unclipped	965	-0.0194171113219014	-0.2829116769592035	-0.263494565637302
unclipped	966	-0.0066407011098069	-0.206190329003902	-0.1995496278940951
unclipped	967	-0.0575044466854078	-0.2776828581301709	-0.2201784114447631
unclipped	968	-0.065450930639475	-0.2676887738774907	-0.2022378432380156
unclipped	969	-0.024536708758361	-0.2035348525412588	-0.1789981437828978
unclipped	970	0.1433364421945366	-0.1398259992045521	-0.2831624413990887
unclipped	971	-0.1926950723845036	-0.3790182912038323	-0.1863232188193286
unclipped	972	-0.189214148767085	-0.4508869050740745	-0.2616727563069894
unclipped	973	0.0548652146068951	-0.1650514879976012	-0.2199167026044963
unclipped	974	0.0111367989935842	-0.2706011936580507	-0.2817379926516349
unclipped	975	0.0970101920025747	-0.1649299847553109	-0.2619401767578857
unclipped	976	-0.0332609509108367	-0.2662569727063244	-0.2329960217954876
unclipped	977	-0.0060339281196125	-0.2353661478587544	-0.2293322197391418
unclipped	978	-0.1124852887954937	-0.2271524053132162	-0.1146671165177224
unclipped	979	0.1422312616211123	-0.0995836475727968	-0.2418149091939092
unclipped	980	-0.0895206292897297	-0.2342264533513428	-0.1447058240616131
unclipped	981	-0.0719249222993827	-0.2509662675864712	-0.1790413452870884
unclipped	982	-0.0736354594078737	-0.1586246908964938	-0.08498923148862
unclipped	983	0.0754861203543957	-0.0756069186210103	-0.1510930389754061
unclipped	984	-0.0017668565047748	-0.2157455450622636	-0.2139786885574888
unclipped	985	-0.0285621985539117	-0.2358195425294364	-0.2072573439755247
unclipped	986	-0.0491547015870417	-0.1726162107044289	-0.1234615091173871
unclipped	987	-0.1823522008098124	-0.3465055052438321	-0.1641533044340197
unclipped	988	-0.0936738738605183	-0.2524630424176356	-0.1587891685571172
unclipped	989	-0.1870778315633241	-0.3622974188581416	-0.1752195872948174
unclipped	990	-0.0492944753061368	-0.2703719457061804	-0.2210774704000435
unclipped	991	-0.0267998627991248	-0.332403423593959	-0.3056035607948342
unclipped	992	-0.006731354949061	-0.2466967730526196	-0.2399654181035586
unclipped	993	-0.131757952215994	-0.2788069195946279	-0.1470489673786339
unclipped	994	-0.0678355836227881	-0.3237235614602164	-0.2558879778374283
unclipped	995	-0.1814220557320963	-0.3375467679370191	-0.1561247122049227
unclipped	996	-0.201748481335841	-0.3535918819927579	-0.1518434006569169
unclipped	997	0.0809999461740392	-0.1916126092229563	-0.2726125553969956
unclipped	998	-0.0010736549011261	-0.2954919092357367	-0.2944182543346105
unclipped	999	-0.1832624762858636	-0.3702692749458091	-0.1870067986599455
unclipped	1000	0.0600490625952803	-0.2579232403685031	-0.3179723029637835
unclipped	1001	0.1035117738216083	-0.1835858736552559	-0.2870976474768643
unclipped	1002	0.1103260988310167	-0.0783332298185582	-0.188659328649575
unclipped	1003	-0.2100024207071588	-0.3449103336628967	-0.1349079129557377
unclipped	1004	0.0226753934539502	-0.2338801258168904	-0.2565555192708406
unclipped	1005	-0.1091429195690235	-0.33265548879444	-0.2235125692254165
unclipped	1006	0.1100584953489634	-0.1150254506729923	-0.2250839460219558
unclipped	1007	0.0544956867281557	-0.062648798506539	-0.1171444852346947
unclipped	1008	-0.0789053307327062	-0.2317568871945428	-0.1528515564618366
unclipped	1009	0.2511699252723007	-0.0139267202826365	-0.2650966455549373
unclipped	1010	-0.0489965215526965	-0.2459535139267258	-0.1969569923740293
unclipped	1011	0.0071192347608908	-0.1101136568562453	-0.1172328916171361
unclipped	1012	-0.122252845552979	-0.2457422972948871	-0.123489451741908
unclipped	1013	0.1305212633432913	-0.0398412087998313	-0.1703624721431227
unclipped	1014	-0.1357419897320433	-0.3570721102233829	-0.2213301204913396
unclipped	1015	-0.1309919048705929	-0.352509179406514	-0.221517274535921
unclipped	1016	-0.123826341401332	-0.2625007914909443	-0.1386744500896122
unclipped	1017	-0.0971939596333658	-0.2841652022881084	-0.1869712426547426
unclipped	1018	-0.0812816381050763	-0.3648584913628173	-0.2835768532577409
unclipped	1019	-0.0770325341103648	-0.3132239241674349	-0.23619139005707
unclipped	1020	-0.0601888658979344	-0.2013475680774978	-0.1411587021795634
unclipped	1021	-0.0662172460315465	-0.2309064210134382	-0.1646891749818917
unclipped	1022	0.0153399524020854	-0.1893177070887046	-0.20465765949079
unclipped	1023	-0.0507156844888907	-0.2514806631257149	-0.2007649786368242
unclipped	1024	-0.0675918068064862	-0.2353028416462957	-0.1677110348398094
unclipped	1025	0.0478529147417913	-0.1710405191108225	-0.2188934338526138
unclipped	1026	0.1541949444654294	-0.0979188768940177	-0.2521138213594471
unclipped	1027	-0.0346753742482627	-0.2495905196666405	-0.2149151454183777
unclipped	1028	-0.21505388551016	-0.3468874416009337	-0.1318335560907737
unclipped	1029	-0.166657987642185	-0.347338070544969	-0.1806800829027839
unclipped	1030	-0.0546885606263984	-0.3217695677167171	-0.2670810070903187
unclipped	1031	0.0957662756288907	-0.0514440812268598	-0.1472103568557505
unclipped	1032	-0.0669048048894451	-0.2719119288728453	-0.2050071239834001
unclipped	1033	-0.0827223867744942	-0.2738602590371573	-0.1911378722626631
unclipped	1034	-0.0398423988513818	-0.3028108017404531	-0.2629684028890713
unclipped	1035	-0.0863084439837731	-0.3111413871276696	-0.2248329431438964
unclipped	1036	0.0255437463395248	-0.2373077381791043	-0.2628514845186291
unclipped	1037	0.0032758986881229	-0.2366323075802023	-0.2399082062683253
unclipped	1038	-0.0122099590541767	-0.2717833721972925	-0.2595734131431157
unclipped	1039	0.0121556087447045	-0.2253060309107873	-0.2374616396554918
unclipped	1040	-0.0597907418399321	-0.2350797451116523	-0.1752890032717201
unclipped	1041	0.0330048007690845	-0.1981261720928478	-0.2311309728619324
unclipped	1042	-0.0518058679391387	-0.2389256629056287	-0.18711979496649
unclipped	1043	-0.0735488734552927	-0.2840601811280879	-0.2105113076727951
unclipped	1044	-0.0424223062951541	-0.227771444623204	-0.1853491383280499
unclipped	1045	0.1320347562378373	-0.1166824650767965	-0.2487172213146338
unclipped	1046	-0.1189002691515513	-0.3400735306798497	-0.2211732615282984
unclipped	1047	0.0544938920927044	-0.1691374026949362	-0.2236312947876406
unclipped	1048	0.1322804500717191	-0.0338427362476157	-0.1661231863193348
unclipped	1049	-0.0346452004224864	-0.3419473726689044	-0.307302172246418
unclipped	1050	0.0036460975335455	-0.252417929033476	-0.2560640265670215
unclipped	1051	-0.040596200536505	-0.3417091976849251	-0.3011129971484201
unclipped	1052	-0.0363370511923583	-0.147539582664355	-0.1112025314719966
unclipped	1053	-0.0914779609555907	-0.2959170072177282	-0.2044390462621375
unclipped	1054	-0.0935600470569046	-0.3490217429865389	-0.2554616959296343
unclipped	1055	-0.1950372623657502	-0.4170111624399114	-0.2219739000741611
unclipped	1056	0.0374505828266492	-0.1564543371763879	-0.1939049200030371
unclipped	1057	-0.0398986879442956	-0.1703862262858043	-0.1304875383415087
unclipped	1058	-0.0838592214235152	-0.3778257457404017	-0.2939665243168864
unclipped	1059	-0.146942202278371	-0.3244381850315568	-0.1774959827531859
unclipped	1060	-0.0459024420819858	-0.2539708449935756	-0.2080684029115898
unclipped	1061	0.0163308850265501	-0.1626043096538079	-0.1789351946803581
unclipped	1062	-0.0292443269060017	-0.2732984997509546	-0.2440541728449528
unclipped	1063	-0.0698970486527999	-0.2442723995079426	-0.1743753508551426
unclipped	1064	-0.185757081773324	-0.4569167269472365	-0.2711596451739124
unclipped	1065	-0.1275595607981234	-0.2494330316478155	-0.121873470849692
unclipped	1066	0.056297515528032	-0.1990360408748102	-0.2553335564028423
unclipped	1067	0.0998206858116761	-0.1710583529599016	-0.2708790387715778
unclipped	1068	0.074939140075146	-0.0975063239758462	-0.1724454640509922
unclipped	1069	-0.0435045407907296	-0.3056285204366485	-0.2621239796459189
unclipped	1070	0.086725682354411	-0.1781368677977983	-0.2648625501522094
unclipped	1071	-0.173986878023395	-0.3091064652502964	-0.1351195872269013
unclipped	1072	-0.1090104916317779	-0.3270161220391085	-0.2180056304073305
unclipped	1073	0.0549748404628282	-0.1761682163037644	-0.2311430567665926
unclipped	1074	-0.0605717429733993	-0.2660462953191852	-0.2054745523457858
unclipped	1075	-0.2325450505865845	-0.4497233725415784	-0.2171783219549938
unclipped	1076	0.0054129437146703	-0.192988659660547	-0.1984016033752174
unclipped	1077	-0.0300246960790044	-0.1884456836813501	-0.1584209876023457
unclipped	1078	-0.2451360461674958	-0.3861526456562962	-0.1410165994888004
unclipped	1079	-0.1229406973221325	-0.2310095000777543	-0.1080688027556218
unclipped	1080	-0.1256447517793882	-0.220948471563992	-0.0953037197846038
unclipped	1081	-0.0081130615326889	-0.240855747779621	-0.232742686246932
unclipped	1082	0.0202176256881166	-0.1262318236325978	-0.1464494493207144
unclipped	1083	-0.0957523692061862	-0.2716534332412342	-0.175901064035048
unclipped	1084	-0.1688528656024453	-0.5028296520646933	-0.3339767864622479
unclipped	1085	-0.4507798276451891	-0.5375008364207936	-0.0867210087756045
unclipped	1086	-0.1766664119543842	-0.2887132562191289	-0.1120468442647446
unclipped	1087	0.0663830140881702	-0.1289003024461695	-0.1952833165343397
unclipped	1088	-0.0706004157737586	-0.2804542417258038	-0.2098538259520452
unclipped	1089	0.1108761714013079	-0.1411931721249205	-0.2520693435262284
unclipped	1090	0.1538234179761839	0.0069382685336854	-0.1468851494424985
unclipped	1091	-0.1252891712992035	-0.2228655284283601	-0.0975763571291565
unclipped	1092	-0.0222886748388949	-0.1928759588068199	-0.170587283967925
unclipped	1093	-0.1858407726900629	-0.3069939210392115	-0.1211531483491485
unclipped	1094	0.0253828554908179	-0.1540611889371217	-0.1794440444279397
unclipped	1095	-0.2564936231395271	-0.4600913791503265	-0.2035977560107993
unclipped	1096	0.00300845547668	-0.1620543695520353	-0.1650628250287154
unclipped	1097	0.0615158781734194	-0.1209735400432928	-0.1824894182167122
unclipped	1098	-0.1212061520686154	-0.2086715352843873	-0.0874653832157719
unclipped	1099	0.1716096519680524	-0.0701509809916883	-0.2417606329597408
unclipped	1100	-0.0044978846480541	-0.1173292965802195	-0.1128314119321654
unclipped	1101	0.0345862974514855	-0.2137219479752809	-0.2483082454267664
unclipped	1102	-0.021594122945005	-0.2629944660266545	-0.2414003430816494
unclipped	1103	-0.1049064878437198	-0.2810056277011963	-0.1760991398574765
unclipped	1104	-0.0682873471287853	-0.16400990131437	-0.0957225541855847
unclipped	1105	-0.0100138772646184	-0.2217892643408111	-0.2117753870761927
unclipped	1106	-0.2153652369940177	-0.3436660462598119	-0.1283008092657942
unclipped	1107	-0.1193488704669789	-0.2969703897837389	-0.17762151931676
unclipped	1108	-0.0147934194963167	-0.2201683657649072	-0.2053749462685905
unclipped	1109	0.030736381348523	-0.198832965358664	-0.2295693467071871
unclipped	1110	0.0291358299285201	-0.1755286365718526	-0.2046644665003727
unclipped	1111	-0.0384043887689515	-0.2000867887349602	-0.1616823999660086
unclipped	1112	-0.1219705646342023	-0.3061885287590333	-0.1842179641248309
unclipped	1113	-0.1554950870648942	-0.3603813551858742	-0.20488626812098
unclipped	1114	0.0023170916555082	-0.2707141238668006	-0.2730312155223089
unclipped	1115	0.0450168349408816	-0.1456638367185739	-0.1906806716594555
unclipped	1116	0.0054202615193445	-0.2044591769215403	-0.2098794384408848
unclipped	1117	0.0012013605280741	-0.2235292249974055	-0.2247305855254797
unclipped	1118	-0.1484219912012663	-0.3298124772840266	-0.1813904860827602
unclipped	1119	0.0369057421192876	-0.1291218791500272	-0.1660276212693148
unclipped	1120	0.040046565322128	-0.2318494926776049	-0.2718960579997329
unclipped	1121	-0.2377127424418645	-0.4408354791498632	-0.2031227367079986
unclipped	1122	-0.0604971390822462	-0.2115990824409198	-0.1511019433586735
unclipped	1123	-0.0541276783882244	-0.3038864787716888	-0.2497588003834643
unclipped	1124	0.0244847871156904	-0.1821883117110941	-0.2066730988267845
unclipped	1125	-0.062173231070319	-0.2559568222348832	-0.1937835911645642
unclipped	1126	0.1390142988555423	-0.0842333304674582	-0.2232476293230005
unclipped	1127	0.0124692798245885	-0.15931829743317	-0.1717875772577586
unclipped	1128	-0.0255526853468879	-0.2343834559406473	-0.2088307705937593
unclipped	1129	-0.1000472481681864	-0.396001541792053	-0.2959542936238666
unclipped	1130	-0.0312348460442294	-0.2536611111461871	-0.2224262651019577
unclipped	1131	-0.0414548976883244	-0.2561127098242526	-0.2146578121359281
unclipped	1132	-0.0817836529606902	-0.2437593514754967	-0.1619756985148064
unclipped	1133	0.0132938483397342	-0.1663705919154836	-0.1796644402552178
unclipped	1134	-0.0571987068421687	-0.3000334522923843	-0.2428347454502155
unclipped	1135	-0.1036504919183674	-0.293240226721295	-0.1895897348029276
unclipped	1136	-0.1010576418851245	-0.3436194717335077	-0.2425618298483831
unclipped	1137	-0.0606143646218557	-0.3474429907618894	-0.2868286261400337
unclipped	1138	-0.0996983461174117	-0.2503831471454601	-0.1506848010280483
unclipped	1139	-0.0838655221982706	-0.2983164680065493	-0.2144509458082786
unclipped	1140	-0.0820140736796576	-0.2923498399301328	-0.2103357662504752
unclipped	1141	-0.0851158022030077	-0.2546583142993032	-0.1695425120962954
unclipped	1142	-0.0278345626122854	-0.2520409537573935	-0.2242063911451079
unclipped	1143	-0.0670862983013905	-0.2275122525598832	-0.1604259542584927
unclipped	1144	-0.0885331953827445	-0.2263904519476128	-0.1378572565648682
unclipped	1145	0.0621347101841486	-0.1475327977321031	-0.2096675079162517
unclipped	1146	0.0820110139648872	-0.0241458869272491	-0.1061569008921363
unclipped	1147	0.0035525055371315	-0.245433430145194	-0.2489859356823256
unclipped	1148	-0.0736757550702372	-0.2271324328760551	-0.1534566778058179
unclipped	1149	-0.2237737498488123	-0.442922733761057	-0.2191489839122447
unclipped	1150	-0.1650651397418831	-0.4293789466034573	-0.2643138068615742
unclipped	1151	0.0597987417100896	-0.221721441361664	-0.2815201830717537
unclipped	1152	0.0506698623382927	-0.1738025324107478	-0.2244723947490405
unclipped	1153	0.1614305630488099	-0.0422253282011247	-0.2036558912499346
unclipped	1154	-0.1853626617705815	-0.3935357874964023	-0.2081731257258208
unclipped	1155	0.0177861386466996	-0.0878436770857014	-0.1056298157324011
unclipped	1156	0.0420025957020589	-0.1158823427358721	-0.157884938437931
unclipped	1157	0.1851008381585864	-0.0174279404552832	-0.2025287786138696
unclipped	1158	-0.1219790055519378	-0.2987359517106636	-0.1767569461587257
unclipped	1159	-0.0305355855044025	-0.2107374362932644	-0.1802018507888618
unclipped	1160	0.1720234553968676	-0.1569736805106542	-0.3289971359075219
unclipped	1161	-0.1732803224597404	-0.3186868948368685	-0.145406572377128
unclipped	1162	-0.0920375162867527	-0.2623607968601837	-0.1703232805734309
unclipped	1163	-0.247819529078333	-0.4436478812779453	-0.1958283521996122
unclipped	1164	-0.0222717480125081	-0.2819443948665337	-0.2596726468540256
unclipped	1165	-0.0155957749819519	-0.2008841135045505	-0.1852883385225985
unclipped	1166	0.0127213609127348	-0.1067547763753435	-0.1194761372880783
unclipped	1167	0.0504634634680244	-0.1298080659836761	-0.1802715294517005
unclipped	1168	0.0721058506273325	-0.1673304507869134	-0.239436301414246
unclipped	1169	-0.1040805160353924	-0.218937158340355	-0.1148566423049626
unclipped	1170	-0.2566224692804718	-0.3819234570727843	-0.1253009877923125
unclipped	1171	-0.054774307565355	-0.2576160663794077	-0.2028417588140527
unclipped	1172	0.0420490348948182	-0.1314276814309057	-0.173476716325724
unclipped	1173	-0.1382824869364539	-0.2206487602345139	-0.08236627329806
unclipped	1174	-0.0111175098158059	-0.1822591963157317	-0.1711416864999257
unclipped	1175	0.0328740678170112	-0.2706990170146194	-0.3035730848316307
unclipped	1176	0.1224783717328384	-0.1400177903693087	-0.2624961621021471
unclipped	1177	0.0671219008929183	-0.1907685350646874	-0.2578904359576057
unclipped	1178	-0.0448765366188221	-0.3007960896573549	-0.2559195530385327
unclipped	1179	-0.1167586925423624	-0.3116775020692945	-0.194918809526932
unclipped	1180	-0.1983925587418021	-0.3189373213504773	-0.1205447626086753
unclipped	1181	-0.0837176702358468	-0.29810497370697	-0.2143873034711232
unclipped	1182	-0.1651704537664631	-0.3106795126020614	-0.1455090588355982
unclipped	1183	-0.0421928459230999	-0.2202975457728765	-0.1781046998497766
unclipped	1184	-0.0699078471548059	-0.2993482495142142	-0.2294404023594083
unclipped	1185	0.0434719322771497	-0.2241983712389148	-0.2676703035160646
unclipped	1186	-0.1970709400394821	-0.235342445259435	-0.0382715052199529
unclipped	1187	0.0464685186429169	-0.1679085925114836	-0.2143771111544005
unclipped	1188	-0.1745648465577537	-0.3420272262031861	-0.1674623796454324
unclipped	1189	-0.05122990234425	-0.3185572986861962	-0.2673273963419462
unclipped	1190	-0.054150105390235	-0.3407257434050986	-0.2865756380148636
unclipped	1191	-0.0502993978267287	-0.3840031874325325	-0.3337037896058037
unclipped	1192	-0.0421036275335353	-0.2296601238437982	-0.1875564963102629
unclipped	1193	-0.0557307286746079	-0.2342935681273774	-0.1785628394527694
unclipped	1194	0.0002171109746606	-0.1352407027995355	-0.1354578137741962
unclipped	1195	-0.0424955600384211	-0.2198299949362906	-0.1773344348978695
unclipped	1196	-0.0100176920483244	-0.1382955350096413	-0.1282778429613169
unclipped	1197	-0.126189668193811	-0.3122598189236192	-0.1860701507298081
unclipped	1198	-0.0499669246504858	-0.2618029777975049	-0.2118360531470191
unclipped	1199	-0.1859928188181382	-0.3069118595933034	-0.1209190407751652
unclipped	1200	0.05521466878773	-0.1178346784744074	-0.1730493472621375
unclipped	1201	0.1372941655810868	-0.1764407698026389	-0.3137349353837257
unclipped	1202	-0.2101522878213544	-0.3646953840421496	-0.1545430962207952
unclipped	1203	0.0135990449400009	-0.2463465962885267	-0.2599456412285277
unclipped	1204	0.050560789260893	-0.103628452909124	-0.154189242170017
unclipped	1205	0.0186544947094467	-0.2803296838830673	-0.298984178592514
unclipped	1206	-0.2519768802997932	-0.4457921954128194	-0.1938153151130262
unclipped	1207	0.0801914764250371	-0.1982583701642816	-0.2784498465893188
unclipped	1208	-0.193779895327363	-0.3603626403520921	-0.166582745024729
unclipped	1209	-0.2306031505077766	-0.4805869100905665	-0.2499837595827898
unclipped	1210	-0.2232285793550826	-0.3772824080123518	-0.1540538286572692
unclipped	1211	-0.0343610014332854	-0.2921353745420111	-0.2577743731087256
unclipped	1212	0.0083701941147433	-0.1585059150353858	-0.1668761091501291
unclipped	1213	0.1458521519280673	-0.0827064392174292	-0.2285585911454966
unclipped	1214	-0.0100721062816839	-0.252045377996569	-0.241973271714885
unclipped	1215	0.0278515912519901	-0.1435635766647566	-0.1714151679167468
unclipped	1216	0.0106485111396685	-0.1429991519881341	-0.1536476631278027
unclipped	1217	-0.1211092739982479	-0.4039674614153636	-0.2828581874171156
unclipped	1218	0.1145112145223998	-0.1262129061512746	-0.2407241206736745
unclipped	1219	-0.1091880453157334	-0.2955304131893466	-0.1863423678736131
unclipped	1220	-0.0793579289826191	-0.2793937648182836	-0.2000358358356644
unclipped	1221	0.0453772155872949	-0.1409271332139811	-0.1863043488012761
unclipped	1222	-0.0188489469167837	-0.1786276192247505	-0.1597786723079668
unclipped	1223	-0.2187720255005032	-0.3960225234832568	-0.1772504979827536
unclipped	1224	-0.1835614237782181	-0.3186596739350229	-0.1350982501568047
unclipped	1225	0.1053769294712594	-0.1213233303578085	-0.2267002598290679
unclipped	1226	-0.106703610124458	-0.2403972256726536	-0.1336936155481956
unclipped	1227	-0.1803550570901873	-0.3296841902916539	-0.1493291332014665
unclipped	1228	-0.1118400245893502	-0.3207196844253095	-0.2088796598359592
unclipped	1229	-0.0911486741294327	-0.30353478846268	-0.2123861143332472
unclipped	1230	0.0193559265426591	-0.2495191993754616	-0.2688751259181208
unclipped	1231	-0.0212232537771578	-0.2969023592787175	-0.2756791055015597
unclipped	1232	-0.0284627745194534	-0.2267289019136122	-0.1982661273941588
unclipped	1233	-0.1890359144055934	-0.3926129857420291	-0.2035770713364356
unclipped	1234	-0.077858695280783	-0.3199529285688091	-0.242094233288026
unclipped	1235	-0.2065036627853169	-0.4432995612024601	-0.2367958984171432
unclipped	1236	0.0423271892269597	-0.1845694570630742	-0.2268966462900339
unclipped	1237	0.0493964529675664	-0.1545100665799584	-0.2039065195475249
unclipped	1238	-0.0863816427495554	-0.2784550755318949	-0.1920734327823394
unclipped	1239	0.0400585751049672	-0.1466655968579725	-0.1867241719629397
unclipped	1240	-0.0671700189267059	-0.2697516895798447	-0.2025816706531387
unclipped	1241	-0.0822085747691892	-0.2483495649175672	-0.1661409901483779
unclipped	1242	-0.0572000658500361	-0.3147889755736447	-0.2575889097236086
unclipped	1243	0.0238387277521271	-0.2079940976892478	-0.231832825441375
unclipped	1244	-0.081511512301353	-0.2844318656670943	-0.2029203533657413
unclipped	1245	-0.0242077698821222	-0.2599180783428272	-0.235710308460705
unclipped	1246	0.0221186891253555	-0.2044652386279281	-0.2265839277532837
unclipped	1247	0.0021379015159264	-0.2329435815228159	-0.2350814830387424
unclipped	1248	0.1497385551858272	-0.026194837254025	-0.1759333924398523
unclipped	1249	-0.1078577543233925	-0.3380355050829038	-0.2301777507595113
unclipped	1250	0.0718725412774296	-0.1444804520231039	-0.2163529933005334
unclipped	1251	0.0574705232352342	-0.1200050276985153	-0.1774755509337495
unclipped	1252	-0.1356932181607429	-0.2406840585800991	-0.1049908404193562
unclipped	1253	-0.3093436383046697	-0.5132178445680702	-0.2038742062634004
unclipped	1254	-0.2032600957369777	-0.3284064835647813	-0.1251463878278036
unclipped	1255	-0.0893144769867982	-0.3266489856434463	-0.237334508656648
unclipped	1256	0.0437304461416546	-0.216970133140055	-0.2607005792817096
unclipped	1257	0.0034579735970896	-0.1368456759989418	-0.1403036495960314
unclipped	1258	-0.2127867597632606	-0.3473704646858868	-0.1345837049226261
unclipped	1259	0.0404684412088106	-0.2417056564045363	-0.282174097613347
unclipped	1260	0.0771191135895531	-0.0566305560921195	-0.1337496696816726
unclipped	1261	-0.0372730505891948	-0.2620880567780564	-0.2248150061888616
unclipped	1262	0.1878373483249114	-0.0561462898977213	-0.2439836382226328
unclipped	1263	-0.0068060616350524	-0.2578948782833972	-0.2510888166483447
unclipped	1264	-0.0823625042348901	-0.1745255211210573	-0.0921630168861671
unclipped	1265	-0.0594588058396494	-0.2932438660671942	-0.2337850602275448
unclipped	1266	-0.1965858872708596	-0.288953236350093	-0.0923673490792333
unclipped	1267	0.0756272440631115	-0.1630933093853673	-0.2387205534484788
unclipped	1268	-0.157500798784398	-0.4354605586862453	-0.2779597599018473
unclipped	1269	0.0441919854014212	-0.1559956796255363	-0.2001876650269576
unclipped	1270	-0.0362959481035545	-0.25886105518737	-0.2225651070838155
unclipped	1271	-0.163856268741359	-0.3588197031008981	-0.1949634343595391
unclipped	1272	0.0314003192202368	-0.1590855080382975	-0.1904858272585343
unclipped	1273	-0.051663803621361	-0.1625365601379318	-0.1108727565165708
unclipped	1274	0.0847907535576315	-0.1354473402472408	-0.2202380938048723
unclipped	1275	0.1088901644166481	-0.0583881646186184	-0.1672783290352666
unclipped	1276	-0.0599115359551355	-0.2021087106185423	-0.1421971746634067
unclipped	1277	0.0111740439715007	-0.2204944610671261	-0.2316685050386269
unclipped	1278	-0.1032028080104463	-0.3101132520817617	-0.2069104440713154
unclipped	1279	-0.0737858090292239	-0.3486412751800508	-0.2748554661508269
unclipped	1280	-0.1500606877904254	-0.4090096755303554	-0.25894898773993
unclipped	1281	-0.0291920582334426	-0.2905339959107769	-0.2613419376773342
unclipped	1282	0.0126760539388476	-0.2522929102608405	-0.2649689641996882
unclipped	1283	-0.0966138323735964	-0.2334429126827323	-0.1368290803091358
unclipped	1284	-0.0078733364705183	-0.2251998796127703	-0.2173265431422519
unclipped	1285	0.0270794619410384	-0.2065303833218731	-0.2336098452629116
unclipped	1286	0.0447876985341988	-0.1790583567011623	-0.2238460552353611
unclipped	1287	0.0106827901074478	-0.1784940547440829	-0.1891768448515307
unclipped	1288	-0.0034104196403946	-0.189732567618631	-0.1863221479782364
unclipped	1289	0.0524053940179473	-0.1408636516236737	-0.193269045641621
unclipped	1290	-0.1045817114551737	-0.2190457337481766	-0.1144640222930029
unclipped	1291	-0.0743281435548647	-0.2797861236238019	-0.2054579800689371
unclipped	1292	0.0891189703489744	-0.1479034333331911	-0.2370224036821655
unclipped	1293	0.0377255865974809	-0.1496602752090184	-0.1873858618064994
unclipped	1294	-0.0159429886553936	-0.1483004667732718	-0.1323574781178781
unclipped	1295	-0.2927187823030567	-0.3949370878006401	-0.1022183054975833
unclipped	1296	-0.0432764225472714	-0.3415992624414716	-0.2983228398942001
unclipped	1297	-0.0943215856476504	-0.2613441335957837	-0.1670225479481332
unclipped	1298	-0.1112903315642086	-0.3467145593076986	-0.2354242277434899
unclipped	1299	0.0195873728014283	-0.1736931612593603	-0.1932805340607886
unclipped	1300	-0.1008777906850807	-0.3543337633662956	-0.2534559726812149
unclipped	1301	0.023608620072561	-0.1886342616462078	-0.2122428817187689
unclipped	1302	-0.3738671488034757	-0.5184418406965194	-0.1445746918930437
unclipped	1303	-0.0053970912572821	-0.153189462439813	-0.1477923711825308
unclipped	1304	-0.1535045839734685	-0.3971312899205141	-0.2436267059470456
unclipped	1305	-0.0265644373047522	-0.1517970261802654	-0.1252325888755132
unclipped	1306	-0.0938351772009604	-0.2327549215283175	-0.1389197443273571
unclipped	1307	-0.041258193663469	-0.3072510732628906	-0.2659928795994215
unclipped	1308	0.0025058624563773	-0.1496221559216624	-0.1521280183780398
unclipped	1309	-0.1292801214306481	-0.3092008265848827	-0.1799207051542345
unclipped	1310	-0.0756446278269162	-0.2903065316329014	-0.2146619038059851
unclipped	1311	-0.1420951258935638	-0.3070576836959744	-0.1649625578024105
unclipped	1312	-0.0232611479652913	-0.3268580441779305	-0.3035968962126392
unclipped	1313	-0.1104238765454262	-0.3607692865893994	-0.2503454100439732
unclipped	1314	0.027718319852619	-0.1883191361630151	-0.2160374560156341
unclipped	1315	-0.0925169429569655	-0.347967969920529	-0.2554510269635635
unclipped	1316	-0.1650987903221947	-0.4048480759382764	-0.2397492856160816
unclipped	1317	0.0105468816279815	-0.2171651664719721	-0.2277120480999537
unclipped	1318	-0.0360806757627428	-0.1532634726696572	-0.1171827969069143
unclipped	1319	0.1766623183319747	-0.0866982305164555	-0.2633605488484303
unclipped	1320	-0.1754675825473454	-0.3490580802976752	-0.1735904977503297
unclipped	1321	-0.0757079689267667	-0.2776574736961139	-0.2019495047693471
unclipped	1322	0.0720790075597356	-0.1716301626163642	-0.2437091701760998
unclipped	1323	-0.0758360059690919	-0.30541769823454	-0.2295816922654481
unclipped	1324	0.0221256984225678	-0.1998212904825864	-0.2219469889051541
unclipped	1325	-0.1277155531765556	-0.3087788844451238	-0.1810633312685681
unclipped	1326	-0.0036568850590521	-0.1085076055377136	-0.1048507204786615
unclipped	1327	0.0223289062741732	-0.1768018495485203	-0.1991307558226935
unclipped	1328	-0.1722380793011191	-0.3604636976175041	-0.1882256183163849
unclipped	1329	-0.0134075631800225	-0.1987571900703764	-0.1853496268903538
unclipped	1330	-0.00662724538757	-0.1846205311702367	-0.1779932857826667
unclipped	1331	-0.2753837400200064	-0.3359149022240976	-0.0605311622040911
unclipped	1332	-0.0792840547055334	-0.2373404721874005	-0.158056417481867
unclipped	1333	0.001301622264121	-0.1475889962748267	-0.1488906185389477
unclipped	1334	-0.1702817300185121	-0.4238694310381313	-0.2535877010196192
unclipped	1335	-0.1860158225036511	-0.3316340460235351	-0.1456182235198839
unclipped	1336	-0.2429330043083732	-0.4273894451302087	-0.1844564408218354
unclipped	1337	0.0822991721477578	-0.2005971934897562	-0.2828963656375141
unclipped	1338	-0.0293848218901923	-0.2437290172612918	-0.2143441953710995
unclipped	1339	0.0725489585992176	-0.0755842774787548	-0.1481332360779724
unclipped	1340	0.1566750009763765	-0.0954898046219019	-0.2521648055982785
unclipped	1341	0.0122284427078403	-0.1538005161607024	-0.1660289588685428
unclipped	1342	0.0597359957147011	-0.1664646436708962	-0.2262006393855973
unclipped	1343	-0.117460139586647	-0.3715756340086416	-0.2541154944219945
unclipped	1344	-0.0422944619110447	-0.2215397769120162	-0.1792453150009715
unclipped	1345	-0.0105409128919216	-0.2439491586924116	-0.23340824580049
unclipped	1346	0.0190397874309176	-0.1785996951280979	-0.1976394825590155
unclipped	1347	0.1554073476432651	-0.0937568779534907	-0.2491642255967558
unclipped	1348	0.0585871152665855	-0.1639816203776975	-0.2225687356442831
unclipped	1349	-0.1923934838005779	-0.3349384404909387	-0.1425449566903607
unclipped	1350	-0.1450888758303976	-0.3930462692391738	-0.2479573934087762
unclipped	1351	-0.0384797423624593	-0.2025338957679655	-0.1640541534055062
unclipped	1352	0.0082959321579854	-0.237839237134829	-0.2461351692928144
unclipped	1353	-0.0490285963179981	-0.175832332975508	-0.1268037366575098
unclipped	1354	0.2068068883521314	-0.0210942161049347	-0.2279011044570662
unclipped	1355	-0.0976284058416126	-0.436060017687816	-0.3384316118462034
unclipped	1356	-0.0560571673882452	-0.2786894785524996	-0.2226323111642543
unclipped	1357	0.1092151819035396	-0.2161409182706868	-0.3253561001742264
unclipped	1358	-0.1099744139746497	-0.3877262626155071	-0.2777518486408574
unclipped	1359	-0.0353747551736374	-0.1664555944626378	-0.1310808392890003
unclipped	1360	-0.3004597572324436	-0.3934328072528667	-0.0929730500204231
unclipped	1361	-0.1193638250091724	-0.2998534706796474	-0.1804896456704749
unclipped	1362	-0.0331165728954803	-0.2681907181075262	-0.2350741452120459
unclipped	1363	0.0067173029607909	-0.2443519457456575	-0.2510692487064485
unclipped	1364	0.1337914917058957	-0.1358768470070386	-0.2696683387129344
unclipped	1365	-0.0812831960679045	-0.3555621148920336	-0.274278918824129
unclipped	1366	0.0554084384401556	-0.1063680669868243	-0.1617765054269799
unclipped	1367	0.0250394852290988	-0.1382902120219874	-0.1633296972510862
unclipped	1368	-0.0759267920304488	-0.1933855780838284	-0.1174587860533796
unclipped	1369	0.0315194152466686	-0.1753334212442314	-0.2068528364909001
unclipped	1370	-0.1232275419711167	-0.2880147387465546	-0.1647871967754378
unclipped	1371	-0.0021996920959462	-0.1857879395023239	-0.1835882474063776
unclipped	1372	-0.0077218371612277	-0.1798520374272458	-0.1721302002660181
unclipped	1373	4.611718421355437e-05	-0.2584411850940481	-0.2584873022782616
unclipped	1374	-0.0181467663009848	-0.179411077117171	-0.1612643108161862
unclipped	1375	0.0216064438103714	-0.149292406187547	-0.1708988499979185
unclipped	1376	0.0652886448600448	-0.2261776694484146	-0.2914663143084595
unclipped	1377	-0.1148900239483838	-0.3090546380371823	-0.1941646140887984
unclipped	1378	-0.1545196245565282	-0.3189830575560574	-0.1644634329995291
unclipped	1379	0.120973157025644	-0.1064436664190602	-0.2274168234447042
unclipped	1380	0.0245365055047292	-0.0901661215140576	-0.1147026270187869
unclipped	1381	0.1734525276954366	-0.0331793758679117	-0.2066319035633483
unclipped	1382	-0.1305656832332926	-0.3747414998669802	-0.2441758166336876
unclipped	1383	0.0138971050879347	-0.1568364799400328	-0.1707335850279676
unclipped	1384	-0.2777788214602383	-0.4136727712506033	-0.135893949790365
unclipped	1385	-0.0998864551564221	-0.2579372912592476	-0.1580508361028254
unclipped	1386	0.0572236218150427	-0.2063866710911018	-0.2636102929061445
unclipped	1387	-0.0149382489386289	-0.2655442614818313	-0.2506060125432023
unclipped	1388	0.11089317233377	-0.1308408925019886	-0.2417340648357586
unclipped	1389	-0.1168480705612868	-0.3401403731559851	-0.2232923025946983
unclipped	1390	0.1118557994457899	-0.0705174520124119	-0.1823732514582019
unclipped	1391	-0.093002753665888	-0.1983027808055436	-0.1053000271396555
unclipped	1392	0.037739594754707	-0.0735867921395513	-0.1113263868942584
unclipped	1393	-0.0370966772990406	-0.2939762951433582	-0.2568796178443175
unclipped	1394	-0.0952629401783516	-0.2060157785317372	-0.1107528383533855
unclipped	1395	-0.2240418433027658	-0.3831639207798875	-0.1591220774771216
unclipped	1396	-0.3057387694721833	-0.4738216090941589	-0.1680828396219755
unclipped	1397	-0.0777800338765511	-0.2877728358512029	-0.2099928019746517
unclipped	1398	0.0606738498422701	-0.1483050111758197	-0.2089788610180898
unclipped	1399	-0.017236004669619	-0.1457855326961964	-0.1285495280265773
unclipped	1400	-0.0501915380140523	-0.2091235899070761	-0.1589320518930237
unclipped	1401	0.081884603717325	-0.1928991688333554	-0.2747837725506805
unclipped	1402	-0.1558076967613243	-0.3320538538098229	-0.1762461570484985
unclipped	1403	-0.2027768104672961	-0.3605140798075431	-0.157737269340247
unclipped	1404	-0.0696805677819475	-0.3035955582759663	-0.2339149904940187
unclipped	1405	-0.1623119779956356	-0.3826044509657987	-0.2202924729701632
unclipped	1406	0.0075659439440355	-0.1985624444154269	-0.2061283883594624
unclipped	1407	0.0444225738235968	-0.2662021827887641	-0.310624756612361
unclipped	1408	-0.0189885263941694	-0.2384104329260606	-0.2194219065318912
unclipped	1409	0.1631664741780333	-0.0837472727282538	-0.2469137469062872
unclipped	1410	-0.1267086261343439	-0.4077081713780816	-0.2809995452437377
unclipped	1411	0.2227232607580328	-0.0365094968136125	-0.2592327575716453
unclipped	1412	0.1170870296570295	-0.1919636978963222	-0.3090507275533518
unclipped	1413	0.0250672239962835	-0.2170273362184105	-0.242094560214694
unclipped	1414	-0.0460109539205717	-0.2331243588430762	-0.1871134049225045
unclipped	1415	-0.154208299912886	-0.2680510432781998	-0.1138427433653137
unclipped	1416	0.0813219967817052	-0.0450456294219544	-0.1263676262036597
unclipped	1417	0.0058032464047456	-0.1958882363590964	-0.201691482763842
unclipped	1418	0.1350034064900815	-0.1091211900682583	-0.2441245965583398
unclipped	1419	0.0177280167963094	-0.203675612217739	-0.2214036290140484
unclipped	1420	-0.0277687671864404	-0.1987447432230003	-0.1709759760365599
unclipped	1421	-0.1489679451663034	-0.33954084869547	-0.1905729035291665
unclipped	1422	-0.0358927090365389	-0.134388208499781	-0.0984954994632421
unclipped	1423	0.1235842867198718	-0.2417956601951456	-0.3653799469150174
unclipped	1424	0.0086325575578144	-0.2428565451299317	-0.2514891026877461
unclipped	1425	0.0454663683241833	-0.1843424438071816	-0.229808812131365
unclipped	1426	0.0057443717541797	-0.1382994490607952	-0.144043820814975
unclipped	1427	-0.1702574019786	-0.3626180496318762	-0.1923606476532762
unclipped	1428	-0.050683759327613	-0.2878988516839338	-0.2372150923563207
unclipped	1429	-0.2759589107401298	-0.4254647873076301	-0.1495058765675003
unclipped	1430	-0.0872372443741572	-0.3120315036942606	-0.2247942593201033
unclipped	1431	-0.0400985564194457	-0.3089615878184223	-0.2688630313989765
unclipped	1432	-0.002134378064162	-0.1884522154081435	-0.1863178373439815
unclipped	1433	0.1340538211122608	-0.0606318223934161	-0.1946856435056769
unclipped	1434	-0.1546587014177958	-0.3929871949491463	-0.2383284935313505
unclipped	1435	-0.256104982007943	-0.4964300129676668	-0.2403250309597238
unclipped	1436	0.1289212008324184	0.0893498285541475	-0.0395713722782709
unclipped	1437	-0.1912098527629532	-0.28533378026811	-0.0941239275051568
unclipped	1438	-0.1009794468994194	-0.3339458598352528	-0.2329664129358333
unclipped	1439	0.1124212401983291	-0.1312072723550298	-0.243628512553359
unclipped	1440	-0.0602916959602237	-0.2681623217657441	-0.2078706258055203
unclipped	1441	0.0545837894843847	-0.1163909949034381	-0.1709747843878228
unclipped	1442	0.0260099115598187	-0.1292876616327591	-0.1552975731925778
unclipped	1443	0.0533676617375036	-0.2249314342970798	-0.2782990960345834
unclipped	1444	-0.1190535303527883	-0.1813882200711315	-0.0623346897183432
unclipped	1445	-0.3080733674525234	-0.532154096193022	-0.2240807287404985
unclipped	1446	-0.1343882984742504	-0.2946497645761681	-0.1602614661019177
unclipped	1447	0.0770519193910862	-0.1293108052867616	-0.2063627246778479
unclipped	1448	-0.0387174986456116	-0.1788572529993844	-0.1401397543537728
unclipped	1449	-0.1652886343142566	-0.3403773708957304	-0.1750887365814737
unclipped	1450	0.0421044742408623	-0.1776698787742416	-0.2197743530151039
unclipped	1451	0.0537239614404886	-0.2164213497635964	-0.270145311204085
unclipped	1452	0.0208499353244531	-0.1645965251704786	-0.1854464604949317
unclipped	1453	0.0313179115532569	-0.1495369919226798	-0.1808549034759368
unclipped	1454	-0.1113704085777076	-0.2594466466243351	-0.1480762380466274
unclipped	1455	-0.0942252385483398	-0.2399705961381789	-0.1457453575898391
unclipped	1456	-0.0391883029153769	-0.2927002947748751	-0.2535119918594981
unclipped	1457	0.0159210497851713	-0.2676599091144911	-0.2835809588996625
unclipped	1458	-0.0387190867374563	-0.2331375924781685	-0.1944185057407121
unclipped	1459	-0.0179980376547054	-0.2966649792263957	-0.2786669415716902
unclipped	1460	-0.2286771160987767	-0.3968248191568957	-0.168147703058119
unclipped	1461	-0.0456307460823505	-0.228084677521723	-0.1824539314393725
unclipped	1462	0.0073580410712242	-0.1813818316960271	-0.1887398727672513
unclipped	1463	-0.094545012601011	-0.3423490745025016	-0.2478040619014905
unclipped	1464	-0.0762111710092751	-0.3115905576721529	-0.2353793866628777
unclipped	1465	-0.020145174202358	-0.2237497414386046	-0.2036045672362465
unclipped	1466	-0.209266422812954	-0.3508952362027867	-0.1416288133898327
unclipped	1467	-0.0756537992948113	-0.3008154623521092	-0.2251616630572979
unclipped	1468	-0.0154719157785773	-0.2757550707626396	-0.2602831549840623
unclipped	1469	0.0111266975611103	-0.1815947258579456	-0.1927214234190559
unclipped	1470	0.0519720744681341	-0.2495969136781893	-0.3015689881463235
unclipped	1471	0.0303462386891542	-0.1340156784056951	-0.1643619170948493
unclipped	1472	0.110358078739479	-0.1490659242101411	-0.2594240029496202
unclipped	1473	-0.1815528155287777	-0.4236411949340359	-0.2420883794052581
unclipped	1474	0.0259700549796525	-0.130681963232586	-0.1566520182122386
unclipped	1475	-0.0686122728403507	-0.2355439541363414	-0.1669316812959906
unclipped	1476	-0.2301401779982282	-0.4548746867950222	-0.2247345087967939
unclipped	1477	-0.0094571964500058	-0.215274614837039	-0.2058174183870331
unclipped	1478	0.0445225935662214	-0.1909694375589039	-0.2354920311251254
unclipped	1479	-0.0747292119094274	-0.2656342647939579	-0.1909050528845304
unclipped	1480	-0.0972644395992761	-0.2252420448580334	-0.1279776052587573
unclipped	1481	-0.0035572838874377	-0.2571682151667359	-0.2536109312792981
unclipped	1482	0.0495644534763348	-0.18314192367284	-0.2327063771491748
unclipped	1483	-0.1059381913288837	-0.2987352975228676	-0.1927971061939839
unclipped	1484	-0.0128033612688773	-0.2684256434807177	-0.2556222822118403
unclipped	1485	-0.1100856436151166	-0.3365803527369021	-0.2264947091217855
unclipped	1486	-0.080491899539185	-0.1586549290164279	-0.0781630294772429
unclipped	1487	-0.0574191293151742	-0.3199420645495696	-0.2625229352343954
unclipped	1488	-0.0447005309590537	-0.1659203338424452	-0.1212198028833915
unclipped	1489	-0.0626519346848392	-0.2861890514881695	-0.2235371168033302
unclipped	1490	0.0705211505216818	-0.1977808148420618	-0.2683019653637437
unclipped	1491	-0.1691990074357395	-0.3027740333531797	-0.1335750259174402
unclipped	1492	-0.1147832881623799	-0.2909337531369869	-0.1761504649746069
unclipped	1493	-0.0586994354853882	-0.2296463551094884	-0.1709469196241002
unclipped	1494	0.0825967936225735	-0.128562295195338	-0.2111590888179115
unclipped	1495	-0.1563595884591782	-0.3052761159363187	-0.1489165274771404
unclipped	1496	-0.1116762790152657	-0.2573728593107774	-0.1456965802955117
unclipped	1497	0.0639014686889142	-0.1248952390243701	-0.1887967077132843
unclipped	1498	-0.0335155898584271	-0.2962204877472835	-0.2627048978888564
unclipped	1499	-0.1314049264215911	-0.3223248296233206	-0.1909199032017294
unclipped	1500	0.0911636517446231	-0.0801347189960928	-0.1712983707407159
unclipped	1501	-0.0287349870721404	-0.3095946132971893	-0.2808596262250489
unclipped	1502	0.0461964624384892	-0.1097826978694864	-0.1559791603079756
unclipped	1503	-0.0117054047862267	-0.2716697862361686	-0.2599643814499419
unclipped	1504	0.0190111973968013	-0.2497912318762006	-0.268802429273002
unclipped	1505	-0.0523586595174414	-0.1657501345608078	-0.1133914750433664
unclipped	1506	0.0502454866148681	-0.1209411101470244	-0.1711865967618926
unclipped	1507	-0.0287969575634695	-0.2387158821952571	-0.2099189246317876
unclipped	1508	-0.1086907344913644	-0.2102809262333554	-0.101590191741991
unclipped	1509	-0.0625283805290948	-0.2670196667111408	-0.204491286182046
unclipped	1510	-0.0555694233604715	-0.2263543353795445	-0.1707849120190729
unclipped	1511	0.0029267982223973	-0.2604344092083225	-0.2633612074307199
unclipped	1512	-0.1599596544808223	-0.3501094866742538	-0.1901498321934314
unclipped	1513	-0.1405145507924501	-0.2780197231811828	-0.1375051723887326
unclipped	1514	-0.065589714676916	-0.3111191492599481	-0.2455294345830321
unclipped	1515	-0.1945960504264276	-0.4321246404127837	-0.2375285899863561
unclipped	1516	-0.0145243686640831	-0.2410608836145896	-0.2265365149505065
unclipped	1517	0.0220751661996358	-0.1799256717965184	-0.2020008379961542
unclipped	1518	-0.1570186409211952	-0.3377119749910501	-0.1806933340698548
unclipped	1519	0.0574064122358357	-0.0490309537007822	-0.106437365936618
unclipped	1520	-0.061029481756546	-0.2934365047717609	-0.2324070230152148
unclipped	1521	-0.0009269810363462	-0.1983934975259044	-0.1974665164895581
unclipped	1522	0.0001618301313384	-0.2597765235048299	-0.2599383536361683
unclipped	1523	0.0337343746564345	-0.1918113245202796	-0.2255456991767142
unclipped	1524	0.0106346971588234	-0.1480918634495618	-0.1587265606083852
unclipped	1525	-0.206911456818181	-0.3917769196658526	-0.1848654628476715
unclipped	1526	-0.1940910395431363	-0.263963983380999	-0.0698729438378626
unclipped	1527	0.1391445950783191	0.0201509021553418	-0.1189936929229773
unclipped	1528	0.0143793217178809	-0.1481484532923536	-0.1625277750102345
unclipped	1529	-0.1357050311619143	-0.4228901127919546	-0.2871850816300403
unclipped	1530	-0.0946298046414042	-0.2292550943530218	-0.1346252897116175
unclipped	1531	-0.0371198277084877	-0.2415972591766074	-0.2044774314681197
unclipped	1532	0.075730835760323	-0.1686418757461425	-0.2443727115064655
unclipped	1533	0.0185407046885025	-0.2393427033790448	-0.2578834080675474
unclipped	1534	0.1281950079073178	-0.0866412271947719	-0.2148362351020898
unclipped	1535	-0.1802047884033772	-0.2316174083181337	-0.0514126199147564
unclipped	1536	0.0928183768053022	-0.0673257672946606	-0.1601441440999629
unclipped	1537	0.1532384846775445	-0.073405909669838	-0.2266443943473826
unclipped	1538	-0.004965426467419	-0.2355185865491029	-0.2305531600816839
unclipped	1539	-0.0593629443629905	-0.2501509887157235	-0.190788044352733
unclipped	1540	-0.2310477933900186	-0.4087042982938227	-0.1776565049038041
unclipped	1541	-0.1049313639032687	-0.3477767352831473	-0.2428453713798786
unclipped	1542	-0.0211586697493714	-0.1999020123190972	-0.1787433425697258
unclipped	1543	-0.0307702031135563	-0.2380318905108442	-0.2072616873972879
unclipped	1544	-0.1351619597308131	-0.2519434889091831	-0.11678152917837
unclipped	1545	-0.0771761538235278	-0.2303688433885229	-0.1531926895649951
unclipped	1546	-0.171439086804395	-0.3156780416519673	-0.1442389548475723
unclipped	1547	-0.0307829944802333	-0.2789764741917075	-0.2481934797114742
unclipped	1548	0.0401176907299929	-0.1668296870213168	-0.2069473777513097
unclipped	1549	-0.01744263850812	-0.1686893320992863	-0.1512466935911662
unclipped	1550	-0.2877223351512933	-0.4007790455389667	-0.1130567103876734
unclipped	1551	-0.0762189303801023	-0.2973942443198748	-0.2211753139397725
unclipped	1552	-0.0332752011337072	-0.2429620462455877	-0.2096868451118805
unclipped	1553	0.1064187734232502	-0.0834553585099817	-0.189874131933232
unclipped	1554	-0.0734508737857179	-0.3482174632565381	-0.2747665894708202
unclipped	1555	-0.0354360653847795	-0.2209337830850146	-0.185497717700235
unclipped	1556	-0.0065027555495641	-0.2809252034206745	-0.2744224478711103
unclipped	1557	-0.0915056391842134	-0.2339012472237402	-0.1423956080395267
unclipped	1558	-0.2087599666313476	-0.4356159121936961	-0.2268559455623484
unclipped	1559	0.0636091497254103	-0.1947595443533278	-0.2583686940787382
unclipped	1560	-0.1366161790839418	-0.3175095939886593	-0.1808934149047174
unclipped	1561	0.0069268186792111	-0.2730640121259235	-0.2799908308051346
unclipped	1562	-0.0454390892600987	-0.1960104474611828	-0.1505713582010841
unclipped	1563	0.0207125475783623	-0.1834395667349952	-0.2041521143133575
unclipped	1564	-0.0488490768729224	-0.249141982047211	-0.2002929051742885
unclipped	1565	-0.2132899452094629	-0.463086803349044	-0.249796858139581
unclipped	1566	-0.1107928316028157	-0.3246405591007393	-0.2138477274979235
unclipped	1567	-0.0908797295372737	-0.2838165207157537	-0.19293679117848
unclipped	1568	-0.0464432839825438	-0.2291301224254157	-0.1826868384428719
unclipped	1569	-0.093256689168287	-0.3136783424574592	-0.220421653289172
unclipped	1570	0.0730969953146731	-0.0997265057381565	-0.1728235010528297
unclipped	1571	-0.0269395985965677	-0.1685607163668122	-0.1416211177702444
unclipped	1572	0.0349848522516155	-0.1882527417479848	-0.2232375939996003
unclipped	1573	-0.1769250045523649	-0.3869270004197571	-0.2100019958673922
unclipped	1574	-0.0215967017702377	-0.317530528810091	-0.2959338270398532
unclipped	1575	-0.279976651059533	-0.502467068817821	-0.222490417758288
unclipped	1576	-0.0969080226525895	-0.2938131800814374	-0.1969051574288478
unclipped	1577	-0.0464896864027498	-0.1430513243203389	-0.0965616379175891
unclipped	1578	0.0423316544356164	-0.0941057077546888	-0.1364373621903052
unclipped	1579	-0.2659360929354345	-0.3885133904487264	-0.1225772975132919
unclipped	1580	-0.0751377620092316	-0.2780195341529713	-0.2028817721437397
unclipped	1581	-0.2386217877481227	-0.4540690138895494	-0.2154472261414266
unclipped	1582	-0.0451032590420405	-0.3974264675431095	-0.352323208501069
unclipped	1583	-0.1737000803584168	-0.3441082547555643	-0.1704081743971475
unclipped	1584	-0.2428152262353274	-0.4853298871155858	-0.2425146608802584
unclipped	1585	-0.047920047651946	-0.2965959590653747	-0.2486759114134287
unclipped	1586	0.0291599969889743	-0.1503897333753264	-0.1795497303643007
unclipped	1587	-0.0040111189480871	-0.2802394934952055	-0.2762283745471183
unclipped	1588	0.0005451571050099	-0.1186699043012439	-0.1192150614062539
unclipped	1589	-0.0511907001533553	-0.2311836096097179	-0.1799929094563625
unclipped	1590	0.0101944958898101	-0.1213366006445124	-0.1315310965343226
unclipped	1591	-0.0280899986053963	-0.2369111075791813	-0.208821108973785
unclipped	1592	0.0161590400178952	-0.2300068631366367	-0.246165903154532
unclipped	1593	-0.0829793196004881	-0.2936635796393424	-0.2106842600388543
unclipped	1594	-0.2484652056418984	-0.4621132758556115	-0.2136480702137131
unclipped	1595	0.0533427319232004	-0.1409762918380309	-0.1943190237612313
unclipped	1596	-0.0824989115327494	-0.3921070267112738	-0.3096081151785244
unclipped	1597	0.0247662705556969	-0.1230403751052672	-0.1478066456609642
unclipped	1598	0.0917868256098557	-0.1733957605801361	-0.2651825861899919
unclipped	1599	0.0479082312577075	-0.1532908376861712	-0.2011990689438787
unclipped	1600	-0.1451943550572884	-0.3659329391852405	-0.2207385841279521
unclipped	1601	0.0552280874193737	-0.1202933481448365	-0.1755214355642103
unclipped	1602	0.0246073154616196	-0.2191607240371457	-0.2437680394987653
unclipped	1603	-0.1886688265170924	-0.3505310904066127	-0.1618622638895201
unclipped	1604	0.0204887531533545	-0.1256360368511698	-0.1461247900045243
unclipped	1605	-0.1048221795815795	-0.3011282269402915	-0.1963060473587119
unclipped	1606	-0.0824477001763258	-0.2805198940575567	-0.1980721938812308
unclipped	1607	-0.1539920614172089	-0.2647912342156974	-0.1107991727984885
unclipped	1608	-0.0244021402605917	-0.2462791985810805	-0.2218770583204887
unclipped	1609	0.0456684049422972	-0.2177919613702744	-0.2634603663125716
unclipped	1610	-0.0312511962179881	-0.2822989948282225	-0.2510477986102344
unclipped	1611	-0.0359449072427842	-0.1579890932684469	-0.1220441860256627
unclipped	1612	-0.0923375131915344	-0.1812531869665214	-0.0889156737749869
unclipped	1613	-0.1502314544052177	-0.3242018984273503	-0.1739704440221325
unclipped	1614	-0.0014599744729157	-0.2405833993607677	-0.239123424887852
unclipped	1615	-0.1018475237052132	-0.2289371807402758	-0.1270896570350626
unclipped	1616	0.0939893071283297	-0.0308053900742574	-0.1247946972025871
unclipped	1617	0.1521570086549327	-0.0388718459163895	-0.1910288545713223
unclipped	1618	-0.0629724310942279	-0.2500237795636353	-0.1870513484694074
unclipped	1619	-0.1063307940125462	-0.323704264648331	-0.2173734706357848
unclipped	1620	-0.0412769154370211	-0.2420528421494157	-0.2007759267123945
unclipped	1621	-0.1382537005669013	-0.3577090378201302	-0.2194553372532288
unclipped	1622	0.0565861604656914	-0.2147862853385771	-0.2713724458042685
unclipped	1623	-0.0224561944438195	-0.2349811015075292	-0.2125249070637096
unclipped	1624	-0.0204405821099634	-0.2904555778072633	-0.2700149956972999
unclipped	1625	-0.0188436809229642	-0.1863688447139081	-0.1675251637909438
unclipped	1626	-0.0459567815372134	-0.2530191981155924	-0.2070624165783789
unclipped	1627	-0.1836283739562098	-0.4328852383944659	-0.249256864438256
unclipped	1628	-0.0755531410068895	-0.2771357045022641	-0.2015825634953745
unclipped	1629	-0.0924480199395246	-0.1976320492417422	-0.1051840293022175
unclipped	1630	-0.2423789431780645	-0.4086094156849735	-0.166230472506909
unclipped	1631	-0.1571085948199303	-0.3572721422943125	-0.2001635474743821
unclipped	1632	0.0816854529977649	-0.0973641451009141	-0.179049598098679
unclipped	1633	-0.0693821482912661	-0.2871775328833914	-0.2177953845921252
unclipped	1634	-0.0339760599423201	-0.2024668771933339	-0.1684908172510137
unclipped	1635	-0.0070494380243017	-0.1786070063114627	-0.171557568287161
unclipped	1636	-0.0985864246401526	-0.259639495210764	-0.1610530705706114
unclipped	1637	-0.0467206978585306	-0.2661142033514614	-0.2193935054929308
unclipped	1638	-0.0920049709035324	-0.1795129073061847	-0.0875079364026523
unclipped	1639	0.011604854106335	-0.2281399140422922	-0.2397447681486273
unclipped	1640	0.0762213797348994	-0.211241701784194	-0.2874630815190935
unclipped	1641	-0.0878658360352281	-0.2557423091616828	-0.1678764731264546
unclipped	1642	0.0041549789257896	-0.1373963741449154	-0.1415513530707051
unclipped	1643	-0.0500006514776644	-0.2668337173830853	-0.2168330659054209
unclipped	1644	-0.0820918810695063	-0.2913782600742046	-0.2092863790046983
unclipped	1645	-0.1260355848783174	-0.2884584362603137	-0.1624228513819963
unclipped	1646	-0.0504087325785787	-0.3255260563819387	-0.2751173238033599
unclipped	1647	-0.0222519135389914	-0.2776003071592486	-0.2553483936202572
unclipped	1648	-0.2040599075045278	-0.4270398213842558	-0.2229799138797279
unclipped	1649	-0.1281445778184351	-0.3148626484180896	-0.1867180705996545
unclipped	1650	-0.1162434043272113	-0.2479950060161566	-0.1317516016889452
unclipped	1651	-0.1989337118100457	-0.3485947354066731	-0.1496610235966273
unclipped	1652	-0.1766688567234281	-0.31127441452028	-0.1346055577968519
unclipped	1653	-0.0591368949419931	-0.2421065363602244	-0.1829696414182313
unclipped	1654	-0.1422162710047662	-0.3839492149707213	-0.241732943965955
unclipped	1655	-0.0204970907038485	-0.2298670485142489	-0.2093699578104004
unclipped	1656	-0.1308729066641405	-0.2675922045948857	-0.1367192979307452
unclipped	1657	0.0015604055786129	-0.169691414420809	-0.1712518199994219
unclipped	1658	0.1196974673326025	-0.0904011063819528	-0.2100985737145553
unclipped	1659	0.0024180103391791	-0.1548706921763956	-0.1572887025155748
unclipped	1660	0.151129931107558	-0.0276063963896977	-0.1787363274972557
unclipped	1661	-0.1533441933190315	-0.3318728615553361	-0.1785286682363045
unclipped	1662	-0.1415550815816479	-0.3863269727207455	-0.2447718911390977
unclipped	1663	-0.0180077884065628	-0.1969448310209978	-0.178937042614435
unclipped	1664	-0.0992102406061082	-0.3146011853063447	-0.2153909447002364
unclipped	1665	0.0304409543015274	-0.1897191434854039	-0.2201600977869313
unclipped	1666	0.0225832194521319	-0.2020110512197552	-0.2245942706718871
unclipped	1667	-0.210530950267158	-0.3899110089564755	-0.1793800586893175
unclipped	1668	-0.0919576517014995	-0.3010844920477076	-0.2091268403462081
unclipped	1669	-0.1048094266116496	-0.2781260884799465	-0.1733166618682968
unclipped	1670	-0.0471959843519349	-0.172367595107294	-0.1251716107553591
unclipped	1671	-0.0347982789538614	-0.2450123210213474	-0.210214042067486
unclipped	1672	-0.0563107156939348	-0.2973587671758231	-0.2410480514818882
unclipped	1673	-0.1112287102851026	-0.2468861488305418	-0.1356574385454392
unclipped	1674	-0.0806771962636017	-0.3043146209854266	-0.2236374247218249
unclipped	1675	-0.1364789480822595	-0.3130517469833972	-0.1765727989011377
unclipped	1676	-0.3323875845857577	-0.5039918651395818	-0.171604280553824
unclipped	1677	-0.2357697565526985	-0.4391142169843589	-0.2033444604316603
unclipped	1678	-0.112544227165339	-0.2579840151737506	-0.1454397880084115
unclipped	1679	0.0170003500494936	-0.2609488393946911	-0.2779491894441848
unclipped	1680	-0.0877438101635086	-0.2059638161288461	-0.1182200059653375
unclipped	1681	0.1438010751016648	-0.0683097604726487	-0.2121108355743135
unclipped	1682	-0.157481989399478	-0.3889817929384408	-0.2314998035389628
unclipped	1683	0.136360650244795	-0.044911890710933	-0.1812725409557281
unclipped	1684	0.1527735075287654	-0.1355222760222468	-0.2882957835510122
unclipped	1685	0.1032897430413679	-0.1550843292229313	-0.2583740722642993
unclipped	1686	0.0191286517894727	-0.1416769764496562	-0.160805628239129
unclipped	1687	-0.1324068676350472	-0.3849372439670059	-0.2525303763319586
unclipped	1688	0.2152746185633923	-0.026664887324321	-0.2419395058877134
unclipped	1689	-0.1757088641759853	-0.3524623192363987	-0.1767534550604133
unclipped	1690	-0.0021764767012743	-0.2432201352603175	-0.2410436585590432
unclipped	1691	-0.0679336871685255	-0.2096907382958256	-0.1417570511273
unclipped	1692	-0.1284220371968681	-0.3025218636833425	-0.1740998264864743
unclipped	1693	0.0472692262257742	-0.1918441384952055	-0.2391133647209797
unclipped	1694	0.0597159507237993	-0.2146703252668832	-0.2743862759906825
unclipped	1695	-0.035324426477451	-0.1652472292511951	-0.129922802773744
unclipped	1696	0.0806692628294365	-0.128483949102845	-0.2091532119322816
unclipped	1697	-0.0109510571231849	-0.099477207583652	-0.088526150460467
unclipped	1698	-0.0418801205916137	-0.2377192691390826	-0.1958391485474688
unclipped	1699	-0.226391246322516	-0.3650676393340222	-0.1386763930115062
unclipped	1700	0.0102839243094459	-0.1822900744558541	-0.1925739987653001
unclipped	1701	0.1212933579622611	-0.1382336041962492	-0.2595269621585103
unclipped	1702	-0.132372779096049	-0.2953800504765124	-0.1630072713804633
unclipped	1703	-0.2278429486151471	-0.3970609512424276	-0.1692180026272804
unclipped	1704	0.0228071554905427	-0.1639119783444866	-0.1867191338350293
unclipped	1705	-0.2016896003465078	-0.3932560937430296	-0.1915664933965217
unclipped	1706	-0.0956819320608412	-0.3186735218627085	-0.2229915898018672
unclipped	1707	-0.0457285577698501	-0.3062622382691627	-0.2605336804993126
unclipped	1708	-0.0509600993004274	-0.2355936082539372	-0.1846335089535098
unclipped	1709	-0.0573272185124547	-0.2615851754169396	-0.2042579569044848
unclipped	1710	-0.1265169552638958	-0.3375134626009977	-0.2109965073371018
unclipped	1711	-0.1804229580229331	-0.3733430519917071	-0.192920093968774
unclipped	1712	-0.04389875859008	-0.223010885026622	-0.179112126436542
unclipped	1713	-0.0809810335374644	-0.3023387710491209	-0.2213577375116564
unclipped	1714	-0.1751143371621172	-0.3073136091078844	-0.1321992719457672
unclipped	1715	-0.1869950709155559	-0.3278826213088417	-0.1408875503932858
unclipped	1716	0.046173815603191	-0.1723947774212113	-0.2185685930244023
unclipped	1717	-0.2579633691523438	-0.4531205329448807	-0.1951571637925369
unclipped	1718	0.0303959046207084	-0.226636180867088	-0.2570320854877965
unclipped	1719	-0.0226391612682894	-0.2462007297213981	-0.2235615684531087
unclipped	1720	-0.021258029389898	-0.2654373513114398	-0.2441793219215418
unclipped	1721	0.0485432788932808	-0.1920583144725963	-0.2406015933658771
unclipped	1722	-0.1196780748932383	-0.2734008942014944	-0.153722819308256
unclipped	1723	-0.0174489145566395	-0.1649578202049339	-0.1475089056482943
unclipped	1724	-0.0831595266082224	-0.2133140757640043	-0.1301545491557818
unclipped	1725	-0.0866795595273512	-0.2506053706111019	-0.1639258110837507
unclipped	1726	-0.130909754525169	-0.271535807648482	-0.140626053123313
unclipped	1727	-0.1585724190001829	-0.3709208753326511	-0.2123484563324682
unclipped	1728	-0.1277998112699948	-0.3840933731103764	-0.2562935618403816
unclipped	1729	-0.0297199090810385	-0.2417036113114928	-0.2119837022304542
unclipped	1730	-0.0776760394004127	-0.298405749122735	-0.2207297097223222
unclipped	1731	-0.0260192429195009	-0.1327178646352575	-0.1066986217157566
unclipped	1732	0.1194621538000044	-0.136787901152015	-0.2562500549520194
unclipped	1733	-0.1250922492161433	-0.3727534983274264	-0.247661249111283
unclipped	1734	-0.0794963248185148	-0.3272422126564488	-0.2477458878379339
unclipped	1735	-0.0987131028730437	-0.1855870228976964	-0.0868739200246526
unclipped	1736	0.16883280130957	-0.0309866874723549	-0.199819488781925
unclipped	1737	-0.1218376124555282	-0.3521566469944757	-0.2303190345389474
unclipped	1738	-0.0785911283635009	-0.3505379234512453	-0.2719467950877443
unclipped	1739	0.1909705478096425	-0.0388593051161217	-0.2298298529257643
unclipped	1740	-0.1665049697627838	-0.4056184643754303	-0.2391134946126465
unclipped	1741	-0.0661797344277385	-0.2929238042036157	-0.2267440697758771
unclipped	1742	-0.1717293522407671	-0.4367566137695177	-0.2650272615287505
unclipped	1743	-0.1530774437388687	-0.2745686373017453	-0.1214911935628766
unclipped	1744	0.0785272281472414	-0.1425225227438443	-0.2210497508910857
unclipped	1745	0.0207898911730265	-0.1607506798826047	-0.1815405710556312
unclipped	1746	-0.0013886114926675	-0.2513186175544928	-0.2499300060618252
unclipped	1747	0.0094255354129547	-0.3339412711269206	-0.3433668065398754
unclipped	1748	-0.1070462669179294	-0.3332788766697673	-0.2262326097518379
unclipped	1749	0.0467903655074615	-0.1678208158943459	-0.2146111814018074
unclipped	1750	-0.0388919760178954	-0.2788525522805374	-0.239960576262642
unclipped	1751	0.0429470365693426	-0.1114883016568201	-0.1544353382261627
unclipped	1752	-0.1577755859841693	-0.3956403987831176	-0.2378648127989482
unclipped	1753	-0.0976839231939883	-0.3097262183166998	-0.2120422951227114
unclipped	1754	-0.0465006339614866	-0.2399779608334256	-0.1934773268719389
unclipped	1755	-0.2113874403163462	-0.3095563646154202	-0.0981689242990739
unclipped	1756	0.019681200463389	-0.1936412427738345	-0.2133224432372236
unclipped	1757	-0.0589654351446972	-0.2726345128322757	-0.2136690776875784
unclipped	1758	-0.0883572802208143	-0.2302609095387535	-0.1419036293179392
unclipped	1759	-0.1065521959780368	-0.2197137853267114	-0.1131615893486746
unclipped	1760	-0.1659247372705466	-0.3311022811102416	-0.1651775438396949
unclipped	1761	0.0404985049278034	-0.2234810991667327	-0.2639796040945361
unclipped	1762	-0.0600243348484178	-0.3008801963306576	-0.2408558614822397
unclipped	1763	-0.10376182264857	-0.3010095902237067	-0.1972477675751367
unclipped	1764	-0.0696022691155891	-0.2672624029095353	-0.1976601337939461
unclipped	1765	-0.0616440389745292	-0.243831616991494	-0.1821875780169648
unclipped	1766	0.0470766582099476	-0.1257960096796496	-0.1728726678895973
unclipped	1767	-0.1935612520818297	-0.3465888311137508	-0.1530275790319211
unclipped	1768	0.0085776684907223	-0.1803873781518012	-0.1889650466425236
unclipped	1769	0.0224505233825259	-0.1457315591333266	-0.1681820825158526
unclipped	1770	-0.2040692774685047	-0.4361022762838927	-0.2320329988153879
unclipped	1771	-0.0310308120441429	-0.2853835124475306	-0.2543527004033876
unclipped	1772	0.0462511371939928	-0.1799441964794311	-0.2261953336734239
unclipped	1773	0.0773752089789507	-0.0794163901895419	-0.1567915991684927
unclipped	1774	0.1646602154101325	-0.1305598777084281	-0.2952200931185607
unclipped	1775	-0.1404370762414406	-0.2894887850250232	-0.1490517087835825
unclipped	1776	-0.0073718906664871	-0.2514221941559674	-0.2440503034894803
unclipped	1777	0.0500044414741644	-0.0983013234796635	-0.1483057649538279
unclipped	1778	-0.1135507048727456	-0.2470080958948082	-0.1334573910220626
unclipped	1779	-0.0932027394671862	-0.3235822439190968	-0.2303795044519105
unclipped	1780	-0.1603743593130299	-0.3940324211071235	-0.2336580617940935
unclipped	1781	-0.0813903366409199	-0.2580820964256106	-0.1766917597846906
unclipped	1782	-0.0297905105371978	-0.1886437547029314	-0.1588532441657335
unclipped	1783	-0.0764188309421567	-0.2024349533569016	-0.1260161224147449
unclipped	1784	0.1069432505967411	-0.1672258240144442	-0.2741690746111853
unclipped	1785	0.0234379745376966	-0.1986590173804778	-0.2220969919181745
unclipped	1786	0.1360430626858381	-0.1685215960432376	-0.3045646587290758
unclipped	1787	0.1726217207879894	-0.082958850645052	-0.2555805714330414
unclipped	1788	0.0162258949099858	-0.2139195537203064	-0.2301454486302923
unclipped	1789	-0.0930372690366141	-0.238442568255043	-0.1454052992184289
unclipped	1790	0.1340614126113652	-0.1433179428399651	-0.2773793554513304
unclipped	1791	-0.1907754620897947	-0.3053424248733755	-0.1145669627835808
unclipped	1792	0.1363984887679193	-0.1358996279451653	-0.2722981167130847
unclipped	1793	-0.0348677042663033	-0.2018909059063221	-0.1670232016400188
unclipped	1794	0.1375406215894267	-0.0690631470267797	-0.2066037686162065
unclipped	1795	0.1178498346020059	-0.1607722293356567	-0.2786220639376626
unclipped	1796	0.0659317914491991	-0.1161278863303331	-0.1820596777795322
unclipped	1797	0.1598640114800945	-0.1647913484265449	-0.3246553599066395
unclipped	1798	-0.1446890813877248	-0.339985890201594	-0.1952968088138691
unclipped	1799	0.1380905808158072	-0.0979488856290909	-0.2360394664448981
unclipped	1800	0.1589164932852564	-0.1520523581501661	-0.3109688514354225
unclipped	1801	-0.2154360764751579	-0.3373816087307284	-0.1219455322555704
unclipped	1802	0.1974587407111665	-0.0386421432582297	-0.2361008839693963
unclipped	1803	0.063599164793981	-0.2807502768951808	-0.3443494416891619
unclipped	1804	0.1672544690679508	-0.0162259188579408	-0.1834803879258917
unclipped	1805	0.0621498452898823	-0.1310768240510884	-0.1932266693409707
unclipped	1806	-0.043364165820832	-0.259592837352478	-0.2162286715316459
unclipped	1807	0.0149421254654249	-0.2064432356748844	-0.2213853611403093
unclipped	1808	-0.2190597090174093	-0.3784581721828212	-0.1593984631654118
unclipped	1809	0.0819331207888539	-0.1554306728984319	-0.2373637936872858
unclipped	1810	0.0147937183594472	-0.17325510635882	-0.1880488247182672
unclipped	1811	-0.0270856276208701	-0.2196470859902317	-0.1925614583693615
unclipped	1812	-0.14129714579	-0.4144845757753547	-0.2731874299853547
unclipped	1813	-0.0019402938354951	-0.1504029537695779	-0.1484626599340828
unclipped	1814	-0.1074994070481795	-0.3309792051616728	-0.2234797981134932
unclipped	1815	0.1173468175441348	-0.1355625330386634	-0.2529093505827982
unclipped	1816	0.0494419166723991	-0.1183902260151486	-0.1678321426875477
unclipped	1817	-0.0644768628699101	-0.2497056137805624	-0.1852287509106522
unclipped	1818	0.0254265593692101	-0.3182777309721357	-0.3437042903413458
unclipped	1819	-0.1230252069174127	-0.3569462360007414	-0.2339210290833286
unclipped	1820	-0.0195403619004167	-0.2536774911406376	-0.2341371292402208
unclipped	1821	-0.0505615768764046	-0.250028829357314	-0.1994672524809093
unclipped	1822	0.0208732782748192	-0.2082549215469871	-0.2291281998218064
unclipped	1823	0.0704111225466884	-0.1284803382510223	-0.1988914607977108
unclipped	1824	-0.0737976544220832	-0.2916136638927337	-0.2178160094706505
unclipped	1825	-0.2078208557167294	-0.4436830681822085	-0.235862212465479
unclipped	1826	0.0460768478193359	-0.2387781968986199	-0.2848550447179558
unclipped	1827	-0.0792153675917014	-0.2916244358993983	-0.2124090683076969
unclipped	1828	-0.0274923158751809	-0.2365131730500319	-0.2090208571748509
unclipped	1829	-0.1334585004712619	-0.3193998472622158	-0.1859413467909538
unclipped	1830	-0.0494998146957648	-0.2734522314466658	-0.223952416750901
unclipped	1831	-0.0734651289593207	-0.3021097160645514	-0.2286445871052307
unclipped	1832	-0.1003430761464402	-0.2587797030821893	-0.1584366269357491
unclipped	1833	0.1317597535808108	-0.1271060761578169	-0.2588658297386277
unclipped	1834	-0.0445126451696817	-0.2378631267746231	-0.1933504816049414
unclipped	1835	-0.1499745621976876	-0.3175603083919272	-0.1675857461942396
unclipped	1836	-0.0097904429753026	-0.1309345342337862	-0.1211440912584835
unclipped	1837	-0.0526290784003252	-0.2613991124129755	-0.2087700340126502
unclipped	1838	-0.0852102287375008	-0.196144971828663	-0.1109347430911622
unclipped	1839	-0.0974194544703912	-0.3249817550715776	-0.2275623006011864
unclipped	1840	-0.0715914545178078	-0.3376557512172943	-0.2660642966994864
unclipped	1841	-0.1065643928914213	-0.351803768386235	-0.2452393754948136
unclipped	1842	-0.1868603201956547	-0.4022208198662811	-0.2153604996706263
unclipped	1843	-0.0162642540039656	-0.1696630458221343	-0.1533987918181687
unclipped	1844	-0.0668898079407763	-0.2955167024703687	-0.2286268945295924
unclipped	1845	-0.1525249860305628	-0.2274100294254331	-0.0748850433948703
unclipped	1846	0.0248331831335113	-0.225649632780989	-0.2504828159145004
unclipped	1847	0.0647795953428653	-0.1740976451179655	-0.2388772404608308
unclipped	1848	-0.0473164891657482	-0.2253741245206288	-0.1780576353548806
unclipped	1849	-0.0855569144321463	-0.2394382979554875	-0.1538813835233412
unclipped	1850	-0.0110047589209394	-0.2567219989421272	-0.2457172400211877
unclipped	1851	-0.0435322676598061	-0.1958427754753379	-0.1523105078155318
unclipped	1852	-0.0899339211104598	-0.2266056501934242	-0.1366717290829644
unclipped	1853	-0.0394697645375646	-0.2545726936223399	-0.2151029290847752
unclipped	1854	0.0505556033299731	-0.1381971638774889	-0.188752767207462
unclipped	1855	-0.2310375470861943	-0.4704939720084167	-0.2394564249222224
unclipped	1856	0.1229811632364136	-0.1044388992309104	-0.2274200624673241
unclipped	1857	-0.0061891699743415	-0.2321476791566098	-0.2259585091822682
unclipped	1858	0.0428817115108592	-0.2096418563845294	-0.2525235678953887
unclipped	1859	-0.0607493313255196	-0.241717358277308	-0.1809680269517883
unclipped	1860	-0.0101935402985591	-0.1933926728469706	-0.1831991325484114
unclipped	1861	-0.0509600323000326	-0.2624864862281211	-0.2115264539280885
unclipped	1862	-0.1335027248984405	-0.3832795987421212	-0.2497768738436807
unclipped	1863	-0.0093580058470374	-0.1576389716642081	-0.1482809658171706
unclipped	1864	-0.2057192518226528	-0.5039935849677216	-0.2982743331450688
unclipped	1865	-0.0823085133681366	-0.2672352072466281	-0.1849266938784914
unclipped	1866	-0.0493958030870679	-0.3827679573966293	-0.3333721543095613
unclipped	1867	-0.006647581420343	-0.2804106035342355	-0.2737630221138925
unclipped	1868	0.1694159039741225	-0.0779793904526582	-0.2473952944267807
unclipped	1869	0.1479916104923701	-0.1017669896193501	-0.2497586001117202
unclipped	1870	0.0369205177786734	-0.2389473752547834	-0.2758678930334568
unclipped	1871	-0.1441733667614015	-0.3251452945190604	-0.1809719277576589
unclipped	1872	-0.1564683906721289	-0.3708811052155127	-0.2144127145433838
unclipped	1873	-0.2708515661156736	-0.4412166180875692	-0.1703650519718955
unclipped	1874	0.0334913383780157	-0.15776829725262	-0.1912596356306357
unclipped	1875	-0.2215411649908752	-0.4458547874258336	-0.2243136224349584
unclipped	1876	-0.3110115833571717	-0.5188050267146936	-0.2077934433575219
unclipped	1877	0.0265488465406463	-0.0695584125466822	-0.0961072590873286
unclipped	1878	-0.0146132247206011	-0.2417348888377917	-0.2271216641171906
unclipped	1879	0.0858025623946524	-0.1904556078500861	-0.2762581702447386
unclipped	1880	-0.1751296940801957	-0.3603377068921399	-0.1852080128119442
unclipped	1881	-0.1219329738776361	-0.3476631090140417	-0.2257301351364056
unclipped	1882	-0.0959635087530398	-0.2901399261464296	-0.1941764173933897
unclipped	1883	0.0319216441710774	-0.1552344391010856	-0.187156083272163
unclipped	1884	0.0901961331587106	-0.1584274507149869	-0.2486235838736976
unclipped	1885	-0.1708557943644883	-0.3537901154007169	-0.1829343210362285
unclipped	1886	0.2933673264704726	-0.0403006286039666	-0.3336679550744392
unclipped	1887	-0.0118905036721598	-0.1425664057722514	-0.1306759021000916
unclipped	1888	-0.1643069419661172	-0.317669484376294	-0.1533625424101767
unclipped	1889	-0.0211353510947122	-0.2214422879385666	-0.2003069368438543
unclipped	1890	-0.2261009973259431	-0.3920586421910375	-0.1659576448650943
unclipped	1891	-0.052318980632502	-0.2050623198024413	-0.1527433391699393
unclipped	1892	-0.1900367285589196	-0.371354620750041	-0.1813178921911213
unclipped	1893	-0.1138220355794187	-0.2625423751563739	-0.1487203395769551
unclipped	1894	-0.0129397146226844	-0.2379933924689675	-0.225053677846283
unclipped	1895	0.0090473615507737	-0.2640943296455929	-0.2731416911963666
unclipped	1896	-0.0853701360393769	-0.3434578120971162	-0.2580876760577393
unclipped	1897	-0.0386742150389898	-0.2026015901349381	-0.1639273750959482
unclipped	1898	-0.1146723092356569	-0.2710073002452524	-0.1563349910095954
unclipped	1899	-0.0084061080529413	-0.2920962620282521	-0.2836901539753107
unclipped	1900	-0.0455659882425749	-0.2533155618729304	-0.2077495736303554
unclipped	1901	-0.108215745156795	-0.2918366221232761	-0.1836208769664811
unclipped	1902	-0.0044297834549346	-0.2510663955122502	-0.2466366120573155
unclipped	1903	-0.0652494171947498	-0.3950951490869294	-0.3298457318921796
unclipped	1904	-0.0783208127231395	-0.220954950376488	-0.1426341376533484
unclipped	1905	-0.1111484412450957	-0.3850252194578367	-0.2738767782127409
unclipped	1906	-0.0333870643365462	-0.2124987940318023	-0.179111729695256
unclipped	1907	-0.0340095510862065	-0.2029436741752247	-0.1689341230890182
unclipped	1908	-0.0517071164279989	-0.2091335966901801	-0.1574264802621812
unclipped	1909	0.0500988386756808	-0.1498065510524826	-0.1999053897281635
unclipped	1910	-0.0017721615325888	-0.0918710337053595	-0.0900988721727706
unclipped	1911	-0.09148584293337	-0.3320817982999247	-0.2405959553665546
unclipped	1912	-0.0803642582861447	-0.2043853559468623	-0.1240210976607176
unclipped	1913	-0.0715385067633939	-0.3151634239057077	-0.2436249171423137
unclipped	1914	-0.2266657986869495	-0.3927342575837885	-0.1660684588968389
unclipped	1915	-0.0472758970272167	-0.1300419666622483	-0.0827660696350315
unclipped	1916	-0.0565404108659994	-0.2382568626477677	-0.1817164517817682
unclipped	1917	-0.0671763798685365	-0.2253407713533395	-0.158164391484803
unclipped	1918	-0.0865656138568212	-0.312542508130663	-0.2259768942738418
unclipped	1919	-0.255738282477126	-0.4530873455599539	-0.1973490630828278
unclipped	1920	-0.2580667665634769	-0.374038302955803	-0.1159715363923261
unclipped	1921	0.0938613755110638	-0.1394208396187692	-0.233282215129833
unclipped	1922	0.0100415100522611	-0.2948183717701624	-0.3048598818224235
unclipped	1923	-0.0797352331044161	-0.2914069742214372	-0.211671741117021
unclipped	1924	0.1452046479974468	-0.0814113453467998	-0.2266159933442466
unclipped	1925	0.0350645744045557	-0.238734589197516	-0.2737991636020718
unclipped	1926	-0.0866865966183036	-0.2563767588686875	-0.1696901622503839
unclipped	1927	0.0055393978458585	-0.1216969567359952	-0.1272363545818537
unclipped	1928	-0.0909630463441203	-0.2721492740908051	-0.1811862277466848
unclipped	1929	0.0374967195906266	-0.2081341995956713	-0.2456309191862979
unclipped	1930	-0.1396686812179026	-0.2494865602893729	-0.1098178790714703
unclipped	1931	-0.2726403339957631	-0.3840591047982258	-0.1114187708024627
unclipped	1932	-0.1010470708590679	-0.2329670413448076	-0.1319199704857396
unclipped	1933	-0.103592873284101	-0.3242847906960558	-0.2206919174119548
unclipped	1934	-0.046475046675168	-0.2371874276623506	-0.1907123809871826
unclipped	1935	-0.0821460934627788	-0.3470694726219234	-0.2649233791591445
unclipped	1936	-0.2227697060279393	-0.3086295713533701	-0.0858598653254307
unclipped	1937	-0.142657648074313	-0.3243644783118861	-0.181706830237573
unclipped	1938	-0.0825225943336031	-0.179308071540736	-0.0967854772071329
unclipped	1939	0.1079448862738673	-0.1130186330949803	-0.2209635193688477
unclipped	1940	0.0152684554819799	-0.1818260504117759	-0.1970945058937558
unclipped	1941	-0.0658180604929403	-0.2628166712274564	-0.196998610734516
unclipped	1942	-0.1799677376773767	-0.4547037077113141	-0.2747359700339373
unclipped	1943	-0.0411720793791014	-0.3193620540691646	-0.2781899746900631
unclipped	1944	-0.0027814573819197	-0.0731833970218166	-0.0704019396398969
unclipped	1945	0.00486629096768	-0.2179633948264382	-0.2228296857941183
unclipped	1946	0.080612582878692	-0.1683323641063981	-0.2489449469850901
unclipped	1947	-0.0478018077840931	-0.3005127747312275	-0.2527109669471343
unclipped	1948	0.0499341437654926	-0.1138111236555335	-0.1637452674210262
unclipped	1949	-0.1499789069415706	-0.272249852268277	-0.1222709453267063
unclipped	1950	-0.1355699129073636	-0.3047467775265268	-0.1691768646191631
unclipped	1951	-0.1097309702528756	-0.2665573543848873	-0.1568263841320116
unclipped	1952	0.0814758039467741	-0.1412969752438072	-0.2227727791905813
unclipped	1953	-0.0433371613721777	-0.2480862138213709	-0.2047490524491931
unclipped	1954	0.0169374222220843	-0.180925692652231	-0.1978631148743153
unclipped	1955	-0.1487290754414119	-0.3168834930951447	-0.1681544176537328
unclipped	1956	0.0360595439307985	-0.1300987931269611	-0.1661583370577597
unclipped	1957	0.0712043878684701	-0.1214607088600225	-0.1926650967284926
unclipped	1958	-0.1839505729021503	-0.2194724158010222	-0.0355218428988719
unclipped	1959	0.0641380718530253	-0.242489095907205	-0.3066271677602303
unclipped	1960	0.0125433280050104	-0.2255226772204801	-0.2380660052254906
unclipped	1961	-0.034963780956138	-0.2398255998561309	-0.2048618188999929
unclipped	1962	0.0421236322482222	-0.1532707364797166	-0.1953943687279389
unclipped	1963	-0.172544021078363	-0.2964453462336986	-0.1239013251553355
unclipped	1964	-0.0501096930617375	-0.3177780255197795	-0.267668332458042
unclipped	1965	-0.0522469542933515	-0.2854193724923707	-0.2331724181990191
unclipped	1966	0.0854965140843542	-0.0436794274632954	-0.1291759415476496
unclipped	1967	-0.1621791634868855	-0.2633578125588879	-0.1011786490720023
unclipped	1968	-0.0189837673884943	-0.1912897031047665	-0.1723059357162721
unclipped	1969	-0.1697665805948937	-0.2919458692614201	-0.1221792886665262
unclipped	1970	-0.1521006038733829	-0.3002287865346866	-0.1481281826613036
unclipped	1971	-0.1206518255299646	-0.3907517634003115	-0.2700999378703468
unclipped	1972	-0.0993982960117654	-0.145482745082462	-0.0460844490706966
unclipped	1973	-0.0591635556957854	-0.2520388639562522	-0.1928753082604668
unclipped	1974	0.0502144996900242	-0.3108452837217486	-0.3610597834117728
unclipped	1975	-0.0497096673361687	-0.2608454699874538	-0.211135802651285
unclipped	1976	-0.0652208429815294	-0.2344381241070111	-0.1692172811254817
unclipped	1977	-0.102186960581259	-0.3410911993522813	-0.2389042387710223
unclipped	1978	-0.1552041553691156	-0.3395791126406461	-0.1843749572715305
unclipped	1979	0.0413875946294918	-0.0370287042539352	-0.0784162988834271
unclipped	1980	-0.0841545306452573	-0.2680152731620173	-0.18386074251676
unclipped	1981	-0.0763640918708119	-0.3485863710662841	-0.2722222791954722
unclipped	1982	-0.2453082977603229	-0.4224840733662412	-0.1771757756059182
unclipped	1983	-0.2110106388771391	-0.41880410546824	-0.2077934665911008
unclipped	1984	-0.2256773242564341	-0.3816936691865765	-0.1560163449301423
unclipped	1985	-0.0046490222096809	-0.0962713810097795	-0.0916223588000986
unclipped	1986	-0.2553704948520892	-0.3280308239840206	-0.0726603291319314
unclipped	1987	-0.1494255739962502	-0.2776280885308837	-0.1282025145346335
unclipped	1988	-0.0865621636621426	-0.3498824024825416	-0.263320238820399
unclipped	1989	0.1797644576591928	-0.0593411985885516	-0.2391056562477445
unclipped	1990	-0.2137332193870728	-0.2656103201847312	-0.0518771007976583
unclipped	1991	-0.0572572746612593	-0.3796524173355688	-0.3223951426743094
unclipped	1992	-0.1482520967094198	-0.3711993837436504	-0.2229472870342306
unclipped	1993	-0.0383827423449831	-0.236146743041929	-0.1977640006969458
unclipped	1994	0.0510965659831804	-0.2194204759568742	-0.2705170419400547
unclipped	1995	-0.1406843843697585	-0.3208730881953512	-0.1801887038255927
unclipped	1996	-0.0899819351427925	-0.2211499116812467	-0.1311679765384541
unclipped	1997	-0.1415792462573211	-0.3783219043557118	-0.2367426580983906
unclipped	1998	-0.0842457423440444	-0.2694620383795992	-0.1852162960355547
unclipped	1999	-0.1004466331928633	-0.2572541301063092	-0.1568074969134458
clipped_0_200	0	-0.1377405660567102	-0.5061773621262441	-0.3684367960695338
clipped_0_200	1	0.0895130280807134	-0.2547765998926615	-0.3442896279733749
clipped_0_200	2	0.0516308920300842	-0.2653081130252511	-0.3169390050553353
clipped_0_200	3	0.2635689831696191	-0.0735563902569593	-0.3371253734265784
clipped_0_200	4	0.1897748734484156	-0.1835712213752368	-0.3733460948236524
clipped_0_200	5	0.0346947562939033	-0.2772853529395797	-0.311980109233483
clipped_0_200	6	0.0419569715985853	-0.2700097315009558	-0.3119667030995412
clipped_0_200	7	0.1295755652802441	-0.2485078657430424	-0.3780834310232865
clipped_0_200	8	-0.0525374447069838	-0.3489501313533681	-0.2964126866463843
clipped_0_200	9	0.150856302555416	-0.2094965652939099	-0.3603528678493259
clipped_0_200	10	0.2801523289631523	-0.1373484076324433	-0.4175007365955956
clipped_0_200	11	0.0511397490416022	-0.3087278344650571	-0.3598675835066593
clipped_0_200	12	0.086230560334238	-0.2449125640330499	-0.331143124367288
clipped_0_200	13	-0.0149367298116559	-0.2848943351073023	-0.2699576052956463
clipped_0_200	14	0.1398972709595668	-0.204510202461098	-0.3444074734206648
clipped_0_200	15	0.0515790010671692	-0.2634410322685979	-0.3150200333357671
clipped_0_200	16	0.1532232725870864	-0.0996137967230169	-0.2528370693101034
clipped_0_200	17	0.1185840790991648	-0.1833875298761809	-0.3019716089753457
clipped_0_200	18	-0.029414137182697	-0.3542456097436088	-0.3248314725609118
clipped_0_200	19	0.1583570347095467	-0.2351583924792085	-0.3935154271887553
clipped_0_200	20	0.0415439950291103	-0.3484806225402501	-0.3900246175693604
clipped_0_200	21	0.0283950841263657	-0.2799385059009832	-0.3083335900273489
clipped_0_200	22	0.1041654001293567	-0.2377765073409397	-0.3419419074702965
clipped_0_200	23	0.0635734913768494	-0.3661180587141619	-0.4296915500910113
clipped_0_200	24	0.0687674753780747	-0.2897492940659832	-0.3585167694440579
clipped_0_200	25	0.2137511862846229	-0.0933380156947373	-0.3070892019793603
clipped_0_200	26	-0.0254083138829472	-0.3106125891010483	-0.285204275218101
clipped_0_200	27	0.1525445008369396	-0.2229629943917067	-0.3755074952286463
clipped_0_200	28	-0.0109685205218095	-0.3635079955871443	-0.3525394750653348
clipped_0_200	29	0.0887973642828514	-0.3056204929217752	-0.3944178572046266
clipped_0_200	30	-0.0708428165655986	-0.4659031282268439	-0.3950603116612452
clipped_0_200	31	-0.0123139459790171	-0.2744217228952292	-0.2621077769162121
clipped_0_200	32	0.0799090264410832	-0.2332135580004624	-0.3131225844415457
clipped_0_200	33	0.0725602641437332	-0.2935783199653251	-0.3661385841090583
clipped_0_200	34	-0.0126289498445305	-0.3020229667445485	-0.289394016900018
clipped_0_200	35	0.1293769625439532	-0.2354116695048443	-0.3647886320487976
clipped_0_200	36	0.0392731785357576	-0.2911618058626934	-0.3304349843984511
clipped_0_200	37	0.0624912122306438	-0.2827589847009836	-0.3452501969316275
clipped_0_200	38	-0.0162969116113326	-0.3783738548130894	-0.3620769432017567
clipped_0_200	39	-0.0367496381674749	-0.3083313870469212	-0.2715817488794463
clipped_0_200	40	-0.0856776130806949	-0.4413461528639838	-0.3556685397832888
clipped_0_200	41	0.1565494281692024	-0.1770300118890135	-0.3335794400582159
clipped_0_200	42	-0.0751898608061391	-0.4398868719451004	-0.3646970111389613
clipped_0_200	43	0.1712192992130808	-0.1435174384879353	-0.3147367377010162
clipped_0_200	44	0.0351717347086647	-0.2357935940422554	-0.2709653287509201
clipped_0_200	45	-0.0691487483910122	-0.3648490622263647	-0.2957003138353524
clipped_0_200	46	-0.0269037075467757	-0.4264895523310485	-0.3995858447842728
clipped_0_200	47	0.0177824443538623	-0.3361026666583539	-0.3538851110122163
clipped_0_200	48	0.1600698739564596	-0.1796948210209694	-0.3397646949774291
clipped_0_200	49	0.0821998985659379	-0.216950743097563	-0.299150641663501
clipped_0_200	50	0.0880984509917859	-0.2400695927014353	-0.3281680436932213
clipped_0_200	51	0.0269526130526377	-0.3249657615046163	-0.351918374557254
clipped_0_200	52	-0.0424666311122623	-0.4066346626116968	-0.3641680314994344
clipped_0_200	53	0.054136347321051	-0.3091960349776179	-0.3633323822986689
clipped_0_200	54	0.2747424696999422	0.0076741767513457	-0.2670682929485964
clipped_0_200	55	0.1603110345722358	-0.299470587389993	-0.4597816219622288
clipped_0_200	56	0.0649284459088727	-0.2958675547578245	-0.3607960006666972
clipped_0_200	57	0.1692912342885548	-0.1727840007552104	-0.3420752350437652
clipped_0_200	58	0.1215301364925375	-0.2085756548291902	-0.3301057913217278
clipped_0_200	59	-0.0914327164411488	-0.3821938518923576	-0.2907611354512087
clipped_0_200	60	0.0264363484721115	-0.2717781417790577	-0.2982144902511692
clipped_0_200	61	0.0678641454959338	-0.2267529936252692	-0.2946171391212031
clipped_0_200	62	0.0167658531115031	-0.2626822806203797	-0.2794481337318828
clipped_0_200	63	0.0792764232903212	-0.2554301409481913	-0.3347065642385125
clipped_0_200	64	0.1115562374645548	-0.2778001749018255	-0.3893564123663804
clipped_0_200	65	0.1336374877200857	-0.2548143743938463	-0.3884518621139321
clipped_0_200	66	-0.0051362327061693	-0.3148508814511532	-0.3097146487449839
clipped_0_200	67	0.0062469451665469	-0.3560642270191286	-0.3623111721856755
clipped_0_200	68	0.0493087718253739	-0.2935492218458997	-0.3428579936712737
clipped_0_200	69	0.0263673278989275	-0.320563151159662	-0.3469304790585896
clipped_0_200	70	0.0604392688238619	-0.2364007433312323	-0.2968400121550942
clipped_0_200	71	0.0454558133039551	-0.2220784676669335	-0.2675342809708887
clipped_0_200	72	0.2427922625235721	-0.1653940914625267	-0.4081863539860988
clipped_0_200	73	0.2318760715312625	-0.1181172128400564	-0.3499932843713189
clipped_0_200	74	0.2036148094089941	-0.1474234078602124	-0.3510382172692066
clipped_0_200	75	0.1591241435524244	-0.1919938076581075	-0.351117951210532
clipped_0_200	76	0.075784257849708	-0.2851436204047053	-0.3609278782544134
clipped_0_200	77	-0.1407646120883547	-0.5225286849006501	-0.3817640728122953
clipped_0_200	78	0.0623636340062677	-0.2249757930288268	-0.2873394270350946
clipped_0_200	79	0.0004580730808082	-0.2617232662109064	-0.2621813392917147
clipped_0_200	80	0.1229516160028024	-0.2558732472866866	-0.378824863289489
clipped_0_200	81	0.01947793082586	-0.2778260569890057	-0.2973039878148658
clipped_0_200	82	0.1269187550796364	-0.2215715204989048	-0.3484902755785413
clipped_0_200	83	0.0244606000891979	-0.2887912933121183	-0.3132518934013162
clipped_0_200	84	-0.0859916011052846	-0.3609463952470522	-0.2749547941417676
clipped_0_200	85	0.1511365952429541	-0.2350708108769389	-0.386207406119893
clipped_0_200	86	0.1368630983296846	-0.2393279598508312	-0.3761910581805159
clipped_0_200	87	0.0871768744388068	-0.3027879183806037	-0.3899647928194105
clipped_0_200	88	0.1455585296037504	-0.1718566385889222	-0.3174151681926727
clipped_0_200	89	0.1190424303481436	-0.2468512507496726	-0.3658936810978163
clipped_0_200	90	0.294855053676065	-0.0846254777881916	-0.3794805314642566
clipped_0_200	91	0.1324419473026808	-0.2970949621320534	-0.4295369094347343
clipped_0_200	92	0.1656683750211548	-0.2054390960745013	-0.3711074710956561
clipped_0_200	93	-0.0208981235341149	-0.2536609620265044	-0.2327628384923894
clipped_0_200	94	-0.0538571974275716	-0.419905008982839	-0.3660478115552674
clipped_0_200	95	0.1264161092685871	-0.2118943691634784	-0.3383104784320656
clipped_0_200	96	0.1064922941789765	-0.2567294867911034	-0.3632217809700799
clipped_0_200	97	0.2420801379435118	-0.2247886352560157	-0.4668687731995276
clipped_0_200	98	0.1075932955047021	-0.2171356221973982	-0.3247289177021004
clipped_0_200	99	0.2301771607430886	-0.1793872629064575	-0.4095644236495461
clipped_0_200	100	-0.033109019278063	-0.3844782098883959	-0.3513691906103329
clipped_0_200	101	0.2461118819580895	-0.1714978359533575	-0.4176097179114471
clipped_0_200	102	0.0673249227047567	-0.262599018940866	-0.3299239416456228
clipped_0_200	103	0.1800575525278874	-0.0916496381835611	-0.2717071907114485
clipped_0_200	104	0.0352529472195685	-0.266701828337506	-0.3019547755570746
clipped_0_200	105	0.068608288687191	-0.3563016262967374	-0.4249099149839284
clipped_0_200	106	0.0116228699343799	-0.3426686295037267	-0.3542914994381065
clipped_0_200	107	0.0846225013363868	-0.2072003222591878	-0.2918228235955746
clipped_0_200	108	0.1552314996095288	-0.1853586274947686	-0.3405901271042975
clipped_0_200	109	0.1440090269936902	-0.1983628821020089	-0.3423719090956991
clipped_0_200	110	0.0613721038415873	-0.2619191141362673	-0.3232912179778546
clipped_0_200	111	0.1143643863966703	-0.2283632650212554	-0.3427276514179258
clipped_0_200	112	-0.0237729919314894	-0.4104630785826351	-0.3866900866511455
clipped_0_200	113	0.0731064569161143	-0.3802605857002024	-0.4533670426163168
clipped_0_200	114	0.0376274109028436	-0.271803748892535	-0.3094311597953787
clipped_0_200	115	0.0770349037156958	-0.2607708491485341	-0.33780575286423
clipped_0_200	116	0.0117185687457805	-0.3280130673753571	-0.3397316361211377
clipped_0_200	117	0.1018187872327975	-0.3423771261883879	-0.4441959134211855
clipped_0_200	118	0.0378947859955548	-0.2488548309441574	-0.2867496169397122
clipped_0_200	119	-0.0030505133619383	-0.3605920534693569	-0.3575415401074187
clipped_0_200	120	0.1456424193792522	-0.1786633570391154	-0.3243057764183676
clipped_0_200	121	0.170675624861539	-0.2116131066083296	-0.3822887314698686
clipped_0_200	122	0.2020365032994575	-0.1765122898960752	-0.3785487931955327
clipped_0_200	123	0.0262490578643875	-0.3324897759053223	-0.3587388337697099
clipped_0_200	124	0.0696989697318567	-0.2605815461925674	-0.3302805159244242
clipped_0_200	125	0.125013012725831	-0.253462063529284	-0.378475076255115
clipped_0_200	126	0.0669603756241407	-0.3288356368424939	-0.3957960124666346
clipped_0_200	127	0.0397806191642996	-0.3853384118372681	-0.4251190310015678
clipped_0_200	128	0.1145953897527636	-0.1648278338934858	-0.2794232236462495
clipped_0_200	129	0.0743270389407619	-0.3070933407017745	-0.3814203796425364
clipped_0_200	130	0.1290981293996082	-0.1884899478498028	-0.317588077249411
clipped_0_200	131	0.0549943220322349	-0.3196073699194274	-0.3746016919516624
clipped_0_200	132	0.0831861425075219	-0.2442430126643921	-0.327429155171914
clipped_0_200	133	0.1163364543315561	-0.2651560978778844	-0.3814925522094405
clipped_0_200	134	-0.0239135008511038	-0.360931818897625	-0.3370183180465211
clipped_0_200	135	0.0998042655918814	-0.2178178743419574	-0.3176221399338388
clipped_0_200	136	0.0887602430798091	-0.273493387347939	-0.3622536304277481
clipped_0_200	137	0.092584800600617	-0.2833024361305328	-0.3758872367311499
clipped_0_200	138	-0.0664130242316854	-0.3490803924032463	-0.2826673681715608
clipped_0_200	139	0.2103360789955304	-0.1541191177846812	-0.3644551967802116
clipped_0_200	140	0.1998753645218636	-0.1974047791659862	-0.3972801436878499
clipped_0_200	141	0.0014472848563472	-0.4033040494165104	-0.4047513342728576
clipped_0_200	142	0.1252862160388048	-0.1967790865490906	-0.3220653025878954
clipped_0_200	143	0.1642529134707714	-0.2389173265451875	-0.4031702400159589
clipped_0_200	144	0.1067135972540327	-0.3001095808517046	-0.4068231781057374
clipped_0_200	145	-0.0353717891485151	-0.3627517374972432	-0.3273799483487281
clipped_0_200	146	0.178798493266311	-0.2336832647576415	-0.4124817580239526
clipped_0_200	147	0.0409333940852365	-0.3686372500861619	-0.4095706441713984
clipped_0_200	148	0.0064800447605798	-0.350393833930034	-0.3568738786906138
clipped_0_200	149	0.2622922574081155	-0.1121405985122793	-0.3744328559203949
clipped_0_200	150	0.0015376601324743	-0.2793492061391958	-0.2808868662716702
clipped_0_200	151	0.1792278858974832	-0.1557047404026997	-0.334932626300183
clipped_0_200	152	0.1390581784760981	-0.1914730301816406	-0.3305312086577388
clipped_0_200	153	-0.0120030182268592	-0.3399254561323241	-0.3279224379054648
clipped_0_200	154	0.0926987905572723	-0.2234291561121139	-0.3161279466693862
clipped_0_200	155	0.2836194818392112	-0.1038306053534108	-0.3874500871926221
clipped_0_200	156	0.0553489024335083	-0.295168682542171	-0.3505175849756794
clipped_0_200	157	0.2011872900021312	-0.1548627532812498	-0.3560500432833811
clipped_0_200	158	0.140084675082857	-0.2529945482790792	-0.3930792233619362
clipped_0_200	159	0.1156864365417537	-0.1737259613099697	-0.2894123978517235
clipped_0_200	160	0.0637019035464303	-0.2544433406937776	-0.3181452442402079
clipped_0_200	161	-0.0787642849542447	-0.3950105788996972	-0.3162462939454524
clipped_0_200	162	0.1863573145452742	-0.1742453681776214	-0.3606026827228956
clipped_0_200	163	0.0510286603616363	-0.3261740354714495	-0.3772026958330858
clipped_0_200	164	-0.0524690897725772	-0.3451594361944892	-0.2926903464219119
clipped_0_200	165	0.0656173765311427	-0.2456610825319752	-0.3112784590631179
clipped_0_200	166	0.2195583887491102	-0.1744122259416071	-0.3939706146907173
clipped_0_200	167	0.1375558044024311	-0.1901757771341299	-0.3277315815365611
clipped_0_200	168	0.0119540014660538	-0.3131395370199795	-0.3250935384860334
clipped_0_200	169	-0.0144997910884731	-0.3987808703710138	-0.3842810792825407
clipped_0_200	170	0.0046192387760956	-0.3433571965172711	-0.3479764352933667
clipped_0_200	171	0.0475882950185533	-0.2315590489909191	-0.2791473440094725
clipped_0_200	172	0.060194208859145	-0.2897673315155088	-0.3499615403746539
clipped_0_200	173	0.0802556499164087	-0.2595488151075923	-0.3398044650240011
clipped_0_200	174	0.0450926002097249	-0.2965276070220027	-0.3416202072317276
clipped_0_200	175	0.0197092897801525	-0.2931672070235133	-0.3128764968036659
clipped_0_200	176	0.0946896560862381	-0.2521431657708576	-0.3468328218570957
clipped_0_200	177	0.0582755002204553	-0.3432142180828261	-0.4014897183032815
clipped_0_200	178	0.0981610981758523	-0.2636086489164145	-0.3617697470922669
clipped_0_200	179	0.0193196198278421	-0.3366803253524427	-0.3559999451802849
clipped_0_200	180	0.0501588801808934	-0.3369998028674696	-0.3871586830483631
clipped_0_200	181	0.0856047720728133	-0.2240973636081089	-0.3097021356809222
clipped_0_200	182	-0.0287471888195153	-0.3082727637327164	-0.279525574913201
clipped_0_200	183	-0.1256571327613724	-0.4001788388927782	-0.2745217061314058
clipped_0_200	184	0.1257554778103994	-0.2672246919879711	-0.3929801697983706
clipped_0_200	185	0.0570667070243898	-0.2548056884451377	-0.3118723954695275
clipped_0_200	186	0.1154801977955359	-0.1973966457715053	-0.3128768435670412
clipped_0_200	187	0.0658014898975972	-0.3115654936616331	-0.3773669835592304
clipped_0_200	188	0.1225083611446466	-0.2541382162524462	-0.3766465773970928
clipped_0_200	189	0.2086219185779306	-0.1231571634388387	-0.3317790820167694
clipped_0_200	190	-0.0512436535421962	-0.4193328910274432	-0.3680892374852469
clipped_0_200	191	-0.0123067654465631	-0.2955397235503371	-0.283232958103774
clipped_0_200	192	0.113576505662877	-0.2390932891040477	-0.3526697947669248
clipped_0_200	193	-0.1375461882997111	-0.4594547356423972	-0.3219085473426861
clipped_0_200	194	0.1855971724750364	-0.2370379603322448	-0.4226351328072812
clipped_0_200	195	0.0479201848319958	-0.249670568106302	-0.2975907529382979
clipped_0_200	196	0.0033243586730769	-0.2185062762921696	-0.2218306349652466
clipped_0_200	197	0.0677570892376621	-0.3063287767553551	-0.3740858659930173
clipped_0_200	198	0.0358632067018433	-0.3333363597937358	-0.3691995664955791
clipped_0_200	199	0.1274797707602822	-0.2776142438476309	-0.4050940146079131
clipped_0_200	200	0.0406488718267324	-0.2743241883108728	-0.3149730601376053
clipped_0_200	201	0.2443387188138326	-0.2132507748211935	-0.4575894936350262
clipped_0_200	202	0.048467631882182	-0.3025771318099194	-0.3510447636921014
clipped_0_200	203	0.1752817081534468	-0.1458758375940851	-0.3211575457475319
clipped_0_200	204	0.1033484572140596	-0.2316313977979204	-0.33497985501198
clipped_0_200	205	0.230853910163113	-0.1447985624836805	-0.3756524726467936
clipped_0_200	206	0.0782389701598898	-0.2568676289570259	-0.3351065991169157
clipped_0_200	207	0.0862423376504153	-0.3308393906857627	-0.417081728336178
clipped_0_200	208	0.1609266451498621	-0.2024597049194733	-0.3633863500693355
clipped_0_200	209	0.1458107936512727	-0.1784595504313637	-0.3242703440826364
clipped_0_200	210	-0.0759950516941601	-0.3674885048574475	-0.2914934531632873
clipped_0_200	211	-0.0121268254776888	-0.3441954054190072	-0.3320685799413183
clipped_0_200	212	0.1519581896800373	-0.1470903109190545	-0.2990485005990919
clipped_0_200	213	-0.0331423244246779	-0.3374276825933595	-0.3042853581686815
clipped_0_200	214	0.137712098874261	-0.2023496552766832	-0.3400617541509443
clipped_0_200	215	0.016489463590373	-0.3118572056133077	-0.3283466692036807
clipped_0_200	216	0.1714138857155081	-0.1541716107827977	-0.3255854964983058
clipped_0_200	217	0.111899078070989	-0.1926262639982878	-0.3045253420692768
clipped_0_200	218	-0.0809216754591033	-0.405366603550902	-0.3244449280917987
clipped_0_200	219	0.1535526142253123	-0.1834552743384362	-0.3370078885637486
clipped_0_200	220	-0.0982432623848516	-0.4573640110968514	-0.3591207487119998
clipped_0_200	221	0.073505074494785	-0.2367245626248729	-0.310229637119658
clipped_0_200	222	0.1391276799504805	-0.172238198545569	-0.3113658784960496
clipped_0_200	223	0.0344386312386036	-0.3068301132561443	-0.341268744494748
clipped_0_200	224	0.0815786920196473	-0.2236747962466356	-0.3052534882662829
clipped_0_200	225	0.0420026914199273	-0.265924818237654	-0.3079275096575813
clipped_0_200	226	0.0660045617471045	-0.259586913764988	-0.3255914755120925
clipped_0_200	227	0.0831684766269971	-0.2526663282755876	-0.3358348049025847
clipped_0_200	228	0.0564220365199105	-0.3691297240690755	-0.425551760588986
clipped_0_200	229	0.0219989622687018	-0.4035705613398696	-0.4255695236085715
clipped_0_200	230	0.1697023694155362	-0.1589379809794585	-0.3286403503949948
clipped_0_200	231	0.1367052298555485	-0.2756931458105696	-0.4123983756661181
clipped_0_200	232	0.1003822949954949	-0.1990217658105044	-0.2994040608059993
clipped_0_200	233	0.1818793909655946	-0.1836906302650758	-0.3655700212306705
clipped_0_200	234	0.1279732970014666	-0.2573510043168484	-0.3853243013183151
clipped_0_200	235	-0.0110112637601345	-0.3001216876741275	-0.289110423913993
clipped_0_200	236	-0.07492108954641	-0.3242945073982084	-0.2493734178517983
clipped_0_200	237	-0.0359447838627541	-0.3494652956710108	-0.3135205118082567
clipped_0_200	238	0.1051817503138416	-0.2519752380576642	-0.3571569883715058
clipped_0_200	239	0.2103863633943121	-0.1892372228650507	-0.3996235862593629
clipped_0_200	240	0.1098706654171599	-0.1886563429616954	-0.2985270083788554
clipped_0_200	241	0.0502668557928908	-0.3147284729176217	-0.3649953287105125
clipped_0_200	242	0.1291601063884516	-0.157850488172059	-0.2870105945605106
clipped_0_200	243	0.1571730179177511	-0.1862749447782482	-0.3434479626959994
clipped_0_200	244	0.032683242115212	-0.4077974292326068	-0.4404806713478189
clipped_0_200	245	0.077366889220297	-0.2558410265522202	-0.3332079157725172
clipped_0_200	246	0.1714268360668351	-0.0705971097293276	-0.2420239457961628
clipped_0_200	247	-0.0855862970441354	-0.455281774945065	-0.3696954779009296
clipped_0_200	248	-0.0947885565915948	-0.3968894022769738	-0.3021008456853788
clipped_0_200	249	0.1007810617016786	-0.2783914669868086	-0.3791725286884873
clipped_0_200	250	0.0580901367766681	-0.3526256613034526	-0.4107157980801208
clipped_0_200	251	0.244326686174439	-0.0840865899254908	-0.3284132760999299
clipped_0_200	252	-0.0549349452211487	-0.389805072334454	-0.3348701271133052
clipped_0_200	253	0.0081380312472	-0.2863081155481053	-0.2944461467953054
clipped_0_200	254	0.1337297331122638	-0.2333200343347201	-0.3670497674469839
clipped_0_200	255	0.3224255187776687	0.0040935395966856	-0.3183319791809831
clipped_0_200	256	0.0837612927670133	-0.2796684127572114	-0.3634297055242248
clipped_0_200	257	-0.0538593864177476	-0.3709868390009285	-0.3171274525831808
clipped_0_200	258	-0.0844132490781543	-0.4310844786188099	-0.3466712295406555
clipped_0_200	259	0.108598858076998	-0.1776600610805575	-0.2862589191575555
clipped_0_200	260	0.1186737807809445	-0.2942211824335348	-0.4128949632144794
clipped_0_200	261	0.2570100033365161	-0.1727811593542547	-0.4297911626907709
clipped_0_200	262	-0.0162059224819879	-0.3114885824837611	-0.2952826600017731
clipped_0_200	263	0.0920338718288948	-0.1524649833525302	-0.2444988551814251
clipped_0_200	264	-0.1190041431929198	-0.4225101911431836	-0.3035060479502638
clipped_0_200	265	0.0639189770528857	-0.3176148533103882	-0.381533830363274
clipped_0_200	266	0.1315160959651725	-0.2708732967502488	-0.4023893927154214
clipped_0_200	267	0.2309566459867107	-0.1191295252027182	-0.350086171189429
clipped_0_200	268	-0.0183081276921525	-0.3708144733446227	-0.3525063456524702
clipped_0_200	269	0.0315271989177391	-0.2954254041261995	-0.3269526030439387
clipped_0_200	270	0.0178376297512203	-0.3850799676613413	-0.4029175974125616
clipped_0_200	271	0.1753402885833678	-0.1985900832705235	-0.3739303718538913
clipped_0_200	272	0.268289467707493	-0.1613160763991298	-0.4296055441066229
clipped_0_200	273	-0.1168281593301947	-0.5069489531455647	-0.3901207938153699
clipped_0_200	274	0.0100062708168684	-0.2810608286626996	-0.2910670994795681
clipped_0_200	275	0.1106927289541885	-0.2381353480438191	-0.3488280769980076
clipped_0_200	276	0.1684554183922697	-0.1866964111794333	-0.3551518295717031
clipped_0_200	277	0.0883795143022235	-0.2867130945308444	-0.3750926088330679
clipped_0_200	278	0.0809294460753353	-0.2481741377898572	-0.3291035838651925
clipped_0_200	279	0.0664434581562846	-0.2680468116070114	-0.3344902697632961
clipped_0_200	280	0.1783910345871041	-0.1520336366465839	-0.330424671233688
clipped_0_200	281	0.0810600536636326	-0.2462065787699386	-0.3272666324335713
clipped_0_200	282	-0.0083231446209564	-0.2837992031356937	-0.2754760585147373
clipped_0_200	283	0.0828755826995241	-0.2880196162355496	-0.3708951989350738
clipped_0_200	284	0.1331033679588026	-0.2505504702257562	-0.3836538381845589
clipped_0_200	285	0.089339039358326	-0.2454947277256557	-0.3348337670839818
clipped_0_200	286	0.0353974470325315	-0.2625551437047564	-0.2979525907372879
clipped_0_200	287	0.1892624062636343	-0.2222706161436234	-0.4115330224072577
clipped_0_200	288	0.080088856027595	-0.2688359147631839	-0.348924770790779
clipped_0_200	289	0.0835043166369666	-0.2517531926562288	-0.3352575092931955
clipped_0_200	290	-0.0595030009491529	-0.3391783936173455	-0.2796753926681925
clipped_0_200	291	-0.0751403229095799	-0.3407925411336022	-0.2656522182240222
clipped_0_200	292	-0.0685665464532338	-0.3769256285644586	-0.3083590821112247
clipped_0_200	293	0.0842173765881657	-0.3165438888760503	-0.4007612654642161
clipped_0_200	294	0.1736427981783655	-0.1503896036793512	-0.3240324018577167
clipped_0_200	295	0.0480765716934802	-0.3040848273145078	-0.3521613990079881
clipped_0_200	296	0.2205474759602755	-0.1122772152929342	-0.3328246912532098
clipped_0_200	297	-0.1300292378852913	-0.4355737061162292	-0.3055444682309378
clipped_0_200	298	0.2334159800308556	-0.1338036593874337	-0.3672196394182894
clipped_0_200	299	0.1380072565772851	-0.2106898344279213	-0.3486970910052065
clipped_0_200	300	0.1119584807642513	-0.2641322853307055	-0.3760907660949568
clipped_0_200	301	0.0083156983739383	-0.3517998723386783	-0.3601155707126167
clipped_0_200	302	0.0073160033189365	-0.3428959746766438	-0.3502119779955803
clipped_0_200	303	0.0310366898416913	-0.3036729920721111	-0.3347096819138024
clipped_0_200	304	0.1260517765621045	-0.1805406835875154	-0.3065924601496199
clipped_0_200	305	0.1593635477657934	-0.2156360950201082	-0.3749996427859017
clipped_0_200	306	0.1405114921240505	-0.1864517116496179	-0.3269632037736685
clipped_0_200	307	0.1785222305169205	-0.2161213845786222	-0.3946436150955428
clipped_0_200	308	0.1544964987473667	-0.2112886125109796	-0.3657851112583463
clipped_0_200	309	0.0676743002177508	-0.345230777194028	-0.4129050774117788
clipped_0_200	310	0.1812333219700273	-0.1539176824634125	-0.3351510044334398
clipped_0_200	311	0.1048470703442092	-0.3234255480167818	-0.428272618360991
clipped_0_200	312	-0.0894002635702718	-0.3379400841482458	-0.248539820577974
clipped_0_200	313	0.0736866931931245	-0.1819056624791512	-0.2555923556722757
clipped_0_200	314	0.0649382926021101	-0.307415055097442	-0.3723533476995521
clipped_0_200	315	-0.0226832077694668	-0.3636100590311378	-0.340926851261671
clipped_0_200	316	0.1003768496201052	-0.3114298565959006	-0.4118067062160059
clipped_0_200	317	-0.003479027128729	-0.4070773758897691	-0.4035983487610401
clipped_0_200	318	0.0793555005385977	-0.3647854210348201	-0.4441409215734179
clipped_0_200	319	0.0360809372210456	-0.2763439280036445	-0.3124248652246901
clipped_0_200	320	-0.0825660171114836	-0.3619859702380106	-0.2794199531265269
clipped_0_200	321	0.2014914373633925	-0.1144990880814451	-0.3159905254448376
clipped_0_200	322	-0.0233117597685865	-0.3461720416954199	-0.3228602819268333
clipped_0_200	323	-0.0468134502540741	-0.4202515086612141	-0.3734380584071399
clipped_0_200	324	0.1252501363596155	-0.2448728826815891	-0.3701230190412046
clipped_0_200	325	-0.0032230066318439	-0.3180236259675777	-0.3148006193357338
clipped_0_200	326	0.190858990216499	-0.1935664421602037	-0.3844254323767027
clipped_0_200	327	0.065448834317244	-0.2404623614458733	-0.3059111957631173
clipped_0_200	328	0.0516537866806106	-0.2310557124950623	-0.2827094991756729
clipped_0_200	329	-0.0159704891397351	-0.3342230361144017	-0.3182525469746666
clipped_0_200	330	0.0512194831756418	-0.2615115116995414	-0.3127309948751833
clipped_0_200	331	0.2446067817159446	-0.0383912215197009	-0.2829980032356456
clipped_0_200	332	0.1763404031485912	-0.2128413619687043	-0.3891817651172955
clipped_0_200	333	0.1666074883023836	-0.2464412318215429	-0.4130487201239265
clipped_0_200	334	0.1751059246425991	-0.1821195483148648	-0.357225472957464
clipped_0_200	335	0.0502229708559028	-0.2807556397243359	-0.3309786105802388
clipped_0_200	336	0.272865315588724	-0.1003303352040884	-0.3731956507928124
clipped_0_200	337	0.0448368949233771	-0.3101617499083239	-0.354998644831701
clipped_0_200	338	0.172908736848895	-0.2154406072634434	-0.3883493441123384
clipped_0_200	339	0.0987394141673677	-0.1296589111039545	-0.2283983252713222
clipped_0_200	340	0.1919888571912363	-0.1644437147724552	-0.3564325719636916
clipped_0_200	341	0.0021321158564284	-0.3416944344747832	-0.3438265503312117
clipped_0_200	342	0.0747651245599309	-0.2082442309422325	-0.2830093555021635
clipped_0_200	343	-0.0605255351313026	-0.4607419454203111	-0.4002164102890084
clipped_0_200	344	0.0117429915794833	-0.3509984794203173	-0.3627414709998007
clipped_0_200	345	-0.0300939923255708	-0.3529595241948565	-0.3228655318692857
clipped_0_200	346	0.223909299726655	-0.1698758330337106	-0.3937851327603656
clipped_0_200	347	0.177642208023605	-0.2098103728404302	-0.3874525808640353
clipped_0_200	348	0.0646246199009794	-0.2169250156221454	-0.2815496355231248
clipped_0_200	349	0.1091956549117146	-0.2694050020370088	-0.3786006569487234
clipped_0_200	350	0.1284666728268971	-0.1579531040253888	-0.286419776852286
clipped_0_200	351	0.0197482005638348	-0.2992418571375194	-0.3189900577013542
clipped_0_200	352	0.0684817456309343	-0.2859712273694396	-0.354452973000374
clipped_0_200	353	0.0439803024561936	-0.291266056624708	-0.3352463590809016
clipped_0_200	354	0.2037490804571096	-0.1618286945673297	-0.3655777750244393
clipped_0_200	355	0.0709776608584073	-0.2344469921035619	-0.3054246529619693
clipped_0_200	356	0.2093019255448499	-0.1427110356753043	-0.3520129612201543
clipped_0_200	357	0.3193389494198155	-0.0467532780479019	-0.3660922274677174
clipped_0_200	358	-0.1085395678785478	-0.4507404084743941	-0.3422008405958463
clipped_0_200	359	0.2798125986807863	-0.1175328914786005	-0.3973454901593869
clipped_0_200	360	0.1332315466949797	-0.208210838563685	-0.3414423852586647
clipped_0_200	361	0.0208374332822881	-0.2821485672354045	-0.3029860005176927
clipped_0_200	362	0.0869044842480687	-0.2461961997897655	-0.3331006840378343
clipped_0_200	363	0.0506869339674683	-0.2349675089024565	-0.2856544428699248
clipped_0_200	364	0.0100318234203906	-0.3067209139912309	-0.3167527374116217
clipped_0_200	365	-0.1195226879613007	-0.5053304870496018	-0.3858077990883011
clipped_0_200	366	0.1106857047837127	-0.2152399341752341	-0.3259256389589469
clipped_0_200	367	-0.0215924187048534	-0.2749154854866353	-0.2533230667817818
clipped_0_200	368	0.2103661074488217	-0.1817132022858653	-0.3920793097346871
clipped_0_200	369	0.2006379489013374	-0.1349790385984022	-0.3356169874997396
clipped_0_200	370	0.0508245825465865	-0.2641134633051364	-0.314938045851723
clipped_0_200	371	0.0717134849487304	-0.2931663195444685	-0.3648798044931989
clipped_0_200	372	0.085995806622328	-0.2754493610506015	-0.3614451676729295
clipped_0_200	373	0.072296105873778	-0.2187439635037765	-0.2910400693775545
clipped_0_200	374	-0.0439972798561569	-0.3481719702280763	-0.3041746903719193
clipped_0_200	375	0.0381439501123029	-0.2834306666893336	-0.3215746168016365
clipped_0_200	376	0.1113427238623231	-0.2189415258201264	-0.3302842496824496
clipped_0_200	377	0.2554461726929419	-0.1024761135582837	-0.3579222862512257
clipped_0_200	378	-0.0758158909668731	-0.3491769323680183	-0.2733610414011451
clipped_0_200	379	-0.0589751749726057	-0.4458983563909628	-0.3869231814183571
clipped_0_200	380	0.1552916025087564	-0.1423407918262847	-0.2976323943350412
clipped_0_200	381	0.0236264144181809	-0.2805053039538631	-0.304131718372044
clipped_0_200	382	0.0512310234881515	-0.3326925506904529	-0.3839235741786044
clipped_0_200	383	-0.0360141377697586	-0.3039936282873563	-0.2679794905175976
clipped_0_200	384	-0.0929170861076325	-0.4426849108259039	-0.3497678247182714
clipped_0_200	385	0.229955427820684	-0.1422208184855656	-0.3721762463062497
clipped_0_200	386	0.105613168952086	-0.2399126444713957	-0.3455258134234817
clipped_0_200	387	-0.0061302752437375	-0.2963385690993119	-0.2902082938555743
clipped_0_200	388	0.2505104095728235	-0.088127907417697	-0.3386383169905205
clipped_0_200	389	0.2177162055885993	-0.1223660667200623	-0.3400822723086616
clipped_0_200	390	0.1374378233687075	-0.1831598859884408	-0.3205977093571484
clipped_0_200	391	0.0807484970892053	-0.3837912921088605	-0.4645397891980658
clipped_0_200	392	-0.0196857413673293	-0.404301062908468	-0.3846153215411387
clipped_0_200	393	0.1165240936414534	-0.2393095782853901	-0.3558336719268435
clipped_0_200	394	0.2179910094054999	-0.1452812291580653	-0.3632722385635653
clipped_0_200	395	0.0548271131406585	-0.2951861424469447	-0.3500132555876032
clipped_0_200	396	0.0318509384708299	-0.314813750050709	-0.346664688521539
clipped_0_200	397	0.1268895358348383	-0.233431758343842	-0.3603212941786804
clipped_0_200	398	0.0408809197059487	-0.3013100452733035	-0.3421909649792523
clipped_0_200	399	0.0270439336245292	-0.2868478109638252	-0.3138917445883544
clipped_0_200	400	0.0510682824726264	-0.2887687981100573	-0.3398370805826838
clipped_0_200	401	-0.1678210729643035	-0.5428465229998768	-0.3750254500355732
clipped_0_200	402	0.0568604909260467	-0.326645141291806	-0.3835056322178527
clipped_0_200	403	0.1607851182367353	-0.1819715332984225	-0.3427566515351579
clipped_0_200	404	0.2402838718504421	-0.0790868448932117	-0.3193707167436539
clipped_0_200	405	0.0743063007086163	-0.2881551750681301	-0.3624614757767465
clipped_0_200	406	0.1325652188197189	-0.2035905794220326	-0.3361557982417515
clipped_0_200	407	0.043398375751256	-0.3493487165514548	-0.3927470923027108
clipped_0_200	408	0.1891213754358335	-0.1680079957937047	-0.3571293712295382
clipped_0_200	409	0.0723722710109722	-0.267568577969943	-0.3399408489809152
clipped_0_200	410	0.203985055955726	-0.1488981861396832	-0.3528832420954093
clipped_0_200	411	0.0869030997991696	-0.3342436072483645	-0.4211467070475341
clipped_0_200	412	0.0972203731081987	-0.1520675547729339	-0.2492879278811326
clipped_0_200	413	0.255216359675308	-0.1021473653442033	-0.3573637250195114
clipped_0_200	414	0.2226965350741675	-0.086313896344557	-0.3090104314187245
clipped_0_200	415	0.1102755362939682	-0.2304090545674383	-0.3406845908614067
clipped_0_200	416	0.1033258976770628	-0.2326182677063347	-0.3359441653833976
clipped_0_200	417	0.0145194623997764	-0.3140372508506776	-0.3285567132504541
clipped_0_200	418	0.0515712079224949	-0.2863285335364306	-0.3378997414589255
clipped_0_200	419	0.0863885947262214	-0.1923302857741512	-0.2787188805003726
clipped_0_200	420	0.023892342128939	-0.3217222818960463	-0.3456146240249853
clipped_0_200	421	0.1252428367527553	-0.2339185396238149	-0.3591613763765702
clipped_0_200	422	0.0134438224522165	-0.294318604666128	-0.3077624271183445
clipped_0_200	423	0.1114362173462516	-0.3327444550557617	-0.4441806724020133
clipped_0_200	424	-0.121199821890412	-0.3991574441933845	-0.2779576223029725
clipped_0_200	425	0.2395724224170784	-0.0757773704977534	-0.3153497929148319
clipped_0_200	426	0.1466992029747647	-0.2489458534354633	-0.395645056410228
clipped_0_200	427	0.0968596258445879	-0.2676925886793802	-0.3645522145239681
clipped_0_200	428	0.1245219885487822	-0.1596782195788779	-0.2842002081276602
clipped_0_200	429	0.1347342598176871	-0.2298322844381709	-0.3645665442558581
clipped_0_200	430	0.1860946877321007	-0.2849094140887907	-0.4710041018208915
clipped_0_200	431	0.0711927985028863	-0.362201806841839	-0.4333946053447253
clipped_0_200	432	0.264243053696104	-0.1658041419696653	-0.4300471956657694
clipped_0_200	433	0.2105895679566474	-0.0915938951763949	-0.3021834631330424
clipped_0_200	434	-0.0278608019222281	-0.3271714621703769	-0.2993106602481488
clipped_0_200	435	0.0874581989647708	-0.2296346908130114	-0.3170928897777822
clipped_0_200	436	0.0830211345774428	-0.3093262632829374	-0.3923473978603802
clipped_0_200	437	0.1703498831467093	-0.1007431975603642	-0.2710930807070735
clipped_0_200	438	0.1584324736534562	-0.3112516397943176	-0.4696841134477738
clipped_0_200	439	-0.0161207909728375	-0.3971550458605588	-0.3810342548877212
clipped_0_200	440	0.0487405578386318	-0.3247041179495643	-0.3734446757881962
clipped_0_200	441	0.0147454434905167	-0.2596839511833498	-0.2744293946738665
clipped_0_200	442	-0.0964864741752429	-0.379594288447046	-0.2831078142718031
clipped_0_200	443	-0.0324061839080775	-0.2898905049247653	-0.2574843210166877
clipped_0_200	444	0.1573553559961444	-0.193099036088388	-0.3504543920845324
clipped_0_200	445	0.1976626998469815	-0.1533291789629045	-0.350991878809886
clipped_0_200	446	0.1090275414050064	-0.3011563707729355	-0.410183912177942
clipped_0_200	447	0.0564458510490454	-0.3187845554336724	-0.3752304064827179
clipped_0_200	448	0.0175086433945839	-0.2500964782653496	-0.2676051216599335
clipped_0_200	449	-0.0943848537555905	-0.5013280427848558	-0.4069431890292652
clipped_0_200	450	0.1444622336842843	-0.228512521151348	-0.3729747548356323
clipped_0_200	451	0.0321908242691551	-0.2365761706334969	-0.2687669949026521
clipped_0_200	452	-0.133618824499195	-0.4520735700499575	-0.3184547455507625
clipped_0_200	453	0.1176153909976105	-0.2364561027920463	-0.3540714937896569
clipped_0_200	454	0.1736206199589538	-0.1717776639924408	-0.3453982839513947
clipped_0_200	455	0.050309335769933	-0.2940255693498515	-0.3443349051197846
clipped_0_200	456	0.0746293670199773	-0.1602145340677122	-0.2348439010876895
clipped_0_200	457	0.1618408120459817	-0.2030640332567541	-0.3649048453027359
clipped_0_200	458	0.1122761758825995	-0.1791776501159151	-0.2914538259985146
clipped_0_200	459	0.0709598828113396	-0.3302238675454002	-0.4011837503567399
clipped_0_200	460	-0.0544102710154706	-0.4002184338613842	-0.3458081628459135
clipped_0_200	461	0.0798601252529154	-0.2003971321545867	-0.2802572574075022
clipped_0_200	462	0.2336506980079719	-0.0969894896656601	-0.330640187673632
clipped_0_200	463	0.0515786105462866	-0.2441291394722802	-0.295707750018567
clipped_0_200	464	-0.0394862414574939	-0.3534209714248496	-0.3139347299673556
clipped_0_200	465	0.2288658244465504	-0.1353970069337227	-0.3642628313802731
clipped_0_200	466	0.0533132486101454	-0.2689047610614144	-0.3222180096715599
clipped_0_200	467	-0.0256468318454118	-0.2485592625079681	-0.2229124306625562
clipped_0_200	468	0.1394775856756844	-0.3275391789341693	-0.4670167646098537
clipped_0_200	469	-0.0603278291904217	-0.3528560932352299	-0.2925282640448081
clipped_0_200	470	-0.043778690547973	-0.434851980852362	-0.391073290304389
clipped_0_200	471	0.1435373898676023	-0.2021257542417106	-0.345663144109313
clipped_0_200	472	0.0842137763801521	-0.3041004544214916	-0.3883142308016438
clipped_0_200	473	0.0639771476024349	-0.321451045854056	-0.3854281934564909
clipped_0_200	474	0.1583604796440722	-0.2489548803207479	-0.4073153599648201
clipped_0_200	475	0.0824306662159995	-0.279737625931349	-0.3621682921473486
clipped_0_200	476	0.0619491809214572	-0.2455174651475825	-0.3074666460690398
clipped_0_200	477	0.0406191834641379	-0.3013461252150598	-0.3419653086791978
clipped_0_200	478	0.0761573904117592	-0.2878624079548272	-0.3640197983665865
clipped_0_200	479	0.0847094262756781	-0.259337063264123	-0.3440464895398012
clipped_0_200	480	0.0715096828039746	-0.3206361151576662	-0.3921457979616409
clipped_0_200	481	0.2111666351132451	-0.115334454526855	-0.3265010896401001
clipped_0_200	482	0.0736241630087467	-0.2589611920458806	-0.3325853550546274
clipped_0_200	483	0.0420977718255335	-0.2949300136798338	-0.3370277855053674
clipped_0_200	484	0.3260542260441492	-0.0233577234278664	-0.3494119494720156
clipped_0_200	485	0.1125869718192431	-0.2610408347396913	-0.3736278065589344
clipped_0_200	486	0.0563150499958858	-0.3475059527876255	-0.4038210027835114
clipped_0_200	487	0.0742248615017396	-0.2943972470096886	-0.3686221085114283
clipped_0_200	488	0.077180093843315	-0.2910242028742772	-0.3682042967175922
clipped_0_200	489	0.1676933331365767	-0.1472206589001163	-0.314913992036693
clipped_0_200	490	0.0835597924993362	-0.285967224253046	-0.3695270167523823
clipped_0_200	491	0.0445832200724494	-0.3041901649485252	-0.3487733850209746
clipped_0_200	492	0.0286195778701364	-0.3657819315621166	-0.394401509432253
clipped_0_200	493	0.0616411141430113	-0.2938604937588919	-0.3555016079019033
clipped_0_200	494	0.0209899047982391	-0.3173494835828006	-0.3383393883810397
clipped_0_200	495	0.0929859984200735	-0.173721534738047	-0.2667075331581205
clipped_0_200	496	0.0915880938775053	-0.2916405821125345	-0.3832286759900398
clipped_0_200	497	0.2352125269311276	-0.1092873440884896	-0.3444998710196172
clipped_0_200	498	-0.047063985650875	-0.3679197305002491	-0.320855744849374
clipped_0_200	499	0.1009819962397583	-0.2477037158714913	-0.3486857121112496
clipped_0_200	500	0.0579839522555794	-0.30341796441391	-0.3614019166694895
clipped_0_200	501	0.2293096900325804	-0.1270944588982085	-0.356404148930789
clipped_0_200	502	0.0231145606654798	-0.3531249059186568	-0.3762394665841366
clipped_0_200	503	0.028478827578838	-0.3073051379767877	-0.3357839655556258
clipped_0_200	504	0.123690089969279	-0.1972256486147587	-0.3209157385840377
clipped_0_200	505	0.1389366360245175	-0.1784047793991133	-0.3173414154236309
clipped_0_200	506	0.1183333321192386	-0.1978695897458092	-0.3162029218650479
clipped_0_200	507	0.0566913734751554	-0.2755776917537851	-0.3322690652289406
clipped_0_200	508	0.1485220365129942	-0.1880043786989426	-0.3365264152119369
clipped_0_200	509	0.0734632346747439	-0.262126564600642	-0.335589799275386
clipped_0_200	510	0.0459474936338799	-0.292034136745928	-0.337981630379808
clipped_0_200	511	0.1211371081359069	-0.2286515366881336	-0.3497886448240406
clipped_0_200	512	0.1282451374317687	-0.3368728728255253	-0.465118010257294
clipped_0_200	513	0.1467878254959468	-0.1851527437330472	-0.331940569228994
clipped_0_200	514	0.0504565537709274	-0.3853577055338001	-0.4358142593047276
clipped_0_200	515	0.1003930679049189	-0.2717989467117739	-0.3721920146166928
clipped_0_200	516	0.1987382400067903	-0.1865382515933972	-0.3852764916001875
clipped_0_200	517	0.1344338910321886	-0.1628378357614688	-0.2972717267936575
clipped_0_200	518	0.1186234095376412	-0.3364555083131447	-0.4550789178507859
clipped_0_200	519	-0.0647249685053094	-0.3907585569650834	-0.326033588459774
clipped_0_200	520	-0.0084487277031576	-0.3386774418377952	-0.3302287141346376
clipped_0_200	521	0.0957666375493282	-0.2003412260562971	-0.2961078636056253
clipped_0_200	522	0.1056810994272565	-0.1816970338047226	-0.2873781332319791
clipped_0_200	523	0.0935875566636682	-0.1829390139023942	-0.2765265705660624
clipped_0_200	524	-0.1433989052700744	-0.4519354335001521	-0.3085365282300776
clipped_0_200	525	0.1320112511364106	-0.1867932909971185	-0.3188045421335292
clipped_0_200	526	0.0477663600145376	-0.3875831298728973	-0.435349489887435
clipped_0_200	527	-0.0138063221113165	-0.393043225293086	-0.3792369031817695
clipped_0_200	528	0.049469259710257	-0.328468425625445	-0.377937685335702
clipped_0_200	529	-0.0726650523785459	-0.427513864368618	-0.3548488119900721
clipped_0_200	530	0.1027702410746961	-0.2848108320168446	-0.3875810730915408
clipped_0_200	531	0.0958217682802985	-0.2635388609916831	-0.3593606292719817
clipped_0_200	532	-0.0451413638595062	-0.3678559956299612	-0.322714631770455
clipped_0_200	533	-0.0410792712054297	-0.3414108748958038	-0.300331603690374
clipped_0_200	534	-0.0057175822227479	-0.3166066408495666	-0.3108890586268187
clipped_0_200	535	0.1292116343677718	-0.2440861685197153	-0.3732978028874871
clipped_0_200	536	-0.0083948651886901	-0.312903474064211	-0.3045086088755209
clipped_0_200	537	0.0920613636876473	-0.1749930326073028	-0.2670543962949501
clipped_0_200	538	0.1359410939565069	-0.1882183019151271	-0.324159395871634
clipped_0_200	539	0.0229575550980321	-0.3085908907037364	-0.3315484458017685
clipped_0_200	540	0.1451567134234825	-0.2382521979241861	-0.3834089113476686
clipped_0_200	541	-0.0548583622504049	-0.3417925680651333	-0.2869342058147284
clipped_0_200	542	0.0925960504961738	-0.3445433388992418	-0.4371393893954156
clipped_0_200	543	0.0966525264664566	-0.217981508482403	-0.3146340349488596
clipped_0_200	544	0.0874575764749584	-0.2337568004624386	-0.3212143769373972
clipped_0_200	545	0.0325976035545143	-0.3614396394515427	-0.394037243006057
clipped_0_200	546	-0.0146770220607	-0.3105033573890499	-0.2958263353283499
clipped_0_200	547	0.2321033275386304	-0.1863193168594365	-0.418422644398067
clipped_0_200	548	0.1001950897491592	-0.2424593569010416	-0.3426544466502008
clipped_0_200	549	0.1522264385177061	-0.1641221957483714	-0.3163486342660775
clipped_0_200	550	0.1181309729004349	-0.2860569060846918	-0.4041878789851267
clipped_0_200	551	-0.0257080293352136	-0.3210367496984915	-0.2953287203632779
clipped_0_200	552	0.1784961358564173	-0.2099520857438198	-0.3884482216002372
clipped_0_200	553	0.0547033025962589	-0.319483358003626	-0.3741866605998849
clipped_0_200	554	0.0477016523693263	-0.2216341508905427	-0.2693358032598691
clipped_0_200	555	0.0407798414679523	-0.2475247508792742	-0.2883045923472265
clipped_0_200	556	0.0707121305457879	-0.2526816202138614	-0.3233937507596494
clipped_0_200	557	0.0345836169080776	-0.3220654326199813	-0.356649049528059
clipped_0_200	558	0.0406170808594245	-0.20673430152346	-0.2473513823828845
clipped_0_200	559	-0.079220115238361	-0.4743673822922011	-0.39514726705384
clipped_0_200	560	0.0347405145931266	-0.2969185026537139	-0.3316590172468405
clipped_0_200	561	0.2310881342458856	-0.1063775878788689	-0.3374657221247545
clipped_0_200	562	0.0205183544869796	-0.3623094146751009	-0.3828277691620805
clipped_0_200	563	0.0388675137925695	-0.2964673675254961	-0.3353348813180656
clipped_0_200	564	0.0308959506452418	-0.2914205200505514	-0.3223164706957933
clipped_0_200	565	0.2223017106663969	-0.0873583259129129	-0.3096600365793098
clipped_0_200	566	0.0273716957324293	-0.4033607121198878	-0.4307324078523171
clipped_0_200	567	0.0335501222412606	-0.248564040149871	-0.2821141623911316
clipped_0_200	568	0.1851467746755273	-0.1515477747035461	-0.3366945493790734
clipped_0_200	569	0.2198804317684334	-0.1707388730772006	-0.3906193048456341
clipped_0_200	570	0.0225590321192561	-0.2801043944715268	-0.302663426590783
clipped_0_200	571	0.2122003505779807	-0.2501675149916401	-0.4623678655696208
clipped_0_200	572	0.2227891962033982	-0.175177771807565	-0.3979669680109632
clipped_0_200	573	0.2435191117759367	-0.0972087070557211	-0.3407278188316578
clipped_0_200	574	0.0387377162002761	-0.3438166100296566	-0.3825543262299327
clipped_0_200	575	-0.0118904395822391	-0.298503398470669	-0.2866129588884298
clipped_0_200	576	0.108939893709497	-0.2526218224029175	-0.3615617161124145
clipped_0_200	577	0.0301421456452111	-0.2971778853771329	-0.3273200310223441
clipped_0_200	578	0.0946487875702276	-0.3014579512929977	-0.3961067388632253
clipped_0_200	579	0.0749794947737726	-0.2768195212137264	-0.3517990159874991
clipped_0_200	580	0.252464009156094	-0.109582692303321	-0.3620467014594151
clipped_0_200	581	-0.1728453518405088	-0.5033367671553484	-0.3304914153148395
clipped_0_200	582	0.1180100447381226	-0.3347533229423066	-0.4527633676804292
clipped_0_200	583	0.145634527164112	-0.2751598301007259	-0.4207943572648379
clipped_0_200	584	0.1756616482649316	-0.160677899573802	-0.3363395478387336
clipped_0_200	585	-0.0115149368236877	-0.3027733927921481	-0.2912584559684603
clipped_0_200	586	0.1378359375644098	-0.1425963884247185	-0.2804323259891284
clipped_0_200	587	0.0220581890968867	-0.3768387244427791	-0.3988969135396658
clipped_0_200	588	0.0966251950090637	-0.214453399615176	-0.3110785946242398
clipped_0_200	589	0.1333201252547688	-0.2258742684071702	-0.359194393661939
clipped_0_200	590	0.148233742408079	-0.2797354603270912	-0.4279692027351702
clipped_0_200	591	0.0157079559211445	-0.3728157476023153	-0.3885237035234599
clipped_0_200	592	0.1688532136464275	-0.2167898337201856	-0.3856430473666132
clipped_0_200	593	-0.0191221689792677	-0.2631977623142973	-0.2440755933350296
clipped_0_200	594	-0.068157125526779	-0.4513489971615514	-0.3831918716347724
clipped_0_200	595	-0.011577533870535	-0.3805646172313863	-0.3689870833608513
clipped_0_200	596	0.1749259512017108	-0.1416176919587716	-0.3165436431604824
clipped_0_200	597	0.1265739257382794	-0.1790308397307507	-0.3056047654690301
clipped_0_200	598	-0.033312356798597	-0.3819544779043997	-0.3486421211058026
clipped_0_200	599	-0.0731080230623369	-0.3780123999062713	-0.3049043768439343
clipped_0_200	600	0.1722726761312239	-0.0864892233328843	-0.2587618994641083
clipped_0_200	601	0.0784888961712565	-0.2627510248935517	-0.3412399210648082
clipped_0_200	602	0.1480551437209963	-0.2465299952424904	-0.3945851389634867
clipped_0_200	603	0.0584007871470811	-0.3436905017432789	-0.40209128889036
clipped_0_200	604	0.108939710236352	-0.271118325559234	-0.380058035795586
clipped_0_200	605	0.0533154385967366	-0.2214045450441939	-0.2747199836409306
clipped_0_200	606	0.1127806604471452	-0.2288034900167699	-0.3415841504639152
clipped_0_200	607	0.1171596289618984	-0.2472203367135349	-0.3643799656754334
clipped_0_200	608	-0.023828160298933	-0.427790753536671	-0.403962593237738
clipped_0_200	609	0.056195754359098	-0.219305346074655	-0.2755011004337531
clipped_0_200	610	0.126627373582428	-0.3252078399742287	-0.4518352135566568
clipped_0_200	611	0.1375221062630275	-0.2891609607337645	-0.426683066996792
clipped_0_200	612	0.0801549278707805	-0.334318404437258	-0.4144733323080385
clipped_0_200	613	0.2026101280402277	-0.1501861851914689	-0.3527963132316967
clipped_0_200	614	0.2080350845428164	-0.1279814580968899	-0.3360165426397064
clipped_0_200	615	0.1131990992878201	-0.212889467315047	-0.3260885666028672
clipped_0_200	616	0.0396162413055754	-0.2507430084592632	-0.2903592497648386
clipped_0_200	617	-0.0574325011199789	-0.4564455645708893	-0.3990130634509103
clipped_0_200	618	0.1010195124350623	-0.2255452236601791	-0.3265647360952415
clipped_0_200	619	0.0689235196140418	-0.3122897198784753	-0.3812132394925172
clipped_0_200	620	0.1483418774308306	-0.2052848888134522	-0.3536267662442828
clipped_0_200	621	0.0663979874900093	-0.3218828400285753	-0.3882808275185847
clipped_0_200	622	0.0639135581555214	-0.3298772737766191	-0.3937908319321406
clipped_0_200	623	0.0192366176709799	-0.2718907754551667	-0.2911273931261466
clipped_0_200	624	0.2220370406178242	-0.0957492504481032	-0.3177862910659275
clipped_0_200	625	0.0536387845355047	-0.3079118011226033	-0.361550585658108
clipped_0_200	626	-0.0208346210117114	-0.3881691324787308	-0.3673345114670194
clipped_0_200	627	-0.0090998783154534	-0.2731946869548929	-0.2640948086394394
clipped_0_200	628	0.1589630971842545	-0.066079789047264	-0.2250428862315185
clipped_0_200	629	0.033825659839477	-0.3024783944610454	-0.3363040543005224
clipped_0_200	630	0.0536264426393194	-0.2543745928238516	-0.3080010354631711
clipped_0_200	631	-0.0455903263486069	-0.4085572178051632	-0.3629668914565562
clipped_0_200	632	-0.0423454302834661	-0.3381300718650907	-0.2957846415816245
clipped_0_200	633	0.0042531432535936	-0.2775620892895807	-0.2818152325431744
clipped_0_200	634	0.1069820123488144	-0.2069490819086645	-0.3139310942574789
clipped_0_200	635	0.0952270981055381	-0.238819375167744	-0.3340464732732822
clipped_0_200	636	0.1909973951329725	-0.2039907255155751	-0.3949881206485477
clipped_0_200	637	0.0886655063733566	-0.3475730527219622	-0.4362385590953188
clipped_0_200	638	0.119715433037473	-0.2909506249917264	-0.4106660580291995
clipped_0_200	639	0.1956979355197518	-0.2993550598627615	-0.4950529953825133
clipped_0_200	640	0.0884520180952266	-0.2722769632393065	-0.3607289813345331
clipped_0_200	641	0.0284085558372326	-0.3167245966158403	-0.3451331524530729
clipped_0_200	642	0.0756505767486748	-0.2918728982027219	-0.3675234749513967
clipped_0_200	643	0.1705451577708014	-0.2208455439162584	-0.3913907016870599
clipped_0_200	644	0.0579112361284006	-0.2575242092577264	-0.315435445386127
clipped_0_200	645	-0.0152991414894381	-0.3172727862435764	-0.3019736447541383
clipped_0_200	646	-0.0643786058625134	-0.4670459953190135	-0.4026673894565
clipped_0_200	647	0.1662658137855414	-0.1596493618944466	-0.325915175679988
clipped_0_200	648	0.1293722821168978	-0.2375068519110304	-0.3668791340279282
clipped_0_200	649	0.034752726541149	-0.2693854319370237	-0.3041381584781728
clipped_0_200	650	0.1095768086480457	-0.1686162698031495	-0.2781930784511952
clipped_0_200	651	-0.0029370163193742	-0.3848359111665258	-0.3818988948471515
clipped_0_200	652	-0.0314545029169287	-0.3267212258753817	-0.2952667229584529
clipped_0_200	653	0.117255458073398	-0.2723340632406773	-0.3895895213140754
clipped_0_200	654	0.063912325685165	-0.2609777141176789	-0.324890039802844
clipped_0_200	655	0.0107833447734934	-0.2982665204445148	-0.3090498652180082
clipped_0_200	656	0.1323023784669929	-0.223132088898916	-0.3554344673659089
clipped_0_200	657	0.07173772654899	-0.3179785972674147	-0.3897163238164047
clipped_0_200	658	0.0032764076899137	-0.3046669397573628	-0.3079433474472766
clipped_0_200	659	0.0538226888205967	-0.2579938568342858	-0.3118165456548825
clipped_0_200	660	-0.1018127216653237	-0.3901302366894548	-0.288317515024131
clipped_0_200	661	0.2339118171293616	-0.1384379629986533	-0.3723497801280149
clipped_0_200	662	0.0349286821476084	-0.2617852306588642	-0.2967139128064726
clipped_0_200	663	-0.0977504413029331	-0.4726847776446837	-0.3749343363417505
clipped_0_200	664	0.0396500964073873	-0.2408067999873231	-0.2804568963947105
clipped_0_200	665	0.0299501443910129	-0.3152793268411619	-0.3452294712321748
clipped_0_200	666	0.1823779965108073	-0.2372779103913896	-0.419655906902197
clipped_0_200	667	0.0378772093419068	-0.3285364954155492	-0.366413704757456
clipped_0_200	668	0.0332786901026626	-0.3317206552260675	-0.3649993453287301
clipped_0_200	669	0.2053825301954927	-0.1534310269919355	-0.3588135571874282
clipped_0_200	670	1.113183773402136e-05	-0.3660109252416206	-0.3660220570793546
clipped_0_200	671	0.0385330091782549	-0.2892201980011026	-0.3277532071793576
clipped_0_200	672	0.0360449290498472	-0.2712387051570486	-0.3072836342068958
clipped_0_200	673	0.1314757027351751	-0.1956516014808993	-0.3271273042160745
clipped_0_200	674	0.2469169079124833	-0.1027427968002589	-0.3496597047127423
clipped_0_200	675	-0.0172621506628738	-0.3171170062658404	-0.2998548556029665
clipped_0_200	676	0.084493777720566	-0.195879948847711	-0.2803737265682771
clipped_0_200	677	-0.1257604831775514	-0.4457332246819966	-0.3199727415044451
clipped_0_200	678	0.1093610019434147	-0.1939561444954781	-0.3033171464388928
clipped_0_200	679	0.0810380489806286	-0.2739841272306027	-0.3550221762112313
clipped_0_200	680	0.1316894893503735	-0.318781847374611	-0.4504713367249846
clipped_0_200	681	0.2006821007069696	-0.1501677376991675	-0.3508498384061371
clipped_0_200	682	0.2109131898759579	-0.2324962672190394	-0.4434094570949973
clipped_0_200	683	0.1058609530258	-0.2812527933611431	-0.3871137463869432
clipped_0_200	684	0.1722405453435813	-0.1908542452405632	-0.3630947905841446
clipped_0_200	685	0.1343590345533457	-0.1913372381988979	-0.3256962727522436
clipped_0_200	686	0.0638209347268989	-0.1998983418096352	-0.2637192765365341
clipped_0_200	687	0.0532850340897931	-0.2489759558388565	-0.3022609899286497
clipped_0_200	688	0.020624910844303	-0.379821985941099	-0.400446896785402
clipped_0_200	689	0.1991485021159197	-0.1559906645473913	-0.355139166663311
clipped_0_200	690	0.0608717604228292	-0.2546364475439855	-0.3155082079668148
clipped_0_200	691	0.1180674534854187	-0.17206323729528	-0.2901306907806988
clipped_0_200	692	0.0927037280082144	-0.1917236277489737	-0.2844273557571881
clipped_0_200	693	0.2249013718328298	-0.1881269995769688	-0.4130283714097986
clipped_0_200	694	0.1902503133154247	-0.168079771439239	-0.3583300847546637
clipped_0_200	695	0.1397947709062236	-0.234080712034785	-0.3738754829410087
clipped_0_200	696	0.0866158444444563	-0.2384591635316967	-0.3250750079761531
clipped_0_200	697	0.0158283403657082	-0.3343359681807099	-0.3501643085464181
clipped_0_200	698	0.2404602134783554	-0.0931965601561587	-0.3336567736345142
clipped_0_200	699	-0.0112878010951697	-0.301480401541539	-0.2901926004463693
clipped_0_200	700	0.1030870940083601	-0.2141642232799871	-0.3172513172883473
clipped_0_200	701	0.0212820838136183	-0.264326329428391	-0.2856084132420093
clipped_0_200	702	0.0136858532470146	-0.2925184335752856	-0.3062042868223003
clipped_0_200	703	-0.1291136778659491	-0.3713466645256683	-0.2422329866597191
clipped_0_200	704	-0.0532995065876973	-0.3932457947961335	-0.3399462882084361
clipped_0_200	705	-0.0310264157162627	-0.3788883555756033	-0.3478619398593405
clipped_0_200	706	0.0535929234308577	-0.2924551982582789	-0.3460481216891367
clipped_0_200	707	0.0627432773119644	-0.2353214780994623	-0.2980647554114268
clipped_0_200	708	0.1495004888303532	-0.1543795745504846	-0.3038800633808378
clipped_0_200	709	0.1825427096159804	-0.1810920549386482	-0.3636347645546287
clipped_0_200	710	0.1349151093835989	-0.2056158978952325	-0.3405310072788314
clipped_0_200	711	0.0455907814162661	-0.3129661701042719	-0.358556951520538
clipped_0_200	712	0.0953499077700777	-0.2559404432150162	-0.351290350985094
clipped_0_200	713	0.0663721929558186	-0.2954426067547732	-0.3618147997105918
clipped_0_200	714	-0.0088447317381082	-0.3509335501369426	-0.3420888183988344
clipped_0_200	715	0.0300111545940537	-0.3667714352856766	-0.3967825898797303
clipped_0_200	716	-0.05116362712605	-0.3496404768736689	-0.2984768497476189
clipped_0_200	717	0.1134417573579803	-0.2313334724906161	-0.3447752298485964
clipped_0_200	718	0.0805771099662826	-0.2688829272502651	-0.3494600372165477
clipped_0_200	719	0.0286114996556838	-0.3368095787789782	-0.3654210784346621
clipped_0_200	720	0.1194979049491235	-0.2205566959300125	-0.3400546008791361
clipped_0_200	721	0.2939469362183038	-0.0574359184302032	-0.3513828546485071
clipped_0_200	722	0.0916555106538989	-0.2811593864172662	-0.3728148970711652
clipped_0_200	723	-0.066029654774742	-0.4085046270100545	-0.3424749722353124
clipped_0_200	724	0.0581203064357345	-0.3571903472250263	-0.4153106536607609
clipped_0_200	725	0.0805494372824274	-0.2256669492066986	-0.3062163864891261
clipped_0_200	726	0.1437821064145017	-0.2144470679067913	-0.3582291743212931
clipped_0_200	727	0.2445044388605216	-0.1687473806603871	-0.4132518195209087
clipped_0_200	728	-0.0249737643816142	-0.3354780517643704	-0.3105042873827561
clipped_0_200	729	0.0735491371964543	-0.2938467645972095	-0.3673959017936639
clipped_0_200	730	-0.0831542056704511	-0.5255088023015545	-0.4423545966311033
clipped_0_200	731	0.1006147464379136	-0.2282156762138897	-0.3288304226518033
clipped_0_200	732	-0.0271567765106363	-0.366207830785846	-0.3390510542752096
clipped_0_200	733	0.0045415129442688	-0.2866869379827917	-0.2912284509270606
clipped_0_200	734	-0.0409557503861712	-0.4681136281633058	-0.4271578777771345
clipped_0_200	735	-0.0453747508337653	-0.3400275323506567	-0.2946527815168913
clipped_0_200	736	0.0889609257504707	-0.2113633495014143	-0.3003242752518851
clipped_0_200	737	0.1685325798747848	-0.1901434476678952	-0.3586760275426801
clipped_0_200	738	-0.0193529733875142	-0.3721483468884569	-0.3527953735009426
clipped_0_200	739	0.05139043662986	-0.2589874736580373	-0.3103779102878974
clipped_0_200	740	0.2118804841611383	-0.1639046868523651	-0.3757851710135035
clipped_0_200	741	-0.1092361609216853	-0.482529716146704	-0.3732935552250187
clipped_0_200	742	0.0131439368969125	-0.2375205167037875	-0.2506644536007001
clipped_0_200	743	0.0962242176355589	-0.2639803075291683	-0.3602045251647272
clipped_0_200	744	0.1521176430324533	-0.2324489244140253	-0.3845665674464786
clipped_0_200	745	0.3333153053177592	-0.0188698174886941	-0.3521851228064534
clipped_0_200	746	0.1027398739849166	-0.250945295133453	-0.3536851691183695
clipped_0_200	747	0.0037573233177971	-0.286984435310719	-0.2907417586285161
clipped_0_200	748	-0.0467366411830558	-0.3661889320787279	-0.319452290895672
clipped_0_200	749	0.0469408689457257	-0.3355892720963918	-0.3825301410421176
clipped_0_200	750	0.0242135887259233	-0.3985323009250502	-0.4227458896509735
clipped_0_200	751	0.11830979425323	-0.2779322062824962	-0.3962420005357263
clipped_0_200	752	0.0609001055013509	-0.2464103571214375	-0.3073104626227885
clipped_0_200	753	-0.0392671131610255	-0.2401988805868961	-0.2009317674258706
clipped_0_200	754	-0.0468741475731897	-0.4237572453905119	-0.3768830978173222
clipped_0_200	755	0.0395827376023329	-0.2825840945488356	-0.3221668321511686
clipped_0_200	756	0.215344618386841	-0.174816700594307	-0.3901613189811481
clipped_0_200	757	0.2727349355869289	-0.0617804248751556	-0.3345153604620845
clipped_0_200	758	0.0610563354263908	-0.2536144878830489	-0.3146708233094397
clipped_0_200	759	0.1864199478392118	-0.1914534427162749	-0.3778733905554867
clipped_0_200	760	0.0903961063285595	-0.2538304399807761	-0.3442265463093357
clipped_0_200	761	0.1487221665533957	-0.1369202582534625	-0.2856424248068583
clipped_0_200	762	-0.0675959109620724	-0.4024371138394966	-0.3348412028774241
clipped_0_200	763	0.0269828531198555	-0.2267325819685876	-0.2537154350884432
clipped_0_200	764	0.0347088083086184	-0.3101933499768182	-0.3449021582854366
clipped_0_200	765	0.3136590514278167	-0.0423278142116941	-0.3559868656395109
clipped_0_200	766	0.1215820148254736	-0.255777236500372	-0.3773592513258457
clipped_0_200	767	0.1776693845948121	-0.2080491704116924	-0.3857185550065045
clipped_0_200	768	0.0403768630842329	-0.3066196489491994	-0.3469965120334324
clipped_0_200	769	0.1099153892287665	-0.2287679913719804	-0.338683380600747
clipped_0_200	770	-0.0196343607341739	-0.411000417721552	-0.391366056987378
clipped_0_200	771	0.0431564499645297	-0.2951943777019883	-0.3383508276665181
clipped_0_200	772	-0.0201558221342474	-0.4685623889377631	-0.4484065668035157
clipped_0_200	773	0.15541517891585	-0.1888054785284489	-0.3442206574442989
clipped_0_200	774	0.0258560700945663	-0.3095373793131339	-0.3353934494077002
clipped_0_200	775	0.0544884618719163	-0.3168956404245606	-0.371384102296477
clipped_0_200	776	0.1140214441108395	-0.2315508192210471	-0.3455722633318867
clipped_0_200	777	-0.0189383630400247	-0.3549334079590784	-0.3359950449190536
clipped_0_200	778	0.1198183891149726	-0.2153522658476645	-0.3351706549626372
clipped_0_200	779	0.3357925140852265	0.0217314661383669	-0.3140610479468595
clipped_0_200	780	0.12936691560767	-0.2328273994894544	-0.3621943150971245
clipped_0_200	781	0.1235259755729081	-0.2052164031073364	-0.3287423786802446
clipped_0_200	782	0.0510418507436169	-0.2697689456216713	-0.3208107963652882
clipped_0_200	783	0.176966198730723	-0.188482402080879	-0.365448600811602
clipped_0_200	784	0.0952246569667546	-0.211327470780617	-0.3065521277473717
clipped_0_200	785	0.150451665467272	-0.2597420609611427	-0.4101937264284148
clipped_0_200	786	-0.1301627641505985	-0.4458370367907883	-0.3156742726401897
clipped_0_200	787	0.1517759727161453	-0.1469314504919945	-0.2987074232081398
clipped_0_200	788	-0.0298470428611672	-0.3744449614903584	-0.3445979186291912
clipped_0_200	789	0.2250217904962944	-0.2037171995479225	-0.4287389900442169
clipped_0_200	790	-0.0991441707831098	-0.4626397836388728	-0.3634956128557629
clipped_0_200	791	0.0205023637670882	-0.2426570937322732	-0.2631594574993614
clipped_0_200	792	-0.0629408030287769	-0.4021455553603122	-0.3392047523315353
clipped_0_200	793	-0.0232013157524371	-0.3592885540799276	-0.3360872383274904
clipped_0_200	794	-0.0147739865254971	-0.3104481293011765	-0.2956741427756792
clipped_0_200	795	-0.0112866026567582	-0.2589040280486896	-0.2476174253919314
clipped_0_200	796	0.3393650594295389	0.0239223709148935	-0.3154426885146453
clipped_0_200	797	0.1802036437412682	-0.1644370939749843	-0.3446407377162526
clipped_0_200	798	-0.0498539940195552	-0.3565386398156555	-0.3066846457961003
clipped_0_200	799	0.0836047832944094	-0.2667057907356286	-0.350310574030038
clipped_0_200	800	0.1563303505523759	-0.1541694933202332	-0.3104998438726092
clipped_0_200	801	-0.0252551832360167	-0.4003824479470104	-0.3751272647109936
clipped_0_200	802	0.0685643477045636	-0.2185604751470884	-0.2871248228516521
clipped_0_200	803	0.0067665867687125	-0.2536889074353587	-0.2604554942040713
clipped_0_200	804	-0.0668468686983002	-0.3327660899278071	-0.2659192212295069
clipped_0_200	805	-0.0268193384058505	-0.387579709701157	-0.3607603712953064
clipped_0_200	806	0.1753714873694204	-0.130736032605709	-0.3061075199751295
clipped_0_200	807	0.0561963535721877	-0.2099536418710942	-0.266149995443282
clipped_0_200	808	0.2000757668929266	-0.1098586995784239	-0.3099344664713506
clipped_0_200	809	0.1385823497145693	-0.2064375828980326	-0.345019932612602
clipped_0_200	810	0.2338437510828687	-0.0733007397142587	-0.3071444907971274
clipped_0_200	811	-0.1307194785605704	-0.5069257731755267	-0.3762062946149562
clipped_0_200	812	0.0609958240538386	-0.2242230142550063	-0.285218838308845
clipped_0_200	813	0.1753732306005642	-0.1963983126701855	-0.3717715432707498
clipped_0_200	814	0.0111076375846922	-0.3000159798823322	-0.3111236174670244
clipped_0_200	815	0.2058797986568457	-0.1595401045535764	-0.3654199032104221
clipped_0_200	816	0.1300239706470337	-0.1653724353736484	-0.2953964060206822
clipped_0_200	817	0.1120128134565219	-0.1967799362316384	-0.3087927496881604
clipped_0_200	818	0.0792736800552863	-0.2738684245889536	-0.35314210464424
clipped_0_200	819	0.1143107256064366	-0.2781423367705999	-0.3924530623770366
clipped_0_200	820	-0.2202708499765863	-0.5289235255844186	-0.3086526756078322
clipped_0_200	821	0.2192035049072327	-0.1277115372020834	-0.3469150421093161
clipped_0_200	822	0.0857574804492923	-0.2154062565887665	-0.3011637370380589
clipped_0_200	823	0.3157666516074154	0.0023284944463422	-0.3134381571610731
clipped_0_200	824	0.1383810156499614	-0.1951879448382965	-0.3335689604882579
clipped_0_200	825	0.2031230307787928	-0.1625108983600271	-0.36563392913882
clipped_0_200	826	0.2064234277293917	-0.1138874705416856	-0.3203108982710774
clipped_0_200	827	0.0749775916464661	-0.281937699933835	-0.3569152915803011
clipped_0_200	828	0.0524386674072299	-0.2522578667052264	-0.3046965341124563
clipped_0_200	829	0.0002664416571115	-0.3870158150388035	-0.3872822566959151
clipped_0_200	830	0.0111129001461982	-0.353611003071367	-0.3647239032175653
clipped_0_200	831	0.1494571839451564	-0.2121554678604308	-0.3616126518055873
clipped_0_200	832	0.1449525940454045	-0.2930827528107563	-0.4380353468561608
clipped_0_200	833	0.0163830825831966	-0.3229461942780646	-0.3393292768612612
clipped_0_200	834	0.0210547375216124	-0.2526115051231251	-0.2736662426447376
clipped_0_200	835	0.069863315701529	-0.2477859868296187	-0.3176493025311477
clipped_0_200	836	0.0321284325016956	-0.2616430897877387	-0.2937715222894344
clipped_0_200	837	0.0194490820361064	-0.4043009850999671	-0.4237500671360736
clipped_0_200	838	0.2256793022924187	-0.0907464793566212	-0.3164257816490399
clipped_0_200	839	0.0392906492704991	-0.314647915430166	-0.3539385647006652
clipped_0_200	840	0.2820316183143372	-0.0958857496037159	-0.3779173679180532
clipped_0_200	841	0.0544336980987782	-0.1893579536587229	-0.2437916517575011
clipped_0_200	842	0.0098380798348007	-0.3122371108121408	-0.3220751906469415
clipped_0_200	843	0.1218544218837152	-0.1972304026987174	-0.3190848245824327
clipped_0_200	844	0.0941774030063798	-0.3169091436414698	-0.4110865466478497
clipped_0_200	845	0.234037075153274	-0.0890155739009644	-0.3230526490542384
clipped_0_200	846	0.0131099872722015	-0.3016747822580475	-0.314784769530249
clipped_0_200	847	-0.1030985060652987	-0.4634051695690658	-0.360306663503767
clipped_0_200	848	0.2155010716725125	-0.1987395895360073	-0.4142406612085199
clipped_0_200	849	0.1685408664715266	-0.1940958875158909	-0.3626367539874175
clipped_0_200	850	0.1687424919088888	-0.1791296596085957	-0.3478721515174845
clipped_0_200	851	0.0629698081477899	-0.2178188548935929	-0.2807886630413829
clipped_0_200	852	0.0472245957479543	-0.2437405486024563	-0.2909651443504106
clipped_0_200	853	0.1154697161819492	-0.2156743452065491	-0.3311440613884984
clipped_0_200	854	-0.0435724541338587	-0.3822369902954969	-0.3386645361616383
clipped_0_200	855	0.1394195859833008	-0.171820502068518	-0.3112400880518189
clipped_0_200	856	-0.0165947576532674	-0.3860507911462942	-0.3694560334930268
clipped_0_200	857	-0.06536427083081	-0.4120176234049717	-0.3466533525741617
clipped_0_200	858	0.127873775192089	-0.1393739162746187	-0.2672476914667078
clipped_0_200	859	-0.0214654308297168	-0.4209959555867196	-0.3995305247570027
clipped_0_200	860	0.0233715874383996	-0.3192065922066646	-0.3425781796450642
clipped_0_200	861	0.1813166444433896	-0.1423533373441573	-0.323669981787547
clipped_0_200	862	0.1394163530831868	-0.2082234535833538	-0.3476398066665407
clipped_0_200	863	0.0862868020045001	-0.2699656142728142	-0.3562524162773144
clipped_0_200	864	-0.0018505274026333	-0.2966315029506564	-0.294780975548023
clipped_0_200	865	0.1988264510440479	-0.1276909149558046	-0.3265173659998526
clipped_0_200	866	0.0531466429029112	-0.2805442371611635	-0.3336908800640747
clipped_0_200	867	-0.0262616250345492	-0.3379728651478401	-0.3117112401132909
clipped_0_200	868	0.0519044408593569	-0.2572484106304509	-0.3091528514898078
clipped_0_200	869	-0.0695216149391906	-0.4076909842688088	-0.3381693693296181
clipped_0_200	870	0.1736525555775812	-0.149102553545412	-0.3227551091229932
clipped_0_200	871	-0.004325403014618	-0.3534419786254279	-0.3491165756108099
clipped_0_200	872	0.1555879969098371	-0.1933254285451865	-0.3489134254550237
clipped_0_200	873	0.1347317503513324	-0.199270039217443	-0.3340017895687754
clipped_0_200	874	0.0580205386744202	-0.2886249218539886	-0.3466454605284088
clipped_0_200	875	0.0358161385251868	-0.2427631653352971	-0.278579303860484
clipped_0_200	876	0.1151033657556439	-0.2060261401463195	-0.3211295059019634
clipped_0_200	877	0.0909851661089387	-0.3329764272514643	-0.423961593360403
clipped_0_200	878	0.1363880587184454	-0.1408129565505004	-0.2772010152689459
clipped_0_200	879	0.1640074872092877	-0.2578958484825159	-0.4219033356918036
clipped_0_200	880	0.1647658120096313	-0.1531869329470254	-0.3179527449566568
clipped_0_200	881	0.1103801934651488	-0.2203678951803162	-0.330748088645465
clipped_0_200	882	0.0522419425708382	-0.2923111164758407	-0.344553059046679
clipped_0_200	883	0.0853410113536202	-0.314158085574794	-0.3994990969284142
clipped_0_200	884	0.2855204605824497	-0.1248584764395779	-0.4103789370220276
clipped_0_200	885	0.1423026636639119	-0.2651491377983561	-0.4074518014622681
clipped_0_200	886	0.054653067730274	-0.339879785481841	-0.394532853212115
clipped_0_200	887	0.080495656955935	-0.2980259790339285	-0.3785216359898635
clipped_0_200	888	0.132577711856288	-0.2173112732938897	-0.3498889851501778
clipped_0_200	889	0.1195679945308351	-0.2037232127398661	-0.3232912072707012
clipped_0_200	890	-0.0090951284304354	-0.3946540770463599	-0.3855589486159245
clipped_0_200	891	-0.0427340032731512	-0.3484080010297937	-0.3056739977566425
clipped_0_200	892	-0.0297948003144291	-0.32264069955391	-0.2928458992394809
clipped_0_200	893	0.1509923757062934	-0.2201721625727299	-0.3711645382790234
clipped_0_200	894	0.0496730422937312	-0.289552140112191	-0.3392251824059222
clipped_0_200	895	-0.030057524671584	-0.3928765801726624	-0.3628190555010784
clipped_0_200	896	-0.0063610937686898	-0.2838353945171672	-0.2774743007484774
clipped_0_200	897	0.2453184646695487	-0.0506929710926144	-0.2960114357621632
clipped_0_200	898	0.1436532154169415	-0.2355064338177542	-0.3791596492346958
clipped_0_200	899	0.0662776024396446	-0.2329327859654061	-0.2992103884050507
clipped_0_200	900	0.0572255374975013	-0.3670058133700966	-0.4242313508675979
clipped_0_200	901	-0.1833267303427104	-0.509484139541962	-0.3261574091992516
clipped_0_200	902	-0.0956156582547865	-0.4303087945948757	-0.3346931363400891
clipped_0_200	903	-0.0003613154488296	-0.3701113421709899	-0.3697500267221603
clipped_0_200	904	0.162709718864463	-0.1908966973471737	-0.3536064162116368
clipped_0_200	905	0.2322491232988443	-0.114555136275273	-0.3468042595741174
clipped_0_200	906	-0.1330062615888837	-0.489832533828422	-0.3568262722395383
clipped_0_200	907	0.1271807105461776	-0.1846907853354941	-0.3118714958816717
clipped_0_200	908	0.1178155887441956	-0.2652103789235742	-0.3830259676677698
clipped_0_200	909	-0.0619675288902656	-0.4728178716243573	-0.4108503427340917
clipped_0_200	910	0.1783593419092426	-0.1971284931738104	-0.375487835083053
clipped_0_200	911	0.0268419167047858	-0.3191043269539718	-0.3459462436587577
clipped_0_200	912	0.0513629600732305	-0.3473400890240843	-0.3987030490973149
clipped_0_200	913	0.1075006977598597	-0.272843084670117	-0.3803437824299767
clipped_0_200	914	0.1049890064475195	-0.2745340838540998	-0.3795230903016193
clipped_0_200	915	0.0498585624113231	-0.3414390982295271	-0.3912976606408502
clipped_0_200	916	-0.0304227282718694	-0.3808933837895594	-0.3504706555176899
clipped_0_200	917	-0.0073141799032302	-0.3662452988253032	-0.3589311189220729
clipped_0_200	918	0.2487272392071526	-0.1047193152297907	-0.3534465544369434
clipped_0_200	919	-0.0125809433766642	-0.3542499270090943	-0.34166898363243
clipped_0_200	920	0.0853028445099002	-0.3018798987694513	-0.3871827432793515
clipped_0_200	921	0.038904142585737	-0.3311179487678294	-0.3700220913535665
clipped_0_200	922	0.0553924729801278	-0.3646472013256346	-0.4200396743057624
clipped_0_200	923	-0.0385907924923013	-0.3686654438247468	-0.3300746513324455
clipped_0_200	924	0.0425994434639017	-0.2796607990190276	-0.3222602424829293
clipped_0_200	925	0.024514299209068	-0.2924602214666497	-0.3169745206757177
clipped_0_200	926	0.2134643923105041	-0.1523584933944732	-0.3658228857049774
clipped_0_200	927	0.0645367861364534	-0.3196105571110281	-0.3841473432474815
clipped_0_200	928	0.0523270918930703	-0.2449973832718412	-0.2973244751649115
clipped_0_200	929	-0.0101867743656275	-0.3149817964023239	-0.3047950220366964
clipped_0_200	930	0.0026100476412338	-0.3217971830246738	-0.3244072306659076
clipped_0_200	931	-0.0350343890438391	-0.3680015676145887	-0.3329671785707496
clipped_0_200	932	0.1556978001569483	-0.1375529364389621	-0.2932507365959105
clipped_0_200	933	0.0846855940548685	-0.2582067101519405	-0.342892304206809
clipped_0_200	934	0.0096006297613552	-0.312097087724753	-0.3216977174861082
clipped_0_200	935	0.0633073334339027	-0.2445105949846259	-0.3078179284185287
clipped_0_200	936	0.1908454493430443	-0.1285635275170526	-0.3194089768600969
clipped_0_200	937	0.1658143074897518	-0.2695064603454427	-0.4353207678351944
clipped_0_200	938	0.1304569633716344	-0.2997730768753498	-0.4302300402469843
clipped_0_200	939	0.0158293179511576	-0.3739292556403542	-0.3897585735915119
clipped_0_200	940	0.1015636340430547	-0.2604711576275476	-0.3620347916706024
clipped_0_200	941	0.0421754577502596	-0.2723635648746948	-0.3145390226249545
clipped_0_200	942	-0.0391750054614468	-0.3181817243364195	-0.2790067188749727
clipped_0_200	943	-0.0308020429241227	-0.2893710488879997	-0.258569005963877
clipped_0_200	944	0.0753780020586137	-0.308889831177385	-0.3842678332359988
clipped_0_200	945	0.1084605789996936	-0.2270229181014177	-0.3354834971011113
clipped_0_200	946	6.6012695877473775e-06	-0.3325489071055775	-0.3325555083751652
clipped_0_200	947	0.1508317460429727	-0.1360692096876398	-0.2869009557306126
clipped_0_200	948	0.1204684094845849	-0.1787749597572398	-0.2992433692418248
clipped_0_200	949	0.0152551284384301	-0.2568331190010139	-0.2720882474394441
clipped_0_200	950	-0.0002562444412116	-0.3629271406495006	-0.3626708962082889
clipped_0_200	951	0.1477760272579956	-0.184617302540724	-0.3323933297987196
clipped_0_200	952	0.0198292775447709	-0.2333940259821697	-0.2532233035269406
clipped_0_200	953	0.1794128091966944	-0.0934227256281243	-0.2728355348248188
clipped_0_200	954	-0.1007878284761504	-0.4871509300566751	-0.3863631015805246
clipped_0_200	955	0.0261336989098398	-0.2919646074426404	-0.3180983063524802
clipped_0_200	956	0.1097435603177608	-0.3254154880199371	-0.4351590483376979
clipped_0_200	957	0.1394423064947172	-0.242857925084045	-0.3823002315787622
clipped_0_200	958	0.1420301492901825	-0.2127253669389967	-0.3547555162291793
clipped_0_200	959	0.1050708803573092	-0.1937623348607227	-0.2988332152180319
clipped_0_200	960	0.1720858092818559	-0.0700404910243051	-0.2421263003061611
clipped_0_200	961	0.2036154445571837	-0.1758327451375259	-0.3794481896947096
clipped_0_200	962	0.0222052569348764	-0.3243209879398084	-0.3465262448746848
clipped_0_200	963	0.1183685289212675	-0.2840676614140864	-0.4024361903353539
clipped_0_200	964	0.0598736456043061	-0.2206044911308188	-0.280478136735125
clipped_0_200	965	0.0897412600584849	-0.2470701988969495	-0.3368114589554345
clipped_0_200	966	0.0417032981857177	-0.2381806441418723	-0.27988394232759
clipped_0_200	967	0.1484193684989214	-0.2268791477618912	-0.3752985162608127
clipped_0_200	968	0.0870761069360148	-0.2888695308150795	-0.3759456377510943
clipped_0_200	969	0.0007436558638052	-0.2723102780056831	-0.2730539338694884
clipped_0_200	970	0.1231783492223011	-0.2135649850790589	-0.3367433343013601
clipped_0_200	971	0.1734651244594802	-0.1831330015845039	-0.3565981260439841
clipped_0_200	972	-0.0591909359204543	-0.3706763825977675	-0.3114854466773131
clipped_0_200	973	0.1636019020987772	-0.2608691584258397	-0.4244710605246169
clipped_0_200	974	0.1713981401558758	-0.2047965406068751	-0.376194680762751
clipped_0_200	975	-0.1082427430982494	-0.4116933434258053	-0.3034506003275559
clipped_0_200	976	0.2040679367410736	-0.1471372231240877	-0.3512051598651613
clipped_0_200	977	0.0558437917562934	-0.2822888543823795	-0.3381326461386729
clipped_0_200	978	0.1262330510274416	-0.2171103486751012	-0.3433433997025429
clipped_0_200	979	0.029283005374307	-0.2948442222306409	-0.324127227604948
clipped_0_200	980	0.0651685724314038	-0.2789314253783473	-0.3440999978097512
clipped_0_200	981	0.092398819767289	-0.2609146917706785	-0.3533135115379675
clipped_0_200	982	0.1011313638161703	-0.2544259410817219	-0.3555573048978921
clipped_0_200	983	0.0661735308839755	-0.2562885639396862	-0.3224620948236617
clipped_0_200	984	0.1197165785165525	-0.2157800311241329	-0.3354966096406855
clipped_0_200	985	0.0335878964554058	-0.3130092487503483	-0.3465971452057541
clipped_0_200	986	0.1915655389442096	-0.1863683705926287	-0.3779339095368383
clipped_0_200	987	0.0459835936263237	-0.3188280347809969	-0.3648116284073206
clipped_0_200	988	0.1471160053688051	-0.2822659182419642	-0.4293819236107694
clipped_0_200	989	0.1222867724379307	-0.2396163904723499	-0.3619031629102807
clipped_0_200	990	0.0445559624610844	-0.283362368962496	-0.3279183314235805
clipped_0_200	991	0.1183800171543579	-0.2245393200933386	-0.3429193372476966
clipped_0_200	992	0.0807304599355003	-0.2225441140042536	-0.303274573939754
clipped_0_200	993	0.1571706156772951	-0.2304320596237365	-0.3876026753010316
clipped_0_200	994	0.2340553890024693	-0.2115121887786669	-0.4455675777811363
clipped_0_200	995	0.0898771695909547	-0.186946125531067	-0.2768232951220217
clipped_0_200	996	0.0994480985222634	-0.2748797419453014	-0.3743278404675648
clipped_0_200	997	0.1315247253922685	-0.2260066883849615	-0.3575314137772301
clipped_0_200	998	-0.0706188045246206	-0.4568551386736635	-0.3862363341490429
clipped_0_200	999	0.054130688928338	-0.2720147808822882	-0.3261454698106263
clipped_0_200	1000	0.0812527496887117	-0.2676640987108158	-0.3489168483995275
clipped_0_200	1001	0.1156146860555729	-0.299980043201056	-0.4155947292566289
clipped_0_200	1002	-0.0203787247808256	-0.3726620720893882	-0.3522833473085625
clipped_0_200	1003	-0.0274421468427514	-0.4237356879966447	-0.3962935411538932
clipped_0_200	1004	0.0891546492634783	-0.2231812435381507	-0.3123358928016291
clipped_0_200	1005	0.1377091314135353	-0.2303091157087833	-0.3680182471223187
clipped_0_200	1006	0.0641007586294115	-0.3053298999072105	-0.369430658536622
clipped_0_200	1007	0.0963146022556632	-0.2996944601257926	-0.3960090623814558
clipped_0_200	1008	-0.0480213767931515	-0.3664796837634276	-0.318458306970276
clipped_0_200	1009	0.0797309814678328	-0.3011641447609818	-0.3808951262288147
clipped_0_200	1010	0.100079952325259	-0.2640967306887888	-0.3641766830140478
clipped_0_200	1011	-0.0126588597696972	-0.4025240882594261	-0.3898652284897288
clipped_0_200	1012	-0.0113453407293371	-0.2435954725968387	-0.2322501318675015
clipped_0_200	1013	0.1325565506266553	-0.1876195362065208	-0.3201760868331762
clipped_0_200	1014	-0.1091374310366897	-0.4480045522247444	-0.3388671211880547
clipped_0_200	1015	0.0601062029755142	-0.2985479750451715	-0.3586541780206858
clipped_0_200	1016	-0.0014482002916222	-0.3563720018344884	-0.3549238015428662
clipped_0_200	1017	0.0876294517161636	-0.2269205168987253	-0.3145499686148889
clipped_0_200	1018	-0.0519573140199049	-0.3681617799477265	-0.3162044659278216
clipped_0_200	1019	0.0277358099839344	-0.3817352745022431	-0.4094710844861775
clipped_0_200	1020	0.0201979370219652	-0.3412175007852448	-0.3614154378072101
clipped_0_200	1021	0.0236938117353618	-0.2597183230702522	-0.283412134805614
clipped_0_200	1022	0.0474690285121015	-0.283911983690809	-0.3313810122029106
clipped_0_200	1023	0.1227438349631115	-0.2827436830465621	-0.4054875180096737
clipped_0_200	1024	0.0919303553612373	-0.2398511413036615	-0.3317814966648988
clipped_0_200	1025	0.0953972487617875	-0.2276181839172231	-0.3230154326790107
clipped_0_200	1026	-0.0617441475879081	-0.4060053857729615	-0.3442612381850534
clipped_0_200	1027	0.1176111945607149	-0.1982852829850621	-0.3158964775457771
clipped_0_200	1028	0.1964557250515084	-0.2288974616964663	-0.4253531867479747
clipped_0_200	1029	0.1367898365756163	-0.1935261971054414	-0.3303160336810578
clipped_0_200	1030	0.1068644769374115	-0.2998976252746908	-0.4067621022121024
clipped_0_200	1031	0.0741644213138871	-0.2842602379505961	-0.3584246592644833
clipped_0_200	1032	0.0005261493368447	-0.2966349519373323	-0.297161101274177
clipped_0_200	1033	-0.0088759247020723	-0.3689953931364266	-0.3601194684343543
clipped_0_200	1034	0.1431172403820031	-0.2035795637375639	-0.346696804119567
clipped_0_200	1035	0.0740223907286059	-0.2746629328916763	-0.3486853236202822
clipped_0_200	1036	-0.0706288304571044	-0.3991733187898582	-0.3285444883327537
clipped_0_200	1037	-0.0885469925167997	-0.3969426943362352	-0.3083957018194354
clipped_0_200	1038	0.1235704800208615	-0.2041212228563452	-0.3276917028772068
clipped_0_200	1039	0.1143181153576247	-0.2259703201757956	-0.3402884355334203
clipped_0_200	1040	0.0835996647170982	-0.2431428137090425	-0.3267424784261408
clipped_0_200	1041	0.0793857525513668	-0.3074034209296177	-0.3867891734809845
clipped_0_200	1042	0.1117105627349543	-0.2867150531630698	-0.3984256158980241
clipped_0_200	1043	0.0647686717892545	-0.3334453692784207	-0.3982140410676753
clipped_0_200	1044	0.1316312922108636	-0.2477612453489545	-0.3793925375598181
clipped_0_200	1045	-0.0062923493145451	-0.4129342230542275	-0.4066418737396824
clipped_0_200	1046	0.0216488455104535	-0.3225724506500924	-0.344221296160546
clipped_0_200	1047	0.2010325924354457	-0.2120689910169896	-0.4131015834524353
clipped_0_200	1048	0.0273433441047271	-0.3645303136812975	-0.3918736577860247
clipped_0_200	1049	0.1043987620832941	-0.2223232887990408	-0.3267220508823349
clipped_0_200	1050	0.0468799343550483	-0.2664311114117383	-0.3133110457667867
clipped_0_200	1051	0.0647717336433752	-0.2588387636638039	-0.3236104973071791
clipped_0_200	1052	0.0164868026085599	-0.3192485543289463	-0.3357353569375063
clipped_0_200	1053	0.0151362826388049	-0.2512279735299908	-0.2663642561687958
clipped_0_200	1054	-0.0076421522225331	-0.2973362144286213	-0.2896940622060882
clipped_0_200	1055	0.229986844314202	-0.1308238571767701	-0.3608107014909721
clipped_0_200	1056	0.1040217556744855	-0.1907874569180361	-0.2948092125925217
clipped_0_200	1057	0.0954974671494382	-0.3107291942838728	-0.406226661433311
clipped_0_200	1058	0.090773240347421	-0.2403043064794316	-0.3310775468268527
clipped_0_200	1059	-0.0507285249876096	-0.3935644943773851	-0.3428359693897755
clipped_0_200	1060	0.0906013233123262	-0.2153322121741613	-0.3059335354864876
clipped_0_200	1061	-0.059070526256448	-0.384384964007361	-0.3253144377509129
clipped_0_200	1062	0.1456551727778131	-0.1461869574790255	-0.2918421302568386
clipped_0_200	1063	0.1942301927699412	-0.2019234339724414	-0.3961536267423827
clipped_0_200	1064	0.1562127035709641	-0.1295447180853797	-0.2857574216563439
clipped_0_200	1065	0.0473118346031964	-0.340449987651004	-0.3877618222542005
clipped_0_200	1066	-0.0680950235026291	-0.3290987108468663	-0.2610036873442372
clipped_0_200	1067	0.1751520044718933	-0.1306515782578543	-0.3058035827297476
clipped_0_200	1068	0.1868404001682575	-0.1534937686253636	-0.3403341687936212
clipped_0_200	1069	0.0936130670523403	-0.2507196856907511	-0.3443327527430915
clipped_0_200	1070	0.1210058762287262	-0.2035342081477625	-0.3245400843764887
clipped_0_200	1071	0.1916922970214729	-0.1183936458712073	-0.3100859428926802
clipped_0_200	1072	0.0570113937936576	-0.3154300851454727	-0.3724414789391304
clipped_0_200	1073	0.1267018565286616	-0.2417809144001158	-0.3684827709287774
clipped_0_200	1074	0.1426802964260046	-0.2051449016959881	-0.3478251981219927
clipped_0_200	1075	-0.0496124421464486	-0.3816261145168621	-0.3320136723704134
clipped_0_200	1076	0.2615755058430637	-0.1190480742314384	-0.3806235800745021
clipped_0_200	1077	0.2169156832659705	-0.1833606892547369	-0.4002763725207074
clipped_0_200	1078	0.171237838108025	-0.1922227564230623	-0.3634605945310873
clipped_0_200	1079	0.0903559318925105	-0.24085406486666	-0.3312099967591706
clipped_0_200	1080	0.0501435805169837	-0.1736544056990773	-0.223797986216061
clipped_0_200	1081	0.1532031841829645	-0.1680010990008957	-0.3212042831838602
clipped_0_200	1082	0.1856593243086668	-0.2002108441129388	-0.3858701684216057
clipped_0_200	1083	0.0549337420635794	-0.2946598284879124	-0.3495935705514919
clipped_0_200	1084	0.3758929181834665	-0.0583712304485332	-0.4342641486319998
clipped_0_200	1085	0.1039877958520523	-0.178005094466203	-0.2819928903182553
clipped_0_200	1086	0.1882163276935517	-0.1725216107181406	-0.3607379384116923
clipped_0_200	1087	0.0194211856778108	-0.3171607017234434	-0.3365818874012543
clipped_0_200	1088	0.2212178487332551	-0.1183933710882948	-0.3396112198215499
clipped_0_200	1089	0.1772408474468724	-0.24962205811639	-0.4268629055632624
clipped_0_200	1090	-0.049836672737157	-0.4494290496673119	-0.3995923769301548
clipped_0_200	1091	-0.0331175775014816	-0.3994796342423498	-0.3663620567408682
clipped_0_200	1092	0.087842865597627	-0.2976669151778979	-0.385509780775525
clipped_0_200	1093	0.1116070471882158	-0.1869658374220279	-0.2985728846102438
clipped_0_200	1094	0.1932785806424567	-0.1542952299812255	-0.3475738106236823
clipped_0_200	1095	0.0610950875790776	-0.2855630728851586	-0.3466581604642362
clipped_0_200	1096	0.0700299067034358	-0.2506486838429173	-0.3206785905463531
clipped_0_200	1097	0.063535072776301	-0.2723101541094987	-0.3358452268857999
clipped_0_200	1098	0.1006225499038777	-0.2679722528309278	-0.3685948027348056
clipped_0_200	1099	-0.0019538678967285	-0.317545794535515	-0.3155919266387865
clipped_0_200	1100	0.0107097115474375	-0.3691574202540106	-0.3798671318014481
clipped_0_200	1101	0.0240455053188522	-0.333984208688173	-0.3580297140070252
clipped_0_200	1102	0.1823833152311554	-0.1610753419423274	-0.3434586571734828
clipped_0_200	1103	-0.0697412047490316	-0.4495960729541589	-0.3798548682051272
clipped_0_200	1104	0.0696962660802495	-0.2618728540610838	-0.3315691201413333
clipped_0_200	1105	-0.032978184277961	-0.3555629229920474	-0.3225847387140863
clipped_0_200	1106	-0.0249405178889085	-0.3479931984848149	-0.3230526805959064
clipped_0_200	1107	0.1332022415891417	-0.1980793552272463	-0.331281596816388
clipped_0_200	1108	0.0649757037454158	-0.2937248620756062	-0.358700565821022
clipped_0_200	1109	0.1941262080081222	-0.1805156550397896	-0.3746418630479118
clipped_0_200	1110	0.1714209695519331	-0.1954150544375849	-0.3668360239895181
clipped_0_200	1111	0.2254637879105246	-0.1958202445686902	-0.4212840324792148
clipped_0_200	1112	0.1469005237077914	-0.2318054993489713	-0.3787060230567627
clipped_0_200	1113	0.1838391859559152	-0.1372521472337979	-0.3210913331897131
clipped_0_200	1114	0.0736898346973092	-0.3117348156079834	-0.3854246503052927
clipped_0_200	1115	0.1406824016761937	-0.2029801203241871	-0.3436625220003808
clipped_0_200	1116	0.0475250694814732	-0.2512544326576638	-0.298779502139137
clipped_0_200	1117	-0.0387304957790193	-0.3193561647942755	-0.2806256690152562
clipped_0_200	1118	0.0890549966379802	-0.2560408201679818	-0.3450958168059621
clipped_0_200	1119	0.2083386728157698	-0.149301190127824	-0.3576398629435938
clipped_0_200	1120	0.0193642899579287	-0.3443008580079236	-0.3636651479658523
clipped_0_200	1121	-0.0298810391636446	-0.3440409996148926	-0.3141599604512479
clipped_0_200	1122	0.1745742719723604	-0.1194291319893516	-0.2940034039617121
clipped_0_200	1123	0.0525496805741894	-0.3730179625844663	-0.4255676431586557
clipped_0_200	1124	0.05582909100185	-0.2846585339550056	-0.3404876249568557
clipped_0_200	1125	0.0960542674061096	-0.1861071675123812	-0.2821614349184909
clipped_0_200	1126	0.0385412580288307	-0.294390520337834	-0.3329317783666647
clipped_0_200	1127	0.0027753280978224	-0.2829885257044627	-0.2857638538022851
clipped_0_200	1128	0.1009279083639165	-0.2221496878321542	-0.3230775961960708
clipped_0_200	1129	0.0535006807565551	-0.2788560238729763	-0.3323567046295315
clipped_0_200	1130	-0.0375687273902268	-0.3974370842831834	-0.3598683568929566
clipped_0_200	1131	0.0365886229254854	-0.3981204206398501	-0.4347090435653356
clipped_0_200	1132	0.0468367571761993	-0.3261523145239332	-0.3729890717001325
clipped_0_200	1133	0.2434697776084089	-0.0621359538937325	-0.3056057315021414
clipped_0_200	1134	0.0136757532268593	-0.3113870954362369	-0.3250628486630962
clipped_0_200	1135	0.1217517597431277	-0.1802175754695456	-0.3019693352126733
clipped_0_200	1136	0.1063624678684283	-0.2692538777414491	-0.3756163456098775
clipped_0_200	1137	0.0032801066681898	-0.3413825842007789	-0.3446626908689687
clipped_0_200	1138	0.2118217898827802	-0.2405050375959002	-0.4523268274786804
clipped_0_200	1139	-0.1359303386967821	-0.4568603181807255	-0.3209299794839433
clipped_0_200	1140	0.1333474088614317	-0.3231606967822282	-0.4565081056436599
clipped_0_200	1141	0.0469373106702388	-0.2475195713906506	-0.2944568820608895
clipped_0_200	1142	0.1453781821745554	-0.2008342486345036	-0.346212430809059
clipped_0_200	1143	-0.1151753919916519	-0.4197143615309301	-0.3045389695392781
clipped_0_200	1144	-0.148736973318635	-0.4525984474734228	-0.3038614741547878
clipped_0_200	1145	-0.0521218365136227	-0.3769690708549443	-0.3248472343413215
clipped_0_200	1146	0.1195809876192319	-0.196409306916572	-0.3159902945358039
clipped_0_200	1147	0.1269158600887976	-0.3381791643274605	-0.4650950244162581
clipped_0_200	1148	-0.1419121484730751	-0.4193512894439289	-0.2774391409708538
clipped_0_200	1149	0.0058409435529478	-0.3292961583824452	-0.335137101935393
clipped_0_200	1150	0.0761971396236098	-0.2242764096680398	-0.3004735492916497
clipped_0_200	1151	0.0638712285543052	-0.2814151539777219	-0.3452863825320271
clipped_0_200	1152	0.0869227718011738	-0.2816090184663279	-0.3685317902675018
clipped_0_200	1153	0.0531742722559333	-0.3031146187923042	-0.3562888910482376
clipped_0_200	1154	0.2394320840133681	-0.1731357726394206	-0.4125678566527888
clipped_0_200	1155	0.1455313032431714	-0.2688857339116049	-0.4144170371547764
clipped_0_200	1156	0.104116572243688	-0.2511867858880789	-0.355303358131767
clipped_0_200	1157	0.0164646109284892	-0.317028330248135	-0.3334929411766243
clipped_0_200	1158	0.1078777048223837	-0.1765552574761063	-0.28443296229849
clipped_0_200	1159	-0.0068233476087551	-0.3633237243397913	-0.3565003767310362
clipped_0_200	1160	0.1828532062505914	-0.2355356605829608	-0.4183888668335522
clipped_0_200	1161	0.0459322432264035	-0.2741490933365233	-0.3200813365629269
clipped_0_200	1162	0.1035014026031408	-0.2448321482815078	-0.3483335508846487
clipped_0_200	1163	0.1421439491815926	-0.2098086979769362	-0.3519526471585288
clipped_0_200	1164	-0.0542591358034321	-0.4182905844175644	-0.3640314486141323
clipped_0_200	1165	0.1861816423028974	-0.2352400601986558	-0.4214217025015532
clipped_0_200	1166	-0.0353963541948632	-0.3063229630724446	-0.2709266088775814
clipped_0_200	1167	0.0169345604790158	-0.3037050666040069	-0.3206396270830227
clipped_0_200	1168	0.0560761556085631	-0.2944636790782751	-0.3505398346868382
clipped_0_200	1169	0.0022565105250143	-0.3334263749553967	-0.335682885480411
clipped_0_200	1170	0.0484423558048121	-0.3138166839494712	-0.3622590397542833
clipped_0_200	1171	0.0853207858661516	-0.2760701196120014	-0.361390905478153
clipped_0_200	1172	0.0994015229522844	-0.2862432241884778	-0.3856447471407622
clipped_0_200	1173	0.1006359192301528	-0.186062725871012	-0.2866986451011648
clipped_0_200	1174	0.0730203677700357	-0.3013242823646008	-0.3743446501346366
clipped_0_200	1175	0.2060310829967666	-0.1857609387868133	-0.3917920217835799
clipped_0_200	1176	0.2594950141704624	-0.1095229896892888	-0.3690180038597512
clipped_0_200	1177	0.0082744107077535	-0.2576396808092239	-0.2659140915169775
clipped_0_200	1178	0.0481429184296195	-0.3035165789902081	-0.3516594974198277
clipped_0_200	1179	0.0330712959771926	-0.3200454410957913	-0.3531167370729839
clipped_0_200	1180	0.1167316588635586	-0.192315111543817	-0.3090467704073756
clipped_0_200	1181	0.1392051546933782	-0.2358464234491032	-0.3750515781424814
clipped_0_200	1182	0.2458213281281247	-0.0832552993899183	-0.3290766275180431
clipped_0_200	1183	0.1102356355994046	-0.3390086144833341	-0.4492442500827387
clipped_0_200	1184	0.0512740593278498	-0.3737975585747201	-0.42507161790257
clipped_0_200	1185	-0.0296397480506009	-0.3811788897522478	-0.3515391417016469
clipped_0_200	1186	0.0614845581153383	-0.2694407284798862	-0.3309252865952246
clipped_0_200	1187	0.0815572501305793	-0.2812916325563145	-0.3628488826868938
clipped_0_200	1188	0.0765377947841088	-0.2370676332897741	-0.3136054280738829
clipped_0_200	1189	0.0209572594773954	-0.3278332598033502	-0.3487905192807456
clipped_0_200	1190	0.1399143459240813	-0.1680549570554774	-0.3079693029795587
clipped_0_200	1191	0.0454267043528396	-0.288543952596604	-0.3339706569494436
clipped_0_200	1192	0.1147421782879257	-0.2135023194636882	-0.3282444977516139
clipped_0_200	1193	-0.2111855969497267	-0.5135763044736719	-0.3023907075239451
clipped_0_200	1194	0.0972891176802861	-0.1991470080012642	-0.2964361256815504
clipped_0_200	1195	0.1672362229564554	-0.2152234037149841	-0.3824596266714395
clipped_0_200	1196	0.2123769793902756	-0.0715307298725445	-0.2839077092628201
clipped_0_200	1197	0.1535823161587009	-0.3075518386454882	-0.4611341548041892
clipped_0_200	1198	0.0551744404926445	-0.227902124721918	-0.2830765652145626
clipped_0_200	1199	0.3014427997544662	-0.1114796093037246	-0.4129224090581909
clipped_0_200	1200	0.0973815147315362	-0.1713854148791596	-0.2687669296106958
clipped_0_200	1201	0.1452519542393996	-0.2539917228852663	-0.3992436771246659
clipped_0_200	1202	0.1020333323749426	-0.2221102212750156	-0.3241435536499582
clipped_0_200	1203	0.0527797525566475	-0.2737155716258249	-0.3264953241824724
clipped_0_200	1204	0.0888079025611789	-0.208035052026079	-0.2968429545872579
clipped_0_200	1205	-0.0140730874069218	-0.37300831673264	-0.3589352293257182
clipped_0_200	1206	0.0663452078784709	-0.2385489615616697	-0.3048941694401407
clipped_0_200	1207	0.0610603503358327	-0.2637057648010783	-0.324766115136911
clipped_0_200	1208	0.0096065356410767	-0.3146986892902135	-0.3243052249312903
clipped_0_200	1209	0.0825383550867	-0.2881978169395411	-0.3707361720262412
clipped_0_200	1210	0.0974114327634966	-0.2541318290191837	-0.3515432617826803
clipped_0_200	1211	0.1629862410204824	-0.1521454314135248	-0.3151316724340072
clipped_0_200	1212	0.0244281282841665	-0.2892792341475936	-0.3137073624317601
clipped_0_200	1213	0.0140498783645141	-0.2863037905123676	-0.3003536688768817
clipped_0_200	1214	0.0452367351949008	-0.2630571305327335	-0.3082938657276344
clipped_0_200	1215	0.1362845435516803	-0.1720723199337591	-0.3083568634854394
clipped_0_200	1216	0.099667797348385	-0.3237087452456355	-0.4233765425940206
clipped_0_200	1217	0.1419056725607677	-0.2183197527960267	-0.3602254253567944
clipped_0_200	1218	0.1795569497807371	-0.2486180431322398	-0.428174992912977
clipped_0_200	1219	0.0325110718636712	-0.2734792663646509	-0.3059903382283222
clipped_0_200	1220	0.0261183494737553	-0.3704279055699186	-0.396546255043674
clipped_0_200	1221	0.1291070314911004	-0.1944323416888694	-0.3235393731799698
clipped_0_200	1222	0.0944189184214426	-0.3389033464452188	-0.4333222648666615
clipped_0_200	1223	0.0614285787940409	-0.2105413832038025	-0.2719699619978435
clipped_0_200	1224	0.1122884355172705	-0.2602433865709824	-0.372531822088253
clipped_0_200	1225	-0.0091601348484156	-0.2432888712086187	-0.2341287363602031
clipped_0_200	1226	0.1064229753057609	-0.2522989811537579	-0.3587219564595187
clipped_0_200	1227	-0.0077348143582154	-0.2498635963509263	-0.2421287819927109
clipped_0_200	1228	0.1169556110435091	-0.2733409572532956	-0.3902965682968048
clipped_0_200	1229	0.1844703700512474	-0.1579646931733532	-0.3424350632246007
clipped_0_200	1230	0.1471647310315315	-0.172573746348198	-0.3197384773797296
clipped_0_200	1231	0.0368247368663282	-0.2451777167250964	-0.2820024535914247
clipped_0_200	1232	0.2244849511799434	-0.165463363454813	-0.3899483146347564
clipped_0_200	1233	0.1706207932671871	-0.2400027945410977	-0.4106235878082849
clipped_0_200	1234	0.0116505198098663	-0.3030195540715409	-0.3146700738814072
clipped_0_200	1235	-0.0017171243632239	-0.3746236136075299	-0.3729064892443059
clipped_0_200	1236	0.0996292659946868	-0.237138447401958	-0.3367677133966449
clipped_0_200	1237	0.0219459460851957	-0.3170462165927476	-0.3389921626779433
clipped_0_200	1238	0.0671788405232171	-0.2968908908402883	-0.3640697313635055
clipped_0_200	1239	-0.0217709033376021	-0.4122925739008636	-0.3905216705632615
clipped_0_200	1240	-0.0380703938120666	-0.4794948539604612	-0.4414244601483946
clipped_0_200	1241	-0.0383091324870154	-0.3493173424729617	-0.3110082099859462
clipped_0_200	1242	0.0239810012642515	-0.2839157174577223	-0.3078967187219739
clipped_0_200	1243	-0.0006518155208308	-0.2965800902495963	-0.2959282747287655
clipped_0_200	1244	0.2140326647145696	-0.1210264524620642	-0.3350591171766339
clipped_0_200	1245	0.0528224850295252	-0.338321690889726	-0.3911441759192513
clipped_0_200	1246	0.0695199573880536	-0.2374351542852057	-0.3069551116732594
clipped_0_200	1247	0.0839528778130855	-0.2735085966342429	-0.3574614744473283
clipped_0_200	1248	0.0376150267970983	-0.2968729320113079	-0.3344879588084062
clipped_0_200	1249	0.0489666513253575	-0.2780684709872105	-0.327035122312568
clipped_0_200	1250	0.0596845389154776	-0.2523721755331702	-0.3120567144486479
clipped_0_200	1251	0.2099427850525851	-0.1355090012076581	-0.3454517862602433
clipped_0_200	1252	0.1407767548777286	-0.1814381099773955	-0.3222148648551242
clipped_0_200	1253	0.0162674905047348	-0.3767078977614664	-0.3929753882662012
clipped_0_200	1254	0.0650738499716212	-0.2872740637017187	-0.35234791367334
clipped_0_200	1255	0.0214035801926372	-0.3303529407949162	-0.3517565209875535
clipped_0_200	1256	0.0051735845575614	-0.3236943142845759	-0.3288678988421374
clipped_0_200	1257	0.0162252256717067	-0.3754681974919916	-0.3916934231636984
clipped_0_200	1258	0.0712189435929246	-0.2099750739455178	-0.2811940175384424
clipped_0_200	1259	0.1911725606606148	-0.1166299417729036	-0.3078025024335185
clipped_0_200	1260	0.2688201044772438	-0.1663423583551615	-0.4351624628324053
clipped_0_200	1261	-0.1554684256682379	-0.4350977940419676	-0.2796293683737296
clipped_0_200	1262	-0.0009192370161125	-0.3336231836487081	-0.3327039466325955
clipped_0_200	1263	-0.0522683441751348	-0.4460616704476214	-0.3937933262724866
clipped_0_200	1264	0.1046493915575001	-0.2271976612868734	-0.3318470528443735
clipped_0_200	1265	0.0865621495541952	-0.1748847280776762	-0.2614468776318714
clipped_0_200	1266	-0.0249516047782337	-0.3690448998155097	-0.3440932950372759
clipped_0_200	1267	-0.0317340933166223	-0.2772133954295095	-0.2454793021128871
clipped_0_200	1268	0.0353384531105882	-0.3188449457941608	-0.3541833989047491
clipped_0_200	1269	-0.0100007768276417	-0.2709242300898766	-0.2609234532622349
clipped_0_200	1270	0.0565449734239844	-0.3028348716941416	-0.359379845118126
clipped_0_200	1271	-0.0185797887727578	-0.3634003896568091	-0.3448206008840513
clipped_0_200	1272	-0.0971333471693101	-0.4967143149720783	-0.3995809678027682
clipped_0_200	1273	0.1127436957259211	-0.249955051647124	-0.3626987473730452
clipped_0_200	1274	0.0739967716659983	-0.3005426045491935	-0.3745393762151918
clipped_0_200	1275	0.0618756143474421	-0.223107346402436	-0.2849829607498781
clipped_0_200	1276	0.0598605882654047	-0.315028992235309	-0.3748895805007137
clipped_0_200	1277	-0.0585077970487008	-0.3848467725489345	-0.3263389755002337
clipped_0_200	1278	0.0883865301634377	-0.3255664766058231	-0.4139530067692609
clipped_0_200	1279	0.0633902381222217	-0.2925083883520225	-0.3558986264742443
clipped_0_200	1280	-0.0067870697332758	-0.3405977883623838	-0.3338107186291079
clipped_0_200	1281	0.0777002175564509	-0.3094554078767013	-0.3871556254331523
clipped_0_200	1282	-0.0573578891510646	-0.3664448085274288	-0.3090869193763641
clipped_0_200	1283	-0.1135111016685711	-0.4505514350402623	-0.3370403333716911
clipped_0_200	1284	-0.0192958071642893	-0.3818487526123656	-0.3625529454480762
clipped_0_200	1285	0.0562968569616853	-0.3604879389269122	-0.4167847958885975
clipped_0_200	1286	0.1782464819594398	-0.2527698928107831	-0.4310163747702229
clipped_0_200	1287	-0.0582917564467724	-0.4376405360426045	-0.3793487795958321
clipped_0_200	1288	0.0648843985973019	-0.2659659530225654	-0.3308503516198673
clipped_0_200	1289	0.1990856010802931	-0.0661658467058116	-0.2652514477861047
clipped_0_200	1290	0.2051751373443044	-0.1350602385517492	-0.3402353758960537
clipped_0_200	1291	0.0789748396086377	-0.2694312539427482	-0.3484060935513859
clipped_0_200	1292	0.1646689370656649	-0.2437706481482839	-0.4084395852139488
clipped_0_200	1293	0.1398071503595398	-0.1971074713847039	-0.3369146217442438
clipped_0_200	1294	0.1120272710672749	-0.2571727131501038	-0.3691999842173787
clipped_0_200	1295	0.0960850719700259	-0.234134426356029	-0.3302194983260549
clipped_0_200	1296	0.1805507836999246	-0.2096169157961132	-0.3901676994960379
clipped_0_200	1297	-0.0144141675878947	-0.3604773990133245	-0.3460632314254297
clipped_0_200	1298	0.168632648483213	-0.2686159698539305	-0.4372486183371435
clipped_0_200	1299	0.0038128572291229	-0.3377661113460936	-0.3415789685752165
clipped_0_200	1300	-0.0070968502419098	-0.3013460590537358	-0.294249208811826
clipped_0_200	1301	-0.0874081746529639	-0.3433418950398038	-0.2559337203868399
clipped_0_200	1302	0.186105994959274	-0.1220236926718159	-0.3081296876310899
clipped_0_200	1303	0.1002243054147338	-0.2534145931315996	-0.3536388985463334
clipped_0_200	1304	0.1696840351493935	-0.1889544848460171	-0.3586385199954107
clipped_0_200	1305	0.0630036789941975	-0.2875197042950758	-0.3505233832892733
clipped_0_200	1306	-0.1075116119088403	-0.4075075151854582	-0.2999959032766179
clipped_0_200	1307	0.0888319023885223	-0.2532363662527365	-0.3420682686412588
clipped_0_200	1308	-0.029888341682733	-0.3014282360863302	-0.2715398944035971
clipped_0_200	1309	-0.1024826542790286	-0.5018177855978989	-0.3993351313188702
clipped_0_200	1310	0.1010494051333291	-0.2477059296094116	-0.3487553347427408
clipped_0_200	1311	-0.0036915724048458	-0.2865402802909684	-0.2828487078861226
clipped_0_200	1312	0.1590314308249046	-0.2279796206589429	-0.3870110514838476
clipped_0_200	1313	0.0762482681704936	-0.2463626482883876	-0.3226109164588813
clipped_0_200	1314	0.051321086532537	-0.35193691548316	-0.403258002015697
clipped_0_200	1315	0.0933016549207253	-0.2130481851492493	-0.3063498400699747
clipped_0_200	1316	0.0446372932760482	-0.2332944788625329	-0.2779317721385812
clipped_0_200	1317	0.207830064444405	-0.2140990657295106	-0.4219291301739156
clipped_0_200	1318	0.0324462297414479	-0.3722667535252378	-0.4047129832666858
clipped_0_200	1319	0.0256294753730327	-0.2474592955061872	-0.27308877087922
clipped_0_200	1320	0.2832070775845224	-0.1240280075555883	-0.4072350851401107
clipped_0_200	1321	-0.0618973003462893	-0.3316013621605647	-0.2697040618142753
clipped_0_200	1322	0.0180068862897782	-0.2820237931335815	-0.3000306794233598
clipped_0_200	1323	0.1682581136084493	-0.1779673350503993	-0.3462254486588487
clipped_0_200	1324	0.0587320519594718	-0.2549646832123886	-0.3136967351718605
clipped_0_200	1325	-0.0142466369031331	-0.4246543932686574	-0.4104077563655242
clipped_0_200	1326	0.1416064051281638	-0.2295921570000946	-0.3711985621282584
clipped_0_200	1327	0.1129712190865123	-0.2857656958561581	-0.3987369149426705
clipped_0_200	1328	0.0808009230950591	-0.1672576877171026	-0.2480586108121618
clipped_0_200	1329	0.0764462897671453	-0.2787444616145425	-0.3551907513816879
clipped_0_200	1330	0.0641947061787237	-0.2475902685313186	-0.3117849747100423
clipped_0_200	1331	0.1000985666152647	-0.2724779424134838	-0.3725765090287485
clipped_0_200	1332	0.03354597669493	-0.3711327086041133	-0.4046786852990434
clipped_0_200	1333	0.0203901333827828	-0.384509682204552	-0.4048998155873349
clipped_0_200	1334	0.1089962954381377	-0.2216004126589937	-0.3305967080971315
clipped_0_200	1335	0.0188139887520764	-0.3640936796957356	-0.3829076684478121
clipped_0_200	1336	0.161250035371203	-0.2716931632232959	-0.4329431985944989
clipped_0_200	1337	0.0437656408790786	-0.3348929008515307	-0.3786585417306094
clipped_0_200	1338	0.1771840804035556	-0.2084857434703859	-0.3856698238739415
clipped_0_200	1339	0.1186575795563934	-0.2314373523300327	-0.3500949318864261
clipped_0_200	1340	0.1025969378043791	-0.1960715284004402	-0.2986684662048193
clipped_0_200	1341	0.164735378782553	-0.1964485429350554	-0.3611839217176085
clipped_0_200	1342	0.1291986410841609	-0.2035313855859324	-0.3327300266700934
clipped_0_200	1343	0.0890077818397611	-0.3236191332778404	-0.4126269151176016
clipped_0_200	1344	0.1919100534379094	-0.1784340694361914	-0.3703441228741009
clipped_0_200	1345	-0.1636141846466119	-0.4233480741554032	-0.2597338895087913
clipped_0_200	1346	0.1304621986546529	-0.187757173871878	-0.318219372526531
clipped_0_200	1347	0.1108815105405934	-0.2383784313024927	-0.3492599418430862
clipped_0_200	1348	0.1461976435812711	-0.2065786608436839	-0.352776304424955
clipped_0_200	1349	0.1469958920635706	-0.2235249179653932	-0.3705208100289638
clipped_0_200	1350	0.0976545333319705	-0.197027271725299	-0.2946818050572695
clipped_0_200	1351	0.0761547939462017	-0.2608635630464369	-0.3370183569926386
clipped_0_200	1352	-0.0884411154001139	-0.4173132838152176	-0.3288721684151037
clipped_0_200	1353	0.0007452041408452	-0.2968305198519939	-0.2975757239928391
clipped_0_200	1354	0.1768658777969726	-0.2657296834889223	-0.4425955612858949
clipped_0_200	1355	0.1480045974746525	-0.1841295740298109	-0.3321341715044634
clipped_0_200	1356	-0.1031848985573211	-0.4170035997997305	-0.3138187012424094
clipped_0_200	1357	0.16875799663222	-0.1936940540907056	-0.3624520507229256
clipped_0_200	1358	0.0861918661272437	-0.2734738875492957	-0.3596657536765395
clipped_0_200	1359	0.0458543327403289	-0.3761063654475717	-0.4219606981879007
clipped_0_200	1360	0.1073899467590595	-0.3038630362512156	-0.4112529830102751
clipped_0_200	1361	0.0178577941758212	-0.3130872414612594	-0.3309450356370806
clipped_0_200	1362	-0.0574832189484647	-0.392272038962313	-0.3347888200138482
clipped_0_200	1363	0.0344185159892368	-0.3127784081749113	-0.3471969241641481
clipped_0_200	1364	0.1226810575519845	-0.2168852225125857	-0.3395662800645702
clipped_0_200	1365	0.0096008923922916	-0.3880781635215546	-0.3976790559138463
clipped_0_200	1366	0.0234118125980981	-0.2539451745571884	-0.2773569871552865
clipped_0_200	1367	0.1100115636175544	-0.2395650277297618	-0.3495765913473163
clipped_0_200	1368	0.0045030956710223	-0.3278109226461227	-0.3323140183171451
clipped_0_200	1369	0.0912968437426923	-0.2191830847080079	-0.3104799284507002
clipped_0_200	1370	-0.0577828786088486	-0.2954743165654226	-0.237691437956574
clipped_0_200	1371	0.1846595849876469	-0.1622633810668425	-0.3469229660544894
clipped_0_200	1372	0.1726751606900341	-0.287669030166755	-0.4603441908567891
clipped_0_200	1373	-0.034816935317811	-0.3469658704780714	-0.3121489351602604
clipped_0_200	1374	-0.0627551559164889	-0.3735668851758584	-0.3108117292593695
clipped_0_200	1375	0.0291547407483016	-0.2823798026068601	-0.3115345433551617
clipped_0_200	1376	-0.0622709071510708	-0.371501680379698	-0.3092307732286272
clipped_0_200	1377	0.1679651604660725	-0.1149861367113743	-0.2829512971774468
clipped_0_200	1378	0.1503597350546389	-0.1533136687162927	-0.3036734037709316
clipped_0_200	1379	0.0638553067528116	-0.2684405096708333	-0.3322958164236449
clipped_0_200	1380	0.0308860059382274	-0.3221772357266145	-0.3530632416648419
clipped_0_200	1381	0.0783083095505977	-0.3126451375903007	-0.3909534471408985
clipped_0_200	1382	-0.0947215157376164	-0.4079251199589095	-0.3132036042212931
clipped_0_200	1383	-0.0417029240951927	-0.3238298954951629	-0.2821269713999701
clipped_0_200	1384	0.002018130993099	-0.3289099303609367	-0.3309280613540357
clipped_0_200	1385	0.1963078321494552	-0.1804674934592929	-0.3767753256087481
clipped_0_200	1386	-0.0176056865208502	-0.3082759403540327	-0.2906702538331824
clipped_0_200	1387	0.0231863152078191	-0.2924139366250127	-0.3156002518328318
clipped_0_200	1388	-0.0191294075031263	-0.3176710537710617	-0.2985416462679353
clipped_0_200	1389	0.1354878195085746	-0.1658330277673895	-0.3013208472759642
clipped_0_200	1390	-0.0885483366478117	-0.3672029129636013	-0.2786545763157895
clipped_0_200	1391	0.1313510446309284	-0.2391371574758281	-0.3704882021067566
clipped_0_200	1392	-0.1978760585228743	-0.4957346733811147	-0.2978586148582405
clipped_0_200	1393	-0.0553678175444954	-0.3809258157540938	-0.3255579982095984
clipped_0_200	1394	-0.0153228915524963	-0.3331610933981388	-0.3178382018456425
clipped_0_200	1395	0.0359699270079685	-0.3576100936279169	-0.3935800206358855
clipped_0_200	1396	0.1783736655806889	-0.1119102195695526	-0.2902838851502416
clipped_0_200	1397	0.1379128086734219	-0.2015229985343505	-0.3394358072077725
clipped_0_200	1398	0.0434311857539281	-0.3646038765158247	-0.4080350622697528
clipped_0_200	1399	0.0370516640688077	-0.3822374942092317	-0.4192891582780394
clipped_0_200	1400	0.0550069818609603	-0.3328466258598651	-0.3878536077208254
clipped_0_200	1401	0.1398029366950375	-0.2430859253532533	-0.3828888620482908
clipped_0_200	1402	0.1407613191408261	-0.2026680102589395	-0.3434293293997656
clipped_0_200	1403	0.1709152483838022	-0.2237104765842145	-0.3946257249680167
clipped_0_200	1404	0.101113630825093	-0.219006950884433	-0.320120581709526
clipped_0_200	1405	0.0845874109947471	-0.2768850930553106	-0.3614725040500577
clipped_0_200	1406	0.1038564194061549	-0.2675880806737055	-0.3714445000798605
clipped_0_200	1407	0.0723174811287311	-0.2699467651104159	-0.342264246239147
clipped_0_200	1408	0.132812375256223	-0.1935832657118135	-0.3263956409680366
clipped_0_200	1409	0.1530356339996043	-0.2841486015214582	-0.4371842355210625
clipped_0_200	1410	0.1045947622869538	-0.3006071495294009	-0.4052019118163548
clipped_0_200	1411	0.1621808467831953	-0.2022915291050409	-0.3644723758882362
clipped_0_200	1412	0.0879875527236221	-0.2868140277952865	-0.3748015805189086
clipped_0_200	1413	0.289679043943495	-0.1192543209824023	-0.4089333649258972
clipped_0_200	1414	0.1163811713217378	-0.1824384098536579	-0.2988195811753957
clipped_0_200	1415	0.0649126889589964	-0.1793926015807493	-0.2443052905397458
clipped_0_200	1416	0.1150161263970769	-0.1802737121882135	-0.2952898385852904
clipped_0_200	1417	0.0478732732824925	-0.2565599884913549	-0.3044332617738474
clipped_0_200	1418	0.2560591441644729	-0.0982273974034785	-0.3542865415679515
clipped_0_200	1419	0.0543925155563093	-0.2914827271349599	-0.3458752426912692
clipped_0_200	1420	0.0617240336898725	-0.2404268467862995	-0.3021508804761721
clipped_0_200	1421	0.1765695010632533	-0.1435503865051939	-0.3201198875684472
clipped_0_200	1422	0.1125699550835166	-0.239279964221754	-0.3518499193052706
clipped_0_200	1423	-0.0324557674774866	-0.3717498020325963	-0.3392940345551096
clipped_0_200	1424	0.2951748562229525	0.0036369242073523	-0.2915379320156002
clipped_0_200	1425	-0.0017039317860166	-0.3223070896456609	-0.3206031578596442
clipped_0_200	1426	0.3216169614942932	-0.1657099554071765	-0.4873269169014698
clipped_0_200	1427	0.0376639009242963	-0.2789617874047488	-0.3166256883290452
clipped_0_200	1428	0.1401728406296946	-0.2471732450375582	-0.3873460856672528
clipped_0_200	1429	0.1645066061532311	-0.1671305435832593	-0.3316371497364905
clipped_0_200	1430	0.0144779580571317	-0.3449648338764284	-0.3594427919335601
clipped_0_200	1431	0.1070687393807798	-0.1874161445226094	-0.2944848839033893
clipped_0_200	1432	0.1448686549420178	-0.2002984968574556	-0.3451671517994734
clipped_0_200	1433	0.1548369347876639	-0.1732841702674521	-0.3281211050551161
clipped_0_200	1434	0.1077036374985914	-0.2455096156999968	-0.3532132531985883
clipped_0_200	1435	0.0109014913302106	-0.3116345959014827	-0.3225360872316933
clipped_0_200	1436	0.1122244497229186	-0.1804607797078691	-0.2926852294307878
clipped_0_200	1437	-0.115423454380095	-0.4371352659446924	-0.3217118115645974
clipped_0_200	1438	0.0114039047160758	-0.3252247251170104	-0.3366286298330863
clipped_0_200	1439	0.0856595177473823	-0.2626572038736267	-0.348316721621009
clipped_0_200	1440	0.0466777489739649	-0.2126067949632497	-0.2592845439372147
clipped_0_200	1441	0.1801796054177426	-0.1946660511144769	-0.3748456565322196
clipped_0_200	1442	0.0757032055337057	-0.2830637152289223	-0.358766920762628
clipped_0_200	1443	0.0861963251868451	-0.3127389767647029	-0.398935301951548
clipped_0_200	1444	0.1431573399925325	-0.2384278868334711	-0.3815852268260036
clipped_0_200	1445	0.0838609323861798	-0.2216627439566854	-0.3055236763428652
clipped_0_200	1446	-0.010396842231558	-0.3776683748193991	-0.367271532587841
clipped_0_200	1447	0.1558917755112349	-0.175226848111054	-0.3311186236222889
clipped_0_200	1448	-0.0856607535527737	-0.4832623392810173	-0.3976015857282435
clipped_0_200	1449	0.0529996787469117	-0.301759323296647	-0.3547590020435587
clipped_0_200	1450	-0.0357173820173236	-0.3317735929175548	-0.2960562109002311
clipped_0_200	1451	0.0300756628667521	-0.2445247023384725	-0.2746003652052247
clipped_0_200	1452	0.1404864540443325	-0.1571558192712524	-0.297642273315585
clipped_0_200	1453	0.0786678568045244	-0.2523739751698377	-0.3310418319743622
clipped_0_200	1454	-0.2506136663356547	-0.5338974069870251	-0.2832837406513704
clipped_0_200	1455	0.0608826842237252	-0.2562315991736071	-0.3171142833973324
clipped_0_200	1456	0.0896089277943674	-0.2473626848282804	-0.3369716126226478
clipped_0_200	1457	0.1596398417399541	-0.153183107371586	-0.3128229491115402
clipped_0_200	1458	-0.0412360960365894	-0.2854604144122921	-0.2442243183757027
clipped_0_200	1459	0.1170328670751521	-0.1528284033659526	-0.2698612704411047
clipped_0_200	1460	0.0133921849668784	-0.2776881079129932	-0.2910802928798717
clipped_0_200	1461	0.0573009815254087	-0.2930599698605632	-0.350360951385972
clipped_0_200	1462	0.0911397818406769	-0.2744775585300361	-0.365617340370713
clipped_0_200	1463	0.0108567992182332	-0.2741701383978389	-0.2850269376160721
clipped_0_200	1464	0.1868151082471273	-0.1618858250565175	-0.3487009333036448
clipped_0_200	1465	0.0738738250267018	-0.286775635450006	-0.3606494604767079
clipped_0_200	1466	0.0888368558363394	-0.1950477231323331	-0.2838845789686726
clipped_0_200	1467	0.1307798041600521	-0.1931357256166871	-0.3239155297767393
clipped_0_200	1468	0.1212935701939971	-0.2461899493707744	-0.3674835195647716
clipped_0_200	1469	0.107568587611617	-0.292433424990852	-0.400002012602469
clipped_0_200	1470	-0.0870952885249692	-0.4561061959665375	-0.3690109074415684
clipped_0_200	1471	0.1061790956868693	-0.2653431687693783	-0.3715222644562477
clipped_0_200	1472	0.1301649451053684	-0.2110338727113866	-0.3411988178167551
clipped_0_200	1473	0.1651365138433219	-0.1799140287019228	-0.3450505425452448
clipped_0_200	1474	0.00837086500742	-0.3447532812881554	-0.3531241462955754
clipped_0_200	1475	0.15694263486968	-0.2447577608614282	-0.4017003957311083
clipped_0_200	1476	0.1200436006678216	-0.250320482198345	-0.3703640828661667
clipped_0_200	1477	0.1281402253773286	-0.1835545417208413	-0.31169476709817
clipped_0_200	1478	0.0843956529163489	-0.1976347610638601	-0.282030413980209
clipped_0_200	1479	0.0273019509149265	-0.3237748941710071	-0.3510768450859336
clipped_0_200	1480	-0.0245043276341816	-0.3647799522436952	-0.3402756246095135
clipped_0_200	1481	-0.0133978393304584	-0.3587928335718683	-0.3453949942414098
clipped_0_200	1482	0.0396903081030171	-0.2890301751722752	-0.3287204832752923
clipped_0_200	1483	0.131333345847637	-0.1978590447749593	-0.3291923906225964
clipped_0_200	1484	0.1843228545979232	-0.1718324133515271	-0.3561552679494504
clipped_0_200	1485	0.0662227512412901	-0.2806768687278634	-0.3468996199691536
clipped_0_200	1486	0.124384851149789	-0.3174148009607059	-0.441799652110495
clipped_0_200	1487	-0.013910222549776	-0.3375443725768816	-0.3236341500271056
clipped_0_200	1488	-0.0265566475752996	-0.3393257642762768	-0.3127691167009772
clipped_0_200	1489	0.1066291687392236	-0.2589022326561758	-0.3655314013953994
clipped_0_200	1490	0.1026010985085352	-0.3089390350620526	-0.4115401335705879
clipped_0_200	1491	0.1286426980044916	-0.2420965014880556	-0.3707391994925473
clipped_0_200	1492	0.1218147449011244	-0.2739517496414035	-0.395766494542528
clipped_0_200	1493	0.0389018886711321	-0.3235280260505997	-0.3624299147217318
clipped_0_200	1494	0.1440723483417552	-0.2241452718058455	-0.3682176201476008
clipped_0_200	1495	0.0612635002582344	-0.2507331694982095	-0.311996669756444
clipped_0_200	1496	0.2338289797264879	-0.0924690992799703	-0.3262980790064582
clipped_0_200	1497	0.1239662709618595	-0.2243048411235192	-0.3482711120853787
clipped_0_200	1498	0.0756678451085823	-0.1530082709276881	-0.2286761160362704
clipped_0_200	1499	0.0337508037588214	-0.3051821372401123	-0.3389329409989337
clipped_0_200	1500	0.0732864723544306	-0.252801627483091	-0.3260880998375217
clipped_0_200	1501	0.0322051917981849	-0.3213002812379241	-0.3535054730361091
clipped_0_200	1502	-0.0390458980738174	-0.3318622176807168	-0.2928163196068993
clipped_0_200	1503	0.099157483413673	-0.261496533593704	-0.3606540170073771
clipped_0_200	1504	0.0843065511284712	-0.3183695896813685	-0.4026761408098398
clipped_0_200	1505	0.1653075061360087	-0.2332574402510256	-0.3985649463870344
clipped_0_200	1506	0.1349133554824984	-0.2447874021127332	-0.3797007575952316
clipped_0_200	1507	0.0033377166095867	-0.3634753397862288	-0.3668130563958156
clipped_0_200	1508	0.0115646928772732	-0.2994417499617354	-0.3110064428390087
clipped_0_200	1509	0.0491098877267112	-0.2498615274411856	-0.2989714151678969
clipped_0_200	1510	0.1162535398082725	-0.2079727180976631	-0.3242262579059356
clipped_0_200	1511	0.0040862087528016	-0.2693041930352421	-0.2733904017880437
clipped_0_200	1512	0.0366621936968912	-0.4152043675325551	-0.4518665612294463
clipped_0_200	1513	0.0460503870180304	-0.2776903376282066	-0.3237407246462371
clipped_0_200	1514	0.03680917114533	-0.2805124030219149	-0.317321574167245
clipped_0_200	1515	0.0837867803416524	-0.3150353367412602	-0.3988221170829127
clipped_0_200	1516	0.1524303440478582	-0.2174709992063721	-0.3699013432542304
clipped_0_200	1517	0.1367814059898824	-0.1855021565873046	-0.3222835625771871
clipped_0_200	1518	0.1828916212986524	-0.1226298655894557	-0.3055214868881082
clipped_0_200	1519	-0.0665972337547163	-0.4308915609945973	-0.3642943272398811
clipped_0_200	1520	0.0687800610921352	-0.2439586041197407	-0.312738665211876
clipped_0_200	1521	0.1371794383550466	-0.2107834660671472	-0.3479629044221938
clipped_0_200	1522	-0.005481933213353	-0.3451435089389921	-0.3396615757256391
clipped_0_200	1523	0.3835208720357455	0.0317194937177001	-0.3518013783180453
clipped_0_200	1524	-0.0140342363429574	-0.3847408802348782	-0.3707066438919207
clipped_0_200	1525	0.0834310168981222	-0.2948512658422266	-0.3782822827403489
clipped_0_200	1526	0.0898833765048207	-0.2284481587895673	-0.318331535294388
clipped_0_200	1527	-0.0150525237601236	-0.3588170665911004	-0.3437645428309768
clipped_0_200	1528	0.0570393958032457	-0.2575258498616578	-0.3145652456649035
clipped_0_200	1529	0.0446321375900975	-0.3238932066937066	-0.3685253442838041
clipped_0_200	1530	0.1952787478498164	-0.1682947724988787	-0.3635735203486951
clipped_0_200	1531	0.0247342850198789	-0.2801258527800433	-0.3048601377999222
clipped_0_200	1532	0.1471073815387665	-0.2053580043343229	-0.3524653858730895
clipped_0_200	1533	0.1156382055626047	-0.1634282423868259	-0.2790664479494307
clipped_0_200	1534	-0.0086424367175711	-0.3488358009600271	-0.3401933642424559
clipped_0_200	1535	0.0815712787502127	-0.3242581821166064	-0.4058294608668191
clipped_0_200	1536	0.2285132681032642	-0.1920711859361043	-0.4205844540393686
clipped_0_200	1537	0.1590139603345404	-0.2237961335297097	-0.3828100938642502
clipped_0_200	1538	0.0814255522286914	-0.24484107020492	-0.3262666224336115
clipped_0_200	1539	-0.1154381842627724	-0.3947352964657177	-0.2792971122029453
clipped_0_200	1540	0.1762328819305205	-0.1672743784795163	-0.3435072604100369
clipped_0_200	1541	0.0606293658978554	-0.311255744197911	-0.3718851100957665
clipped_0_200	1542	0.1350172733105647	-0.2438467696807801	-0.3788640429913448
clipped_0_200	1543	-0.0112796299966128	-0.2768659111548125	-0.2655862811581997
clipped_0_200	1544	0.1401806152980269	-0.2092562843043974	-0.3494368996024244
clipped_0_200	1545	0.1841165642971186	-0.1886052542079431	-0.3727218185050618
clipped_0_200	1546	0.0598943571999042	-0.3003270213451391	-0.3602213785450434
clipped_0_200	1547	0.0243933189278193	-0.3180256431202959	-0.3424189620481153
clipped_0_200	1548	-0.1121929680890129	-0.4511826504438071	-0.3389896823547942
clipped_0_200	1549	0.0004597167944043	-0.3401772480010027	-0.340636964795407
clipped_0_200	1550	0.1096095770260161	-0.2674213893597863	-0.3770309663858024
clipped_0_200	1551	-0.0141408793308693	-0.4581105484724248	-0.4439696691415554
clipped_0_200	1552	-0.0049492714997945	-0.365503219936143	-0.3605539484363484
clipped_0_200	1553	-0.0245366696027908	-0.3240762400088472	-0.2995395704060564
clipped_0_200	1554	0.0053431439406742	-0.3165209847956355	-0.3218641287363097
clipped_0_200	1555	-0.0017584597788913	-0.3475607050234545	-0.3458022452445632
clipped_0_200	1556	-0.0820260722995694	-0.4134931456732747	-0.3314670733737053
clipped_0_200	1557	0.0636212354361551	-0.3552647778067188	-0.418886013242874
clipped_0_200	1558	0.1713118383572571	-0.1459482790237816	-0.3172601173810387
clipped_0_200	1559	0.0987309736030637	-0.3038145815306632	-0.4025455551337269
clipped_0_200	1560	-0.0806955798077781	-0.4104314457073664	-0.3297358658995883
clipped_0_200	1561	0.1587101492277093	-0.175315673630009	-0.3340258228577184
clipped_0_200	1562	0.0415095436016576	-0.2519004569945007	-0.2934100005961584
clipped_0_200	1563	0.0830070877494534	-0.2453655184030355	-0.328372606152489
clipped_0_200	1564	0.0576231388626219	-0.3075416159790179	-0.3651647548416399
clipped_0_200	1565	-0.0122824943210287	-0.3932070366702355	-0.3809245423492067
clipped_0_200	1566	0.1412239296300572	-0.1752185821507653	-0.3164425117808225
clipped_0_200	1567	0.1297928600520038	-0.2195728479216175	-0.3493657079736214
clipped_0_200	1568	0.2166754805028314	-0.1960201657226295	-0.4126956462254609
clipped_0_200	1569	0.0971294014543732	-0.2319447504558359	-0.3290741519102091
clipped_0_200	1570	0.0206769226017321	-0.3362669375819759	-0.356943860183708
clipped_0_200	1571	0.1560060248300079	-0.2208958945485317	-0.3769019193785397
clipped_0_200	1572	0.0206361079569949	-0.3560640070244192	-0.3767001149814142
clipped_0_200	1573	0.0836867477953464	-0.2678449233319877	-0.3515316711273342
clipped_0_200	1574	-0.0678302754219457	-0.3443989363225143	-0.2765686609005686
clipped_0_200	1575	-0.0432419801449002	-0.3631146665147831	-0.3198726863698828
clipped_0_200	1576	0.0853516486784541	-0.2773301510153151	-0.3626817996937692
clipped_0_200	1577	0.0467437947773688	-0.2958333279660838	-0.3425771227434526
clipped_0_200	1578	0.0997863926234781	-0.2247251791473164	-0.3245115717707946
clipped_0_200	1579	0.188805482220408	-0.1673506833927075	-0.3561561656131156
clipped_0_200	1580	-0.019305425217134	-0.3813456114593422	-0.3620401862422082
clipped_0_200	1581	0.046346205224312	-0.2483024488268916	-0.2946486540512038
clipped_0_200	1582	0.108477794562044	-0.2700354664725888	-0.3785132610346329
clipped_0_200	1583	0.2145947641146711	-0.2104553475851983	-0.4250501116998695
clipped_0_200	1584	0.0087608771206446	-0.3278461395745107	-0.3366070166951553
clipped_0_200	1585	0.0130577169008554	-0.2939070289932436	-0.3069647458940991
clipped_0_200	1586	-0.058414504612246	-0.3748038185763188	-0.3163893139640727
clipped_0_200	1587	0.1387418683737241	-0.1607684532712724	-0.2995103216449966
clipped_0_200	1588	0.1934122196395891	-0.2069574428536404	-0.4003696624932296
clipped_0_200	1589	0.1905628285794241	-0.1885669620039939	-0.3791297905834181
clipped_0_200	1590	0.1970293936111052	-0.1380199776635383	-0.3350493712746436
clipped_0_200	1591	0.0045982938583267	-0.324092637763801	-0.3286909316221278
clipped_0_200	1592	0.1297425412407521	-0.2301724990743422	-0.3599150403150943
clipped_0_200	1593	0.0575072317012825	-0.2500122560701647	-0.3075194877714473
clipped_0_200	1594	0.2188037003743385	-0.1441512213134882	-0.3629549216878267
clipped_0_200	1595	0.0721686202619876	-0.2670830891208259	-0.3392517093828135
clipped_0_200	1596	0.0456397775443174	-0.2669778109072637	-0.3126175884515811
clipped_0_200	1597	0.0775274987336268	-0.2885477382152287	-0.3660752369488556
clipped_0_200	1598	0.0454957854229763	-0.3060060907387897	-0.3515018761617661
clipped_0_200	1599	0.03913056830672	-0.3223317009592328	-0.3614622692659528
clipped_0_200	1600	0.2704826249272922	-0.0884597847856085	-0.3589424097129008
clipped_0_200	1601	0.2312042300012973	-0.1029324149214594	-0.3341366449227568
clipped_0_200	1602	-0.0298108517026316	-0.3662283223718081	-0.3364174706691765
clipped_0_200	1603	0.0131062631374468	-0.2521069894488669	-0.2652132525863138
clipped_0_200	1604	0.1252470042583676	-0.1519910267452817	-0.2772380310036494
clipped_0_200	1605	0.1521095274872682	-0.2494007127431439	-0.4015102402304121
clipped_0_200	1606	0.2593584287420417	-0.0806465424966494	-0.3400049712386912
clipped_0_200	1607	-0.189199541164187	-0.4206719486622776	-0.2314724074980905
clipped_0_200	1608	-0.0077313994554349	-0.3458929870117527	-0.3381615875563177
clipped_0_200	1609	0.0425191210613592	-0.2505036130479826	-0.2930227341093419
clipped_0_200	1610	0.0784820451897715	-0.191510861183914	-0.2699929063736856
clipped_0_200	1611	-0.0079064596773552	-0.4259079125777087	-0.4180014529003535
clipped_0_200	1612	0.0471586146517207	-0.2542728210806637	-0.3014314357323844
clipped_0_200	1613	0.0021032376117674	-0.2682481581941768	-0.2703513958059442
clipped_0_200	1614	0.1821891599563919	-0.1783165774333507	-0.3605057373897427
clipped_0_200	1615	0.1766924447710887	-0.2222523485781177	-0.3989447933492065
clipped_0_200	1616	0.2275955984180469	-0.2315945937779308	-0.4591901921959778
clipped_0_200	1617	0.1155085185603846	-0.2389057078763818	-0.3544142264367664
clipped_0_200	1618	-0.0058261400949021	-0.2420447046166275	-0.2362185645217254
clipped_0_200	1619	0.0689177015960691	-0.307034544617891	-0.3759522462139602
clipped_0_200	1620	0.2205459550632822	-0.1354004155300385	-0.3559463705933208
clipped_0_200	1621	0.2350448990788088	-0.159787829302796	-0.3948327283816049
clipped_0_200	1622	-0.1581459417445579	-0.4989488444228439	-0.3408029026782859
clipped_0_200	1623	0.0977788327667358	-0.2243872749879792	-0.3221661077547151
clipped_0_200	1624	0.2226336267688867	-0.148622090465749	-0.3712557172346358
clipped_0_200	1625	0.1099378827510925	-0.2472338657238709	-0.3571717484749634
clipped_0_200	1626	-0.0640002721725324	-0.4324355292361045	-0.368435257063572
clipped_0_200	1627	0.0658286473961021	-0.2923103573546243	-0.3581390047507264
clipped_0_200	1628	0.2028547043101785	-0.1275308314316845	-0.330385535741863
clipped_0_200	1629	0.0585614006054331	-0.3098859814569235	-0.3684473820623566
clipped_0_200	1630	0.1896781954545101	-0.1774692932851102	-0.3671474887396204
clipped_0_200	1631	0.0420757630835392	-0.2646852093927146	-0.3067609724762539
clipped_0_200	1632	0.0234453291180368	-0.2448323777750612	-0.2682777068930981
clipped_0_200	1633	0.251916271599874	-0.1912924311098059	-0.44320870270968
clipped_0_200	1634	0.0411196730488913	-0.3090213908240918	-0.3501410638729831
clipped_0_200	1635	0.2162027293514751	-0.2028003486065586	-0.4190030779580338
clipped_0_200	1636	0.1402231660600312	-0.2277217799796825	-0.3679449460397137
clipped_0_200	1637	0.2237862443421057	-0.0679533082130973	-0.2917395525552031
clipped_0_200	1638	-0.054573262992461	-0.4577424211168263	-0.4031691581243652
clipped_0_200	1639	0.2018830423133886	-0.1482855896251551	-0.3501686319385437
clipped_0_200	1640	-0.0648370740887277	-0.4205529447099757	-0.355715870621248
clipped_0_200	1641	0.118874948702515	-0.3007848441072364	-0.4196597928097514
clipped_0_200	1642	0.1758094704065026	-0.2335500308797475	-0.4093595012862501
clipped_0_200	1643	0.033295410128004	-0.2415195885776307	-0.2748149987056347
clipped_0_200	1644	0.0269905355504269	-0.3090261367796338	-0.3360166723300608
clipped_0_200	1645	-0.016659472436355	-0.3006428778565521	-0.283983405420197
clipped_0_200	1646	0.0963665731821882	-0.2047716420654193	-0.3011382152476076
clipped_0_200	1647	-0.0003328896686053	-0.3189158884930043	-0.3185829988243989
clipped_0_200	1648	0.1125980256388868	-0.2183099027715726	-0.3309079284104594
clipped_0_200	1649	0.0691406008475964	-0.3371757540505614	-0.4063163548981578
clipped_0_200	1650	0.0269756127660343	-0.3135900747147071	-0.3405656874807414
clipped_0_200	1651	0.0801695264982056	-0.2699788852608025	-0.3501484117590081
clipped_0_200	1652	0.1523821737097104	-0.2327737653153474	-0.3851559390250578
clipped_0_200	1653	0.0217844957672524	-0.3931596791318171	-0.4149441748990696
clipped_0_200	1654	0.0275662409313866	-0.339579357110222	-0.3671455980416087
clipped_0_200	1655	0.0802319898386229	-0.2843733455465891	-0.3646053353852121
clipped_0_200	1656	-0.0099155724128048	-0.4018928179821441	-0.3919772455693393
clipped_0_200	1657	0.0835387937522082	-0.26386478158095	-0.3474035753331583
clipped_0_200	1658	0.0828573468330339	-0.2888462323235182	-0.3717035791565521
clipped_0_200	1659	0.0890153949280934	-0.3167658696577159	-0.4057812645858093
clipped_0_200	1660	0.0092346021367495	-0.2709630445859223	-0.2801976467226719
clipped_0_200	1661	0.1437923100726462	-0.1784038700995472	-0.3221961801721935
clipped_0_200	1662	0.0842098515138207	-0.2256228352706291	-0.3098326867844498
clipped_0_200	1663	0.1450948695916749	-0.1951994661177321	-0.340294335709407
clipped_0_200	1664	0.0298569396775627	-0.3425752367804884	-0.3724321764580511
clipped_0_200	1665	0.0081926428282053	-0.3810341855784294	-0.3892268284066347
clipped_0_200	1666	0.0854729977229257	-0.3009957488760025	-0.3864687465989282
clipped_0_200	1667	0.1364678939426873	-0.2424182893785247	-0.378886183321212
clipped_0_200	1668	0.057724394450372	-0.2880594785119184	-0.3457838729622904
clipped_0_200	1669	0.1362885314624976	-0.2053109809489423	-0.3415995124114399
clipped_0_200	1670	-0.0563093375355161	-0.3634695116016782	-0.307160174066162
clipped_0_200	1671	-0.0473369594759209	-0.380792487515565	-0.333455528039644
clipped_0_200	1672	0.0235084345612234	-0.3450086158172332	-0.3685170503784567
clipped_0_200	1673	0.0110324540947378	-0.2888917189661512	-0.299924173060889
clipped_0_200	1674	0.0082666492294414	-0.3831119836825405	-0.3913786329119819
clipped_0_200	1675	-0.0433232416635203	-0.360245665568959	-0.3169224239054387
clipped_0_200	1676	-0.0251266270428373	-0.2901198784376325	-0.2649932513947952
clipped_0_200	1677	0.3426882421279869	-0.0350793146228535	-0.3777675567508405
clipped_0_200	1678	0.0923034120223338	-0.3144449099004666	-0.4067483219228004
clipped_0_200	1679	0.1641553867897446	-0.168686405445067	-0.3328417922348117
clipped_0_200	1680	0.0914776401175674	-0.2284991399852487	-0.3199767801028161
clipped_0_200	1681	0.0174036732040303	-0.4611274563094863	-0.4785311295135166
clipped_0_200	1682	-0.1568839781932808	-0.4098339626004092	-0.2529499844071283
clipped_0_200	1683	0.3259231276350324	-0.0827720704002746	-0.4086951980353071
clipped_0_200	1684	0.1034531121995171	-0.2869956116186475	-0.3904487238181646
clipped_0_200	1685	-0.0456143868861016	-0.3294591027219102	-0.2838447158358086
clipped_0_200	1686	0.0372021009436823	-0.2837131921347595	-0.3209152930784418
clipped_0_200	1687	0.0633373681136212	-0.2348821268325797	-0.2982194949462009
clipped_0_200	1688	0.1108096524146607	-0.2006160243978326	-0.3114256768124934
clipped_0_200	1689	0.0364664424381167	-0.2496569559412348	-0.2861233983793516
clipped_0_200	1690	0.0512698881833307	-0.2651680114335005	-0.3164378996168313
clipped_0_200	1691	0.0941163872720764	-0.2287285590944943	-0.3228449463665708
clipped_0_200	1692	0.0486014567547003	-0.2883617297492913	-0.3369631865039917
clipped_0_200	1693	0.0369776310682637	-0.3146453111173812	-0.3516229421856449
clipped_0_200	1694	0.0969552698362309	-0.1884567009623881	-0.2854119707986191
clipped_0_200	1695	0.1759346952593226	-0.1406084835143143	-0.316543178773637
clipped_0_200	1696	0.0278495147525483	-0.3810205642524322	-0.4088700790049806
clipped_0_200	1697	0.149615141853237	-0.1942923226745318	-0.3439074645277689
clipped_0_200	1698	0.0884661531673393	-0.1757358483772962	-0.2642020015446356
clipped_0_200	1699	0.1122002706396606	-0.2088418155948667	-0.3210420862345273
clipped_0_200	1700	0.0175448169900069	-0.2927222143794429	-0.3102670313694498
clipped_0_200	1701	0.0047006505755181	-0.2628752172092855	-0.2675758677848037
clipped_0_200	1702	0.1986285808954249	-0.1805493079019915	-0.3791778887974164
clipped_0_200	1703	0.0233486837996787	-0.3070631561130684	-0.3304118399127471
clipped_0_200	1704	0.0349626267173423	-0.27547972665168	-0.3104423533690224
clipped_0_200	1705	0.0076039490312873	-0.3446905474526321	-0.3522944964839194
clipped_0_200	1706	0.0995888693408425	-0.2826345065312848	-0.3822233758721274
clipped_0_200	1707	0.0725947072593086	-0.2874741425723747	-0.3600688498316833
clipped_0_200	1708	0.0176870249878842	-0.3647792929533774	-0.3824663179412617
clipped_0_200	1709	0.0293939616064424	-0.3209131926395859	-0.3503071542460283
clipped_0_200	1710	0.1013717935662065	-0.2733194973851368	-0.3746912909513433
clipped_0_200	1711	0.1233384800813662	-0.2343171242561917	-0.357655604337558
clipped_0_200	1712	0.0986439494015234	-0.2696621298127846	-0.368306079214308
clipped_0_200	1713	0.0971420982525622	-0.275151127687734	-0.3722932259402962
clipped_0_200	1714	0.0603126308184957	-0.2571807892079496	-0.3174934200264454
clipped_0_200	1715	0.0846475610959925	-0.3251090822231827	-0.4097566433191753
clipped_0_200	1716	-0.0164484942030105	-0.2456934985711276	-0.2292450043681171
clipped_0_200	1717	-0.074516961679904	-0.4057576854762776	-0.3312407237963736
clipped_0_200	1718	0.0328494080480743	-0.3278207992324178	-0.3606702072804921
clipped_0_200	1719	0.2038844364242527	-0.1871075683772737	-0.3909920048015265
clipped_0_200	1720	0.2663615537538587	-0.1605077735598451	-0.4268693273137038
clipped_0_200	1721	0.1798005230935013	-0.1990743853192718	-0.3788749084127731
clipped_0_200	1722	-0.0239099398705736	-0.386220144145042	-0.3623102042744683
clipped_0_200	1723	0.006932323845678	-0.3657930717447214	-0.3727253955903995
clipped_0_200	1724	0.0885879641606407	-0.2859033498444655	-0.3744913140051062
clipped_0_200	1725	0.1067295832691853	-0.2220493456642024	-0.3287789289333878
clipped_0_200	1726	0.1397451297388687	-0.0983830285222951	-0.2381281582611638
clipped_0_200	1727	0.255823703497929	-0.0986600980506345	-0.3544838015485636
clipped_0_200	1728	0.0885251592988032	-0.3102280492402958	-0.398753208539099
clipped_0_200	1729	0.0748986336722529	-0.2987730177164268	-0.3736716513886797
clipped_0_200	1730	0.1634618572143698	-0.2499970629671375	-0.4134589201815073
clipped_0_200	1731	0.0129060166735498	-0.3201404014904042	-0.3330464181639541
clipped_0_200	1732	-0.0631068536705093	-0.4016727469266185	-0.3385658932561092
clipped_0_200	1733	0.0978174005343529	-0.2573479866982636	-0.3551653872326166
clipped_0_200	1734	-0.0325099285069742	-0.3518702661071812	-0.319360337600207
clipped_0_200	1735	0.1232827947886886	-0.2159993603229094	-0.3392821551115981
clipped_0_200	1736	0.0369862894346932	-0.2815865359444598	-0.3185728253791531
clipped_0_200	1737	0.1584967973158741	-0.2278972460743516	-0.3863940433902257
clipped_0_200	1738	0.0279176732806095	-0.3864707180684452	-0.4143883913490548
clipped_0_200	1739	0.0931106563786063	-0.1893076844145084	-0.2824183407931148
clipped_0_200	1740	0.3195662889908466	-0.0441956681471817	-0.3637619571380284
clipped_0_200	1741	0.0523061759852047	-0.3029622839230727	-0.3552684599082774
clipped_0_200	1742	0.1989265387170134	-0.1944625695134025	-0.3933891082304159
clipped_0_200	1743	0.1075222774987683	-0.2517044092418352	-0.3592266867406035
clipped_0_200	1744	-0.0310987654890895	-0.3287890755596501	-0.2976903100705605
clipped_0_200	1745	0.0309407195939721	-0.2984868909339617	-0.3294276105279339
clipped_0_200	1746	0.0736407797718434	-0.2382046821909786	-0.3118454619628221
clipped_0_200	1747	0.113377686813297	-0.2543783384110695	-0.3677560252243665
clipped_0_200	1748	-0.151624650263235	-0.4632078001002691	-0.311583149837034
clipped_0_200	1749	0.1327220415748377	-0.2507751404304524	-0.3834971820052901
clipped_0_200	1750	0.0123520187863309	-0.2300101491069425	-0.2423621678932734
clipped_0_200	1751	0.1654871989690108	-0.242794890870173	-0.4082820898391839
clipped_0_200	1752	0.0250021491395627	-0.3142446629254615	-0.3392468120650243
clipped_0_200	1753	0.012065914842406	-0.2961020809662447	-0.3081679958086507
clipped_0_200	1754	-0.0334485902368508	-0.2846015923995248	-0.251153002162674
clipped_0_200	1755	0.0975697004542874	-0.2564254730925422	-0.3539951735468296
clipped_0_200	1756	0.0252961295113425	-0.2651886377904602	-0.2904847673018027
clipped_0_200	1757	0.0471056626365963	-0.3211720707049937	-0.3682777333415901
clipped_0_200	1758	0.1262448628582782	-0.2153999377649753	-0.3416448006232535
clipped_0_200	1759	0.0580646079401112	-0.2276134542258881	-0.2856780621659993
clipped_0_200	1760	0.1573493960091888	-0.1183825138490536	-0.2757319098582425
clipped_0_200	1761	0.2110015227039819	-0.1715764899838889	-0.3825780126878708
clipped_0_200	1762	0.1195658737355488	-0.2802449769290064	-0.3998108506645552
clipped_0_200	1763	-0.0656155464946147	-0.4234293991051837	-0.3578138526105689
clipped_0_200	1764	0.1453998029558587	-0.112157515663228	-0.2575573186190867
clipped_0_200	1765	-0.0214242608623553	-0.3752509038290663	-0.3538266429667109
clipped_0_200	1766	0.0490731285997668	-0.2633113154589241	-0.3123844440586909
clipped_0_200	1767	-0.030342642129794	-0.3669395954245777	-0.3365969532947837
clipped_0_200	1768	0.0114791035525063	-0.2821720154906997	-0.293651119043206
clipped_0_200	1769	0.0813737086335029	-0.3052956897703718	-0.3866693984038747
clipped_0_200	1770	0.0830192572275118	-0.3134393668561698	-0.3964586240836816
clipped_0_200	1771	-0.0604645993263968	-0.3397300870345978	-0.279265487708201
clipped_0_200	1772	0.0094998011108779	-0.294281281888349	-0.3037810829992269
clipped_0_200	1773	0.1185889340240914	-0.1556950694795048	-0.2742840035035963
clipped_0_200	1774	0.049150417132527	-0.262975839909808	-0.3121262570423351
clipped_0_200	1775	0.0084405937955897	-0.3717257242686021	-0.3801663180641919
clipped_0_200	1776	0.0978125591776828	-0.2590154016683865	-0.3568279608460694
clipped_0_200	1777	0.0293411780207313	-0.2762800202542974	-0.3056211982750287
clipped_0_200	1778	0.0017119970434312	-0.3734061684706739	-0.3751181655141051
clipped_0_200	1779	0.2563644117770981	-0.1234781797149607	-0.3798425914920589
clipped_0_200	1780	0.2086841889081385	-0.090748286058304	-0.2994324749664425
clipped_0_200	1781	0.3055225321132869	-0.1295624131248512	-0.4350849452381382
clipped_0_200	1782	0.0504089492551101	-0.2881509488706494	-0.3385598981257596
clipped_0_200	1783	-0.013438917113027	-0.299637180307072	-0.2861982631940449
clipped_0_200	1784	0.0264927235741257	-0.304143240765899	-0.3306359643400247
clipped_0_200	1785	0.2060212062756022	-0.1059503495240447	-0.3119715557996469
clipped_0_200	1786	0.1000931989922228	-0.2709481287411465	-0.3710413277333693
clipped_0_200	1787	0.116103929996615	-0.2241925944773731	-0.3402965244739881
clipped_0_200	1788	-0.0808283732292828	-0.3176087309840709	-0.236780357754788
clipped_0_200	1789	-0.0258316442040438	-0.3082310699468656	-0.2823994257428217
clipped_0_200	1790	0.2418899214197916	-0.1705122072982715	-0.4124021287180632
clipped_0_200	1791	0.0392261137649393	-0.2854585858042219	-0.3246846995691612
clipped_0_200	1792	0.12908246871427	-0.193800796018038	-0.3228832647323081
clipped_0_200	1793	0.0777964906306193	-0.2752254337159999	-0.3530219243466193
clipped_0_200	1794	0.0070076156591582	-0.2910390033549522	-0.2980466190141104
clipped_0_200	1795	0.1278228798059124	-0.158132925418162	-0.2859558052240745
clipped_0_200	1796	0.0610891350288045	-0.2727250826542904	-0.3338142176830949
clipped_0_200	1797	-0.033829808090911	-0.2696025588973617	-0.2357727508064506
clipped_0_200	1798	0.2009713193262168	-0.0989219456980016	-0.2998932650242185
clipped_0_200	1799	0.0042079807861442	-0.3982785262747997	-0.402486507060944
clipped_0_200	1800	0.0330464894890561	-0.324986216543329	-0.3580327060323851
clipped_0_200	1801	0.0202868272810648	-0.274341111332166	-0.2946279386132309
clipped_0_200	1802	0.1003244250118449	-0.2125733706997479	-0.3128977957115928
clipped_0_200	1803	0.1914263224587794	-0.1503305399713764	-0.3417568624301559
clipped_0_200	1804	0.0109386024375308	-0.2847714380196589	-0.2957100404571897
clipped_0_200	1805	0.1031428441832862	-0.2436672981619017	-0.3468101423451879
clipped_0_200	1806	0.0094951159612215	-0.4013317670687531	-0.4108268830299746
clipped_0_200	1807	-0.0083988153767417	-0.2612599180893422	-0.2528611027126004
clipped_0_200	1808	0.0202012799591971	-0.3134736364563297	-0.3336749164155268
clipped_0_200	1809	-0.0232486219986737	-0.3056610354802284	-0.2824124134815546
clipped_0_200	1810	0.0203718421004512	-0.2598259226045923	-0.2801977647050435
clipped_0_200	1811	-0.0456841427759323	-0.3184842718701718	-0.2728001290942394
clipped_0_200	1812	0.1785531880308706	-0.2854511384226381	-0.4640043264535087
clipped_0_200	1813	0.0270423401428432	-0.3777563610573204	-0.4047987012001637
clipped_0_200	1814	0.0167101499067933	-0.3653938826121701	-0.3821040325189635
clipped_0_200	1815	0.1743835135499022	-0.1706293775233676	-0.3450128910732699
clipped_0_200	1816	0.0299276026205794	-0.2141724450303389	-0.2441000476509183
clipped_0_200	1817	0.2154029163242687	-0.1382003035042237	-0.3536032198284924
clipped_0_200	1818	0.2473619946119045	-0.0911025490961905	-0.3384645437080951
clipped_0_200	1819	0.1296846299549212	-0.280473557398296	-0.4101581873532172
clipped_0_200	1820	-0.0322985708472266	-0.293535313443045	-0.2612367425958184
clipped_0_200	1821	0.0138154827883886	-0.3446360845195538	-0.3584515673079425
clipped_0_200	1822	0.1128889447790085	-0.2784971542503905	-0.391386099029399
clipped_0_200	1823	0.0930777685690373	-0.1952920569242064	-0.2883698254932438
clipped_0_200	1824	-0.0270084080037077	-0.3948084560402344	-0.3678000480365266
clipped_0_200	1825	0.0874281832183692	-0.1972664129409322	-0.2846945961593015
clipped_0_200	1826	0.2420351318073094	-0.0764123341212317	-0.3184474659285412
clipped_0_200	1827	-0.0503934425585962	-0.363317537809282	-0.3129240952506857
clipped_0_200	1828	0.1542606304375423	-0.1714629035965594	-0.3257235340341018
clipped_0_200	1829	0.1800582959418356	-0.2417004514774344	-0.4217587474192701
clipped_0_200	1830	0.0068982663534046	-0.2645073723354426	-0.2714056386888472
clipped_0_200	1831	0.1617927650811915	-0.2573595617546135	-0.419152326835805
clipped_0_200	1832	0.0490576860604605	-0.3363190606574728	-0.3853767467179334
clipped_0_200	1833	0.0628195716074562	-0.2284399371074015	-0.2912595087148578
clipped_0_200	1834	0.0451471283368087	-0.3054874090309021	-0.3506345373677109
clipped_0_200	1835	0.0902721592403236	-0.3199027754205138	-0.4101749346608374
clipped_0_200	1836	0.0368578808801698	-0.3008304979346548	-0.3376883788148246
clipped_0_200	1837	0.0378229352004872	-0.2995542579905666	-0.3373771931910538
clipped_0_200	1838	0.1381935963647914	-0.2677897742569969	-0.4059833706217883
clipped_0_200	1839	0.301576314806483	-0.0948630219444667	-0.3964393367509498
clipped_0_200	1840	0.1660366330278569	-0.1907352781170334	-0.3567719111448904
clipped_0_200	1841	-0.0186892277648901	-0.3648451947114441	-0.3461559669465539
clipped_0_200	1842	0.1915401980711894	-0.1655860200555007	-0.3571262181266901
clipped_0_200	1843	0.0344544758506843	-0.2511901217740355	-0.2856445976247199
clipped_0_200	1844	0.1098019530141597	-0.3330532426603823	-0.4428551956745421
clipped_0_200	1845	0.101738278078112	-0.2459275298540829	-0.347665807932195
clipped_0_200	1846	-0.0166732585496708	-0.3545942672304635	-0.3379210086807926
clipped_0_200	1847	0.0045302011422952	-0.3806054208370878	-0.3851356219793831
clipped_0_200	1848	0.1158113149810304	-0.2446180410217878	-0.3604293560028182
clipped_0_200	1849	0.226383175037228	-0.1328529633631006	-0.3592361384003286
clipped_0_200	1850	0.1177284306667833	-0.2565862036358252	-0.3743146343026086
clipped_0_200	1851	-0.0499974756331335	-0.3552757946740245	-0.305278319040891
clipped_0_200	1852	0.0275376699199986	-0.3313117158201409	-0.3588493857401396
clipped_0_200	1853	0.1954558093473956	-0.1488887088438451	-0.3443445181912408
clipped_0_200	1854	0.0701276729147692	-0.237695526061213	-0.3078231989759823
clipped_0_200	1855	-0.0586199053376286	-0.4421118287242556	-0.3834919233866269
clipped_0_200	1856	0.0159285420959814	-0.2772040055693049	-0.2931325476652864
clipped_0_200	1857	-0.0161612054116948	-0.3777288853874372	-0.3615676799757423
clipped_0_200	1858	0.106896398081243	-0.2198701583983013	-0.3267665564795443
clipped_0_200	1859	-0.1630509452460045	-0.4269982580393743	-0.2639473127933698
clipped_0_200	1860	0.0245820565046424	-0.3039673700789603	-0.3285494265836028
clipped_0_200	1861	0.0880858589507166	-0.2711497390027642	-0.3592355979534809
clipped_0_200	1862	0.1601524678134006	-0.1831995461423429	-0.3433520139557435
clipped_0_200	1863	0.0938137241454367	-0.2528356930094003	-0.3466494171548371
clipped_0_200	1864	0.0650483094645886	-0.3014536851881619	-0.3665019946527506
clipped_0_200	1865	0.0997021751700201	-0.25500171439767	-0.3547038895676901
clipped_0_200	1866	0.2322340746452301	-0.1394306131139106	-0.3716646877591407
clipped_0_200	1867	0.0912693259935048	-0.1788296363350399	-0.2700989623285448
clipped_0_200	1868	0.2253178906106145	-0.1404267779508816	-0.3657446685614962
clipped_0_200	1869	-0.060776148128378	-0.4009673336297409	-0.3401911855013628
clipped_0_200	1870	0.0246190864575963	-0.4271366668135516	-0.451755753271148
clipped_0_200	1871	0.1396742436066606	-0.2260352998554016	-0.3657095434620623
clipped_0_200	1872	-0.0161521092193458	-0.4006411139139988	-0.3844890046946529
clipped_0_200	1873	-0.0815145219740887	-0.4766942094873236	-0.3951796875132349
clipped_0_200	1874	0.0849659829816972	-0.3172825623732923	-0.4022485453549895
clipped_0_200	1875	0.1953123974189335	-0.1602048889833673	-0.3555172864023008
clipped_0_200	1876	0.1873652035559057	-0.1838640398312682	-0.371229243387174
clipped_0_200	1877	0.0152670337663983	-0.2827586194862474	-0.2980256532526457
clipped_0_200	1878	-0.0079133739354504	-0.2696216313605473	-0.2617082574250968
clipped_0_200	1879	-0.0052486728532379	-0.3020460292799659	-0.2967973564267279
clipped_0_200	1880	0.0697180346030548	-0.2561572888061663	-0.3258753234092211
clipped_0_200	1881	0.0327516386826605	-0.2574247812846295	-0.29017641996729
clipped_0_200	1882	0.0835725532553421	-0.1834992488314899	-0.2670718020868321
clipped_0_200	1883	0.1886368147575424	-0.2014314750093519	-0.3900682897668943
clipped_0_200	1884	0.1340654525052541	-0.2316248465243041	-0.3656902990295583
clipped_0_200	1885	-0.0798881498994427	-0.3760875810903876	-0.2961994311909448
clipped_0_200	1886	0.0124712169574128	-0.2862230108101047	-0.2986942277675175
clipped_0_200	1887	0.1944904150447734	-0.2065750587319928	-0.4010654737767662
clipped_0_200	1888	0.1732204762184396	-0.1268593340669762	-0.3000798102854158
clipped_0_200	1889	0.1526069540268646	-0.1605220797234375	-0.3131290337503021
clipped_0_200	1890	0.0679781963510119	-0.2436805605196872	-0.3116587568706992
clipped_0_200	1891	0.1454237314208807	-0.2729359768489631	-0.4183597082698438
clipped_0_200	1892	-0.0531276768575208	-0.3847833761824775	-0.3316556993249566
clipped_0_200	1893	-0.0150953770256975	-0.3131789843707133	-0.2980836073450157
clipped_0_200	1894	0.0675000379942424	-0.2209829586581227	-0.2884829966523652
clipped_0_200	1895	0.1504474404717831	-0.1624457341070028	-0.3128931745787859
clipped_0_200	1896	0.1813857385150442	-0.1397851093045174	-0.3211708478195616
clipped_0_200	1897	0.1117402811498917	-0.2189622122551824	-0.3307024934050742
clipped_0_200	1898	0.1884291398012195	-0.1473767145916212	-0.3358058543928408
clipped_0_200	1899	-0.004859510209562	-0.4439821439342871	-0.439122633724725
clipped_0_200	1900	0.1130521499504448	-0.2505297387087848	-0.3635818886592297
clipped_0_200	1901	0.1284446577647787	-0.2307892457127919	-0.3592339034775706
clipped_0_200	1902	0.0961870137785087	-0.2867479079542078	-0.3829349217327166
clipped_0_200	1903	0.2470841169640034	-0.1241362736544852	-0.3712203906184887
clipped_0_200	1904	0.0667295769878403	-0.2340613754432298	-0.3007909524310701
clipped_0_200	1905	0.1635367097264405	-0.1565781064214156	-0.3201148161478561
clipped_0_200	1906	0.0444201198180117	-0.2194350433102418	-0.2638551631282535
clipped_0_200	1907	-0.1073491879343262	-0.4535496835142747	-0.3462004955799485
clipped_0_200	1908	-0.1009603501512101	-0.3540595641678196	-0.2530992140166095
clipped_0_200	1909	-0.0117637776312111	-0.3488204503895797	-0.3370566727583686
clipped_0_200	1910	0.0721590304347168	-0.2521859046134231	-0.3243449350481399
clipped_0_200	1911	0.0114712410118899	-0.2202545231343415	-0.2317257641462314
clipped_0_200	1912	0.1534374274649638	-0.1941377595086327	-0.3475751869735966
clipped_0_200	1913	0.2729722933972818	-0.1604851218188061	-0.4334574152160879
clipped_0_200	1914	0.1386706942926575	-0.1981199745567595	-0.3367906688494171
clipped_0_200	1915	-0.1243647839579672	-0.4204910951356367	-0.2961263111776695
clipped_0_200	1916	-0.0134970370848754	-0.3503537728866998	-0.3368567358018243
clipped_0_200	1917	0.063355833395273	-0.2570031725439634	-0.3203590059392365
clipped_0_200	1918	0.1695370439455686	-0.2046162971073059	-0.3741533410528745
clipped_0_200	1919	0.1178293008346488	-0.2128765681544451	-0.330705868989094
clipped_0_200	1920	0.1494132510888282	-0.1351105333225805	-0.2845237844114088
clipped_0_200	1921	0.0889926674659105	-0.2593398842981951	-0.3483325517641056
clipped_0_200	1922	0.0797931475610638	-0.2656672610528736	-0.3454604086139374
clipped_0_200	1923	0.271275594402597	-0.073378842568143	-0.34465443697074
clipped_0_200	1924	0.0673918754332049	-0.2927115744445964	-0.3601034498778013
clipped_0_200	1925	0.16040487645791	-0.2116843473729681	-0.3720892238308781
clipped_0_200	1926	-0.0042582620221172	-0.3848720511638402	-0.3806137891417229
clipped_0_200	1927	0.0047577375208776	-0.3336119165669531	-0.3383696540878307
clipped_0_200	1928	0.1097081498772311	-0.241754664201941	-0.3514628140791722
clipped_0_200	1929	-0.0288625628572598	-0.4422952781762557	-0.4134327153189958
clipped_0_200	1930	0.0781510290801083	-0.331403635478927	-0.4095546645590353
clipped_0_200	1931	0.0216129067850261	-0.3089873674011218	-0.330600274186148
clipped_0_200	1932	0.1193573826266108	-0.2355461149128097	-0.3549034975394205
clipped_0_200	1933	0.0507525870155378	-0.2914552338068717	-0.3422078208224096
clipped_0_200	1934	0.1798024011431175	-0.1864873197783917	-0.3662897209215092
clipped_0_200	1935	0.1497617964162666	-0.1840297822889554	-0.333791578705222
clipped_0_200	1936	0.0650609688490132	-0.3147693044843126	-0.3798302733333258
clipped_0_200	1937	-0.0239533541325131	-0.2979908045288554	-0.2740374503963423
clipped_0_200	1938	0.0283352662064051	-0.3519462833374596	-0.3802815495438647
clipped_0_200	1939	0.0689736884560255	-0.2500551613188838	-0.3190288497749094
clipped_0_200	1940	0.1570602251022562	-0.2169483233052062	-0.3740085484074624
clipped_0_200	1941	0.1676100692368405	-0.1897347184153708	-0.3573447876522113
clipped_0_200	1942	-0.1085552705988417	-0.3991964621663599	-0.2906411915675182
clipped_0_200	1943	0.1836549527569111	-0.2169983347962418	-0.400653287553153
clipped_0_200	1944	0.1493312808223926	-0.2769181606813883	-0.4262494415037809
clipped_0_200	1945	0.0150852083504484	-0.3615447273288579	-0.3766299356793063
clipped_0_200	1946	0.0730737077448697	-0.2799145828528151	-0.3529882905976849
clipped_0_200	1947	0.1192188857372539	-0.1579341603904958	-0.2771530461277498
clipped_0_200	1948	-0.0421812926645108	-0.3786953948608398	-0.3365141021963289
clipped_0_200	1949	0.0683708824674214	-0.3045223673877675	-0.3728932498551889
clipped_0_200	1950	0.1870800555730304	-0.1999094362153758	-0.3869894917884062
clipped_0_200	1951	0.1539402497432	-0.1561564968931886	-0.3100967466363887
clipped_0_200	1952	0.0490031684451824	-0.2128924152379407	-0.2618955836831231
clipped_0_200	1953	0.0099580056721252	-0.2937234306987849	-0.3036814363709101
clipped_0_200	1954	0.1402558708961791	-0.2749758189336329	-0.415231689829812
clipped_0_200	1955	0.1554271670809121	-0.1590824238128235	-0.3145095908937356
clipped_0_200	1956	0.0560841438877294	-0.2735723402658855	-0.3296564841536149
clipped_0_200	1957	0.1165953389180008	-0.2515755971015704	-0.3681709360195713
clipped_0_200	1958	-0.0306678857078387	-0.2696923318666461	-0.2390244461588073
clipped_0_200	1959	0.0930570660804697	-0.1834265944004569	-0.2764836604809266
clipped_0_200	1960	-0.0707473896435161	-0.3863885763720877	-0.3156411867285715
clipped_0_200	1961	-0.0100837413287368	-0.3589266065743069	-0.3488428652455702
clipped_0_200	1962	0.3099197532111612	-0.0252919839345771	-0.3352117371457384
clipped_0_200	1963	0.1090093551890307	-0.2193214683050397	-0.3283308234940705
clipped_0_200	1964	-0.1003492983770499	-0.4601082165949132	-0.3597589182178633
clipped_0_200	1965	-0.0006431773617918	-0.2521339415615073	-0.2514907641997155
clipped_0_200	1966	0.0527229745741959	-0.2762185301530688	-0.3289415047272648
clipped_0_200	1967	0.0933034447577717	-0.2324827520555999	-0.3257861968133717
clipped_0_200	1968	-0.1173023883977154	-0.3668863493519211	-0.2495839609542056
clipped_0_200	1969	-0.0748646929750239	-0.3786156272230637	-0.3037509342480398
clipped_0_200	1970	-0.0841122425135703	-0.4452511260799023	-0.361138883566332
clipped_0_200	1971	-0.0847538592244024	-0.3076159093015098	-0.2228620500771074
clipped_0_200	1972	0.1212112506012273	-0.1416996845340798	-0.2629109351353071
clipped_0_200	1973	-0.1106869560059784	-0.4882045560367569	-0.3775176000307785
clipped_0_200	1974	-0.0780885018994969	-0.3870274780974686	-0.3089389761979717
clipped_0_200	1975	0.1948035720207135	-0.1899725856832994	-0.3847761577040129
clipped_0_200	1976	0.0166756118758854	-0.3973425769379791	-0.4140181888138645
clipped_0_200	1977	0.0488317888716634	-0.3080224473031587	-0.3568542361748221
clipped_0_200	1978	0.0926937380942506	-0.2419949094981114	-0.3346886475923621
clipped_0_200	1979	0.0318273428949855	-0.3021942235579096	-0.3340215664528951
clipped_0_200	1980	0.1957563148191639	-0.1963766679113082	-0.3921329827304722
clipped_0_200	1981	0.0137175598064887	-0.2312752898436143	-0.244992849650103
clipped_0_200	1982	-0.0420450944156839	-0.3997207892857747	-0.3576756948700907
clipped_0_200	1983	-0.0109448319962302	-0.3636987044450402	-0.3527538724488099
clipped_0_200	1984	-0.0769734903463827	-0.4076489010443493	-0.3306754106979666
clipped_0_200	1985	0.0558192143343011	-0.2775947525378978	-0.3334139668721989
clipped_0_200	1986	0.261521158139837	-0.1805770437770245	-0.4420982019168615
clipped_0_200	1987	0.0858087062967803	-0.2587456787052716	-0.344554385002052
clipped_0_200	1988	-0.0093200688851174	-0.3276476669276787	-0.3183275980425613
clipped_0_200	1989	0.2816270692804433	-0.0487335712232439	-0.3303606405036872
clipped_0_200	1990	-0.0587731621377	-0.3320275842092436	-0.2732544220715436
clipped_0_200	1991	0.1404426730804189	-0.3166586238472676	-0.4571012969276865
clipped_0_200	1992	0.121659098075894	-0.2849164033317868	-0.4065755014076808
clipped_0_200	1993	0.0588362751290829	-0.2976451033365369	-0.3564813784656198
clipped_0_200	1994	0.0528244100208841	-0.2330768688221418	-0.2859012788430259
clipped_0_200	1995	-0.0061572676019376	-0.368315784253563	-0.3621585166516254
clipped_0_200	1996	0.1759849502896188	-0.239001939507596	-0.4149868897972149
clipped_0_200	1997	0.0071792290843393	-0.317150835315499	-0.3243300643998383
clipped_0_200	1998	0.1234088984449404	-0.2668362351882433	-0.3902451336331838
clipped_0_200	1999	0.1944279824212267	-0.2060477851107787	-0.4004757675320054
