iteration	circular_shift_r_with_success	n_subjects
1	-0.1405033724847236	33
2	-0.0508096955654835	33
3	-0.0529352967154089	33
4	-0.0463894572894525	33
5	-0.0315393004540236	33
6	-0.1324675252134798	33
7	-0.2154396646733593	33
8	-0.2069227349184398	33
9	0.1703057649274714	33
10	0.4390372382871589	33
11	-0.071929652461996	33
12	0.3022862704162848	33
13	0.3964073906986048	33
14	0.2046281162976919	33
15	0.0495326126259325	33
16	0.1964689815706197	33
17	0.2824818115044331	33
18	0.2028634316257832	33
19	0.1415374033382992	33
20	0.2972364026601952	33
21	0.2173215339463445	33
22	0.1457172937686155	33
23	0.281649534442822	33
24	-0.3695752659631972	33
25	0.4255220882042068	33
26	-0.1976047922299738	33
27	0.1810749992771057	33
28	0.1785567951716617	33
29	0.1794397675653563	33
30	-0.1389911183853956	33
31	0.1423524866652481	33
32	-0.0318896805564926	33
33	0.2553464559900636	33
34	-0.2303248777758798	33
35	0.0611758181131269	33
36	0.2582906944752302	33
37	-0.1814606562402158	33
38	-0.0283180439213662	33
39	0.111810374162195	33
40	0.0943530208676491	33
41	0.1818364851288069	33
42	0.0088252203577509	33
43	0.2220118632431572	33
44	0.0918330521754236	33
45	0.2058853375994145	33
46	-0.0504964826585818	33
47	0.0232231951049751	33
48	0.0785232911983307	33
49	0.2605204396244372	33
50	-0.0588525947579567	33
51	0.2243055927623719	33
52	-0.0017961449857436	33
53	-0.100621144862724	33
54	0.0228128454721914	33
55	-0.3002712553288911	33
56	0.1269482450301194	33
57	-0.1796187151873784	33
58	0.1812299361962835	33
59	0.1086058764548357	33
60	-0.0294242206078973	33
61	0.1423065380508685	33
62	-0.1013770022058502	33
63	0.3283545301028017	33
64	-0.0216147105170714	33
65	0.0722887460294603	33
66	0.0187771659183305	33
67	0.1130030456572421	33
68	-0.2393027143598151	33
69	-0.1372327829307324	33
70	-0.1133978955928458	33
71	-0.0371242829867276	33
72	-0.1105249015277409	33
73	0.0060766478812344	33
74	0.3921791639127756	33
75	0.0056529232554477	33
76	-0.1021307433957038	33
77	-0.264287613214796	33
78	0.2078211888672178	33
79	0.1778284698295598	33
80	-0.0525136300490657	33
81	0.2044241890788757	33
82	0.0787980665317274	33
83	0.3437448289262674	33
84	-0.0267751924406582	33
85	0.2059672899342027	33
86	0.3821910460946528	33
87	0.083239794750692	33
88	0.1747254892291692	33
89	0.147968802028842	33
90	0.0157596178371336	33
91	0.3024743615005676	33
92	0.2630252958644841	33
93	0.2661408969442603	33
94	0.0928870861104781	33
95	0.0158348819455958	33
96	0.0970661881419168	33
97	0.1882723692874706	33
98	0.1682165786753983	33
99	0.2870031722206422	33
100	-0.0201665303659923	33
101	0.2655003314176128	33
102	0.2721288258184459	33
103	0.2384974730911069	33
104	-0.0765975835483238	33
105	0.3465601601494814	33
106	0.0132259176269041	33
107	0.0334880032163184	33
108	0.33238055079398	33
109	0.1018479342550493	33
110	0.0106380807403275	33
111	0.1680923382296688	33
112	-0.2887283637928131	33
113	-0.218640622293373	33
114	0.0923227510443518	33
115	-0.0285097219557651	33
116	0.1843352814259587	33
117	0.3042254463309397	33
118	-0.166673325751412	33
119	-0.3745899831787674	33
120	0.2474719087125662	33
121	-0.0517335270495294	33
122	-0.0607053647288522	33
123	0.2162194253456843	33
124	0.0734360901848155	33
125	0.2177246670087912	33
126	0.3510012334730376	33
127	0.032170788839112	33
128	0.2779987170585145	33
129	0.0245257710547123	33
130	0.0440797769842344	33
131	0.1870577819574839	33
132	-0.0452074196384053	33
133	0.1054162329798303	33
134	0.0148599204818008	33
135	-0.2521101354898987	33
136	-0.2059452613055062	33
137	0.0347242248079409	33
138	0.3195796066070109	33
139	0.0221131676659353	33
140	0.5112682776354543	33
141	0.1395460461675287	33
142	0.2294016220863881	33
143	0.1186311236741958	33
144	0.0225652361655424	33
145	0.325916749151619	33
146	0.1086744001955257	33
147	0.0507027655523131	33
148	0.2106724493559922	33
149	-0.0008250449947254	33
150	-0.0074349746270045	33
151	-0.0557233611765998	33
152	0.1232192144920677	33
153	0.2656544514915666	33
154	0.0601146671586636	33
155	-0.1377313618111413	33
156	0.0585128607849037	33
157	0.1996005810369276	33
158	-0.0038887225047882	33
159	0.1299283669241433	33
160	-0.0603599904969364	33
161	0.2613071810030898	33
162	-0.0355989207607351	33
163	0.2333077697330142	33
164	0.1343962777457346	33
165	-0.1119547279561897	33
166	0.0584280545972974	33
167	-0.1318882725091391	33
168	0.0617356129938371	33
169	0.1481112499278402	33
170	-0.056144837855511	33
171	-0.2422151235352628	33
172	0.1753943615589742	33
173	0.1030182715093016	33
174	0.0175349261909353	33
175	-0.1767217122126098	33
176	-0.1820918298119344	33
177	0.1150048025341457	33
178	0.2977275407807785	33
179	-0.1779328516298199	33
180	0.1136108866606884	33
181	-0.0238426686374574	33
182	0.1040589295953971	33
183	0.0809116232184992	33
184	0.1647118235273305	33
185	0.2162183322022375	33
186	-0.2023027757902273	33
187	0.0005267783569829	33
188	-0.1354329869377978	33
189	0.5864854915245993	33
190	-0.2309222520740196	33
191	0.1395451210387355	33
192	0.0110387178781166	33
193	0.3121736730972866	33
194	0.0353029162893011	33
195	0.240859329566259	33
196	0.0321086819900042	33
197	-0.0604829490715702	33
198	0.2511642707888862	33
199	0.3514611987252505	33
200	-0.0390532799068489	33
201	0.2695769308458721	33
202	0.2331969668818026	33
203	-0.0681476560637734	33
204	0.3412401936374484	33
205	0.0244565475038581	33
206	0.0996873973257118	33
207	-0.2521619190609724	33
208	0.1981177582508456	33
209	-0.1079275885995257	33
210	0.2262296892913096	33
211	-0.2791070064127174	33
212	-0.1878148093903903	33
213	-0.2740117756210105	33
214	-0.0973547199689877	33
215	0.2319535746922626	33
216	0.415029106011304	33
217	0.1322373749983468	33
218	0.3099744426168158	33
219	0.0004612366488611	33
220	0.29380121395301	33
221	-0.0811294732052842	33
222	-0.0898114581723723	33
223	0.2089249974375815	33
224	0.3779491425096127	33
225	0.1174637160325377	33
226	0.0709572602685385	33
227	-0.2034967982011253	33
228	0.3820749972239354	33
229	-0.0150220856102786	33
230	-0.1729926213761368	33
231	0.2133525266698121	33
232	0.0919800696543313	33
233	0.332994764172311	33
234	0.2927563155899648	33
235	0.0010663138855425	33
236	0.0093716764267286	33
237	0.2729221472586259	33
238	0.3830567456691203	33
239	-0.0639569113871259	33
240	-0.1006000081746898	33
241	-0.2775321521624183	33
242	0.1052094821960122	33
243	0.1497740897127958	33
244	0.3417729576519689	33
245	0.1262624986816099	33
246	0.175576348813406	33
247	0.0318518453525703	33
248	-0.1307820346401678	33
249	0.3621902839526204	33
250	0.0743667313632115	33
251	0.2770557697080319	33
252	0.4119112763362335	33
253	0.0658370856790972	33
254	0.0297311919998437	33
255	0.3222459088475778	33
256	0.0160757285992431	33
257	-0.2030990510527835	33
258	0.2958424755285182	33
259	0.1829864596083857	33
260	0.1588059045832919	33
261	-0.0272765764426027	33
262	0.37663009874353	33
263	0.2468995700643319	33
264	0.0857248656750624	33
265	-0.1631761047206339	33
266	0.1552512825072127	33
267	0.0010592579525384	33
268	-0.2304512094493911	33
269	-0.4047160100197568	33
270	0.0582834832638618	33
271	0.311245350579281	33
272	0.0413343119393803	33
273	0.2640442818733474	33
274	-0.0364918455130052	33
275	0.003573680148095	33
276	0.2340907494664179	33
277	0.2095973352421376	33
278	-0.0773308441836352	33
279	0.1858530050054858	33
280	0.0018581852424703	33
281	0.1642413319422953	33
282	0.3672447532734446	33
283	-0.0531003875772964	33
284	0.0235483511320659	33
285	-0.1658769663523569	33
286	0.0527727816187742	33
287	-0.0021561518596204	33
288	-0.2683781427383794	33
289	0.2591610934205329	33
290	0.1066123810942943	33
291	0.3933355207732421	33
292	-0.1718211268007594	33
293	-0.0118506593151978	33
294	-0.2126383121766466	33
295	0.1458418842905614	33
296	-0.269405960788817	33
297	0.5995946659055365	33
298	-0.0361468315063897	33
299	0.0586221207999875	33
300	0.1639829198590585	33
301	-0.209956436711673	33
302	-0.1200658981437122	33
303	0.1467869354148744	33
304	-0.0733286081980494	33
305	0.0991992206651126	33
306	-0.0289130453300216	33
307	0.3271651283176514	33
308	0.1407550897180834	33
309	0.1128873352155737	33
310	-0.0042603022490187	33
311	0.1362932255116053	33
312	-0.1895651988397289	33
313	0.048703128264781	33
314	-0.029249426105234	33
315	0.421235951135625	33
316	0.1306352091592265	33
317	0.0920169554262919	33
318	0.1114681007117547	33
319	0.0754919792181149	33
320	0.1250332243811686	33
321	0.1694040778709586	33
322	0.1348652276958829	33
323	-0.0231994721394648	33
324	-0.0324389015299124	33
325	-0.1170646256142579	33
326	-0.1807453069810567	33
327	-0.1092207947953292	33
328	0.3264281262094255	33
329	-0.1237653416789854	33
330	0.3790468295818878	33
331	-0.3557044555825008	33
332	-0.0752521986312101	33
333	-0.1067503766992622	33
334	0.3193516392138846	33
335	0.2364823200125054	33
336	0.1625404045313919	33
337	0.2048131585367436	33
338	0.1545251663440023	33
339	0.4667303524089015	33
340	-0.208018731156116	33
341	0.0139692950998825	33
342	-0.019507705797658	33
343	0.2854846483670197	33
344	0.04620747146328	33
345	0.0762751350307604	33
346	0.032553487150846	33
347	0.0762718064341235	33
348	0.1250127916666594	33
349	0.2167643809290326	33
350	0.1924612858750713	33
351	0.1537416319090823	33
352	0.137956710328925	33
353	-0.0293573288908672	33
354	0.3438692785794395	33
355	-0.1780965131088521	33
356	0.0601005232341239	33
357	-0.0041768779642992	33
358	0.2009596457775381	33
359	-0.1550269762642826	33
360	0.2347916261286344	33
361	0.1057869846367198	33
362	0.4035528498308205	33
363	-0.0021246547896943	33
364	-0.1620074627661085	33
365	0.1508595863615103	33
366	-0.1713336213618224	33
367	-0.042308084182092	33
368	0.0680348035351911	33
369	-0.1524464977586773	33
370	-0.3284170623721088	33
371	0.1377201986897687	33
372	-0.0275531317444274	33
373	0.0996238576738565	33
374	0.1902745785815322	33
375	0.2214410321790807	33
376	0.0088228229488193	33
377	0.0708274254708758	33
378	0.0043411120961298	33
379	0.2589319845944135	33
380	0.2310091325766035	33
381	0.0031440003660789	33
382	-0.0287576758898088	33
383	0.1788028494473097	33
384	-0.1421762536856867	33
385	0.0970015101361624	33
386	-0.0171853663435623	33
387	-0.156858373285746	33
388	-0.1134761796166863	33
389	0.4199004673340886	33
390	0.1532371114036116	33
391	-0.0837216345457126	33
392	0.2810391376277562	33
393	0.0287096381774737	33
394	-0.1953964391033965	33
395	0.1747431114500781	33
396	-0.0482939098254635	33
397	0.3548148537245724	33
398	-0.2784435454332632	33
399	0.1193238296677539	33
400	-0.2303991564157505	33
401	0.3189862460242874	33
402	0.0390257073711909	33
403	0.0009604750305833	33
404	-0.0286658672854285	33
405	0.258373096849532	33
406	0.1404284565018784	33
407	0.3350924173543917	33
408	-0.0369300796540659	33
409	0.0293354733283995	33
410	0.1631310577108981	33
411	0.0528464476484231	33
412	0.1643146921814968	33
413	0.2298588235928239	33
414	0.0144016470627551	33
415	0.1753940568330669	33
416	-0.0448404112314438	33
417	0.3588604015253973	33
418	0.1958978838827001	33
419	-0.1419038884908853	33
420	-0.0584121559151267	33
421	0.1098972647749897	33
422	0.1016550887464993	33
423	0.3282801095507598	33
424	0.1687357614416723	33
425	0.292151489969049	33
426	-0.0948857387108474	33
427	0.2028528659801045	33
428	0.3698665133627792	33
429	-0.110267578061874	33
430	-0.0505330906859462	33
431	0.5067458819093951	33
432	0.0534948310859729	33
433	0.0333199776738066	33
434	-0.0920916139882634	33
435	-0.0018459098905803	33
436	0.3139746475880201	33
437	0.2167418006934197	33
438	0.341171237985036	33
439	-0.0901176314903612	33
440	-0.0115288322213339	33
441	-0.0731330431994109	33
442	0.0868732467525282	33
443	-0.2175218403677538	33
444	0.139719101856625	33
445	0.0794282057205046	33
446	-0.0597526896880106	33
447	-0.0560792168858803	33
448	0.3958255343916171	33
449	-0.0079148915685835	33
450	0.1149351560022407	33
451	0.0071628601365373	33
452	0.3841255146861518	33
453	0.1964346185491709	33
454	0.2541135737898163	33
455	0.0200292519914679	33
456	-0.0038797137459144	33
457	0.2045664683829537	33
458	-0.1593528307314453	33
459	-0.0165770653435464	33
460	-0.0361628642393818	33
461	0.0267822527413958	33
462	0.1169864921513464	33
463	-0.1849021219784503	33
464	-0.1520035565486334	33
465	0.2754569360999566	33
466	0.0685997617648911	33
467	-0.0897772736813348	33
468	-0.1409395049726799	33
469	0.2413478873128454	33
470	-0.0424717198138973	33
471	0.102822473565617	33
472	0.2624374793536657	33
473	0.2523516556264109	33
474	0.1086754477965706	33
475	0.1738846753775521	33
476	0.3373122399665343	33
477	0.2617191476650386	33
478	0.2014710340258753	33
479	-0.1151364608653955	33
480	0.1525031658757393	33
481	0.105395237829237	33
482	-0.1940424188410863	33
483	-0.2288551364722861	33
484	0.0121238892076765	33
485	0.0899102635266656	33
486	0.1108692653279797	33
487	0.233179199695883	33
488	0.117888903507342	33
489	0.0931258955513365	33
490	-0.1014709676965008	33
491	-0.000819806408162	33
492	0.1090082488151836	33
493	0.1270255132570235	33
494	0.0589475507309402	33
495	0.3572779083024716	33
496	0.0444552992710655	33
497	0.1475031942784547	33
498	-0.0223826660491291	33
499	0.1654245493351884	33
500	0.0104409909738666	33
501	-0.0536802657855934	33
502	0.052942133135396	33
503	0.0325386000330158	33
504	0.2548949269611634	33
505	-0.0283763500955259	33
506	0.0527386793252659	33
507	-0.2592556454108995	33
508	0.110974713878068	33
509	0.2394700279863643	33
510	-0.319074544197326	33
511	0.0562413755385753	33
512	0.1605220215312864	33
513	-0.1418580617373667	33
514	0.0424855378064891	33
515	-0.2519942604331861	33
516	0.0518985483518751	33
517	-0.2246409533814812	33
518	-0.0359223321270784	33
519	-0.1295843640904262	33
520	0.363125066610338	33
521	0.0488401134452939	33
522	-0.2632595983394923	33
523	-0.0933834076598998	33
524	-0.0238763732257669	33
525	0.0372479001986103	33
526	0.0256148623499543	33
527	0.0789501940299589	33
528	0.0953669900284798	33
529	0.0833772719663336	33
530	0.0318213672927492	33
531	-0.061660958209398	33
532	-0.0903602799635148	33
533	-0.1083372897473506	33
534	-0.1468694569177223	33
535	0.1522599568289332	33
536	0.3164986439856985	33
537	-0.0816622698212519	33
538	0.1402722926233036	33
539	0.1193097494288375	33
540	-0.0150523934402484	33
541	-0.0019491337394731	33
542	0.2018033962195446	33
543	-0.0211792976598543	33
544	0.3522987433545723	33
545	0.26801082684286	33
546	0.0727672902907723	33
547	-0.006319865442412	33
548	-0.2735990893692596	33
549	0.0035654208305278	33
550	-0.1690702402566755	33
551	0.0611980857467083	33
552	0.1947481885453257	33
553	-0.1314386363984791	33
554	0.0022065482203454	33
555	0.078189645892982	33
556	0.2806255119492415	33
557	-0.1461339607807263	33
558	0.36933541271063	33
559	-0.0928444128382437	33
560	-0.1152216129254447	33
561	-0.252233057063125	33
562	-0.1697320481577929	33
563	-0.0414657806651536	33
564	0.2684415865079698	33
565	-0.0890039616721692	33
566	0.1025541356044297	33
567	-0.0607545663222914	33
568	0.0240672523557885	33
569	-0.0519289993092347	33
570	0.0412453747726899	33
571	0.1580639293003141	33
572	0.0567552037756336	33
573	0.3018696007590352	33
574	0.1011482052681463	33
575	0.0515978919749736	33
576	0.3034907474335196	33
577	-0.3538157814949136	33
578	-0.0609506989170745	33
579	0.0053610802185697	33
580	0.0260751820199448	33
581	-0.0201401869405309	33
582	-0.0612430676507261	33
583	-0.2366483937165928	33
584	0.2349537765685329	33
585	0.2220366085580256	33
586	0.1886841297394336	33
587	0.2753658058509504	33
588	0.0140555887712182	33
589	0.0457011809394905	33
590	0.1371252028720811	33
591	-0.1118764727377067	33
592	-0.1426202671164798	33
593	-0.0154950721921851	33
594	0.319403649169168	33
595	0.3239163568102694	33
596	0.2650154512331922	33
597	0.0772511195906706	33
598	0.1428318961829546	33
599	-0.1425383034275408	33
600	0.091239055283788	33
601	0.1016924976632364	33
602	0.3020411304167708	33
603	0.0113812188201512	33
604	-0.338918876026083	33
605	-0.0201733653155798	33
606	-0.2391417488571638	33
607	0.0156283635205564	33
608	0.1237574459701922	33
609	-0.1123512868821033	33
610	0.3587677312149702	33
611	-0.2370627701235541	33
612	0.2581818032787659	33
613	-0.0626043634188335	33
614	0.3466318465418331	33
615	0.1116130967872796	33
616	0.2516458573834192	33
617	0.0850404097117588	33
618	0.2931400228615483	33
619	0.2997097171718249	33
620	-0.1031635821610153	33
621	0.0329098064775258	33
622	0.0501829145123089	33
623	0.2946104183301808	33
624	0.2482930419823458	33
625	0.0381937076839947	33
626	-0.0529259903344538	33
627	0.2776287116203204	33
628	0.1959571029935947	33
629	0.0280535807069674	33
630	0.1168197805328402	33
631	-0.4067776331500853	33
632	-0.1478655978870111	33
633	0.0585580211153921	33
634	0.1745058037715371	33
635	0.0945750889356348	33
636	-0.099006540507962	33
637	0.2734652861226566	33
638	-0.0908301009329834	33
639	-0.0610370366065885	33
640	0.181404525133342	33
641	0.0505226680964694	33
642	-0.2440346416229131	33
643	0.1207878122182051	33
644	-0.0914414470895989	33
645	0.0691500109792111	33
646	0.2948050232588148	33
647	-0.1656766192316117	33
648	-0.0668926366397399	33
649	0.0464224060929246	33
650	0.0490752802259135	33
651	0.3113214614212684	33
652	0.3672936714209384	33
653	-0.2290652294114285	33
654	0.0349683024381009	33
655	-0.1321785849787858	33
656	-0.2750600099499832	33
657	0.0541985540467581	33
658	0.1682437939113219	33
659	0.0799927003555082	33
660	0.0955614472547858	33
661	0.1989022194937456	33
662	0.1649429176589919	33
663	0.1911942180449785	33
664	0.0756674298693931	33
665	-0.1158674086817656	33
666	-0.0881630560080964	33
667	0.510045121177715	33
668	-0.1165278270422213	33
669	-0.1363018172755313	33
670	0.035306514178398	33
671	0.0064558898074664	33
672	0.0795552802320558	33
673	0.263522605464867	33
674	0.0172682620752597	33
675	-0.4285334272651421	33
676	0.113033337841811	33
677	-0.1166478332902521	33
678	0.017363863960603	33
679	0.0602969268832194	33
680	0.2141129026683431	33
681	0.3027964354905861	33
682	0.3403192038165701	33
683	-0.1009479534394113	33
684	-0.0179462818225095	33
685	-0.0137419495083229	33
686	0.1476372980999211	33
687	-0.0516163849125829	33
688	-0.1791953296092243	33
689	-0.2109383812941823	33
690	-0.0854486410278836	33
691	-0.1213970725809233	33
692	0.0238785551430165	33
693	0.354632474960536	33
694	-0.1379903344529039	33
695	0.1511430106319801	33
696	0.139581615006511	33
697	0.2899435273009765	33
698	0.0063612457484986	33
699	-0.017182776228242	33
700	-0.1306781520095268	33
701	-0.1952969117245627	33
702	0.3294297151108074	33
703	0.2100439669588384	33
704	0.212416931019588	33
705	-0.0837068893518217	33
706	-0.0360375782695641	33
707	0.010838452815025	33
708	0.3946752131924064	33
709	-0.0339806850288435	33
710	0.2156970241679708	33
711	-0.0975417357509407	33
712	0.3217918857366578	33
713	0.2121082173372877	33
714	-0.1188863084433338	33
715	0.0239300913247905	33
716	0.3323674710841849	33
717	0.0698812092302112	33
718	0.150755617747449	33
719	-0.1426652883680466	33
720	0.0105925950495574	33
721	0.2992139856841241	33
722	0.0367446074784746	33
723	-0.1068184108659796	33
724	-0.1200724895753513	33
725	0.2078162815578878	33
726	0.3374016355130083	33
727	-0.1351961158802469	33
728	-0.0091339224821299	33
729	-0.1045613906632528	33
730	-0.1119273337861795	33
731	0.4486455810223915	33
732	0.1356448790771204	33
733	0.0817378845456662	33
734	-0.2531460026393375	33
735	0.2215317674408685	33
736	-0.1600504706856983	33
737	-0.0412144276600713	33
738	0.1963221372839827	33
739	0.076258040410647	33
740	0.213237302606063	33
741	0.11926185128407	33
742	0.087200376126724	33
743	0.0754401174357812	33
744	0.4082790103288273	33
745	-0.0297326012342267	33
746	0.2392495415946307	33
747	-0.2955644898689961	33
748	-0.0485631847570858	33
749	0.2069765562088242	33
750	-0.2358276680810178	33
751	-0.0755289523522427	33
752	0.4482447475103815	33
753	-0.5134857309819665	33
754	0.2342201827291744	33
755	0.0962653371463773	33
756	0.2721101608672704	33
757	-0.1456043966392487	33
758	0.0022910282877373	33
759	0.2124373420966612	33
760	0.2565243247931678	33
761	0.1256650029299041	33
762	0.1407844393831853	33
763	0.0279550475398222	33
764	-0.1196720223499822	33
765	0.0975685325688785	33
766	-0.1652835449875312	33
767	0.3782549112583354	33
768	0.0515220037994963	33
769	0.2419299581487223	33
770	-0.0306464482373393	33
771	0.2023616850739233	33
772	-0.3657696218745542	33
773	0.3108086227607802	33
774	0.2454482242640466	33
775	0.2172453132683574	33
776	-0.0405484254483051	33
777	0.0553625285660829	33
778	0.0389538024423549	33
779	-0.0312967315876832	33
780	0.3516481007410261	33
781	0.0857190817979394	33
782	0.208302963715832	33
783	0.2580611447468512	33
784	-0.1972213299143699	33
785	0.030375754132173	33
786	0.1085786009302219	33
787	0.0366157244059879	33
788	0.1022240845012628	33
789	-0.0778257401719281	33
790	0.1987026362002443	33
791	-0.0441884807734128	33
792	-0.0799196244430479	33
793	0.077158713338442	33
794	-0.0679261611549671	33
795	-0.1429756162509114	33
796	-0.0992383572030701	33
797	0.0481810971914823	33
798	-0.1407874899202424	33
799	0.0933126832675382	33
800	-0.0436117571180658	33
801	0.2146177467671575	33
802	0.0400029099264862	33
803	-0.1739785563466131	33
804	0.39563200410632	33
805	0.0815332914130383	33
806	-0.1346854202322761	33
807	0.1612558330126358	33
808	0.4331427939675392	33
809	-0.0716640537040769	33
810	0.1101847282927444	33
811	0.0844952907136923	33
812	0.0920074902391174	33
813	0.1354118196178636	33
814	-0.0617198208892354	33
815	0.1098319118656123	33
816	-0.1055477254733392	33
817	0.1314875622625519	33
818	0.0745788858115762	33
819	0.0119774293813435	33
820	0.15923228387786	33
821	0.0867765030293732	33
822	0.1018843594744237	33
823	-0.0632701894046365	33
824	0.079894547055633	33
825	-0.0426836870264636	33
826	0.1398461292841415	33
827	0.0985972864709422	33
828	-0.1453046562341725	33
829	0.1144957901583977	33
830	0.010722731112843	33
831	0.2887633856808715	33
832	0.0337466240689744	33
833	0.3248731911317622	33
834	-0.143129617493672	33
835	0.1425163741497823	33
836	0.1724635278212241	33
837	-0.1274302676273193	33
838	0.1735368332339379	33
839	0.0201017236384941	33
840	0.2064206073938079	33
841	-0.2621047067865885	33
842	0.149614284849289	33
843	0.2655288710019849	33
844	0.0391927860189025	33
845	0.2462604827748016	33
846	-0.0426875149854715	33
847	-0.2670990058070306	33
848	0.0873946580098391	33
849	0.2833714149458148	33
850	0.0477588894301224	33
851	0.0983623203570669	33
852	-0.0528377207501718	33
853	0.2540077201392521	33
854	0.1334328064882562	33
855	-0.0110292262420165	33
856	0.2413244941692118	33
857	-0.275962414645034	33
858	0.1542261030417356	33
859	0.4009210507327884	33
860	-0.0387368827201499	33
861	0.0910817886777609	33
862	0.2706297596706377	33
863	0.2244070965914123	33
864	0.0845938191844625	33
865	-0.0118531444486997	33
866	0.0708294378464815	33
867	-0.2298296098570351	33
868	-0.0190531298720034	33
869	-0.0051290322507386	33
870	0.0317510710550351	33
871	0.2333732964582057	33
872	-0.0416171691912583	33
873	-0.0501027010642984	33
874	0.1673557645239083	33
875	-0.0205867453627416	33
876	-0.1445467076768857	33
877	-0.0907295300854477	33
878	0.0685078382468862	33
879	-0.0529811762451316	33
880	0.1401323279702416	33
881	0.2067282366219373	33
882	-0.0649432023823152	33
883	0.0720400418436484	33
884	0.3018167608473751	33
885	-0.0239314875640394	33
886	-0.4610833647201086	33
887	0.2029413295930613	33
888	0.2535785112750234	33
889	0.3781627208647758	33
890	-0.1309642072233106	33
891	0.0239929343429825	33
892	0.0739293478747346	33
893	0.1334482294398294	33
894	0.3811362271646976	33
895	0.0964306871524511	33
896	0.244558002788699	33
897	-0.0707230581755577	33
898	0.0920021618063906	33
899	0.1990980928354354	33
900	0.0837021267948379	33
901	0.0068696904093713	33
902	0.035324528715538	33
903	0.3019987024000248	33
904	0.1778497587526356	33
905	-0.1267155856139877	33
906	0.0413335644721192	33
907	-0.1963478416085171	33
908	0.0415343383368105	33
909	0.3191888031262871	33
910	-0.0107280217442999	33
911	-0.0021906561789317	33
912	-0.0001099168395213	33
913	0.3199267089469636	33
914	0.003624112580649	33
915	-0.1605999787574328	33
916	0.3426730810579926	33
917	0.2199814734663963	33
918	0.0809738845510272	33
919	0.0843102900995041	33
920	0.214278984966917	33
921	0.0156572894935418	33
922	0.047891832300916	33
923	0.06263837023588	33
924	-0.1856935364455303	33
925	0.1114578552523498	33
926	0.0447908849594313	33
927	0.1078235958397509	33
928	0.0468014469885491	33
929	-0.1497515553050837	33
930	0.0464542756026037	33
931	0.480787441185025	33
932	-0.0957952971730934	33
933	-0.1638859969795769	33
934	0.1816417832637814	33
935	0.3083115941050314	33
936	-0.1630093235856455	33
937	-0.0476905525760344	33
938	0.1139442540923453	33
939	0.0607528853385544	33
940	0.2209124337454565	33
941	-0.1548244602195407	33
942	0.2557163850151324	33
943	-0.008364667430366	33
944	-0.0182269145458669	33
945	0.1855197024234107	33
946	0.3786751077852749	33
947	0.1432694074417446	33
948	0.0430854516713453	33
949	0.0678001086670802	33
950	0.2501988380375424	33
951	0.2488324571235874	33
952	0.0979662641680745	33
953	-0.1621213494064153	33
954	-0.1655024172373059	33
955	0.3058379326966946	33
956	0.2753177323675873	33
957	0.4088629809230069	33
958	-0.2188461459504381	33
959	0.2246070006695959	33
960	0.2433089623195573	33
961	0.4635944557535942	33
962	0.2282829395767094	33
963	0.1038832964514046	33
964	0.0289194485289246	33
965	0.1526591929061435	33
966	-0.3654459008959193	33
967	-0.2532565038763433	33
968	0.1377042060783944	33
969	0.3383530335740725	33
970	0.1352458877957865	33
971	-0.1307876944200245	33
972	0.4342759174746438	33
973	0.1930117440974096	33
974	0.3458588797082222	33
975	0.3109220532560091	33
976	0.0070192100244583	33
977	-0.0441921385055998	33
978	-0.0217089748085751	33
979	0.1961879086031905	33
980	0.1652671893721699	33
981	0.0661080473794555	33
982	-0.0218709680009235	33
983	0.0789947560868205	33
984	-0.0835033200310162	33
985	-0.1944971776029189	33
986	0.2824521244442016	33
987	0.2032595894516956	33
988	-0.2287509825887921	33
989	-0.0390406024103445	33
990	0.3132542453021958	33
991	0.3395513121452856	33
992	0.1209469982437775	33
993	-0.0908074033497423	33
994	-0.1227308377449567	33
995	0.152202745446594	33
996	-0.0015627786698582	33
997	0.0275222412374467	33
998	0.2159969067452486	33
999	0.0931629779871067	33
1000	-0.0550611464011941	33
1001	0.0296339590254788	33
1002	-0.036293295353727	33
1003	0.1276319332636895	33
1004	0.2019957236217166	33
1005	0.0778241150307358	33
1006	-0.0766172243982806	33
1007	0.2171422702853922	33
1008	0.1958027313600636	33
1009	0.2613074507694069	33
1010	0.1767234850995706	33
1011	-0.0756384642299039	33
1012	0.0620442528751767	33
1013	-0.0106152109481555	33
1014	-0.0270218143937882	33
1015	0.0473350517459192	33
1016	0.0654709154492984	33
1017	-0.0280423630915041	33
1018	-0.0925711314664572	33
1019	0.2110300672261227	33
1020	-0.2725384844556002	33
1021	0.1227168261550075	33
1022	0.2453737056322792	33
1023	-0.0389486695521114	33
1024	-0.0996244848758778	33
1025	-0.0537167150749089	33
1026	0.1623992599458373	33
1027	0.0505851013142844	33
1028	-0.2673333175440777	33
1029	-0.1296016854011731	33
1030	-0.1574732882887186	33
1031	0.0194155673580216	33
1032	0.2087353873875529	33
1033	0.018650304871098	33
1034	0.3973868301721897	33
1035	0.4093445597678499	33
1036	-0.3980735727194416	33
1037	0.3078276590387744	33
1038	-0.0010134452465749	33
1039	-0.0247387503279451	33
1040	-0.2738027974473965	33
1041	-0.1340053963368367	33
1042	-0.2277086050654301	33
1043	0.4256835605125167	33
1044	0.0120811436680634	33
1045	-0.096979430484085	33
1046	-0.044018778098313	33
1047	0.2559719170231305	33
1048	0.1595981869860908	33
1049	0.083015792088294	33
1050	0.2423301609165532	33
1051	0.1343927799026352	33
1052	0.0910552047114823	33
1053	0.114135249334441	33
1054	0.0669482053287896	33
1055	-0.0779731347131181	33
1056	0.2528121898225067	33
1057	-0.0344337141322192	33
1058	0.2811317924785887	33
1059	-0.1130418319259054	33
1060	0.2813298068957677	33
1061	0.2436322622815399	33
1062	0.0677421036260628	33
1063	0.0761416922184125	33
1064	0.1630647700417444	33
1065	0.1981356905648391	33
1066	0.2199857834633817	33
1067	0.1888288238578935	33
1068	0.0639224019896518	33
1069	-0.024709734623544	33
1070	0.0381184819771614	33
1071	0.2175991846405173	33
1072	-0.1124598641741093	33
1073	0.1788798630806228	33
1074	0.0071791024062105	33
1075	0.3907844247686417	33
1076	0.1829636958029505	33
1077	0.1426917779374318	33
1078	0.0582764853691343	33
1079	-0.0910119460549794	33
1080	-0.0197939999378201	33
1081	0.1113717316674887	33
1082	-0.2106889773250512	33
1083	0.3750052249107661	33
1084	0.0447753009887878	33
1085	-0.0621447244060109	33
1086	-0.2261083499867538	33
1087	0.1062757656782265	33
1088	0.4725017360030206	33
1089	0.1381038072633093	33
1090	0.1504514950474255	33
1091	0.3352197816223111	33
1092	0.0695823091630735	33
1093	0.301764468671191	33
1094	0.1419675358476517	33
1095	-0.2653032382416458	33
1096	0.2136430150553994	33
1097	-0.2280231694587939	33
1098	0.3036870418019268	33
1099	-0.0204939894169168	33
1100	-0.3055330625199516	33
1101	0.1150729527983009	33
1102	0.2312311250924423	33
1103	-0.0392477773571042	33
1104	-0.1512841177675591	33
1105	0.2823089693648891	33
1106	0.1951691123755021	33
1107	0.0950165085990646	33
1108	-0.2698310853527008	33
1109	0.1868613708093903	33
1110	0.1314725395822227	33
1111	0.177468453316123	33
1112	-0.3141758188211859	33
1113	0.1583132842036487	33
1114	-0.2193554158053726	33
1115	0.0942742461409179	33
1116	0.2037102943345397	33
1117	-0.0023365962152998	33
1118	-0.0913619254136522	33
1119	0.0961646666890565	33
1120	0.049265979670888	33
1121	-0.2691557172318555	33
1122	0.0373651613848361	33
1123	0.2989571906569869	33
1124	0.0462445358446498	33
1125	0.0433618074221857	33
1126	0.4089929797010218	33
1127	0.0870025622238306	33
1128	0.4897404970144047	33
1129	0.1745721102155464	33
1130	-0.0022981570647825	33
1131	0.2865275986717101	33
1132	0.2587861083647915	33
1133	0.0703456160400336	33
1134	-0.100458005620072	33
1135	-0.1057030173517096	33
1136	0.0080384679133534	33
1137	0.2240770223922918	33
1138	0.0624291307348839	33
1139	-0.0924857720274893	33
1140	-0.0916722952503528	33
1141	0.0835274427243075	33
1142	0.2845025381722569	33
1143	0.2061029523111148	33
1144	0.1468108545563747	33
1145	-0.0840796613582766	33
1146	0.0937120720325934	33
1147	0.0570166018378224	33
1148	-0.0971116366761297	33
1149	-0.030151518742369	33
1150	0.1031756589040273	33
1151	-0.2393603493342966	33
1152	0.0507815513234959	33
1153	0.2793136665255453	33
1154	-0.1294259786356647	33
1155	-0.2026214934809875	33
1156	0.0418482203650196	33
1157	0.3227759595682927	33
1158	0.2544842412140887	33
1159	0.1152846187561574	33
1160	0.2598606245986919	33
1161	-0.0714383687077486	33
1162	-0.0740881119662938	33
1163	-0.1105404604642314	33
1164	0.3021826115569955	33
1165	0.2141044809481146	33
1166	0.3220186494604466	33
1167	0.0753472148898834	33
1168	0.1053376093967829	33
1169	-0.1390122184104946	33
1170	0.1292758917682498	33
1171	-0.1253281976414359	33
1172	0.1527701484891845	33
1173	0.3249667179464472	33
1174	-0.0989913043619804	33
1175	0.2300467747490079	33
1176	0.2378720632654788	33
1177	-0.3214311608977003	33
1178	0.0352281638168403	33
1179	0.1608225696483743	33
1180	-0.271710894873861	33
1181	0.1963585431542384	33
1182	-0.2509263548541404	33
1183	-0.0522199860918366	33
1184	0.0605475026581921	33
1185	-0.0792703217193737	33
1186	0.029449289240145	33
1187	0.1291359361813023	33
1188	0.1987520501928262	33
1189	0.0222577670206012	33
1190	-0.1138556088672732	33
1191	0.0151836449319048	33
1192	0.2496708393190204	33
1193	0.2112930410120981	33
1194	0.1846488544386723	33
1195	-0.1066292182197912	33
1196	0.2082932143718314	33
1197	-0.1902392885289968	33
1198	0.2105402633590829	33
1199	-0.0242914079635078	33
1200	-0.0718416753478431	33
1201	-0.0552500417987644	33
1202	0.1619641684496776	33
1203	-0.2158570712547091	33
1204	0.4017191195752868	33
1205	0.3301313122003533	33
1206	0.0847031168719271	33
1207	-0.2025930623200912	33
1208	-0.1937627724158636	33
1209	-0.1433542031438525	33
1210	0.2167764819944379	33
1211	0.1595764665096085	33
1212	-0.015878119268599	33
1213	-0.0232975894630512	33
1214	0.2296921456619935	33
1215	-0.1771677894867718	33
1216	0.171432239767174	33
1217	0.2395604759141532	33
1218	0.0813853214539657	33
1219	0.0901048451936635	33
1220	-0.1953716132113813	33
1221	-0.0041293596077673	33
1222	0.2404043111340059	33
1223	0.0503005684642465	33
1224	0.0551923837616596	33
1225	0.0661193685236028	33
1226	0.003394910789542	33
1227	0.0734453467978705	33
1228	-0.0884127906395295	33
1229	-0.0174495075222406	33
1230	-0.0424995556215537	33
1231	-0.0153823217472364	33
1232	0.4240262994604312	33
1233	-0.0496803121005112	33
1234	-0.0009741023254949	33
1235	0.0968339548130236	33
1236	-0.1149033411769408	33
1237	0.1913233772965184	33
1238	-0.0116673800658571	33
1239	0.0781433589265842	33
1240	0.22470781109468	33
1241	0.1034342407140177	33
1242	-0.0447666179360699	33
1243	0.1403448653777072	33
1244	-0.0787091767732084	33
1245	-0.2480311853272186	33
1246	0.007356467122513	33
1247	0.1219739358687156	33
1248	0.0660755324748448	33
1249	-0.0180115444758956	33
1250	0.0821607062082489	33
1251	-0.3835497221222589	33
1252	0.1011559642036726	33
1253	-0.0079954655830958	33
1254	0.2815174697196944	33
1255	-0.1378453981892309	33
1256	-0.0978182802360773	33
1257	0.122866387868602	33
1258	-0.1423397875618877	33
1259	-0.1377030579990578	33
1260	0.2723258274735501	33
1261	-0.1479757735652967	33
1262	-0.1484599993872433	33
1263	0.0700560440390754	33
1264	0.1330653207470676	33
1265	0.036733870509007	33
1266	-0.1345935464582362	33
1267	0.0194862469446878	33
1268	-0.0512021391156536	33
1269	-0.117727437213722	33
1270	0.0108729588120353	33
1271	0.0214683659295436	33
1272	0.1825122260694507	33
1273	0.0153020195819646	33
1274	0.1437391648897811	33
1275	0.1102721720883845	33
1276	0.5881477574358513	33
1277	0.0150635335642791	33
1278	0.0559819708590041	33
1279	0.2214636028391486	33
1280	0.0405067778600649	33
1281	-0.0346390172056356	33
1282	-0.1360063169265445	33
1283	0.1672831379068041	33
1284	0.4921870297755079	33
1285	0.3202867356847176	33
1286	0.0833354008894968	33
1287	-0.1109552195403079	33
1288	-0.2628086918474467	33
1289	0.2910624079212914	33
1290	-0.1867320865468815	33
1291	0.0730922013641734	33
1292	-0.3163488883758432	33
1293	0.2446197533592223	33
1294	-0.2648554833103056	33
1295	-0.1681561448923217	33
1296	-0.3310866792195812	33
1297	-0.1112590122317855	33
1298	0.2191892673878472	33
1299	0.2143688233387511	33
1300	-0.172380661010405	33
1301	0.1963330198612404	33
1302	0.2192508082376707	33
1303	0.0377020745123686	33
1304	0.2180263392964583	33
1305	0.0693782241575415	33
1306	0.08896207046708	33
1307	0.2251517147824457	33
1308	-0.223285465749833	33
1309	0.3042726623287307	33
1310	0.1506167082819192	33
1311	0.3466056579590474	33
1312	-0.0571490172828681	33
1313	0.185494667868029	33
1314	-0.1344335842474064	33
1315	-0.0146911985635107	33
1316	0.2390045600381662	33
1317	0.2486786147796895	33
1318	0.0108784271868724	33
1319	-0.0067815849395113	33
1320	0.0968301159191556	33
1321	0.2817066330790316	33
1322	0.208563260044386	33
1323	-0.0145108702288373	33
1324	-0.0827238671182052	33
1325	-0.0732171394778233	33
1326	0.0128782446329591	33
1327	0.1266546716816712	33
1328	0.0336266942291146	33
1329	-0.0599671496591793	33
1330	-0.0534794618191074	33
1331	-0.0392550279942647	33
1332	-0.0903316637868167	33
1333	-0.0936011379069336	33
1334	-0.11384166799552	33
1335	0.2051021834142838	33
1336	-0.0577008571756093	33
1337	0.2060614665650847	33
1338	-0.2537039329846258	33
1339	0.0958667875688145	33
1340	0.0490375471454432	33
1341	-0.0717130154977299	33
1342	-0.0184680943498397	33
1343	0.250803626226895	33
1344	-0.0733246662440582	33
1345	0.0761896606462708	33
1346	0.1106740030509175	33
1347	0.2763305948635288	33
1348	0.2933405202880111	33
1349	0.2428183166076232	33
1350	0.1192417111505346	33
1351	0.0183917611883348	33
1352	-0.0196776423055603	33
1353	0.1460240911895911	33
1354	-0.1236976438542975	33
1355	-0.0461834043217404	33
1356	0.37234836367786	33
1357	-0.1007375173113685	33
1358	0.1176195555860098	33
1359	-0.0232182750439426	33
1360	0.3009498826129064	33
1361	0.2608129540939203	33
1362	-0.1768193998365904	33
1363	0.5548984326684161	33
1364	0.3520027473634146	33
1365	-0.0748441752406489	33
1366	0.1181780501246667	33
1367	0.0719909040756037	33
1368	-0.1845387201337264	33
1369	-0.0960090897895929	33
1370	0.2438784141605879	33
1371	0.1463382730792233	33
1372	0.0640560977126166	33
1373	-0.1666855558053764	33
1374	0.0476206375999609	33
1375	-0.0971216857870977	33
1376	0.0340359387338749	33
1377	-0.011844024172369	33
1378	-0.0772408739805322	33
1379	-0.0300814280887626	33
1380	-0.0005889875433944	33
1381	0.5414567096055901	33
1382	0.3829709812003518	33
1383	-0.0576766159210266	33
1384	0.2431284145754894	33
1385	0.0606677651575167	33
1386	0.0388365957688418	33
1387	-0.1456890762131916	33
1388	0.225988834993382	33
1389	-0.0953097471962202	33
1390	0.0121524680374367	33
1391	0.3131350590669566	33
1392	0.2101058503834923	33
1393	-0.0001822543618287	33
1394	0.2744906384359107	33
1395	-0.4140053531359463	33
1396	0.0902633343801163	33
1397	-0.0338904785747575	33
1398	-0.0965856353306683	33
1399	0.032453821875543	33
1400	0.0121679002939489	33
1401	0.053877333163128	33
1402	0.2824495248119473	33
1403	-0.0176390633707012	33
1404	0.3426438281677348	33
1405	-0.066324111120155	33
1406	0.1943333012823921	33
1407	0.1453079775995132	33
1408	-0.0487869295870414	33
1409	0.2274883321251724	33
1410	0.088531795010897	33
1411	-0.1644613334704681	33
1412	0.4050886753061526	33
1413	-0.1425400287144293	33
1414	0.1430887967732996	33
1415	0.1084280160544833	33
1416	-0.0306754895561445	33
1417	0.0048914210119097	33
1418	-0.0400038173334554	33
1419	0.3448051701047966	33
1420	-0.1198326422550525	33
1421	0.0928289005504149	33
1422	-0.1447052666580562	33
1423	0.1580739584803797	33
1424	0.2403415879447517	33
1425	0.1869743403180993	33
1426	-0.0821392927240742	33
1427	0.1439059133518225	33
1428	0.0146821551724366	33
1429	0.2883206071866386	33
1430	0.1845855490855728	33
1431	0.2101129901932908	33
1432	0.1938651344395658	33
1433	0.1741478141915464	33
1434	0.1590503958454586	33
1435	0.3153936502018644	33
1436	0.1595827362122187	33
1437	0.2941086554816269	33
1438	0.2837342119397533	33
1439	-0.2153407390830252	33
1440	-0.0860693006184134	33
1441	0.1988652875234099	33
1442	-0.1079442822422256	33
1443	0.0064293472810222	33
1444	0.128443781719464	33
1445	0.1002756880564101	33
1446	0.2423449611277559	33
1447	0.2625422327311831	33
1448	-0.2148666708585771	33
1449	0.0297533227786313	33
1450	-0.1107269979660627	33
1451	0.0377006239919083	33
1452	0.0211472780696459	33
1453	0.1363538174963768	33
1454	-0.1408643513972296	33
1455	0.3651572630298047	33
1456	-0.1712198285595148	33
1457	0.3486955978011083	33
1458	0.3613970033720823	33
1459	0.1491582547281034	33
1460	0.221886383934179	33
1461	-0.0225251427278275	33
1462	-0.0168666971513292	33
1463	0.1033977508673123	33
1464	0.1790146852694052	33
1465	0.2296372977884736	33
1466	0.2114590787090592	33
1467	0.1649583536266278	33
1468	-0.2221850474530544	33
1469	-0.0674880381097221	33
1470	0.0124243947958408	33
1471	0.1373387404365683	33
1472	0.0995343165391292	33
1473	0.0033268877171668	33
1474	0.3989330746858036	33
1475	0.159097681849005	33
1476	0.3983279869917832	33
1477	0.0874687983250983	33
1478	0.2831746809058664	33
1479	0.5064244313159124	33
1480	0.0095896833731392	33
1481	-0.0024230178055609	33
1482	0.0470919727716236	33
1483	0.0929841071877811	33
1484	-0.085688825749917	33
1485	-0.2059724307742995	33
1486	0.2827213729140154	33
1487	0.3974204007857166	33
1488	-0.2094232647709164	33
1489	0.1003980508584681	33
1490	0.3890263888449237	33
1491	0.0799120419673551	33
1492	-0.1107711969619554	33
1493	-0.1962384838684527	33
1494	0.1480749207263876	33
1495	-0.0534863664389613	33
1496	0.255334243378019	33
1497	0.1145272941307885	33
1498	0.4686718500228547	33
1499	0.1190806666191546	33
1500	0.3788791779553285	33
1501	-0.2561890137819955	33
1502	0.1374286487907616	33
1503	0.1337262348135801	33
1504	-0.1563477949887075	33
1505	-0.0559949248340439	33
1506	0.0655980385708336	33
1507	0.0846228502484093	33
1508	-0.1653143269954832	33
1509	0.0478063841010121	33
1510	0.0817095896166179	33
1511	0.0940288846758435	33
1512	0.0403864224242021	33
1513	0.3837097522200044	33
1514	0.0499676068855044	33
1515	0.4279989410192644	33
1516	-0.0542309550509762	33
1517	0.0996990800126279	33
1518	0.5164955985454314	33
1519	-0.1231375391385068	33
1520	0.1782649577905442	33
1521	0.224711835943562	33
1522	-0.0105502446456698	33
1523	-0.3063696851125321	33
1524	-0.0788974029226947	33
1525	-0.132620436651618	33
1526	0.3003311408147517	33
1527	0.0085657295204002	33
1528	-0.0728653104695201	33
1529	0.0883451544571781	33
1530	0.2842334985023377	33
1531	0.0329945704519662	33
1532	0.1871895212053257	33
1533	0.0510798091838993	33
1534	0.2102859791596155	33
1535	-0.1244800614089379	33
1536	-0.0392198363247249	33
1537	0.0842724405129869	33
1538	0.2303759744456085	33
1539	0.153405672525238	33
1540	0.2337688900210228	33
1541	-0.1077240336993764	33
1542	0.1933821828556817	33
1543	0.0606781441920235	33
1544	0.1122579402073172	33
1545	0.3427382042037202	33
1546	0.1690607351413541	33
1547	-0.224190199184701	33
1548	0.0161905916644288	33
1549	-0.0245224070513069	33
1550	0.259317490366963	33
1551	-0.0983494030591316	33
1552	0.0751507399528253	33
1553	-0.040962610613703	33
1554	0.0419124367054008	33
1555	0.0708810942256745	33
1556	0.051522190338986	33
1557	0.0558011668119317	33
1558	0.1190976744828335	33
1559	0.2358170468042676	33
1560	0.3156756055204502	33
1561	0.2290892087458262	33
1562	0.2056767392171866	33
1563	-0.0999095562841377	33
1564	0.3750097912793979	33
1565	0.2973863761277555	33
1566	-0.2860810551427168	33
1567	0.1850236137437827	33
1568	0.0503134878108658	33
1569	0.1641795923595322	33
1570	-0.0723772765585716	33
1571	-0.0007664542760649	33
1572	-0.0102196770819613	33
1573	0.2428249723643286	33
1574	-0.1106611312006997	33
1575	0.1932781110357717	33
1576	0.0067559854700659	33
1577	-0.0669295553854586	33
1578	-0.0079889464104671	33
1579	0.0218808831315667	33
1580	-0.1117807581507097	33
1581	0.1763049431433413	33
1582	-0.1556845075499762	33
1583	0.379173716342431	33
1584	0.3145201248408276	33
1585	0.0180064124400155	33
1586	0.0969607942244589	33
1587	0.0393678009273887	33
1588	0.1954965074699081	33
1589	0.1949434213613946	33
1590	0.0216670911444994	33
1591	0.0549144731522374	33
1592	-0.0054687029234941	33
1593	0.2450586920879585	33
1594	0.3874889052596412	33
1595	0.2972346190183638	33
1596	0.0114650319893403	33
1597	-0.1334101340648207	33
1598	0.1259671444881424	33
1599	0.1298423186974634	33
1600	0.032912974809771	33
1601	-0.1015405912672752	33
1602	0.0592747612658514	33
1603	-0.3032007752414699	33
1604	-0.0031994068092411	33
1605	0.07864334507673	33
1606	-0.1338493320576786	33
1607	0.4737930887969037	33
1608	0.2176928384872577	33
1609	0.2748864870895331	33
1610	0.1152773952866474	33
1611	0.1844683005536979	33
1612	-0.024637973131188	33
1613	-0.0458010529288854	33
1614	-0.0049440948825148	33
1615	0.0823086557543693	33
1616	0.0773278323059468	33
1617	0.3574335482696585	33
1618	0.1543698789689383	33
1619	-0.1060469644879376	33
1620	0.301381275282588	33
1621	0.2710484478905083	33
1622	-0.0816728335100783	33
1623	-0.0129914526261026	33
1624	-0.1484807102828576	33
1625	-0.066944358588107	33
1626	-0.4095899872301182	33
1627	0.2184347430021417	33
1628	0.2502389586929611	33
1629	-0.0297195929320581	33
1630	0.0117637600195959	33
1631	0.1794086318096437	33
1632	0.0893921315584005	33
1633	0.2061352494001834	33
1634	0.0730688093447532	33
1635	-0.1002036721027859	33
1636	0.1335897614837059	33
1637	-0.1134931390404089	33
1638	-0.2608893878563228	33
1639	0.1655166862596654	33
1640	0.1005968888193444	33
1641	0.0239126940072795	33
1642	0.486539980227553	33
1643	0.1776328142754896	33
1644	-0.0652294326304484	33
1645	0.1452913096506963	33
1646	0.1800158215880694	33
1647	0.0087849057740615	33
1648	0.0335898224235175	33
1649	-0.0456119934846644	33
1650	0.1245337195613257	33
1651	0.0968466777379884	33
1652	0.2801529229042412	33
1653	-0.113984332920884	33
1654	-0.175013216740055	33
1655	0.0400015864220452	33
1656	0.419582206373683	33
1657	0.317074472200864	33
1658	0.2644102484224365	33
1659	-0.183465608915153	33
1660	0.2300894611373618	33
1661	-0.2529501815582004	33
1662	0.4063048562674787	33
1663	0.1479754329977957	33
1664	0.1821333049546836	33
1665	-0.5281890998245675	33
1666	0.2388212057092327	33
1667	-0.0757888256838424	33
1668	0.140953356624106	33
1669	0.1697596124775659	33
1670	-0.0666992653599477	33
1671	0.1641452965178569	33
1672	-0.047418738077685	33
1673	-0.3664254002199504	33
1674	-0.2125041701721079	33
1675	-0.0417823777764439	33
1676	0.0165443931214474	33
1677	-0.1291776519923485	33
1678	0.3263103521345366	33
1679	0.2419713141803743	33
1680	0.1521210130173606	33
1681	-0.0936717194442993	33
1682	0.4663543301273912	33
1683	0.2363052588210652	33
1684	-0.0207630363544859	33
1685	0.1188824100701303	33
1686	0.0123418147915458	33
1687	-0.254465720528874	33
1688	-0.0869398961799332	33
1689	0.3278750536326292	33
1690	0.031081613213985	33
1691	0.1684478669494345	33
1692	0.0863768976708326	33
1693	0.200737098439398	33
1694	0.2137223337941806	33
1695	0.0689609211584906	33
1696	0.2252623368368247	33
1697	-0.1446839391974118	33
1698	0.2292296258097882	33
1699	0.3362125892970528	33
1700	0.1388178009055215	33
1701	-0.0515853872888459	33
1702	-0.048619053120489	33
1703	-0.0273600867308407	33
1704	0.2886563143202593	33
1705	-0.0053751112578359	33
1706	-0.1128867004135178	33
1707	0.0959310985218183	33
1708	0.1679278373898038	33
1709	-0.0229884873261372	33
1710	0.2386090674095804	33
1711	-0.324366725868689	33
1712	-0.2601748076916089	33
1713	-0.1382921487149512	33
1714	0.0227818180130914	33
1715	0.019055466667718	33
1716	0.1002540459117446	33
1717	-0.1110163793491326	33
1718	0.3295288708547825	33
1719	0.1815788477426222	33
1720	-0.2774008974484288	33
1721	-0.248733749472901	33
1722	-0.2491857224535398	33
1723	0.0166703569676705	33
1724	-0.0813973247435325	33
1725	0.1945167953325197	33
1726	-0.162787106439505	33
1727	-0.1875347232199874	33
1728	0.3373914141496568	33
1729	0.1259186293982888	33
1730	-0.1263844453754103	33
1731	0.102479486787509	33
1732	0.0224223234249508	33
1733	0.3424590378144151	33
1734	0.1243768986073173	33
1735	0.1324167493830911	33
1736	-0.1410646351096396	33
1737	-0.3448624806182169	33
1738	-0.0484220352864548	33
1739	-0.0415200989157818	33
1740	0.0567303003846808	33
1741	0.2237740068182083	33
1742	0.0254597244372334	33
1743	0.3747049253690703	33
1744	-0.0055982728008824	33
1745	-0.0648539628456039	33
1746	0.0861096042766189	33
1747	-0.2453578598715855	33
1748	0.097046756018492	33
1749	0.1120885112625477	33
1750	-0.0525413349644423	33
1751	0.0050447963184028	33
1752	0.2024798302648726	33
1753	0.0607689473350312	33
1754	0.2170702624007163	33
1755	-0.2644562819217478	33
1756	-0.1006551928947025	33
1757	-0.0886031886221082	33
1758	0.068551985972741	33
1759	-0.1062251089857897	33
1760	0.296734371503069	33
1761	-0.017109275911074	33
1762	0.045517631241686	33
1763	0.1659610357787515	33
1764	-0.0181235610712622	33
1765	0.1308245256821728	33
1766	-0.1051542061142478	33
1767	-0.040279848344957	33
1768	0.1912705825864098	33
1769	0.0607738140516646	33
1770	0.1954264230620834	33
1771	-0.029254144286452	33
1772	0.1382877359795399	33
1773	-0.1775773456518366	33
1774	0.1438609082061504	33
1775	0.1947454746081034	33
1776	-0.0461426443230845	33
1777	-0.0302067066607105	33
1778	0.0260674250406941	33
1779	0.2375377262478927	33
1780	0.1946577004060733	33
1781	-0.0283363800693001	33
1782	0.2006328880159071	33
1783	-0.0645823893536058	33
1784	-0.1327399207040665	33
1785	-0.1726728959709585	33
1786	-0.1157972340944276	33
1787	-0.0054609985909587	33
1788	0.248530800198802	33
1789	0.1498612276311522	33
1790	0.1994585402534553	33
1791	0.0021835077101395	33
1792	0.3020619794856405	33
1793	-0.0533879353416208	33
1794	0.333241293725281	33
1795	-0.0228340654550012	33
1796	0.0075821383742395	33
1797	0.0196528149616729	33
1798	-0.0873067291870466	33
1799	0.1429137532779258	33
1800	0.3073803112402067	33
1801	0.0158822104546074	33
1802	0.0886365902221636	33
1803	0.2966605677339811	33
1804	0.4466516549454795	33
1805	-0.0797964103190154	33
1806	-0.2540096924819389	33
1807	0.0379182980068022	33
1808	0.3154761802046867	33
1809	0.2440399591763118	33
1810	-0.3233055369995832	33
1811	-0.1828622565488351	33
1812	-0.1042302111811036	33
1813	0.4022167053414584	33
1814	0.0408801535922032	33
1815	0.1324120767674533	33
1816	0.2723216854323483	33
1817	0.0975936245916143	33
1818	0.3681124176225221	33
1819	-0.0617060067680622	33
1820	-0.1197820533328457	33
1821	-0.0053657449177628	33
1822	-0.0279655551719009	33
1823	0.2073689944797431	33
1824	0.1359305231291445	33
1825	0.1384126827663238	33
1826	0.0896392262974578	33
1827	0.0751921685802038	33
1828	-0.2483759668991301	33
1829	0.1615466003344806	33
1830	0.0898247467069481	33
1831	0.0882852455542893	33
1832	0.1964834328770779	33
1833	0.2046523273658009	33
1834	-0.0991641543135864	33
1835	0.1414017601791641	33
1836	0.2561485771532125	33
1837	-0.0354618359576847	33
1838	0.4226572512203427	33
1839	0.0688868662022622	33
1840	-0.028540601289746	33
1841	-0.2897882102498052	33
1842	-0.0549962843945383	33
1843	-0.0910630578682208	33
1844	0.077845134480943	33
1845	0.0324932956624648	33
1846	0.1615020236500758	33
1847	0.2244737131317077	33
1848	0.043804984091155	33
1849	-0.0313106312071712	33
1850	-0.1383492263253724	33
1851	-0.0242504095984962	33
1852	0.0870986348242272	33
1853	0.1040571695501743	33
1854	0.1967425601448249	33
1855	0.0859730990387993	33
1856	0.3105497918368619	33
1857	0.0328683792668048	33
1858	0.0437346890729733	33
1859	0.1970218283824276	33
1860	0.0287492702203208	33
1861	-0.0201788828996472	33
1862	0.2635282196179333	33
1863	-0.089385113552219	33
1864	0.1946371738391349	33
1865	0.3034096868038822	33
1866	0.2879346847678845	33
1867	0.0108671216396713	33
1868	-0.1114865958791326	33
1869	-0.1180983060500838	33
1870	-0.138180239046764	33
1871	-0.2547960870493767	33
1872	-0.0413230087120192	33
1873	0.0877945326040158	33
1874	-0.2081288601049117	33
1875	0.0095874022929852	33
1876	0.0049363528139088	33
1877	0.0065202079508393	33
1878	0.2047941096215437	33
1879	-0.0544614674942495	33
1880	0.2898605444134517	33
1881	0.3821598882145498	33
1882	-0.0958944528434606	33
1883	0.1186392428371732	33
1884	0.169530398427033	33
1885	0.4789757239085502	33
1886	0.1117788300718926	33
1887	-0.0444776101334467	33
1888	-0.0889708197475783	33
1889	-0.0156494284313648	33
1890	0.2489616887335055	33
1891	0.1338417372243111	33
1892	-0.0359099748123017	33
1893	-0.1720925899070537	33
1894	0.1280410073894099	33
1895	0.0797343392797627	33
1896	0.0938227628444912	33
1897	0.1442472513193862	33
1898	-0.0458859109402455	33
1899	0.3167246711949164	33
1900	-0.0531032235164996	33
1901	0.2434781039420393	33
1902	-0.0396287982301678	33
1903	0.1979113819875464	33
1904	-0.1289694639797393	33
1905	-0.0002183577228529	33
1906	0.3854161453395245	33
1907	0.0032088439360814	33
1908	0.2601955511138755	33
1909	0.3329414970698243	33
1910	-0.1338788793882054	33
1911	0.0373854043055855	33
1912	-0.0455607714593041	33
1913	0.3184562089918706	33
1914	0.360890912371163	33
1915	0.1301683435569056	33
1916	0.0460104189284103	33
1917	0.0331303066116609	33
1918	0.0140337662825192	33
1919	0.2511682273612982	33
1920	0.2049031295966434	33
1921	0.1310251778988474	33
1922	0.2324180098245779	33
1923	0.2604524831392116	33
1924	-0.0135381843191642	33
1925	0.1102570471800483	33
1926	-0.1997346147231272	33
1927	-0.036192339594312	33
1928	0.2362146792362962	33
1929	-0.1652178388471502	33
1930	0.4344519026587433	33
1931	-0.020024740042486	33
1932	0.1882120673829322	33
1933	0.3038765236119374	33
1934	0.1635028026332551	33
1935	0.3162032458301344	33
1936	0.0606538793688815	33
1937	0.0371401464440438	33
1938	-0.063980543270294	33
1939	0.2679397300201254	33
1940	0.2672498820888382	33
1941	0.0366749188175983	33
1942	0.2477954171322802	33
1943	-0.0843623728165101	33
1944	-0.106306207197837	33
1945	0.3967379581012474	33
1946	0.1045508547422435	33
1947	0.090632578742598	33
1948	0.1130121286275343	33
1949	0.3060585686501126	33
1950	0.1863137683999136	33
1951	0.2195120783063172	33
1952	0.0304757126205293	33
1953	0.1698669884272598	33
1954	-0.0247222114235363	33
1955	0.1662978671826978	33
1956	-0.1196339866573904	33
1957	-0.2411328941424364	33
1958	0.3123270791471654	33
1959	0.2574833228627985	33
1960	0.3208140981671024	33
1961	0.1246749457877547	33
1962	0.1544440027274835	33
1963	-0.2031014153903388	33
1964	0.2596343764260158	33
1965	-0.1621887026227156	33
1966	-0.0827961196954157	33
1967	0.2123515634518187	33
1968	-0.2580820416396993	33
1969	0.0139879157807247	33
1970	0.1671378077342004	33
1971	-0.0844569666756038	33
1972	0.1884827279007992	33
1973	-0.0625529919197786	33
1974	-0.2420872110290235	33
1975	0.0360576655619226	33
1976	0.6471576249830893	33
1977	-0.0724715077860626	33
1978	0.1061654763796914	33
1979	0.1796264193429549	33
1980	-0.5059636842690203	33
1981	0.0211760615972418	33
1982	-0.1932426118011801	33
1983	0.4183443229901378	33
1984	0.2595707796234538	33
1985	0.0721958035259725	33
1986	0.2646386134040182	33
1987	0.2331221142915431	33
1988	0.263505746239161	33
1989	0.3317016197960281	33
1990	-0.0437734559537495	33
1991	-0.0387253326262178	33
1992	-0.0899040363035591	33
1993	0.0612534600055425	33
1994	0.3376781119021803	33
1995	0.0290316461212974	33
1996	0.0583848151408444	33
1997	0.1881424879138981	33
1998	0.2996952228868623	33
1999	0.0307756456417968	33
2000	0.1502185261684046	33
2001	0.2986011286555611	33
2002	0.2756048753107467	33
2003	-0.1800347038686052	33
2004	0.1037165340722356	33
2005	0.053206744225311	33
2006	-0.1565904286342269	33
2007	0.3003088464497962	33
2008	0.026974487729267	33
2009	-0.0685332898648819	33
2010	0.3385513235562687	33
2011	0.0063060658782588	33
2012	0.0200107372468238	33
2013	0.0237033533676825	33
2014	0.2843070142229175	33
2015	0.1247924095006472	33
2016	0.2603221783472029	33
2017	0.1242538409701722	33
2018	0.0816133057697043	33
2019	-0.4344067585420372	33
2020	0.2772379846081753	33
2021	-0.0422423050472642	33
2022	0.1063172847140096	33
2023	0.2463919755209688	33
2024	0.0970795058308237	33
2025	0.1374171364623528	33
2026	0.3054049089097353	33
2027	0.0382186428799947	33
2028	-0.0328588700871977	33
2029	0.1063193860422941	33
2030	0.1888241390626838	33
2031	0.0764636368401387	33
2032	0.2901148796586491	33
2033	0.3574392934397912	33
2034	-0.1196881956251754	33
2035	0.257395881030575	33
2036	-0.1716877948051996	33
2037	0.0770055896308875	33
2038	-0.259114176745708	33
2039	0.3097661998043396	33
2040	0.0734991879355445	33
2041	0.0109286601457655	33
2042	-0.0895690920201117	33
2043	0.0733682003463878	33
2044	0.3580407549892463	33
2045	0.0131548834338063	33
2046	0.1653394415896935	33
2047	0.2736686081044244	33
2048	-0.0596537570352877	33
2049	0.13607515111036	33
2050	0.118199368518202	33
2051	-0.0871124156615184	33
2052	0.0912041925837797	33
2053	-0.0604271969117556	33
2054	-0.4402872195875901	33
2055	-0.1074446851916515	33
2056	0.0958191338594225	33
2057	0.2370291764786432	33
2058	-0.0928945525675015	33
2059	-0.046707316104575	33
2060	0.0900167104373522	33
2061	0.1302550814431215	33
2062	0.1451393629369347	33
2063	0.1460482774713229	33
2064	-0.0880491288010296	33
2065	-0.150504520420624	33
2066	0.0704475923389933	33
2067	-0.1510400644517832	33
2068	0.2688813199348536	33
2069	0.1104522486631464	33
2070	0.1727548075563353	33
2071	0.1247875858529532	33
2072	-0.2424176972655447	33
2073	0.1042649969672469	33
2074	0.2181485384961062	33
2075	0.4356374057331166	33
2076	0.0390213355116189	33
2077	-0.0650628117670689	33
2078	0.0909418261035084	33
2079	0.197598038084125	33
2080	0.0358396794078489	33
2081	0.0385992808264908	33
2082	0.2362602793774016	33
2083	0.0101311451245264	33
2084	0.0696784158831538	33
2085	-0.1217450630042765	33
2086	-0.1283755086670979	33
2087	0.2310973986671924	33
2088	0.2776815912324136	33
2089	0.0814812954954326	33
2090	-0.1758879337579568	33
2091	0.0636205293602931	33
2092	0.1883811201453367	33
2093	0.4026763724633072	33
2094	0.2356049283184162	33
2095	0.0004239598595189	33
2096	0.0478507658664877	33
2097	0.0274130540189355	33
2098	0.1374852046298555	33
2099	0.1143491263383765	33
2100	-0.0256949779926439	33
2101	-0.228537578859866	33
2102	-0.0546166715608707	33
2103	0.1492011715801012	33
2104	-0.1316723812701874	33
2105	-0.1403693290944321	33
2106	-0.0109937444237989	33
2107	-0.1177720171066448	33
2108	0.1495548866089706	33
2109	0.374005522464502	33
2110	0.3072913256176139	33
2111	0.0626099741902814	33
2112	-0.1213341046548601	33
2113	-0.2790672760727518	33
2114	0.0659438991923593	33
2115	0.2916885037144204	33
2116	0.1279039489706657	33
2117	0.2243264259888551	33
2118	-0.1293096535228603	33
2119	0.4372503493824268	33
2120	0.0664975304886573	33
2121	0.2601388343539493	33
2122	-0.0116258252987811	33
2123	-0.2889704017717709	33
2124	0.0066821429910255	33
2125	-0.101109239871751	33
2126	-0.1849499518502251	33
2127	-0.064867581660326	33
2128	0.1433230583542289	33
2129	0.0493099697565334	33
2130	-0.0363599443497067	33
2131	0.3064171749408766	33
2132	0.1874672702188559	33
2133	0.0625058733300424	33
2134	0.0660553635732159	33
2135	0.2642905798674927	33
2136	-0.2589595190427338	33
2137	0.0198951162782625	33
2138	-0.2662096716137127	33
2139	-0.1630944233409046	33
2140	0.0987842010104056	33
2141	-0.0251650807435367	33
2142	-0.316382825280211	33
2143	0.0459891354569507	33
2144	0.0619235881104591	33
2145	0.3017007152773406	33
2146	-0.0899088672302117	33
2147	-0.0541750056989125	33
2148	0.4358387033602414	33
2149	-0.1104563620925739	33
2150	0.1234853797656402	33
2151	0.0038145782880844	33
2152	-0.1266270620342688	33
2153	-0.2433190446829146	33
2154	0.0377651265254339	33
2155	0.012937488774457	33
2156	0.2668850336075611	33
2157	0.3853160030978089	33
2158	-0.1351968933202101	33
2159	0.1122364615121924	33
2160	-0.1211634867588122	33
2161	0.3412442094306994	33
2162	0.0026433076087301	33
2163	-0.022788760932953	33
2164	0.2030797828747993	33
2165	-0.000193938335932	33
2166	0.1092140896073445	33
2167	0.0031352155688698	33
2168	0.2555965471086037	33
2169	0.1080655613145239	33
2170	0.1852454822569195	33
2171	0.1419262846302356	33
2172	0.0678121947239922	33
2173	0.2134890690215633	33
2174	0.3517720072995345	33
2175	0.346832733502441	33
2176	0.2059966216653229	33
2177	-0.0275217018230802	33
2178	0.2843887570853743	33
2179	0.247901077239019	33
2180	0.1002495460428569	33
2181	0.0773976461461271	33
2182	-0.2798402928106348	33
2183	-0.0871571621896446	33
2184	0.2706813718893771	33
2185	0.1408725134793012	33
2186	0.3017891769274236	33
2187	-0.0587959981455422	33
2188	0.1414158450017207	33
2189	-0.2696079533622513	33
2190	0.356200092346399	33
2191	0.3174611407169811	33
2192	0.3426612348459237	33
2193	-0.1542870605360369	33
2194	0.4370473932281402	33
2195	0.1381403188293998	33
2196	-0.0958743920363907	33
2197	0.0768432324063193	33
2198	0.1315871705676043	33
2199	0.2248509139478332	33
2200	0.2882340759235212	33
2201	0.3081364499598169	33
2202	0.3378349274152206	33
2203	0.1745339562567017	33
2204	0.2202919525475457	33
2205	-0.1053938607024422	33
2206	-0.0661422143244968	33
2207	0.0851273085892198	33
2208	0.0662494809754521	33
2209	0.1936349594350581	33
2210	0.1898088123045583	33
2211	0.2867030586913335	33
2212	-0.1170897199568795	33
2213	-0.1059580493766225	33
2214	-0.2213891506869416	33
2215	0.0341850332399119	33
2216	-0.049214224431363	33
2217	0.1027647194058373	33
2218	0.098083511864366	33
2219	-0.0607615496945449	33
2220	0.2269296000169136	33
2221	0.2185453966433995	33
2222	0.2937793467854545	33
2223	0.2041246744360183	33
2224	-0.2261328840927036	33
2225	0.2079715472698126	33
2226	0.2022661757386806	33
2227	0.0383553190355743	33
2228	0.2122873672516256	33
2229	0.0478603525265756	33
2230	0.0422741010953069	33
2231	-0.105545587923322	33
2232	-0.0417544587249796	33
2233	0.0565903125531353	33
2234	-0.0028273701735425	33
2235	-0.1703736151687034	33
2236	0.3008366019896132	33
2237	0.101924737341444	33
2238	0.2076798691290068	33
2239	-0.0422238374261198	33
2240	0.1230491417062649	33
2241	-0.344805460980327	33
2242	-0.1813941514330687	33
2243	-0.1221325087913698	33
2244	-0.1551311035926103	33
2245	0.0397726460566393	33
2246	0.402748297827921	33
2247	0.377407994557092	33
2248	0.0326110045213143	33
2249	-0.220758188673084	33
2250	0.1518508662515389	33
2251	0.0097737936806453	33
2252	-0.2686173598077009	33
2253	-0.1689321894655149	33
2254	0.1222357679723477	33
2255	-0.0505130349679941	33
2256	0.2573666994260762	33
2257	0.2807559821291614	33
2258	0.2555444804195416	33
2259	-0.1302787072269838	33
2260	-0.0516521762633998	33
2261	-0.0611726030948318	33
2262	0.1679127359495532	33
2263	-0.1644067981105532	33
2264	-0.0781280989571827	33
2265	0.0589563873873946	33
2266	0.0461358398738663	33
2267	0.2651821563810803	33
2268	-0.3626049950008726	33
2269	0.3235210231140455	33
2270	0.3536344755380564	33
2271	-0.0835731148780021	33
2272	-0.0595635439703952	33
2273	-0.1033495635505638	33
2274	0.1426742633600336	33
2275	-0.2142957340539379	33
2276	0.324569168350251	33
2277	0.1272571955893875	33
2278	0.0492375052188252	33
2279	0.0913882391168453	33
2280	-0.0681436244197642	33
2281	0.0933298522881405	33
2282	0.2116697735379135	33
2283	0.0725007578903624	33
2284	0.0512912325587715	33
2285	-0.0081201738432723	33
2286	0.1291857677438525	33
2287	0.1996908893601052	33
2288	-0.1435173628523758	33
2289	0.1364275728126153	33
2290	0.1444853107741563	33
2291	-0.2369307452158581	33
2292	-0.0965486350493975	33
2293	0.1488164298851568	33
2294	0.0238596855653652	33
2295	0.2346426956894439	33
2296	0.0745754281318554	33
2297	-0.152420605040782	33
2298	0.2643646439594539	33
2299	0.2783134009356843	33
2300	0.0124537335406813	33
2301	0.1398648360071553	33
2302	0.1331531620505634	33
2303	0.0402279500875804	33
2304	0.2921581225015368	33
2305	-0.0066582997877272	33
2306	-0.2331779577679775	33
2307	-0.2463275004051062	33
2308	0.2868819756995115	33
2309	-0.1043361834511387	33
2310	0.3185949796953153	33
2311	0.2325924415364955	33
2312	-0.000959469323786	33
2313	0.0861150863265999	33
2314	0.3707713848356199	33
2315	-0.0911311586734321	33
2316	0.052134866262774	33
2317	-0.2790250024706479	33
2318	0.32410012172732	33
2319	0.0407372485386048	33
2320	0.1641480447036461	33
2321	0.0550310406502177	33
2322	-0.1270899563396325	33
2323	-0.0395130369438771	33
2324	-0.1742971951271242	33
2325	0.1081277996375266	33
2326	0.0064116364839342	33
2327	-0.0047357960817857	33
2328	-0.0261962006765526	33
2329	-0.0479477953317503	33
2330	-0.1567834443344731	33
2331	0.1243554357967163	33
2332	0.0977077645396142	33
2333	0.0717703245698702	33
2334	0.104222673466965	33
2335	0.284725089276216	33
2336	0.1710593428141744	33
2337	0.0036837775915286	33
2338	0.2221192571698684	33
2339	0.2133745361082525	33
2340	0.0346287172227944	33
2341	0.2343001945368831	33
2342	0.1199380370485813	33
2343	-0.1298490032699966	33
2344	-0.0191323392463653	33
2345	0.2337595424109128	33
2346	0.0238442433823845	33
2347	0.2787307382025412	33
2348	0.1801707925272733	33
2349	-0.0299747304722197	33
2350	0.0754084558206587	33
2351	0.2044105994116142	33
2352	0.3593351439231466	33
2353	0.2119708716157725	33
2354	0.0202399794939173	33
2355	-0.1375145724230572	33
2356	0.3901363929712936	33
2357	0.2280646852748365	33
2358	0.2693733648516291	33
2359	-0.1435922987489808	33
2360	-0.1361520597668407	33
2361	0.1638708732184877	33
2362	-0.1364750769889188	33
2363	0.0235032426084672	33
2364	0.1010502272640681	33
2365	0.1232662666303923	33
2366	0.1026201443478411	33
2367	0.3989514313179905	33
2368	0.0681654370463183	33
2369	-0.1974649840350458	33
2370	0.1114365109367718	33
2371	-0.133723328817369	33
2372	0.013742090352265	33
2373	0.2017951700751159	33
2374	0.224799693856864	33
2375	0.0264889348167212	33
2376	0.0561979497844989	33
2377	0.2220381929119105	33
2378	-0.0678599672652422	33
2379	-0.0109671449182648	33
2380	-0.0208439304251884	33
2381	0.1867099070503716	33
2382	-0.1177473411601107	33
2383	0.2002002185639285	33
2384	0.2479086107360718	33
2385	-0.0915265039642692	33
2386	-0.2967774778881111	33
2387	0.0272573236748763	33
2388	0.4613282570352869	33
2389	0.3036689708263866	33
2390	0.1169832525281939	33
2391	0.038021211942587	33
2392	0.088240969401172	33
2393	0.3241347206526961	33
2394	-0.047755675735769	33
2395	0.1433576630460231	33
2396	0.3406568137649383	33
2397	0.1583031854204987	33
2398	-0.0826686765667687	33
2399	0.1166668173449506	33
2400	0.3447310627277128	33
2401	-0.0536207739627206	33
2402	0.2404165729045271	33
2403	-0.1513589798201392	33
2404	0.0430753870641658	33
2405	0.0158184279783531	33
2406	0.3372285188880308	33
2407	0.2311239189046595	33
2408	0.2099320014480502	33
2409	0.0056657024349747	33
2410	0.1087653339023839	33
2411	0.3457692238960493	33
2412	-0.0085357939694185	33
2413	0.1142039667093713	33
2414	0.1287130745011013	33
2415	0.1683334911274884	33
2416	0.0935279229608548	33
2417	0.0027737263523627	33
2418	0.1342394049731858	33
2419	0.2550940057230876	33
2420	0.2403507857171288	33
2421	-0.0738053745856832	33
2422	-0.0958485573456244	33
2423	-0.0262653872898388	33
2424	-0.0471287045587807	33
2425	0.2657154531248187	33
2426	0.2230949527798239	33
2427	0.4482739944516463	33
2428	-0.1206448424860957	33
2429	-0.1120532139852245	33
2430	0.2877697624817931	33
2431	0.3464251741021759	33
2432	0.0574810959600155	33
2433	-0.2441378817379612	33
2434	0.1205961313584779	33
2435	0.2314713927941763	33
2436	-0.066332190317543	33
2437	0.0473665556342421	33
2438	0.1794100686183487	33
2439	0.1558625669271751	33
2440	0.2539692729023526	33
2441	0.4330941709976069	33
2442	0.2532342936938889	33
2443	-0.1207336251618786	33
2444	0.4340418088896713	33
2445	-0.2664848545552711	33
2446	0.3732359260874093	33
2447	0.0876378140941737	33
2448	0.1327678570325767	33
2449	0.2940949064146727	33
2450	-0.0750141901247279	33
2451	0.3110629365902269	33
2452	0.1115984739334864	33
2453	-0.1466173406765706	33
2454	-0.0486816383339478	33
2455	-0.3061955680615804	33
2456	-0.029890343740486	33
2457	0.1232210762577411	33
2458	-0.1703689929922287	33
2459	0.0375640601109461	33
2460	-0.2403396986288984	33
2461	-0.0325269099166307	33
2462	-0.0166796071551361	33
2463	-0.2152240407817918	33
2464	0.0264231082417828	33
2465	-0.1146271943703087	33
2466	0.3071815635895945	33
2467	0.0563760819977172	33
2468	0.0994118740614616	33
2469	0.2596350745585256	33
2470	-0.0877356976181698	33
2471	0.1133495209541432	33
2472	-0.0099417345588756	33
2473	0.0423578623257357	33
2474	-0.2042679600696286	33
2475	0.004857491243255	33
2476	0.2315643775391831	33
2477	0.285134119125199	33
2478	0.099440396357744	33
2479	-0.0783842696455999	33
2480	-0.0827792766934022	33
2481	-0.1878139169528376	33
2482	-0.0622518474377638	33
2483	-0.1073064723432345	33
2484	0.2432697241065796	33
2485	0.035242445395429	33
2486	0.1624207945904922	33
2487	0.3188375213992701	33
2488	-0.3371781360004827	33
2489	0.3118851601874051	33
2490	0.1997558105005836	33
2491	0.2101222750873585	33
2492	-0.1863037641497605	33
2493	-0.1202945385516049	33
2494	0.2844986460114834	33
2495	0.3283794406988318	33
2496	0.1324113999657685	33
2497	0.1192889387447718	33
2498	-0.0679497221425749	33
2499	0.0489680368795267	33
2500	-0.0233714416758121	33
2501	-0.0660475113312291	33
2502	-0.1601130462649015	33
2503	-0.2842406294543398	33
2504	0.1422531792452343	33
2505	-0.0655522956179285	33
2506	0.3156117416954601	33
2507	0.0033693088255396	33
2508	0.0884674172733145	33
2509	0.3421543413961101	33
2510	-0.0022353398444767	33
2511	0.0094131917796624	33
2512	-0.0783263844209468	33
2513	-0.2392917552714332	33
2514	0.0985600805289187	33
2515	-0.2072118700872288	33
2516	0.1301459524314866	33
2517	-0.2496305191395821	33
2518	0.2178192607411783	33
2519	-0.0066782374092751	33
2520	-0.2791478054860547	33
2521	0.2128899012436796	33
2522	0.2553183288516046	33
2523	0.1052613255863993	33
2524	0.103315712569412	33
2525	0.0146394343656292	33
2526	0.1366790155207109	33
2527	-0.0640097634788436	33
2528	0.3644485863525403	33
2529	0.12957154043074	33
2530	-0.0903069935447654	33
2531	0.2742050750008163	33
2532	0.102018028851427	33
2533	0.0400209990886481	33
2534	0.0309448799281946	33
2535	0.2889512824923347	33
2536	-0.1850447676863233	33
2537	0.3457712068251267	33
2538	-0.0429980693118535	33
2539	0.2243232513784752	33
2540	0.0286419185928432	33
2541	-0.2353766575610694	33
2542	0.0139307333279285	33
2543	-0.0001825504004531	33
2544	0.1951672510990337	33
2545	-0.0672078499776989	33
2546	-0.0181409979317226	33
2547	-0.0210165363749349	33
2548	0.2314027578439742	33
2549	0.0021417188434676	33
2550	-0.002840492239713	33
2551	-0.2315632762436119	33
2552	-0.0034543768214825	33
2553	0.0626391002714174	33
2554	-0.5199965073002242	33
2555	-0.1557853847610811	33
2556	0.07127823213731	33
2557	0.1657182702832119	33
2558	0.0602001325454138	33
2559	0.0066571908060829	33
2560	0.1338729607769556	33
2561	0.2783197598717119	33
2562	0.0882802969007256	33
2563	-0.2484954304366051	33
2564	0.1169036502963079	33
2565	0.2409075868078086	33
2566	0.1757375625405421	33
2567	0.044121702074094	33
2568	-0.0165240695361606	33
2569	0.1699442545813453	33
2570	0.1356519856015889	33
2571	0.3623304780501302	33
2572	-0.2786267650730947	33
2573	0.1380232656980949	33
2574	-0.0760484718437741	33
2575	0.1449842075900028	33
2576	0.1056763272221682	33
2577	-0.2160516526900652	33
2578	-0.0832418644733394	33
2579	0.0001308529889554	33
2580	0.3331950454886012	33
2581	-0.1749588093628797	33
2582	0.2047503499526093	33
2583	0.2134251503361509	33
2584	0.2560584513761164	33
2585	0.3281809043034286	33
2586	-0.019581120438432	33
2587	0.0932571324090006	33
2588	0.3799191011893419	33
2589	0.1817685320804497	33
2590	0.3530138187966844	33
2591	0.156863349184481	33
2592	0.2718406510677683	33
2593	-0.1833857107856004	33
2594	0.2141201140701787	33
2595	0.1271974585351775	33
2596	0.1447381607032499	33
2597	0.2770224224878224	33
2598	-0.0191094243293973	33
2599	0.507571760180794	33
2600	0.0391946914164765	33
2601	0.45230799682156	33
2602	0.1697467423136699	33
2603	-0.1460541475710768	33
2604	0.1000964092254796	33
2605	0.2022661876461758	33
2606	0.3716019819523912	33
2607	-0.2731346978337736	33
2608	-0.0805595229217231	33
2609	-0.0308417978151515	33
2610	-0.0602999487843736	33
2611	-0.1362855403045557	33
2612	0.1705790258409769	33
2613	0.1293965725367917	33
2614	0.1211933799543122	33
2615	0.2240003653233195	33
2616	0.1094136569596075	33
2617	-0.0742834216285862	33
2618	0.2160027148672316	33
2619	0.0958029638599921	33
2620	0.4167394685562738	33
2621	-0.0246767894978638	33
2622	-0.2571208919695781	33
2623	-0.3893779995426756	33
2624	0.1866507505091199	33
2625	-0.118393994996793	33
2626	0.0142871401696107	33
2627	0.0616920447061374	33
2628	-0.0389000097593453	33
2629	0.0227907459975626	33
2630	0.2039916629126157	33
2631	-0.1173794324804014	33
2632	-0.0974942819136537	33
2633	0.1195720730311	33
2634	-0.1419123300728528	33
2635	-0.0887412262129271	33
2636	-0.130017273882366	33
2637	-0.1551222128319096	33
2638	0.0603613411505995	33
2639	0.072943438770128	33
2640	0.0868262094198097	33
2641	0.2978344928636547	33
2642	0.4034092484212844	33
2643	0.1200738926749852	33
2644	-0.152650737772297	33
2645	0.0666827029079027	33
2646	0.2235082792776487	33
2647	0.2428018052865979	33
2648	-0.0525279580446651	33
2649	0.0304647507241705	33
2650	0.3314388901636908	33
2651	0.1129503855439995	33
2652	0.165681058273745	33
2653	-0.0920411891739605	33
2654	-0.1731306974745336	33
2655	0.3783529002267042	33
2656	-0.0759358988654323	33
2657	0.1742311922819367	33
2658	0.242676790258861	33
2659	0.4200059593857455	33
2660	0.2071686227842849	33
2661	0.0548799597518211	33
2662	0.0170582287855604	33
2663	0.1010912984489979	33
2664	-0.0058870552432394	33
2665	0.0558956781356904	33
2666	0.0757845772539265	33
2667	-0.0225951098519746	33
2668	-0.2705970878014117	33
2669	0.1139976893121798	33
2670	0.2781094202452537	33
2671	-0.0299199806914296	33
2672	0.124560798687162	33
2673	0.1147717048392712	33
2674	-0.1275649060249443	33
2675	0.1986194751601805	33
2676	0.1064646670042871	33
2677	0.182975467010512	33
2678	0.1473461121782214	33
2679	0.253064135290561	33
2680	0.2171162940931294	33
2681	0.3385351723607912	33
2682	0.1769393741916413	33
2683	-0.0708005839954386	33
2684	0.2405110097977477	33
2685	0.0197441935414882	33
2686	0.2279748997030131	33
2687	-0.3204209764181764	33
2688	0.0555568486230388	33
2689	0.3133511500387035	33
2690	0.1272328319303339	33
2691	0.1402509238980644	33
2692	0.1361663223976529	33
2693	-0.1040295261928308	33
2694	0.1294222901951775	33
2695	0.2062585036264089	33
2696	0.1416168352158622	33
2697	0.1161756095691803	33
2698	0.2813430055442356	33
2699	0.1334106088678761	33
2700	0.1157331201415738	33
2701	0.4510791485061519	33
2702	-0.0194651784268664	33
2703	-0.0007524616537902	33
2704	0.0064988677509033	33
2705	0.1647722208010886	33
2706	-0.268783541305847	33
2707	0.312986953144182	33
2708	-0.0514487062498767	33
2709	-0.0056126055483213	33
2710	0.1234936796059418	33
2711	-0.0878667325841669	33
2712	0.1603684372256332	33
2713	0.3288814521482675	33
2714	-0.3116843497077669	33
2715	0.2791716926132555	33
2716	-0.1254033291575872	33
2717	-0.0151938455468289	33
2718	-0.1248664130611187	33
2719	0.2387613108741804	33
2720	0.2921029673654058	33
2721	0.0666097956611544	33
2722	-0.1027770578986218	33
2723	-0.2263445935503231	33
2724	-0.0894355621538537	33
2725	0.089705646953517	33
2726	0.1223309890334865	33
2727	-0.2015645427005596	33
2728	0.1435363597260158	33
2729	0.1570598407975021	33
2730	-0.1948166912375204	33
2731	0.1012444950716949	33
2732	-0.2197943412866664	33
2733	0.1775012772334612	33
2734	0.0607053342725835	33
2735	-0.1055682036151245	33
2736	-0.1352883143789399	33
2737	0.2245463416893392	33
2738	0.1233892981723984	33
2739	0.173651889916154	33
2740	0.2473913019610998	33
2741	0.2151180714795795	33
2742	0.1278247637233342	33
2743	0.2556478492066308	33
2744	0.264310971604827	33
2745	0.1573947335724914	33
2746	0.0150751736334339	33
2747	0.0906410380967218	33
2748	-0.0853351213194516	33
2749	0.1140084265868676	33
2750	0.0444910047047071	33
2751	0.0371942523764763	33
2752	0.3276553847522698	33
2753	0.084806860230623	33
2754	0.4834122813933036	33
2755	0.0672857900466164	33
2756	0.3017774276143189	33
2757	0.0651316092601831	33
2758	0.0983035746684325	33
2759	0.0246413559253076	33
2760	0.0332885827144269	33
2761	-0.0902849136497453	33
2762	-0.38877043558392	33
2763	0.3639620912905913	33
2764	0.1597746930443181	33
2765	0.2008203971188071	33
2766	-0.2277122015801066	33
2767	0.0217368260405252	33
2768	0.2244092597498962	33
2769	0.2952011225520943	33
2770	0.2137278451141364	33
2771	-0.1688036703436972	33
2772	0.3151229117676238	33
2773	0.3158715530815151	33
2774	0.0123610675471669	33
2775	-0.2206512159653449	33
2776	0.0782539380185498	33
2777	0.2775531241280956	33
2778	-0.0883772542587912	33
2779	0.1338895868329801	33
2780	0.2053026032118368	33
2781	0.157118835263181	33
2782	-0.0253123643008171	33
2783	-0.1517301213128564	33
2784	-0.1835252220390068	33
2785	-0.0012098209184109	33
2786	-0.1796521602089033	33
2787	0.1487155798194657	33
2788	-0.175342149052189	33
2789	0.1036610639490388	33
2790	0.2458283654849096	33
2791	-0.2806279033763156	33
2792	0.0497929690512622	33
2793	-0.3284332806551688	33
2794	0.2761308811461155	33
2795	0.4282697577815229	33
2796	0.24870906394311	33
2797	0.3055293776168949	33
2798	0.2893588915052801	33
2799	0.1650476058761194	33
2800	-0.1432189229073619	33
2801	0.0811714005824189	33
2802	-0.2216087423547819	33
2803	-0.321694748788306	33
2804	0.1206853676290632	33
2805	-0.2290071662271017	33
2806	0.1047356064729511	33
2807	0.1299413235726449	33
2808	0.0854077393874704	33
2809	-0.0728375606713218	33
2810	0.1555203190110241	33
2811	0.0922875147532047	33
2812	0.0144874207578284	33
2813	-0.2213487680397552	33
2814	0.0111053630231426	33
2815	0.0215774750565032	33
2816	-0.3903273889798196	33
2817	-0.009967040455167	33
2818	0.2538798284246876	33
2819	-0.2221882278838689	33
2820	0.2904873556201618	33
2821	0.1764037469760254	33
2822	0.0391142499142664	33
2823	-0.0103647075292777	33
2824	0.1496702851248746	33
2825	0.2640750388171434	33
2826	0.37482598826467	33
2827	-0.0912799369652663	33
2828	0.1229243821482167	33
2829	-0.0031405925389377	33
2830	-0.0214253654014701	33
2831	0.2923311184715489	33
2832	0.2585589460053203	33
2833	0.2350646408886206	33
2834	-0.0336333262540602	33
2835	0.3247925239142461	33
2836	0.1167558158755835	33
2837	0.3287179733132229	33
2838	0.1207189055311976	33
2839	-0.0504081223255194	33
2840	-0.0389223789654605	33
2841	0.2667408042932471	33
2842	-0.0356764773770119	33
2843	0.0772890801733931	33
2844	-0.0386531860062217	33
2845	-0.0187044923471526	33
2846	0.0421247268323169	33
2847	-0.2344955392036768	33
2848	0.3017041613099507	33
2849	0.3024805129052659	33
2850	0.3655143074218971	33
2851	0.0569039621913111	33
2852	0.244731318005819	33
2853	0.3508948934840383	33
2854	0.0607834149444425	33
2855	0.0334979092502604	33
2856	0.032503022457561	33
2857	0.3044027734256674	33
2858	-0.1502755856914542	33
2859	0.0565891616647854	33
2860	0.0186413170828293	33
2861	0.0079461705044137	33
2862	0.186929620507542	33
2863	0.200979978884574	33
2864	0.0257549143085204	33
2865	0.0708503074769405	33
2866	0.1983069424280375	33
2867	0.1780031719273011	33
2868	-0.1444187230521201	33
2869	0.0038017330290865	33
2870	0.3404704315629079	33
2871	-0.0429891893763097	33
2872	0.2078658657422696	33
2873	0.058148634927064	33
2874	0.1627231484473905	33
2875	0.0699361203584529	33
2876	-0.1341532501266299	33
2877	-0.0648022313954169	33
2878	0.0700876548170665	33
2879	0.0733600605938798	33
2880	-0.1755254141239747	33
2881	0.1802052371156327	33
2882	0.0798392277913752	33
2883	0.4208130089329193	33
2884	-0.0665468470013302	33
2885	-0.1721142382902654	33
2886	0.2237908789947595	33
2887	0.2355449900484141	33
2888	0.1894268479649219	33
2889	0.425556609458923	33
2890	0.2785938670041524	33
2891	0.1956703279479432	33
2892	-0.1648908828638911	33
2893	-0.1102054536887666	33
2894	-0.1171621146051656	33
2895	0.4847492118498173	33
2896	0.2872614140235992	33
2897	0.1702742229093118	33
2898	-0.0830287221831102	33
2899	0.6063657296708302	33
2900	0.1215837220032392	33
2901	0.3733961485673746	33
2902	-0.1548683894239773	33
2903	0.1882706934122612	33
2904	-0.3331137634008739	33
2905	0.3690887659845204	33
2906	0.0899241093877057	33
2907	0.0312725272589948	33
2908	0.0215637481219587	33
2909	0.0930564830348624	33
2910	0.0359953433739458	33
2911	0.1690016075306627	33
2912	0.3532166787006131	33
2913	0.4407034278784612	33
2914	-0.1047825661563182	33
2915	0.0332078686738679	33
2916	0.1114735344317645	33
2917	0.0404223355954376	33
2918	0.0791323600312469	33
2919	0.0641743941213215	33
2920	-0.1735471874422351	33
2921	0.0204080650056011	33
2922	0.138145693384708	33
2923	0.1061046003460293	33
2924	0.2078041003248315	33
2925	0.4661816779364912	33
2926	0.0297307117595186	33
2927	-0.0247200812661938	33
2928	-0.2002159845755018	33
2929	-0.0986741498334095	33
2930	-0.1268400506741845	33
2931	0.33725581546025	33
2932	0.1896803721340168	33
2933	-0.1007324909276933	33
2934	0.0508520459158013	33
2935	-0.0831799933265149	33
2936	0.0999906426284327	33
2937	-0.0677720153516786	33
2938	0.1254239448476383	33
2939	-0.088967367329986	33
2940	0.0112537536247498	33
2941	0.2917915817719599	33
2942	-0.3350118660903827	33
2943	0.1534450481457585	33
2944	0.1562496221429136	33
2945	0.2950984438778896	33
2946	-0.2138632039261271	33
2947	0.0654600345755817	33
2948	0.0880544036333686	33
2949	-0.0704214161260822	33
2950	-0.233783079514452	33
2951	0.3089578901649061	33
2952	0.0587069837642166	33
2953	0.200736811575461	33
2954	0.0425112392238843	33
2955	0.2284363302545299	33
2956	0.2953929346227411	33
2957	0.0343499920872454	33
2958	0.2490502143776441	33
2959	0.0794678240597762	33
2960	-0.1394045737657623	33
2961	0.1878101270924419	33
2962	0.0459880614407865	33
2963	-0.0935396126175883	33
2964	-0.0479100278573152	33
2965	-0.1968631228528484	33
2966	0.0762593852547096	33
2967	-0.1196119529248261	33
2968	0.0928470337754725	33
2969	-0.1970916190508772	33
2970	9.58837077457142e-05	33
2971	-0.2598731237032852	33
2972	0.1781425419230735	33
2973	0.3093944952587716	33
2974	0.0169430004871759	33
2975	0.1520153329422425	33
2976	0.1665369601958126	33
2977	-0.0769733365019651	33
2978	0.1831480838140368	33
2979	0.2207708340192852	33
2980	0.0446818124782137	33
2981	-0.1345353570100156	33
2982	-0.070135555121977	33
2983	0.142455500704679	33
2984	-0.0534948945585733	33
2985	0.1643803751311349	33
2986	0.0657519819468252	33
2987	0.1322811078454411	33
2988	0.2257846373558772	33
2989	-0.1926798885251795	33
2990	0.2387326651970102	33
2991	0.2151920585641996	33
2992	0.1220415290426392	33
2993	0.1433734843958237	33
2994	0.0528494702828396	33
2995	-0.0129037148021391	33
2996	-0.1399136831388651	33
2997	0.2155631918411142	33
2998	-0.0240548197271986	33
2999	0.0354337482806738	33
3000	0.0075550102809251	33
3001	0.0191594655698033	33
3002	0.2296664246914797	33
3003	0.1284922123745795	33
3004	-0.0532211737530275	33
3005	0.1149180798268401	33
3006	-0.2753445537564806	33
3007	0.1453789313807379	33
3008	0.0569293813561141	33
3009	0.1585216813745266	33
3010	0.1439195903046877	33
3011	-0.130686234691285	33
3012	0.1407722720129483	33
3013	0.0575098142887419	33
3014	-0.0269288771781358	33
3015	0.0027476227672436	33
3016	-0.1942261005096038	33
3017	0.1390081422890046	33
3018	0.0137337299605461	33
3019	0.2499416631002863	33
3020	-0.1097464256319315	33
3021	0.2065774522983692	33
3022	0.2294068644559688	33
3023	-0.1117755903156488	33
3024	0.2995709345994081	33
3025	0.0134191772134335	33
3026	0.0485200757926389	33
3027	-0.0749443062813004	33
3028	0.0481429504882567	33
3029	0.0591348473732973	33
3030	0.2512534405215785	33
3031	0.1017632310273166	33
3032	-0.0408764226005775	33
3033	-0.1260306856216304	33
3034	0.2367785205792834	33
3035	0.2985404196236541	33
3036	0.2645795609370902	33
3037	0.1228890098667181	33
3038	0.1203279123971617	33
3039	0.0130245033574208	33
3040	-0.0102116530158748	33
3041	0.1212029323825651	33
3042	0.091388251623378	33
3043	-0.2227451853676617	33
3044	-0.2452188430008436	33
3045	-0.2077616227662537	33
3046	-0.3275979840937644	33
3047	0.1975633856621808	33
3048	0.2281936392709225	33
3049	0.090347115448557	33
3050	-0.0322149825032224	33
3051	-0.0044120641771628	33
3052	0.0362022943886868	33
3053	0.1595944324885311	33
3054	0.393002227808325	33
3055	0.0267819314290159	33
3056	0.3386785856049098	33
3057	0.0053605466978126	33
3058	0.1110813589330051	33
3059	-0.14723513360397	33
3060	-0.0359289693002196	33
3061	-0.1248047411523141	33
3062	-0.2338648831837937	33
3063	0.4278683351737476	33
3064	-0.2287785179611109	33
3065	0.1653284821771771	33
3066	-0.049396603913576	33
3067	-0.0301199018621391	33
3068	0.4768112967136266	33
3069	0.0169855034182133	33
3070	0.3150865265237171	33
3071	0.2296927057199745	33
3072	-0.01694435573909	33
3073	-0.218393592973791	33
3074	-0.0402756015925624	33
3075	0.153041521533408	33
3076	-0.0821584706675166	33
3077	-0.1878626515324944	33
3078	0.1316598974558579	33
3079	-0.0272050828511728	33
3080	-0.133735349225701	33
3081	0.0235518743066454	33
3082	-0.0356169720062081	33
3083	-0.0887093993288054	33
3084	0.3036217055811698	33
3085	0.0747151957393835	33
3086	0.1741870318459545	33
3087	0.0399621476630779	33
3088	-0.1731071825434653	33
3089	0.2252465935128595	33
3090	0.1597904375259364	33
3091	0.3328938354131593	33
3092	0.0011945728095516	33
3093	-0.0929608349606983	33
3094	0.025899745086982	33
3095	0.2753215695230102	33
3096	-0.1354868699754873	33
3097	0.0628670961100706	33
3098	0.1144255095942293	33
3099	0.1100412325980707	33
3100	0.2123294319680598	33
3101	-0.3429535264444064	33
3102	0.0011010421459013	33
3103	0.2521160862649212	33
3104	0.1535623991568575	33
3105	-0.1702435682557133	33
3106	-0.0606764898530413	33
3107	0.1773120788755905	33
3108	-0.0256937603764313	33
3109	0.1997591136886295	33
3110	-0.1185186195816792	33
3111	0.2312254068744202	33
3112	0.2483876672438113	33
3113	0.1160638197463016	33
3114	-0.066634849461183	33
3115	-0.1664103119484193	33
3116	0.1439487542651246	33
3117	0.1068085125802374	33
3118	0.1981474913073543	33
3119	-0.3204122481724736	33
3120	0.0758723011727772	33
3121	0.3442131501231445	33
3122	0.201056059724956	33
3123	0.2008945906620355	33
3124	-0.0666862692175729	33
3125	0.2033159640142558	33
3126	0.2146502672336244	33
3127	-0.2117594551879993	33
3128	0.120307900610317	33
3129	0.0869108942349728	33
3130	0.2470025333030755	33
3131	0.0912662145019622	33
3132	0.1989214960047213	33
3133	0.348244152511551	33
3134	0.0813848952165924	33
3135	0.0812668494150789	33
3136	-0.1896196601640337	33
3137	0.1407582775523331	33
3138	-0.1424204769676849	33
3139	0.3875309406543858	33
3140	0.0618396957517485	33
3141	0.0285845124694247	33
3142	-0.0529917867510959	33
3143	-0.1004099057107228	33
3144	0.0400520219570521	33
3145	0.0855046709307837	33
3146	0.0757909190242232	33
3147	-0.0636505869175958	33
3148	0.1475551010265975	33
3149	0.1334391120269297	33
3150	-0.0282503840905416	33
3151	-0.2319319398277097	33
3152	-0.1352009863955053	33
3153	0.4557993940404284	33
3154	0.137480335757836	33
3155	0.16043978981928	33
3156	-0.0082147818380483	33
3157	-0.1373285946679441	33
3158	-0.0417808696264344	33
3159	0.0732376891072102	33
3160	0.118280149996884	33
3161	-0.0212058253538408	33
3162	0.2015238012944556	33
3163	0.1670678241266855	33
3164	-0.1001850828969348	33
3165	0.1925637463072403	33
3166	-0.0907165543791139	33
3167	0.0132531225793556	33
3168	0.0114977038433431	33
3169	0.1057679778682124	33
3170	0.1528621998410737	33
3171	0.1270030210502665	33
3172	0.3275725448435821	33
3173	-0.1529228033417058	33
3174	-0.0554763192102065	33
3175	-0.0103981734569125	33
3176	0.1524540538342129	33
3177	0.2842270366375493	33
3178	0.0386291407265149	33
3179	0.1768499505219481	33
3180	0.0446457364717691	33
3181	-0.1683945795296222	33
3182	0.2106734345623745	33
3183	0.2629690906283737	33
3184	0.1025427916126777	33
3185	-0.022802711134557	33
3186	-0.0643930198396211	33
3187	-0.168639891938399	33
3188	-0.3498088290991084	33
3189	0.1678537145894755	33
3190	0.0215737754785445	33
3191	0.2315793803305138	33
3192	0.0299749288727013	33
3193	0.3376631299107358	33
3194	-0.0933641862393117	33
3195	0.0091279147276286	33
3196	0.2213256178183687	33
3197	-0.0111798060808038	33
3198	0.4024683081944226	33
3199	0.1901741498457647	33
3200	0.5409662516418351	33
3201	0.1659333516909733	33
3202	0.1682507459586215	33
3203	-0.0433627977703011	33
3204	0.236443772962819	33
3205	0.0854913939737228	33
3206	0.0573041367289011	33
3207	0.2615617000154462	33
3208	0.0406126501826887	33
3209	-0.0879039460290317	33
3210	0.0193442639338004	33
3211	0.0561343085480103	33
3212	0.0856101594966858	33
3213	-0.1086214830941524	33
3214	0.0356865352684463	33
3215	0.2919957643859415	33
3216	-0.0741087086610731	33
3217	0.1295064412748482	33
3218	0.0314708508842277	33
3219	-0.2048977516168204	33
3220	0.3530991263079687	33
3221	0.0045182107060323	33
3222	0.2028600840911091	33
3223	0.0540235310798466	33
3224	0.2638298476422472	33
3225	-0.0575750895440829	33
3226	0.2555888221130549	33
3227	-0.1627666391359278	33
3228	0.1240008679445207	33
3229	-0.0429836256873997	33
3230	0.0839534758561922	33
3231	0.1468322353013	33
3232	-0.045582470767668	33
3233	-0.1913222689002066	33
3234	-0.1342251308595077	33
3235	0.0237094977373296	33
3236	0.3110595433030174	33
3237	0.3686517746467511	33
3238	-0.121546272618316	33
3239	0.1592775362330686	33
3240	-0.0269517313573027	33
3241	-0.1515583475800825	33
3242	0.0916149877545137	33
3243	-0.0549393114867962	33
3244	-0.0116089367833098	33
3245	-0.4211219973772967	33
3246	0.12128604995736	33
3247	-0.2308423167771414	33
3248	0.1352106826236835	33
3249	0.0570146705820464	33
3250	0.3606132249438697	33
3251	-0.0836875739004852	33
3252	-0.0371419812981023	33
3253	0.0547848401685044	33
3254	0.076345490464187	33
3255	0.0280849683456896	33
3256	0.1171772041794399	33
3257	-0.0007016229347535	33
3258	0.1199347142142856	33
3259	-0.0434674311447011	33
3260	-0.0150663131354171	33
3261	0.0659498884602717	33
3262	-0.1390886841091695	33
3263	0.2617172843390182	33
3264	-0.0352233363180417	33
3265	0.3246233300760628	33
3266	-0.1416097245937678	33
3267	0.423010816628128	33
3268	-0.037143709220353	33
3269	0.2711393222747911	33
3270	0.1361845689431974	33
3271	0.0993795113130115	33
3272	-0.244128295001199	33
3273	0.0943445160344994	33
3274	0.2130043545820636	33
3275	-0.045468750737437	33
3276	-0.067210299009012	33
3277	0.1366958653675333	33
3278	0.505975743292861	33
3279	0.2223676215578846	33
3280	0.0232638423949513	33
3281	0.089005213670321	33
3282	0.1601955296799876	33
3283	0.3273573619397512	33
3284	0.1855304005636097	33
3285	-0.1067623382662673	33
3286	-0.0747460764648377	33
3287	0.0556969393372433	33
3288	0.2855593041266067	33
3289	0.0953987820014754	33
3290	0.216844897366644	33
3291	-0.075394041330078	33
3292	-0.1012966128239584	33
3293	0.0346531147796899	33
3294	-0.1640591712867076	33
3295	0.1821544345053032	33
3296	0.0121019700662922	33
3297	0.1416110551330525	33
3298	0.152411463995857	33
3299	-0.0434947157145418	33
3300	0.0667975025387141	33
3301	0.1164385873936236	33
3302	0.1532874697047205	33
3303	0.0348823623280272	33
3304	0.0207663307767829	33
3305	0.103866384781108	33
3306	-0.1695842497511396	33
3307	-0.0829723035962303	33
3308	-0.1612274341053454	33
3309	0.0781356243397355	33
3310	0.2411575718007435	33
3311	0.0446621427830824	33
3312	0.2452354515593072	33
3313	0.1988637783224954	33
3314	-0.0542823372451979	33
3315	-0.0653144276209794	33
3316	0.0298850995174083	33
3317	0.1598524641637484	33
3318	0.1699829462752353	33
3319	-0.0886543009096036	33
3320	0.1393252723538553	33
3321	0.079349998126898	33
3322	-0.0140475596681072	33
3323	0.0520527878167854	33
3324	-0.0561378286373577	33
3325	-0.0319948756926279	33
3326	-0.0304122723339282	33
3327	0.1135255825442899	33
3328	0.057266200046618	33
3329	-0.1511246819644008	33
3330	-0.0184275229184578	33
3331	-0.0287732206724998	33
3332	0.2008279241241167	33
3333	0.0158096159934427	33
3334	-0.0472673473519074	33
3335	-0.2207236054508617	33
3336	0.1068576302914275	33
3337	0.0319513079382746	33
3338	0.0120050844122925	33
3339	0.0261901143560412	33
3340	-0.1387606014605681	33
3341	0.1103049567169065	33
3342	-0.0115291131202203	33
3343	0.1659722622982464	33
3344	0.1563274942553783	33
3345	0.0713020139249268	33
3346	-0.2118921942545537	33
3347	0.3374274731921565	33
3348	0.2685086315814171	33
3349	0.0020041701997451	33
3350	-0.0073120270619641	33
3351	-0.0422100456186703	33
3352	0.3299751754227272	33
3353	-0.0118870811382539	33
3354	0.0715301836355746	33
3355	-0.0169477431679928	33
3356	0.0845472724191865	33
3357	0.1125700795629683	33
3358	-0.1748973266575196	33
3359	0.0518577004634943	33
3360	0.1017449000308576	33
3361	0.4001878833622765	33
3362	0.0283016779424762	33
3363	-0.1219737659528109	33
3364	0.2760303481836482	33
3365	0.0525286206870794	33
3366	0.1404006046928481	33
3367	0.0469448273239173	33
3368	0.1236728339479469	33
3369	0.1448845063653288	33
3370	0.0737497059242884	33
3371	0.1835254307682943	33
3372	-0.1155202090054074	33
3373	0.1085243675740135	33
3374	0.1299566401297771	33
3375	-0.1935325805539424	33
3376	0.0592252761346858	33
3377	0.1300224876333215	33
3378	0.1900380872876639	33
3379	-0.195576126256292	33
3380	0.2240053414570513	33
3381	-0.1133007883490358	33
3382	0.0046902080523896	33
3383	-0.1121548345425064	33
3384	-0.3065471645464885	33
3385	0.0788522015166726	33
3386	0.1622975124607192	33
3387	-0.0866424442901108	33
3388	-0.1570202314130226	33
3389	-0.2690479707991804	33
3390	0.0881434499311982	33
3391	0.05015850136518	33
3392	0.0732516518888247	33
3393	0.42212377530538	33
3394	0.0443576223544491	33
3395	0.2787536949001344	33
3396	0.2423046372322357	33
3397	-0.1302562928971807	33
3398	0.1258760161471412	33
3399	-0.0138201311501396	33
3400	0.0265316249048227	33
3401	-0.0848017924603445	33
3402	-0.1192848263235547	33
3403	-0.1726774249762819	33
3404	0.1147717651257465	33
3405	-0.0769821143430935	33
3406	0.119204966871286	33
3407	0.0112522015970209	33
3408	0.0057869050050292	33
3409	0.0646773883328336	33
3410	0.0433428352369285	33
3411	-0.0424367770468525	33
3412	-0.0546790217931886	33
3413	0.3698428553054508	33
3414	-0.0086508489234089	33
3415	-0.2564761481819613	33
3416	0.0770433148186909	33
3417	0.1351623414998598	33
3418	-0.1203279521711983	33
3419	0.3226526865744935	33
3420	-0.1407954282981914	33
3421	-0.0044989077862635	33
3422	-0.1015919404372718	33
3423	0.192074352264537	33
3424	0.0621205844512342	33
3425	0.0107280054774614	33
3426	0.2878251883214892	33
3427	0.4944251551616023	33
3428	-0.2098054421977403	33
3429	0.0842714764273099	33
3430	0.0068293071219271	33
3431	0.1803791507919061	33
3432	0.0280051182926201	33
3433	-0.2162875591398146	33
3434	-0.0194339327910435	33
3435	0.2581533575445005	33
3436	0.0603153184217406	33
3437	0.2244112950617074	33
3438	0.1172734484299914	33
3439	0.1591104459844063	33
3440	0.1642143797260504	33
3441	0.1406925890894281	33
3442	0.2644493855257514	33
3443	0.1316749503249162	33
3444	-0.1058168825359734	33
3445	0.0580402683004911	33
3446	0.2948541167565698	33
3447	-0.1141135062304664	33
3448	-0.0162765885667631	33
3449	-0.291701444487045	33
3450	0.1891016644558687	33
3451	0.318116736987618	33
3452	0.4491838567678162	33
3453	0.1460903716553445	33
3454	-0.0148698007813391	33
3455	-0.0938917877537434	33
3456	0.1609304105934693	33
3457	-0.0779899552071478	33
3458	0.2216033522907676	33
3459	0.0707025744182636	33
3460	-0.091147885629514	33
3461	0.0544652341717317	33
3462	0.3272002831597266	33
3463	0.2920045915793376	33
3464	0.053701241921825	33
3465	-0.1707938593108133	33
3466	0.0820075186046888	33
3467	-0.3686008997583186	33
3468	0.0778612869051224	33
3469	0.1580992254334766	33
3470	0.040052466527051	33
3471	-0.1422160249854864	33
3472	0.14140488566018	33
3473	-0.0709218880196591	33
3474	0.0084222010358096	33
3475	0.1516558017291924	33
3476	0.0586835126296031	33
3477	0.0235246347357579	33
3478	-0.0800808390510078	33
3479	0.2878970718832174	33
3480	0.3357493955201217	33
3481	-0.2657784421006993	33
3482	0.1781226986662002	33
3483	0.0009912545879311	33
3484	-0.0264186674439347	33
3485	0.12404715674538	33
3486	-0.025296872121681	33
3487	-0.0869496826964535	33
3488	0.2080492149041412	33
3489	-0.2702264702576822	33
3490	0.0265408284007882	33
3491	-0.187523632238532	33
3492	0.2298975544674451	33
3493	0.2090596192029097	33
3494	0.0684678126809613	33
3495	-0.1099833316507148	33
3496	0.0036349961692324	33
3497	0.4278669883423958	33
3498	-0.2379601730892384	33
3499	0.1206360025226456	33
3500	0.0584965887398742	33
3501	0.1401536470176222	33
3502	0.0637179992169614	33
3503	0.2749668023013316	33
3504	0.1385015271256339	33
3505	0.2788009031689138	33
3506	0.1551771571616667	33
3507	0.2151198838155825	33
3508	0.03499618521491	33
3509	0.412773860712482	33
3510	0.3763132929921088	33
3511	0.2754128262992232	33
3512	0.0716539023524447	33
3513	0.199071618108846	33
3514	0.3712744822525356	33
3515	0.2308188720296232	33
3516	0.119583408244952	33
3517	0.1131987848958771	33
3518	-0.0642975073929125	33
3519	-0.1807266495290351	33
3520	-0.3685349434504358	33
3521	0.3215014309578939	33
3522	-0.1672297773706297	33
3523	-0.2639717516024677	33
3524	0.1211820442018241	33
3525	0.3125388283308128	33
3526	0.2108913893513098	33
3527	0.3022398548714353	33
3528	-0.1314525761302367	33
3529	0.1733046093175592	33
3530	-0.0502742256242286	33
3531	-0.0667729433632557	33
3532	0.4124728309790015	33
3533	-0.1450173700657188	33
3534	0.141514395626792	33
3535	0.1319599542190743	33
3536	-0.1576322429599293	33
3537	0.2469613330722927	33
3538	0.0971759970219394	33
3539	0.1876181685089258	33
3540	-0.0300415553534364	33
3541	-0.0128648236966195	33
3542	0.2576034346605419	33
3543	0.1999033366864923	33
3544	-0.1841633164156863	33
3545	0.2249486334073331	33
3546	-0.0379509774795357	33
3547	0.3044485241722405	33
3548	0.3538102295709602	33
3549	-0.2508569641171831	33
3550	-0.051409384212203	33
3551	0.081207859091263	33
3552	0.0658824495444545	33
3553	-0.0632687719765357	33
3554	0.2470496538836151	33
3555	-0.1202614049325626	33
3556	0.0926190211175089	33
3557	0.0247243528260621	33
3558	0.4362670332220394	33
3559	0.3409133480584917	33
3560	0.2253429402988762	33
3561	0.1746447673856873	33
3562	0.171322248784386	33
3563	0.0585605739227236	33
3564	0.1059369185500934	33
3565	0.1981163361735311	33
3566	-0.087286031129092	33
3567	-0.0565891543548603	33
3568	0.130653058433076	33
3569	0.0778350854525779	33
3570	-0.056596628216156	33
3571	0.3793393629446352	33
3572	-0.0145398253216664	33
3573	0.0961699273469119	33
3574	0.4075623082867773	33
3575	0.1844674202229506	33
3576	0.0812856152177834	33
3577	-0.036014287782791	33
3578	0.1934206528732314	33
3579	-0.1088398943427605	33
3580	-0.1130539345730384	33
3581	-0.0449747972566138	33
3582	-0.0602234793168362	33
3583	0.3888636328594619	33
3584	0.1629125952855941	33
3585	0.0578227220431338	33
3586	-0.0261843630636593	33
3587	0.0488711473954233	33
3588	0.0425925174777979	33
3589	-0.0414586602933821	33
3590	0.2140867091634865	33
3591	0.1179044454118633	33
3592	0.1721804490743993	33
3593	0.0569938558635512	33
3594	0.3058554113174722	33
3595	0.2300706920020236	33
3596	-0.4058395322547602	33
3597	0.078237760694076	33
3598	-0.1042107008409231	33
3599	-0.1427536734997944	33
3600	0.0426847926885562	33
3601	0.0908528229528228	33
3602	-0.0747973720819028	33
3603	-0.1512366413988745	33
3604	0.2197438567134392	33
3605	-0.0460561824992937	33
3606	-0.0293925918771721	33
3607	0.0185990204404765	33
3608	-0.0364147809315419	33
3609	-0.0579205260732743	33
3610	-0.074557878378387	33
3611	0.4121262471081989	33
3612	0.2114946292304393	33
3613	-0.1053160224178682	33
3614	-0.0898130676188414	33
3615	-0.0442098217014427	33
3616	-0.0403869884659275	33
3617	-0.1057229575643759	33
3618	-0.0427306771999899	33
3619	0.22808370951615	33
3620	-0.1013065198374588	33
3621	-0.0691092936923117	33
3622	0.194230049367705	33
3623	-0.1933870057048455	33
3624	0.2195234915798464	33
3625	-0.0439346361841985	33
3626	-0.0301668212149451	33
3627	0.4726034685915458	33
3628	-0.1674726771604144	33
3629	0.113272934231254	33
3630	-0.1017450402096693	33
3631	0.1976647059619536	33
3632	0.0447840107176644	33
3633	-0.1187191770276223	33
3634	0.2750727487076601	33
3635	0.0639576522155917	33
3636	-0.0310548609083268	33
3637	0.1959836677403644	33
3638	-0.0170584650927253	33
3639	0.0535673400905694	33
3640	0.2386829291247879	33
3641	-0.0127026356620176	33
3642	0.1944220725782166	33
3643	-0.1026476940351015	33
3644	0.3187299160453249	33
3645	0.1560459465737032	33
3646	-0.0152994991155469	33
3647	0.1211516604514226	33
3648	0.0427266022669271	33
3649	0.1773678099154893	33
3650	0.1384721818756412	33
3651	-0.1257861944338327	33
3652	0.198787064144368	33
3653	0.1285348966046242	33
3654	0.2745289531831492	33
3655	0.0390167990787014	33
3656	0.3620942951422692	33
3657	0.2580755373117853	33
3658	-0.0227032519909751	33
3659	0.1464268093520605	33
3660	-0.0214399833390175	33
3661	0.0109176483516024	33
3662	-0.3165762020137651	33
3663	0.3358565267062702	33
3664	-0.0971087324436949	33
3665	0.0305870674927722	33
3666	0.3812866608094089	33
3667	-0.0095030390075675	33
3668	-0.1709250522151408	33
3669	0.2309700284989673	33
3670	0.1682895826606233	33
3671	-0.0543787674902464	33
3672	-0.1547971881992992	33
3673	0.0199294271589762	33
3674	-0.0055494552874289	33
3675	0.0940075512966921	33
3676	-0.0173425916240821	33
3677	0.2449541705853186	33
3678	0.1632699772007594	33
3679	-0.2064431043082544	33
3680	0.2119927500707307	33
3681	0.1567519364305694	33
3682	0.1334415544987784	33
3683	0.0363467969876274	33
3684	0.0555256204815016	33
3685	0.1616300693367657	33
3686	0.0095785994405376	33
3687	0.1165054061477765	33
3688	0.2622998589174836	33
3689	-0.0922135719730569	33
3690	0.1532159118867719	33
3691	0.2107470822955572	33
3692	0.2029593707096307	33
3693	0.115961595157196	33
3694	0.0302057322419139	33
3695	0.015914935360477	33
3696	0.4155946572102906	33
3697	0.0807428803446731	33
3698	0.0046370008129866	33
3699	0.0903168905164372	33
3700	0.1132265371194155	33
3701	0.3948335616787545	33
3702	-0.1872113587075216	33
3703	-0.0182607445699247	33
3704	-0.0386305667922145	33
3705	0.3402646232726976	33
3706	0.1634940420127471	33
3707	0.2666625905625809	33
3708	0.0619327494253018	33
3709	0.1493003831889119	33
3710	0.2070731007740287	33
3711	-0.091914472317995	33
3712	-0.1610975879624017	33
3713	0.3563512914306131	33
3714	-0.0392939850603748	33
3715	0.0499662648537708	33
3716	-0.0075548489572512	33
3717	0.0557717524384244	33
3718	0.1739443188188295	33
3719	-0.1260101126458056	33
3720	0.1274649733389169	33
3721	0.2749296167147003	33
3722	0.2939973842472275	33
3723	0.163202910504907	33
3724	0.119537522415009	33
3725	0.324516794113227	33
3726	0.1233423276965461	33
3727	0.245527384346854	33
3728	0.2462304871120286	33
3729	0.2837819654363249	33
3730	0.1126408328388431	33
3731	0.1671156920881252	33
3732	0.0860697655656664	33
3733	-0.1649222897688093	33
3734	0.217667600481064	33
3735	0.1696491272287663	33
3736	0.1671022848439836	33
3737	-0.0497136464745226	33
3738	0.1761613314652996	33
3739	-0.0123177735500627	33
3740	0.2274508926805019	33
3741	0.0082604334351059	33
3742	0.105064673799096	33
3743	0.0866874594131477	33
3744	0.0486809685531895	33
3745	-0.0376157814361184	33
3746	0.231448227315228	33
3747	0.0978833846570707	33
3748	-0.10140274860364	33
3749	-0.1335885251117468	33
3750	0.1385411838856136	33
3751	0.2482468611864616	33
3752	-0.0566636557246609	33
3753	0.1319573326751024	33
3754	0.1081994014793071	33
3755	0.2119290136772226	33
3756	-0.1590711312346953	33
3757	0.4832742202579399	33
3758	0.0834994673297952	33
3759	0.1914835026998479	33
3760	0.2373393113196071	33
3761	0.1551985598193036	33
3762	-0.1572411248009184	33
3763	-0.1459033721661034	33
3764	0.1546172522214431	33
3765	-0.1118151280966344	33
3766	-0.1795042920258898	33
3767	0.1870346550982264	33
3768	-0.0123428370036109	33
3769	0.4086391338746027	33
3770	0.2595493557757165	33
3771	0.2072053493670059	33
3772	0.1745487077882155	33
3773	-0.0362433278680749	33
3774	-0.3283686827687769	33
3775	0.0406024965571986	33
3776	0.1613196283404278	33
3777	0.1184221284808144	33
3778	0.0179464046958597	33
3779	0.2345498842104439	33
3780	-0.004232139329042	33
3781	-0.0644969924505577	33
3782	0.0281323192731034	33
3783	-0.135294231019358	33
3784	-0.1699210304824737	33
3785	0.0568300479023619	33
3786	0.1307779277523224	33
3787	0.2109291573477526	33
3788	-0.1412719208099588	33
3789	0.165014096018721	33
3790	0.0998721478561373	33
3791	0.1229222852667882	33
3792	0.0259442526371286	33
3793	0.2863683447645172	33
3794	0.0668268330854667	33
3795	0.2579132645967274	33
3796	0.1832543110722749	33
3797	-0.1535494081843037	33
3798	0.1011029972673528	33
3799	0.2502659035941495	33
3800	0.2267705113976957	33
3801	0.0452424812795898	33
3802	-0.0425375625551825	33
3803	-0.0435235584848102	33
3804	0.1975736176157694	33
3805	-0.0779077387298946	33
3806	0.0083325006953241	33
3807	0.1443099798044315	33
3808	-0.0671871002884804	33
3809	0.1970490450303159	33
3810	0.0337434640285166	33
3811	0.2079109505759276	33
3812	0.0805440660896608	33
3813	-0.1393583032749083	33
3814	0.0013386947951521	33
3815	0.1910958288538197	33
3816	-0.0418144761755697	33
3817	0.0365069336658366	33
3818	0.2213344700960154	33
3819	-0.1527514306037092	33
3820	-0.1520925203130345	33
3821	-0.0311794133210388	33
3822	0.0101104448872477	33
3823	0.154225873689081	33
3824	0.3287161434077865	33
3825	0.1376010565709162	33
3826	0.0427286319301229	33
3827	-0.1780143171281998	33
3828	0.0482136472708291	33
3829	0.2450234079713607	33
3830	0.3128112553343335	33
3831	0.0394449676122713	33
3832	0.3586685334670655	33
3833	0.1891465429292245	33
3834	0.2219549921796433	33
3835	0.0646362002242938	33
3836	0.2640021434714471	33
3837	-0.0505141047785667	33
3838	0.000533564178367	33
3839	0.3221366109244049	33
3840	0.0769656163035081	33
3841	-0.0526734583923866	33
3842	0.2849805879778685	33
3843	0.0684834184123075	33
3844	0.1546068715343793	33
3845	-0.0744561178954772	33
3846	0.1637383066904618	33
3847	0.2286679490923471	33
3848	-0.0547398315811613	33
3849	-0.0389934019383624	33
3850	-0.0571555360288347	33
3851	-0.2318730432680143	33
3852	0.0407017139453428	33
3853	-0.4263606015800875	33
3854	-0.245857287632485	33
3855	-0.0627158307293231	33
3856	-0.2077196065108654	33
3857	-0.0109869891629525	33
3858	0.0389521051403525	33
3859	0.11709658021191	33
3860	0.029971573024934	33
3861	0.1497385637667913	33
3862	-0.057069735836785	33
3863	-0.0277597146883466	33
3864	0.410478887333927	33
3865	0.1300117972782492	33
3866	0.2258718371782207	33
3867	0.0415205914449858	33
3868	0.0156948363443519	33
3869	-0.121720360006761	33
3870	-0.1466672900066926	33
3871	0.129394385468225	33
3872	0.3024466076323112	33
3873	0.0508679990593591	33
3874	0.1110103189975888	33
3875	0.1759969434098165	33
3876	0.3761140208748152	33
3877	-0.0328187672273275	33
3878	-0.1657291421537973	33
3879	0.1385652065762116	33
3880	0.0212762834125613	33
3881	0.1220536653937543	33
3882	-0.0512928125054809	33
3883	0.1270799782422628	33
3884	0.1713770235182833	33
3885	0.0112138501777916	33
3886	0.2606110048200394	33
3887	0.2623434788365041	33
3888	0.3230244705056829	33
3889	0.0787455134375086	33
3890	0.2843580976144533	33
3891	0.0944016428285872	33
3892	0.1316415889659754	33
3893	0.3045667206943336	33
3894	0.2234007543748227	33
3895	0.3097971318584336	33
3896	0.2652461993438214	33
3897	-0.1419933496963462	33
3898	0.2468181351578526	33
3899	-0.2104650635215648	33
3900	0.2034771487716618	33
3901	0.0985467765804694	33
3902	0.033327885359082	33
3903	-0.0467170550566141	33
3904	0.4117536072635272	33
3905	-0.2134782637015256	33
3906	0.3637699705904251	33
3907	0.144589839627575	33
3908	0.2263545383491136	33
3909	0.070176448022598	33
3910	0.2261263871108854	33
3911	-0.0757762641057738	33
3912	0.3008864279734932	33
3913	0.1057473549665877	33
3914	0.0962818005897012	33
3915	0.1925767566638788	33
3916	0.0991776034322249	33
3917	0.03219392795336	33
3918	0.2973577137543191	33
3919	0.2456414323036687	33
3920	-0.0936504087809817	33
3921	0.2141488851819768	33
3922	-0.0912556229786079	33
3923	-0.146580928501548	33
3924	-0.0194017784133411	33
3925	0.1533380669946947	33
3926	-0.1986476304921571	33
3927	0.3742350340998884	33
3928	0.0202229780204981	33
3929	0.2905288907340213	33
3930	0.0910811858441822	33
3931	-0.0907588285732858	33
3932	0.1302656055410933	33
3933	-0.2787016651904686	33
3934	-0.008945179848608	33
3935	0.2980205590351731	33
3936	0.3319165463850108	33
3937	-0.1689587408269909	33
3938	0.1362481852477217	33
3939	0.0618638644418284	33
3940	0.0272105228957202	33
3941	-0.0255866346449269	33
3942	-0.1753895865239859	33
3943	0.1030404877677409	33
3944	0.2750323806027462	33
3945	-0.226788709140231	33
3946	0.2393594806867808	33
3947	0.3494631877758933	33
3948	-0.0423856063345748	33
3949	0.1808912554576509	33
3950	0.1813438148231826	33
3951	0.1486180264015789	33
3952	0.2113736798540784	33
3953	0.0290847009604161	33
3954	-0.0195476120361815	33
3955	0.176107397632273	33
3956	0.0641594928821316	33
3957	0.3214410496820214	33
3958	0.1481552900042207	33
3959	0.0613676583940373	33
3960	0.0376781324014402	33
3961	0.2423557279455044	33
3962	0.1868802657777036	33
3963	-0.1885880872693127	33
3964	-0.0233129796889691	33
3965	0.2793908288492525	33
3966	0.2705037848238881	33
3967	0.3928419618022336	33
3968	0.1861259173704768	33
3969	0.1931672048379901	33
3970	0.2035613395350655	33
3971	0.3926891917334882	33
3972	0.5411442068087857	33
3973	-0.0039237652016684	33
3974	-0.0601605950145637	33
3975	0.2786358301979458	33
3976	0.0797881150943589	33
3977	-0.0990024287626176	33
3978	0.2996861111316843	33
3979	-0.0081072747121459	33
3980	0.1318723425531097	33
3981	0.0923260424798275	33
3982	0.1802782650428105	33
3983	-0.2031038247792807	33
3984	-0.2233339447011713	33
3985	0.1402161163698336	33
3986	-0.1007183792390518	33
3987	-0.0326232616263067	33
3988	-0.02621795608874	33
3989	0.0714374654422145	33
3990	0.1970146693914776	33
3991	0.0121156316980138	33
3992	-0.1978451292609068	33
3993	0.2273081058164744	33
3994	-0.0244907745487817	33
3995	-0.0671909051947149	33
3996	-0.3805189476168394	33
3997	0.2287759342696337	33
3998	0.1850507470053989	33
3999	0.0379772711233261	33
4000	0.0674151556557292	33
4001	0.2355217964791733	33
4002	-0.2249365341811733	33
4003	0.1916958423222369	33
4004	0.0423304082031163	33
4005	0.1416289834590113	33
4006	0.2586403764753003	33
4007	-0.1695973870597774	33
4008	0.0667691758248236	33
4009	-0.000400115723076	33
4010	0.184523777314259	33
4011	0.0143746902663955	33
4012	0.0872962003011744	33
4013	-0.0809048261477098	33
4014	0.2295369710332604	33
4015	-0.0875628454150723	33
4016	-0.1727602377058214	33
4017	0.037746492557421	33
4018	-0.1155667088663932	33
4019	-0.0280030119647289	33
4020	0.0155884931958526	33
4021	0.0344674349429851	33
4022	0.4123518806263177	33
4023	0.2290212901873251	33
4024	0.0326072187590375	33
4025	-0.1397130669450808	33
4026	0.0307952916806352	33
4027	0.4397061993563712	33
4028	-0.0523461384595893	33
4029	0.2340692606421009	33
4030	0.1372144779316866	33
4031	0.1913652886299997	33
4032	0.0795721133121894	33
4033	0.1317726652779556	33
4034	0.0726141062741056	33
4035	0.2002589050034757	33
4036	0.2548462974307399	33
4037	-0.2439663283754779	33
4038	0.1871758211106742	33
4039	0.0654694260534319	33
4040	0.1522500584074554	33
4041	0.1936739464752479	33
4042	0.233416888209752	33
4043	0.3523642653942865	33
4044	0.00886135095214	33
4045	0.2954579012298159	33
4046	-0.0312026427612771	33
4047	0.1257531975528286	33
4048	0.1769527478313023	33
4049	-0.0217165174312182	33
4050	0.4535147191524262	33
4051	-0.1299685525036356	33
4052	0.1012400664798372	33
4053	0.2600369255696581	33
4054	-0.1828982023191014	33
4055	0.1888032031626444	33
4056	-0.2256216650284151	33
4057	0.0921012254490054	33
4058	-0.0505776127102899	33
4059	0.1749453409770268	33
4060	0.1474437401288303	33
4061	0.0331585277242567	33
4062	0.0157706374418064	33
4063	0.3590556090523052	33
4064	0.1460882608011076	33
4065	0.2506771525625689	33
4066	-0.1904621092527986	33
4067	0.2900330131817721	33
4068	-0.0804470933819532	33
4069	0.1957541766847566	33
4070	0.1071765978681517	33
4071	0.0873863852462019	33
4072	0.2549131915436028	33
4073	0.3707788643393354	33
4074	-0.0871553780819496	33
4075	0.3097034187108406	33
4076	0.021767348937483	33
4077	-0.0345321623774923	33
4078	0.1772114979936028	33
4079	0.1579845821987716	33
4080	-0.0242376415905313	33
4081	0.2972863984573785	33
4082	-0.1718908095303658	33
4083	0.2696557706331088	33
4084	0.0920176049631428	33
4085	0.3072878419294804	33
4086	-0.2188243974631492	33
4087	-0.1601217614065098	33
4088	0.2391057094564571	33
4089	0.046770049680129	33
4090	0.0037965416383487	33
4091	0.0213724704151636	33
4092	-0.4022363949820022	33
4093	0.0094508931801886	33
4094	0.2634888655619946	33
4095	-0.2106837956142159	33
4096	0.3942894636262052	33
4097	0.4390953765663546	33
4098	0.0842883201680641	33
4099	-0.053331023108007	33
4100	-0.4360835875962049	33
4101	-0.1085618400392603	33
4102	0.1727933345233542	33
4103	-0.03844179725485	33
4104	0.0101736793021261	33
4105	-0.0362254503334427	33
4106	-0.1577867031853136	33
4107	-0.0671315030995936	33
4108	0.2368257251977466	33
4109	0.1248505333722852	33
4110	0.0772028799320528	33
4111	0.4110757742539009	33
4112	0.1571089924189788	33
4113	0.4407359768128812	33
4114	0.0640800588663261	33
4115	0.0829497022218313	33
4116	0.1631562437341407	33
4117	0.0162744496708692	33
4118	0.3474227436957025	33
4119	0.0295871114537029	33
4120	0.0464159617786114	33
4121	0.3917662849386543	33
4122	0.1423730848670633	33
4123	0.1400980283553977	33
4124	-0.2479669531821785	33
4125	0.3802435321990229	33
4126	0.0419426011601116	33
4127	-0.0449941071955329	33
4128	0.1914718344127222	33
4129	0.3168813468823296	33
4130	-0.4833681173094365	33
4131	-0.2811984164135664	33
4132	0.0989592618331858	33
4133	0.1170575672101942	33
4134	0.2526752751790185	33
4135	0.0050373612906604	33
4136	0.0294571447925172	33
4137	0.2368255859796976	33
4138	0.0388308531463593	33
4139	-0.0543438502083447	33
4140	0.1303349565527319	33
4141	0.1631871490378935	33
4142	-0.0352184198468986	33
4143	0.126087422382908	33
4144	0.310336669682119	33
4145	0.1285666929766058	33
4146	-0.030860670590857	33
4147	0.1052949193875979	33
4148	0.1083481947889912	33
4149	0.134829025665761	33
4150	0.1744823983512695	33
4151	-0.0842285422244195	33
4152	-0.0210326649428666	33
4153	0.0161382165862	33
4154	0.0233389827696507	33
4155	0.1774230531470596	33
4156	0.2752872484296507	33
4157	-0.4392852119057778	33
4158	0.2509015568181099	33
4159	-0.0410176167501836	33
4160	0.3147195219852633	33
4161	0.276079549601527	33
4162	-0.1435370552513258	33
4163	-0.0741507789709442	33
4164	-0.1220999537679663	33
4165	0.0729420220865271	33
4166	-0.1538759845706834	33
4167	0.0374651490564523	33
4168	0.27091975982884	33
4169	0.3723291448245916	33
4170	0.0213814371531113	33
4171	0.2811331862113382	33
4172	-0.1905593916361423	33
4173	-0.1160592575818495	33
4174	0.1104937325295357	33
4175	0.18194456865195	33
4176	0.1848147971153997	33
4177	0.0972686837979169	33
4178	0.0163194743859223	33
4179	0.2485124258854009	33
4180	-0.0685548911542907	33
4181	0.0245516085704348	33
4182	-0.0373275239276026	33
4183	0.1470348626262735	33
4184	0.1529526670233001	33
4185	-0.0261297894881639	33
4186	-0.0267252499949838	33
4187	0.1977783734340818	33
4188	-0.1904160050334829	33
4189	-0.0372423551167836	33
4190	-0.1454489848004981	33
4191	0.5034734412721757	33
4192	0.0124180424802236	33
4193	0.0701904416387443	33
4194	0.3089206607644322	33
4195	-0.0287662417067645	33
4196	0.2479843849582831	33
4197	0.3158325438637474	33
4198	-0.2485266829980746	33
4199	0.0021858447559282	33
4200	0.022639435272525	33
4201	0.3217068650273799	33
4202	0.514863797943491	33
4203	0.1101050706195795	33
4204	0.2150942230112542	33
4205	-0.2623382760447354	33
4206	-0.1712585883426928	33
4207	-0.1065032942247746	33
4208	-0.2229097529712655	33
4209	-0.2881615754277894	33
4210	-0.0971599151678578	33
4211	0.1821244542525789	33
4212	0.1954722269601798	33
4213	-0.1876709909677215	33
4214	-0.168206541601868	33
4215	0.0207580187682871	33
4216	0.1574128118776308	33
4217	0.1554380717235605	33
4218	-0.0808813383819193	33
4219	-0.03738228338498	33
4220	0.1558938602311904	33
4221	-0.0213716023613332	33
4222	-0.0374093527430303	33
4223	0.2611074277147112	33
4224	-0.0869800425438965	33
4225	0.3306094468033107	33
4226	0.0252960076405194	33
4227	0.4236200430217317	33
4228	0.2877955551700925	33
4229	0.1104906726106683	33
4230	-0.1156791646948636	33
4231	0.0822863574902926	33
4232	0.0083749500657385	33
4233	-0.0505833988322846	33
4234	0.0896959862642298	33
4235	0.1426384903665882	33
4236	0.1660955101902706	33
4237	-0.1962140513356904	33
4238	-0.1500832329881092	33
4239	-0.0399109080230324	33
4240	-0.0742636359944127	33
4241	0.0619642864486615	33
4242	0.1400700299047201	33
4243	0.5232504565780505	33
4244	0.0887204706255535	33
4245	-0.0484792104466333	33
4246	0.0004271712310403	33
4247	-0.0622608575930103	33
4248	0.3259126292506372	33
4249	-0.037199003313695	33
4250	0.1450519445157931	33
4251	-0.1258183511507246	33
4252	0.0721010864641431	33
4253	0.166178445426906	33
4254	0.095079593090604	33
4255	0.0631044989827058	33
4256	0.1627297000510891	33
4257	0.1161091844352232	33
4258	-0.0132976959009947	33
4259	0.0859418088571375	33
4260	-0.1388353469785562	33
4261	-0.1021299407167909	33
4262	-0.1235478235111776	33
4263	-0.0475691428572208	33
4264	0.1227236325843583	33
4265	-0.1448922852074952	33
4266	-0.0515844657661233	33
4267	0.0287026734571454	33
4268	-0.0470137886082048	33
4269	0.2266916622436032	33
4270	-0.2892533644376722	33
4271	0.1751471852357889	33
4272	-0.0486773146239749	33
4273	0.2282413351243747	33
4274	0.0191243722560716	33
4275	-0.1331883127357213	33
4276	0.4772441089995201	33
4277	0.0468903120082126	33
4278	0.1186959444759967	33
4279	0.1220437762306133	33
4280	-0.1163636788738098	33
4281	0.0670047228218398	33
4282	-0.0603931386062351	33
4283	0.2415538002680663	33
4284	0.2825428332769093	33
4285	0.2536076264521676	33
4286	0.1711189939237745	33
4287	0.1959417766267781	33
4288	0.1150820352195345	33
4289	-0.0622385210622664	33
4290	0.0334778210979996	33
4291	-0.0335791536879027	33
4292	-0.0970046401356512	33
4293	0.3719493258922683	33
4294	0.0657836150171109	33
4295	-0.230517954016055	33
4296	0.2352562982719468	33
4297	0.4573557829407489	33
4298	0.1592243840762555	33
4299	0.3789282390366217	33
4300	-0.0724041422748584	33
4301	-0.009669372995538	33
4302	0.311033666536659	33
4303	0.0329973963041934	33
4304	-0.0687559994011149	33
4305	0.1053588765831745	33
4306	-0.0063138445404891	33
4307	0.206876743054869	33
4308	-0.1083776183162123	33
4309	0.3608807753938767	33
4310	-0.2535178724994346	33
4311	-0.0901164593394034	33
4312	0.1588265678619924	33
4313	-0.1176898653416213	33
4314	-0.0156165817881631	33
4315	-0.0412563571955872	33
4316	0.1256992658402487	33
4317	0.2619685688183273	33
4318	-0.0182315651251943	33
4319	0.1578263692180539	33
4320	0.2636345431437146	33
4321	-0.0688086651521473	33
4322	-0.1019494746199483	33
4323	0.2858757863041873	33
4324	0.0565471510446584	33
4325	-0.3511048111740735	33
4326	0.1797186638350494	33
4327	0.2465100728469636	33
4328	0.1333384287341497	33
4329	-0.161994107551299	33
4330	-0.1119745550474392	33
4331	0.4180648390473414	33
4332	-0.1389116036544107	33
4333	-0.1101458331813487	33
4334	0.074489164133038	33
4335	0.250570060494804	33
4336	0.2092086766018014	33
4337	-0.2398097438638969	33
4338	0.1328096348595384	33
4339	0.1019775508332474	33
4340	-0.1979287607205917	33
4341	0.132948506087088	33
4342	0.1334116408260039	33
4343	-0.1044315893989822	33
4344	0.3806702899681145	33
4345	0.2880356352176971	33
4346	0.1225853591376026	33
4347	0.4342424918370079	33
4348	0.3302265282076761	33
4349	-0.0226954933978528	33
4350	0.3541492960788059	33
4351	0.0997115342289973	33
4352	-0.0050424104110985	33
4353	0.0308320622320365	33
4354	0.0681358372083805	33
4355	0.0408580720095916	33
4356	-0.159251618337689	33
4357	-0.2730482720584916	33
4358	0.2798627782411157	33
4359	0.1925901979380622	33
4360	0.2898383365822352	33
4361	-0.0389063235688466	33
4362	0.188464212857136	33
4363	0.0238401022451224	33
4364	0.3342276429636485	33
4365	-0.1220274952225321	33
4366	-0.0616353877844957	33
4367	-0.0790721556506715	33
4368	0.323157021227267	33
4369	0.2153154095173847	33
4370	0.1896363326325393	33
4371	-0.1941559278862802	33
4372	-0.195680707309492	33
4373	0.0966619206190382	33
4374	-0.0992481458047574	33
4375	0.3391527824750027	33
4376	-0.0328702113233681	33
4377	0.3059298483154333	33
4378	-0.0719748887748666	33
4379	0.1862573634785207	33
4380	-0.0054267412123806	33
4381	-0.1136512152903915	33
4382	0.2494502672816968	33
4383	0.0789360255817476	33
4384	0.0772783628149533	33
4385	0.0275320670466011	33
4386	0.0750051539624024	33
4387	0.200512243795878	33
4388	-0.0145949637809742	33
4389	-0.0993749380680897	33
4390	-0.1159384828654331	33
4391	0.2677887130677985	33
4392	0.3225466965211454	33
4393	0.0121835339456034	33
4394	0.072573536343525	33
4395	0.2861272231120774	33
4396	0.3218552041572433	33
4397	0.4774466977817	33
4398	-0.1113755282460972	33
4399	-0.3024779704300685	33
4400	-0.0462955276183475	33
4401	-0.0757124416966027	33
4402	-0.018073944758998	33
4403	0.2602382448053569	33
4404	-0.0187801532247149	33
4405	0.3295151608339028	33
4406	0.4273194784792726	33
4407	0.0765709127103664	33
4408	0.1374219724951165	33
4409	0.2549670974307072	33
4410	0.2663873850029308	33
4411	0.2323808016392994	33
4412	0.3801438267586136	33
4413	-0.1198215170322483	33
4414	-0.1601787530754503	33
4415	-0.0309391159057966	33
4416	-0.0175994514222746	33
4417	0.2416648126212685	33
4418	0.2258186886822206	33
4419	-0.09783953225546	33
4420	0.1698732547644188	33
4421	0.0587030608132361	33
4422	0.1038751822948561	33
4423	-0.1434167685055246	33
4424	-0.0627800675428914	33
4425	0.341394101857414	33
4426	0.5122390736604695	33
4427	-0.0699496669370159	33
4428	-0.0406410790084731	33
4429	-0.2658120483659437	33
4430	-0.0927597427402832	33
4431	0.1663914851999152	33
4432	0.0781554490845649	33
4433	0.0616791290547646	33
4434	0.320610113026526	33
4435	0.3266454707109247	33
4436	0.0476761260528275	33
4437	0.2258555455947159	33
4438	0.0978857638494948	33
4439	-0.0145519011249876	33
4440	0.096574356348553	33
4441	0.2647672086718856	33
4442	-0.0119914517527294	33
4443	-0.1347805070275929	33
4444	0.2334397651418441	33
4445	0.1198704090141452	33
4446	0.1406445665501374	33
4447	0.3117211487291907	33
4448	0.0924377694069316	33
4449	0.0215113162980629	33
4450	0.090739520535298	33
4451	0.0020917941663113	33
4452	0.1111577095819744	33
4453	-0.1174259915710518	33
4454	0.1374982347573349	33
4455	-0.0363981181911453	33
4456	-0.1195929755410764	33
4457	-0.0442648349187993	33
4458	0.0306369841872089	33
4459	0.4317418961706842	33
4460	0.1660956455652757	33
4461	0.0116127630669953	33
4462	-0.1016580669189473	33
4463	-0.0639814953614387	33
4464	0.3392005475511572	33
4465	0.1247189252747745	33
4466	0.2604801540502139	33
4467	0.3265743656598342	33
4468	0.113826634869223	33
4469	0.1396884590066568	33
4470	-0.1779138490516548	33
4471	-0.099048290617936	33
4472	-0.1501914786571303	33
4473	0.1348848783016738	33
4474	0.40967834065004	33
4475	0.1667324704826115	33
4476	-0.0651232587962253	33
4477	0.2195298900030237	33
4478	0.196147696402469	33
4479	0.0666671214719306	33
4480	0.2574164850338061	33
4481	-0.1125106343376887	33
4482	0.139670928944852	33
4483	0.0497543989474627	33
4484	0.0834188157878628	33
4485	0.2176176572620286	33
4486	0.1783393189799119	33
4487	-0.0924514750210318	33
4488	0.2178683895647261	33
4489	0.3223405425435177	33
4490	0.2402924351625736	33
4491	-0.0379233613453091	33
4492	0.0554551689651495	33
4493	-0.1985792113647281	33
4494	-0.2137767247362557	33
4495	0.0901881211497112	33
4496	0.0330137545572458	33
4497	0.1549710518514049	33
4498	0.4325258332107327	33
4499	0.109840906248414	33
4500	0.0747480506713285	33
4501	0.1544225423918537	33
4502	0.1283620324893691	33
4503	0.0954065587769937	33
4504	0.253027430325796	33
4505	0.1577155351521333	33
4506	-0.1373098357907094	33
4507	0.1293757363732144	33
4508	0.0679576584894932	33
4509	0.3130699148541347	33
4510	0.0154086546393305	33
4511	-0.253616801285853	33
4512	0.2476850497053855	33
4513	0.0446753556406093	33
4514	0.4341519243572891	33
4515	0.1331845869079795	33
4516	0.1611414798581901	33
4517	0.2340794146720217	33
4518	0.1317933110370553	33
4519	0.3135484788552289	33
4520	-0.1139726186468246	33
4521	-0.0067863278043377	33
4522	0.0362168590629727	33
4523	0.091078700625169	33
4524	0.0482255108015421	33
4525	-0.189598490847566	33
4526	0.1364843097712701	33
4527	0.1345633070826237	33
4528	0.1223936911396663	33
4529	-0.0084378441069288	33
4530	0.1117296460007239	33
4531	0.1391079804133433	33
4532	0.0731215084609859	33
4533	0.1179480023853538	33
4534	-0.1533545633128572	33
4535	0.3175265255069909	33
4536	0.1401364082835247	33
4537	0.0688971287787727	33
4538	0.3097934705381153	33
4539	0.2882058471587054	33
4540	-0.0260368621479626	33
4541	-0.0224319832662112	33
4542	0.2168178940831891	33
4543	-0.1263543596383237	33
4544	-0.023851351490753	33
4545	0.0981337095486947	33
4546	0.0292710245688911	33
4547	0.0341424447803991	33
4548	0.0007281180569994	33
4549	0.2381432249259722	33
4550	0.269406485128556	33
4551	-0.0160810622652138	33
4552	-0.2040178594956556	33
4553	-0.0159166534189037	33
4554	-0.000608989877099	33
4555	0.102776093634691	33
4556	0.1709940620303237	33
4557	0.0910366695653099	33
4558	-0.151956937584418	33
4559	-0.0681614805690379	33
4560	0.230967311600084	33
4561	0.5456480157656237	33
4562	0.1745482377310267	33
4563	0.3523804830171408	33
4564	0.2870223803546338	33
4565	-0.1479863173299943	33
4566	0.0668999365483024	33
4567	-0.0270096370903461	33
4568	0.1491552291038717	33
4569	0.2627159131347811	33
4570	0.0746092419287629	33
4571	0.0698026996887299	33
4572	-0.1412104994843924	33
4573	-0.0146389310566418	33
4574	0.1314309374728494	33
4575	0.3268890903172186	33
4576	0.478834563737485	33
4577	-0.1924172573918671	33
4578	0.0084418990872685	33
4579	0.1645098025293381	33
4580	0.05288924915315	33
4581	-0.0242853200131147	33
4582	0.0791436997350761	33
4583	0.132699910595147	33
4584	-0.009475249173157	33
4585	0.0862903472092083	33
4586	-0.1223275857720228	33
4587	0.0693287316831737	33
4588	0.1914536862859494	33
4589	0.4482594600977714	33
4590	0.005900627310853	33
4591	0.0855657464333411	33
4592	0.4609853415417533	33
4593	-0.1424362594244335	33
4594	0.1788695002166099	33
4595	0.0193040317390021	33
4596	0.0466900496455325	33
4597	-0.0462294461641754	33
4598	-0.1395949969077597	33
4599	0.3377123074209179	33
4600	-0.0236125869690664	33
4601	0.4408187452008465	33
4602	0.3089976231307692	33
4603	-0.125705224588455	33
4604	0.1021078406487355	33
4605	0.0661092079875984	33
4606	0.3442357445399182	33
4607	-0.1266750124450061	33
4608	0.0020435613787823	33
4609	0.00934895160769	33
4610	0.0511740912200353	33
4611	-0.0769153168014927	33
4612	0.1610341680726722	33
4613	0.2027176999005094	33
4614	-0.0687785068265112	33
4615	-0.0135229863754158	33
4616	0.0643361806429765	33
4617	-0.1140498232719632	33
4618	-0.1431794608941703	33
4619	0.3202641452783725	33
4620	0.0176168092229946	33
4621	0.1122526482052019	33
4622	-0.0172367229910026	33
4623	0.1253987374937351	33
4624	0.0003231721386248	33
4625	0.1870662486677692	33
4626	0.0672674420868054	33
4627	-0.0758378322098083	33
4628	0.156049861937746	33
4629	0.0760576291180714	33
4630	-0.038430513153773	33
4631	0.1762728494331246	33
4632	-0.145072196575676	33
4633	0.2460141800612054	33
4634	-0.0014024946991183	33
4635	-0.3113134183923842	33
4636	0.2468523689453345	33
4637	0.1275538091815667	33
4638	0.0828836557126808	33
4639	0.2445951243783432	33
4640	0.0566914646091723	33
4641	-0.0492389987755902	33
4642	0.2024636230658747	33
4643	0.1776867645806258	33
4644	0.1878725343127676	33
4645	0.0314321697996375	33
4646	0.021883297492474	33
4647	0.0291571779441737	33
4648	-0.0801924803933172	33
4649	0.009175322771479	33
4650	-0.206316537018192	33
4651	0.2592696028597302	33
4652	0.2733184107429822	33
4653	0.188242200882371	33
4654	0.0206689498935293	33
4655	-0.0377461855211594	33
4656	-0.1268536493685255	33
4657	-0.1917507181271355	33
4658	0.2931957608686359	33
4659	-0.245779598419286	33
4660	0.1864282947452209	33
4661	-0.1323818428689734	33
4662	0.2100701719924306	33
4663	0.0034680938487399	33
4664	0.1896646071226974	33
4665	-0.0065119832109615	33
4666	0.1649925163627137	33
4667	0.0071214396011791	33
4668	0.0025697490111866	33
4669	0.0616438670077964	33
4670	0.1634743466625262	33
4671	0.1609201246443441	33
4672	0.1876420525280059	33
4673	0.0231913884206211	33
4674	0.0124593224250125	33
4675	0.0515817406168315	33
4676	0.2363960516487495	33
4677	0.4253280950356931	33
4678	-0.0642884835469284	33
4679	-0.1091849635193724	33
4680	0.1637870482101254	33
4681	0.1813309114734726	33
4682	-0.1213804218761877	33
4683	0.272080582557307	33
4684	0.0082222927621802	33
4685	-0.118393752560655	33
4686	0.2362688565153941	33
4687	-0.0123501614295609	33
4688	0.1613242094199333	33
4689	0.2075238867248604	33
4690	0.2929111937593632	33
4691	0.3056652827092796	33
4692	0.215268457551619	33
4693	0.2862950332782802	33
4694	0.1400897247965939	33
4695	0.343233470133321	33
4696	-0.1354421288020603	33
4697	0.303090721469854	33
4698	-0.1178165064451142	33
4699	-0.0900390875280366	33
4700	0.0157472199440344	33
4701	-0.0671332166663101	33
4702	0.1354529936659521	33
4703	-0.0965522537510694	33
4704	-0.1895155059289374	33
4705	0.0387408554439109	33
4706	0.1428261799841416	33
4707	-0.1365292890857327	33
4708	0.1646083536579375	33
4709	0.0386492907993525	33
4710	0.0110549521960477	33
4711	0.1456784107486853	33
4712	0.0818258016244083	33
4713	0.05528063356814	33
4714	0.0405467872226059	33
4715	0.000547785376437	33
4716	0.133099098179753	33
4717	0.3290566823087082	33
4718	0.1775678686754146	33
4719	-0.3779168636747975	33
4720	0.0463429567821097	33
4721	0.0155785494857509	33
4722	-0.0554803341109293	33
4723	0.0153326793498048	33
4724	-0.1186068762672083	33
4725	0.2871506997723789	33
4726	-0.0431837968011883	33
4727	0.3134889264830515	33
4728	0.2172407307151849	33
4729	-0.0833631517427453	33
4730	0.1438959092153394	33
4731	0.166476498989527	33
4732	0.0120729181557658	33
4733	0.0381245205829196	33
4734	-0.046028329669258	33
4735	0.1326901953746705	33
4736	-0.0095393489592374	33
4737	0.2113807503159563	33
4738	0.2129351271489399	33
4739	0.0602254714986005	33
4740	0.1278400749866754	33
4741	0.2496489161765355	33
4742	0.1150244161434095	33
4743	0.0894895301438834	33
4744	0.037242264123653	33
4745	0.3121884822110974	33
4746	-0.0827789530867157	33
4747	0.2882592219949744	33
4748	0.3700464987184534	33
4749	0.2515632489916917	33
4750	0.2042538217532656	33
4751	-0.0500806866611201	33
4752	0.1623054120620279	33
4753	0.0734321117794617	33
4754	0.0620236503680592	33
4755	-0.0764656497175812	33
4756	-0.0009490142472252	33
4757	0.0872851499405066	33
4758	0.2413976735532045	33
4759	-0.0698423479453625	33
4760	0.2710713862033144	33
4761	-0.1144119752896399	33
4762	-0.0244534259529526	33
4763	0.3140716711161025	33
4764	0.1115418537066015	33
4765	-0.3464752139008576	33
4766	0.1716743064650837	33
4767	-0.2417652194148284	33
4768	0.30850266640598	33
4769	0.0416656862828353	33
4770	0.1461439644218865	33
4771	0.2082431125811792	33
4772	0.1996991812289494	33
4773	0.130804007428733	33
4774	-0.2099836292345773	33
4775	0.0108984055022919	33
4776	0.2837893196474908	33
4777	0.2434414934397074	33
4778	-0.204594002782651	33
4779	0.0644353734160527	33
4780	0.1485918351878129	33
4781	0.2330955835212443	33
4782	0.0713952686192491	33
4783	0.1698093287345248	33
4784	0.3459128941139022	33
4785	-0.047340482737274	33
4786	-0.1684724001724066	33
4787	0.2099948541717167	33
4788	-0.2081361169179571	33
4789	-0.1026197212680927	33
4790	-0.1031978232976156	33
4791	-0.1036603678227288	33
4792	0.4005195290863809	33
4793	0.0569705756558867	33
4794	0.3049684125005322	33
4795	0.0365141092297481	33
4796	0.0611082491411872	33
4797	-0.0242607014980848	33
4798	0.2092249696761443	33
4799	0.2814953230833008	33
4800	-0.2435329115141668	33
4801	-0.0237948071468247	33
4802	-0.1117753272628231	33
4803	0.0057946643263247	33
4804	0.2369030612220434	33
4805	0.0244683913324686	33
4806	0.0544310491476982	33
4807	-0.0613830171732608	33
4808	-0.2491015984260304	33
4809	0.2267077349464731	33
4810	-0.1409241711028176	33
4811	0.2247947065583407	33
4812	0.2139077651884312	33
4813	0.1775378739387307	33
4814	0.0511082154362711	33
4815	0.1163272340461635	33
4816	0.1829702608395013	33
4817	0.1825706499807827	33
4818	0.2328258692921882	33
4819	0.0429802177678183	33
4820	-0.1204742855230707	33
4821	0.03125538160294	33
4822	0.2419741332734965	33
4823	0.2470145008654417	33
4824	0.2250083313357044	33
4825	0.2392891793877163	33
4826	0.1108242220830948	33
4827	0.0710226182400813	33
4828	0.2371757820896765	33
4829	0.0283307901910233	33
4830	0.1610594744915144	33
4831	0.0605706961997423	33
4832	0.0761827300376924	33
4833	0.1342232941323738	33
4834	-0.142024348227716	33
4835	0.0151416587768167	33
4836	0.1494919980456473	33
4837	0.0794640141004689	33
4838	-0.0534320854075878	33
4839	0.2304323068022929	33
4840	-0.015552710925314	33
4841	0.0966089001802199	33
4842	0.2711773948698943	33
4843	-0.1079177200562762	33
4844	-0.1508916158979892	33
4845	0.1485786375053438	33
4846	0.3380211774164638	33
4847	-0.0271057776991516	33
4848	-0.0656468786805871	33
4849	-0.0858929755281391	33
4850	0.0051234150515688	33
4851	0.0469476238306151	33
4852	0.0270513469303045	33
4853	-0.1882248593359127	33
4854	0.0194345009274966	33
4855	0.0091987278697803	33
4856	-9.2116450431343e-05	33
4857	-0.04880748649236	33
4858	0.0083444761260932	33
4859	0.0259515606429997	33
4860	-0.1555229329581176	33
4861	0.0950797870535469	33
4862	0.2460162342545656	33
4863	0.2975118660992623	33
4864	0.1780307201631086	33
4865	0.0573831762395171	33
4866	0.3470656211222435	33
4867	0.0865728183841789	33
4868	-0.1564765487282618	33
4869	0.3649753188904404	33
4870	-0.2107239833426712	33
4871	0.0846961170995512	33
4872	0.19429126804788	33
4873	-0.0520056485447474	33
4874	-0.1393286958679608	33
4875	0.038848719770219	33
4876	0.0761911375912958	33
4877	0.1099220589423033	33
4878	0.1119711371772919	33
4879	-0.2697508221315369	33
4880	-0.3423091273449901	33
4881	0.1389983894939143	33
4882	0.0640152263417812	33
4883	0.3031879281920927	33
4884	-0.2091091396436175	33
4885	0.2585492291525378	33
4886	0.0136071337599806	33
4887	-0.2014569419988909	33
4888	0.1230012064916217	33
4889	0.2925935141163511	33
4890	-0.100582949833411	33
4891	0.163316641095686	33
4892	0.3946726406809611	33
4893	-0.0999148027813765	33
4894	-0.2823918369277169	33
4895	-0.306844337287356	33
4896	0.2894439412725289	33
4897	-0.2295201164024962	33
4898	-0.0781556717638808	33
4899	0.212286497774239	33
4900	0.4300203681920079	33
4901	0.1188770742614308	33
4902	0.14966460713818	33
4903	0.151167942027885	33
4904	-0.2711663930047004	33
4905	0.3980743057697527	33
4906	0.1365329403928283	33
4907	0.2436138308535498	33
4908	0.2486423449656494	33
4909	-0.1381822884908808	33
4910	-0.0109744496995467	33
4911	-0.0235139789489555	33
4912	-0.0552755740667925	33
4913	-0.0655975028772017	33
4914	0.3098408069300851	33
4915	0.3673051133486879	33
4916	-0.0488164374744225	33
4917	-0.3176465668957687	33
4918	-0.1752649631094067	33
4919	0.2811892298171887	33
4920	0.093240835114509	33
4921	0.0793430451165237	33
4922	-0.1027201676073579	33
4923	0.0699211173275428	33
4924	0.168779374653453	33
4925	0.5565448959443494	33
4926	0.1396599389844937	33
4927	-0.1111351393708508	33
4928	-0.0878631538691238	33
4929	-0.0112578808254037	33
4930	-0.1088254205686216	33
4931	0.2809943202255577	33
4932	0.1694323752963072	33
4933	-0.0120003338273553	33
4934	-0.0745399170994747	33
4935	0.6310721213356202	33
4936	0.1279926918344108	33
4937	0.2095213265843984	33
4938	0.1272379449003226	33
4939	0.4076585494370729	33
4940	0.1510596306431806	33
4941	0.2311484158735127	33
4942	0.1354659051046386	33
4943	0.1096346717239817	33
4944	0.3192404790747916	33
4945	-0.0294467175930587	33
4946	0.030714550842567	33
4947	-0.0497957077787913	33
4948	0.2612551542826944	33
4949	-0.2797123067136748	33
4950	-0.1847219530151085	33
4951	0.021697363176915	33
4952	-0.07353040444928	33
4953	0.1457049205067185	33
4954	0.0610655782577607	33
4955	-0.1503919670416763	33
4956	0.3130828248654591	33
4957	0.102435284025479	33
4958	-0.2980745714104368	33
4959	0.3040614618742597	33
4960	0.3536283408513693	33
4961	0.1556832880161041	33
4962	-0.1777786540669148	33
4963	-0.0346814079481557	33
4964	0.1152394135526612	33
4965	0.0305801058499377	33
4966	0.0204682373121982	33
4967	0.2308132179779146	33
4968	0.0501184152978202	33
4969	0.0547513896362993	33
4970	0.0170553128391353	33
4971	0.261647995560968	33
4972	0.3472182516859338	33
4973	0.3314729356709215	33
4974	0.3199971643486233	33
4975	0.0675297260913982	33
4976	0.1668615733468972	33
4977	0.0933616037072767	33
4978	-0.2485625018112476	33
4979	0.1300019589831131	33
4980	0.0762272327981158	33
4981	0.0797530624904529	33
4982	-0.1985644013872882	33
4983	0.0804166730247063	33
4984	0.035690686451417	33
4985	0.380467934126698	33
4986	0.0604639947393122	33
4987	0.0937760127777273	33
4988	-0.1933776458134562	33
4989	0.3323116836980272	33
4990	-0.1112041531644432	33
4991	0.0809872016197709	33
4992	-0.1426245684168319	33
4993	0.1062884460269332	33
4994	-0.1239715554524032	33
4995	0.2988231294283315	33
4996	-0.084691255527754	33
4997	0.0597717170145427	33
4998	0.1689848393637787	33
4999	-0.1401190781412452	33
5000	-0.0379613892620994	33
