iteration	shuffle_r_with_success	n_subjects
1	-0.3222646880402507	33
2	-0.0395909445487816	33
3	0.2901428835003393	33
4	0.0899571573611813	33
5	-0.0706388472159055	33
6	-0.2344420884005869	33
7	-0.0649869213387157	33
8	-0.0753821618728575	33
9	-0.0944758083448272	33
10	-0.1067153249676049	33
11	0.0218856125887551	33
12	0.5130612309188145	33
13	0.0145099052894245	33
14	-0.0652615354657935	33
15	0.075810378526839	33
16	-0.1817208116047217	33
17	0.1296082509700101	33
18	0.0077656182670953	33
19	0.046287177517326	33
20	0.1687012802445462	33
21	-0.0514578772905418	33
22	0.1493263777664494	33
23	0.1182035617148705	33
24	0.0729603368742113	33
25	-0.174338979169217	33
26	-0.1370992754572716	33
27	-0.0381066480010544	33
28	0.251763037877093	33
29	0.0983814358370483	33
30	0.0078304061760289	33
31	0.2977581338757528	33
32	-0.0370374667115539	33
33	0.0329379567668964	33
34	-0.1542285896237796	33
35	0.1342437960547914	33
36	0.0970538177066018	33
37	-0.0577396480369182	33
38	-0.0625725831942119	33
39	-0.048525143200719	33
40	-0.1875645328195793	33
41	-0.1758270398067586	33
42	-0.0765776854925157	33
43	-0.1874476144618103	33
44	-0.0830308290271377	33
45	-0.2253040754416067	33
46	-0.2140543204321681	33
47	-0.0265384372836635	33
48	-0.2129638347627304	33
49	-0.1901570357057022	33
50	-0.2425837759557859	33
51	0.1489098812174283	33
52	-0.3230761516213408	33
53	0.0897570650090704	33
54	0.3156783402539166	33
55	-0.1591805307910578	33
56	-0.2025448475028223	33
57	0.1420039967885604	33
58	0.1010375235239442	33
59	0.2257040589189979	33
60	-0.2851671710159481	33
61	0.0191560481982007	33
62	-0.3525027130149943	33
63	-0.0302898835226124	33
64	-0.0354816642053817	33
65	0.1480787637919275	33
66	-0.2657564640586843	33
67	-0.1582707873616979	33
68	-0.0402048621703857	33
69	0.0568170404027787	33
70	-0.0428905300558901	33
71	-0.1046488114850087	33
72	0.0773092982981499	33
73	0.0089651160783907	33
74	-0.1155189715717854	33
75	-0.1987211085164474	33
76	0.080096835095077	33
77	0.0873741036037454	33
78	-0.1659816663375805	33
79	-0.0284408623910467	33
80	0.1335619923466201	33
81	0.2796045053060219	33
82	0.2028556018550043	33
83	0.1735700733512768	33
84	-0.2302811352326834	33
85	0.0768847707281188	33
86	0.0029963084651038	33
87	0.1617523254804145	33
88	0.154008974842067	33
89	0.050503825235886	33
90	-0.2819277456250501	33
91	-0.2359317698656917	33
92	-0.1635104275402093	33
93	0.3069269232793798	33
94	-0.1932818632701992	33
95	-0.0272100706186145	33
96	0.0910486695774542	33
97	0.2428195714773063	33
98	-0.2361411235308526	33
99	0.0497645397394391	33
100	-0.2997867267692566	33
101	-0.0563612615081672	33
102	0.2119348741846896	33
103	0.2307521225268685	33
104	-0.0095303823162859	33
105	-0.2990742218353235	33
106	-0.2320790454860866	33
107	-0.1157137679401968	33
108	-0.0329423679351975	33
109	0.0748711832907662	33
110	-0.2218433260365045	33
111	-0.2029773455727277	33
112	0.2537166611202225	33
113	-0.0896347454730679	33
114	0.1165809660340828	33
115	0.1274382532504996	33
116	0.2315392607375791	33
117	0.0072905136273847	33
118	-0.4202375503223869	33
119	-0.2292708609874102	33
120	0.2742308587977069	33
121	0.273301327890059	33
122	0.2411317103980297	33
123	-0.3107279505791149	33
124	-0.1470417964681488	33
125	-0.0782771751490274	33
126	-0.5949320700153423	33
127	0.0189087767446533	33
128	-0.1871078053617599	33
129	-0.0999679378166853	33
130	-0.0468151692256823	33
131	0.1570891422977228	33
132	-0.087711585530829	33
133	0.2073074819647456	33
134	0.1712675656873435	33
135	-0.1542418127555073	33
136	-0.1340743804046022	33
137	0.3314077508841953	33
138	-0.2638867797103244	33
139	0.0211181479436382	33
140	0.1167280265768308	33
141	-0.3108545226075045	33
142	-0.2907055681199848	33
143	0.1263540876989169	33
144	0.1979050108633216	33
145	-0.0086840688723719	33
146	0.0811717070647988	33
147	0.1208283905019462	33
148	-0.3367421837736269	33
149	-0.0234500511385288	33
150	-0.0098404034916553	33
151	0.0507808522930129	33
152	0.0351990322090761	33
153	-0.1095171528612086	33
154	-0.070592046704915	33
155	0.0181249445726759	33
156	-0.0344306134909731	33
157	0.0992653708331555	33
158	-0.1110930826734343	33
159	0.1736747214026276	33
160	0.0636784805897374	33
161	0.3201917530261247	33
162	-0.344564107680908	33
163	0.1047070536599135	33
164	-0.3325837132185977	33
165	0.0977200867886794	33
166	0.0003719960953313	33
167	0.2754607050802206	33
168	-0.0549282009137615	33
169	-0.2296172636454066	33
170	-0.1541504810859933	33
171	0.1357879129144341	33
172	0.0334068820987358	33
173	-0.0667239468358722	33
174	-0.1539215916043906	33
175	0.1642945890512104	33
176	-0.0204194641133314	33
177	0.1086595506696437	33
178	0.190952688568605	33
179	-0.2085841668660496	33
180	-0.2462773647126392	33
181	-0.0057091658637937	33
182	0.0940832400871655	33
183	-0.1645129816392276	33
184	0.2275928816545191	33
185	0.1694502960685798	33
186	0.0363700741775874	33
187	0.2245914138674458	33
188	-0.2193958997158216	33
189	-0.2424333019929514	33
190	0.251416467584168	33
191	0.1603613400910734	33
192	-0.3197493550434914	33
193	0.0321695991261673	33
194	0.1838499507161945	33
195	0.2168639269634356	33
196	-0.0384179691486046	33
197	-0.0098382496183974	33
198	0.147797650343244	33
199	-0.0390786067079407	33
200	0.2375905049787023	33
201	0.1711146137912388	33
202	0.2229107437708645	33
203	0.0469607111393027	33
204	0.1943618320713141	33
205	0.0471571888841311	33
206	0.1902678462773312	33
207	0.0112105927621648	33
208	0.0706435228917982	33
209	-0.2752572042886467	33
210	0.1768055121361618	33
211	-0.0736380243893077	33
212	-0.1042225756810038	33
213	0.1180833019410591	33
214	-0.1015109302130943	33
215	0.2342466609696639	33
216	-0.2449295335547546	33
217	-0.0745162747427103	33
218	-0.1721179416081167	33
219	0.0242027306961859	33
220	0.0998855089147723	33
221	0.3499709498220428	33
222	-0.1295321395058396	33
223	0.1234477891730963	33
224	-0.1246242475939191	33
225	0.0735946299452173	33
226	-0.1724419162628889	33
227	-0.1891527308899026	33
228	0.0865720924925021	33
229	0.2239743158303528	33
230	0.1652091589116505	33
231	-0.2082344076180369	33
232	-0.0943560587988459	33
233	-0.4901304614221036	33
234	0.0272504297373073	33
235	-0.4549617018955053	33
236	0.2526399984003214	33
237	-0.0864418748452493	33
238	0.1360076664858633	33
239	0.1577922786906084	33
240	0.115480860125411	33
241	-0.0668816920714557	33
242	-0.0488246574371096	33
243	-0.0520506182315142	33
244	-0.2479602822609716	33
245	-0.0928793085542344	33
246	-0.1807125167438902	33
247	-0.0926066359905882	33
248	-0.1238061841417277	33
249	-0.3220291435547851	33
250	-0.0103943107979924	33
251	-0.2890192022142128	33
252	0.264543427330136	33
253	-0.0221410137831569	33
254	0.1854139383286619	33
255	0.1084488528329736	33
256	0.1783680879834834	33
257	-0.0408289314803407	33
258	-0.0166050851295096	33
259	-0.1623109495371276	33
260	0.0555451404672655	33
261	0.2603622060122044	33
262	0.2844255586537387	33
263	0.0245038538122768	33
264	-0.0514080716335577	33
265	-0.1265609680459779	33
266	0.0631497528740072	33
267	-0.1419390406369989	33
268	0.0668365655314249	33
269	-0.0517459232612224	33
270	-0.2440079659802627	33
271	0.2069982210988387	33
272	-0.1157374477551469	33
273	0.0833314274950177	33
274	0.1333266713350045	33
275	-0.3487914717501884	33
276	-0.207362774908609	33
277	0.0793818006497131	33
278	-0.0679401345895325	33
279	0.1300755682298614	33
280	-0.1771164425321419	33
281	0.0644079308074372	33
282	0.1704468636385068	33
283	0.0834672187502091	33
284	-0.1055625573155304	33
285	0.064441308351579	33
286	-0.0433582837691204	33
287	-0.0361402346718737	33
288	0.0818893673630644	33
289	-0.1703783657410407	33
290	-0.4440392379410599	33
291	-0.0726286681127425	33
292	-0.0149455795112695	33
293	0.3843727270206924	33
294	-0.3851215883273282	33
295	-0.0203986201112266	33
296	0.1282093832298005	33
297	-0.1105727077386506	33
298	0.0652294263653749	33
299	-0.2915808701883533	33
300	0.1125520043721501	33
301	0.1543965903957544	33
302	0.2155918863032647	33
303	-0.0404269726517534	33
304	-0.1184024795298748	33
305	-0.3254936380629653	33
306	-0.1209711731342237	33
307	0.2146338365008903	33
308	-0.1395559320703454	33
309	0.1392657074538377	33
310	-0.1863743039249999	33
311	-0.3214484780978243	33
312	0.1812466917446641	33
313	-0.4496433351486485	33
314	0.146118057691219	33
315	-0.3120623756719455	33
316	0.257901870217611	33
317	0.0993855963588849	33
318	-0.3200385734234787	33
319	0.0138431022119603	33
320	0.1433145971741607	33
321	-0.2356985418510968	33
322	-0.1610411395611106	33
323	-0.1151059972005238	33
324	-0.4092227975188624	33
325	-0.0889441602737995	33
326	0.2012466129009669	33
327	0.2136963141221994	33
328	-0.1900271949425463	33
329	-0.0614149776169976	33
330	-0.0628183413652113	33
331	0.0344938560764036	33
332	-0.0796559080442918	33
333	0.3048357051228992	33
334	-0.1222336360266655	33
335	0.1175892242434073	33
336	-0.0258272115764322	33
337	-0.1352754334744296	33
338	-0.125725396071997	33
339	-0.1508300853677924	33
340	0.0281307868311623	33
341	-0.1885156763999229	33
342	-0.329315317016882	33
343	0.3572562895751019	33
344	-0.0010824409598885	33
345	-0.1530379307042688	33
346	0.022999600573193	33
347	-0.2803812767561505	33
348	0.3821633865084665	33
349	-0.1869516122701612	33
350	-0.0522649631810095	33
351	-0.0075975324923043	33
352	-0.0691029585574386	33
353	0.0194435180320096	33
354	0.0182451804758535	33
355	-0.0533537396439815	33
356	-0.481782165995661	33
357	0.0664481648209613	33
358	0.0593916666825754	33
359	0.1048545467831836	33
360	0.2105923291711053	33
361	-0.1060413722069721	33
362	-0.3571933793385212	33
363	-0.2912911372263513	33
364	0.1031031298310656	33
365	0.3786360955807316	33
366	0.1073436174664953	33
367	-0.2263280034647324	33
368	0.2004264730949052	33
369	0.0374049582779959	33
370	0.1528734859191509	33
371	-0.0424177422146395	33
372	0.3589922023790269	33
373	0.268739535216793	33
374	0.2585728888027004	33
375	-0.1731995905098862	33
376	-0.0193552584061925	33
377	0.1621163059251741	33
378	-0.1606881046255396	33
379	-0.2628853079642226	33
380	-0.0955692448026868	33
381	-0.1875720371295638	33
382	-0.0428623078737589	33
383	-0.1814088329686991	33
384	-0.1039411157932521	33
385	0.1882795106825956	33
386	0.1540263269552342	33
387	-0.3649578037622034	33
388	-0.1048232350960791	33
389	-0.2022225657646646	33
390	-0.1644035022219767	33
391	-0.3875931180502451	33
392	0.0767898357515126	33
393	0.0345971809758738	33
394	0.002033351312283	33
395	0.3098810882952736	33
396	-0.2115172714556037	33
397	0.045733686099878	33
398	-0.0722349052868148	33
399	-0.190692747334427	33
400	0.1101606796899899	33
401	0.0723428533952841	33
402	0.319984560074769	33
403	0.213202835533643	33
404	0.0547785486546722	33
405	-0.1404889349645412	33
406	0.0861838148952877	33
407	-0.0546449490746635	33
408	0.0347213614907282	33
409	-0.0349491570390946	33
410	0.1300907059036398	33
411	0.0214868897286619	33
412	-0.1802202975049907	33
413	0.1396759892277554	33
414	-0.1143179116545346	33
415	0.0992551909882086	33
416	-0.2060257548429857	33
417	0.3407402005597109	33
418	0.0881381132384466	33
419	-0.1298670381801629	33
420	0.2759559104522227	33
421	-0.0482381451965206	33
422	0.0387452899072597	33
423	-0.2632730478469913	33
424	-0.1102520945468796	33
425	0.2205998259932688	33
426	-0.0441309677097467	33
427	-0.229663550041287	33
428	0.2398028946790234	33
429	0.0087432787877779	33
430	-0.2678716030976082	33
431	0.0176368851630308	33
432	0.1258337888474939	33
433	-0.036409900599332	33
434	-0.0915411098835495	33
435	-0.1708227982732455	33
436	-0.0913454205143632	33
437	-0.2501083160566803	33
438	0.0541086046445631	33
439	-0.0778463750939537	33
440	-0.1366233733513487	33
441	-0.2931279625547902	33
442	-0.219545210116256	33
443	0.1637665559440057	33
444	0.0164831251557551	33
445	-0.0637349818080948	33
446	0.0914951616523332	33
447	-0.2130596080046575	33
448	-0.1636975500793995	33
449	0.052533413787152	33
450	-0.2018022737086227	33
451	0.1473783649265601	33
452	0.034314284759123	33
453	-0.065787270616695	33
454	0.0910131355563876	33
455	0.1899158158626829	33
456	0.0341357606932917	33
457	0.0396426818787071	33
458	0.2988045275314597	33
459	0.286355522893049	33
460	-0.2015945535034398	33
461	-0.13386624857094	33
462	-0.1046785815807877	33
463	0.0240746257620444	33
464	0.0554534445370371	33
465	-0.1023384457857508	33
466	-0.2090049147369205	33
467	-0.0629269776435464	33
468	-0.2746927621178605	33
469	0.052673780464342	33
470	0.2587606462362202	33
471	-0.1037510617434809	33
472	0.0799930329561056	33
473	0.18755839142359	33
474	0.0107987751700082	33
475	-0.1687666080018811	33
476	-0.083934466905417	33
477	0.0838825056247078	33
478	-0.1185458834531105	33
479	-0.0497783559388506	33
480	-0.1801115709145362	33
481	-0.0687552217813934	33
482	0.321290755595666	33
483	-0.087485866111483	33
484	0.1832123202052211	33
485	-0.2192447205776647	33
486	-0.0175052063066823	33
487	-0.1386393566057515	33
488	0.3521977219565769	33
489	0.0842607058052152	33
490	0.0405191526564867	33
491	0.2638233650265177	33
492	0.0457511166536947	33
493	0.119495796959424	33
494	-0.0382095771621155	33
495	-0.0599081140329409	33
496	-0.04985530731999	33
497	0.2394697802880913	33
498	-0.1685992427336304	33
499	0.0012324230529621	33
500	-0.2750536269457155	33
501	-0.0573676638897809	33
502	0.3639770372054157	33
503	-0.1447389456856807	33
504	0.1175311765824259	33
505	-0.0012704876218939	33
506	0.3166475163219615	33
507	-0.0660181600461149	33
508	0.0394202118015648	33
509	0.1658811549202733	33
510	0.024278968024477	33
511	0.2889991523902628	33
512	0.0185027717363911	33
513	0.1849448161533826	33
514	-0.1445514728140474	33
515	-0.1286441848297449	33
516	0.0021200393458127	33
517	0.1330927672798885	33
518	-0.2841079383272434	33
519	0.2860452991690153	33
520	-0.0175849382043603	33
521	-0.225899584573867	33
522	0.0225192657340019	33
523	0.0276045178695916	33
524	0.0267384505560583	33
525	0.1218933540683165	33
526	0.1759530864294504	33
527	-0.0436361226267766	33
528	0.215440158514078	33
529	0.291058745578922	33
530	-0.3650042233724418	33
531	0.0217743555229435	33
532	0.1141588580843372	33
533	0.1282350675831102	33
534	-0.0188130223165286	33
535	-0.1413685933926174	33
536	0.01123357194481	33
537	-0.2010399161680165	33
538	-0.1484694135560571	33
539	0.2050990678509337	33
540	0.0232854324801627	33
541	-0.0766268587036264	33
542	0.1189309737501587	33
543	-0.3174893955465368	33
544	-0.0652164469148042	33
545	-0.0406105348576808	33
546	0.0653977269276775	33
547	0.1438134904624133	33
548	-0.1437812219658885	33
549	-0.0965352085569005	33
550	-0.221298252037529	33
551	0.1144186844748653	33
552	-0.2210382462635808	33
553	-0.0269810475841737	33
554	0.1804470159669625	33
555	-0.1523170429375266	33
556	-0.1366438027300421	33
557	0.0675941854997365	33
558	-0.2110253431663559	33
559	0.0949761754817814	33
560	-0.2809020984471901	33
561	-0.0527126936626685	33
562	0.2870743239423844	33
563	-0.4883391230939085	33
564	-0.1617775564881217	33
565	-0.0676483346590641	33
566	0.040464552145718	33
567	-0.2334860087161426	33
568	-0.1289787365504501	33
569	-0.1621958566649934	33
570	-0.0921181695748406	33
571	-0.2780499204661758	33
572	-0.0003047549874465	33
573	-0.0730343471289998	33
574	-0.0553854140157086	33
575	-0.240859656083534	33
576	0.0920653983169286	33
577	-0.1976817129130437	33
578	-0.3880094547118895	33
579	-0.0343438521292788	33
580	0.108145342852516	33
581	0.1422639751616846	33
582	0.1075197277435838	33
583	0.0949912478025798	33
584	-0.0235842860529321	33
585	-0.0891128898570722	33
586	0.1039051991403322	33
587	-0.0124273304373718	33
588	0.2233102948543401	33
589	-0.4547593625782768	33
590	-0.005151175754088	33
591	-0.4092393371281289	33
592	-0.0533059114053543	33
593	-0.0571532249300898	33
594	-0.1545699378587197	33
595	0.0307052926317338	33
596	0.0025559533643779	33
597	-0.2799435010355057	33
598	-0.2164063267220092	33
599	-0.0483665671331199	33
600	-0.0688414158123678	33
601	-0.1381449316825544	33
602	-0.3233440489069525	33
603	-0.0675943422218507	33
604	0.3467117709239382	33
605	-0.0481137538619358	33
606	-0.0855539238410235	33
607	-0.0342208352839642	33
608	-0.2380762381477021	33
609	-0.1680495657669801	33
610	0.0848732614357325	33
611	-0.1352268227736294	33
612	-0.1512389819562675	33
613	-0.096624285452226	33
614	0.1440905167426109	33
615	0.3612473330590925	33
616	-0.1016029015453528	33
617	0.130861779851108	33
618	-0.1942783599512142	33
619	-0.0296050919956854	33
620	-0.0133423750560395	33
621	0.2505898986515838	33
622	0.0901983128919953	33
623	-0.1334922392914387	33
624	0.0390795652317985	33
625	0.2597281148291554	33
626	-0.1992803402755334	33
627	-0.0493104593575738	33
628	0.2166470625490226	33
629	-0.1833136724202099	33
630	0.3518138058777344	33
631	-0.2381757182649807	33
632	0.2309993601994558	33
633	-0.1655823164968299	33
634	-0.1963987718355113	33
635	-0.0382814313810826	33
636	0.0364572836953903	33
637	-0.3984427323739212	33
638	0.159647900451948	33
639	-0.2504721006927508	33
640	0.1484533205626678	33
641	-0.3397346271127682	33
642	-0.224748352487326	33
643	0.0737108237673532	33
644	-0.1283855113912335	33
645	0.2625420988296801	33
646	-0.4708799998815165	33
647	-0.2817936184302259	33
648	-0.1378989222415604	33
649	-0.1260519744321415	33
650	-0.1673577169664888	33
651	-0.1429694692446819	33
652	-0.3398794487865849	33
653	0.1613958728755525	33
654	0.0536502753151333	33
655	0.1268386771140548	33
656	0.0702529082880281	33
657	-0.0433495604505321	33
658	-0.0175336837401906	33
659	-0.3012242745231681	33
660	-0.0379789839194412	33
661	0.0512981365410884	33
662	0.4368384157221465	33
663	-0.022510114243387	33
664	0.2367227102598189	33
665	0.3317099703680963	33
666	0.0049517286320134	33
667	0.2040871271736116	33
668	-0.2038502839970373	33
669	0.2298794438429843	33
670	-0.0041108734407966	33
671	0.0621937182234218	33
672	-0.2922614080885742	33
673	-0.2120475193907747	33
674	0.0326954400845458	33
675	0.1457850903139947	33
676	-0.4916311970380422	33
677	-0.075121136285941	33
678	-0.1921663117792739	33
679	0.0262423971955658	33
680	-0.2236114703478618	33
681	0.1748143952003445	33
682	0.1535207900246576	33
683	0.3146810163431517	33
684	0.1303461967361328	33
685	-0.0365617989478467	33
686	0.0291735337403699	33
687	0.2841344122679224	33
688	-0.1039872887403951	33
689	-0.2350658038586708	33
690	-0.0963270044467897	33
691	0.0634397270548278	33
692	-0.0134921830468543	33
693	-0.2397731736047059	33
694	-0.1768601014029495	33
695	-0.1229020166455888	33
696	0.2184623629063385	33
697	-0.0927323485074541	33
698	-0.1326131523779717	33
699	0.0905122517887484	33
700	0.0132769642546293	33
701	0.1469728173844556	33
702	-0.136519200822168	33
703	-0.0605363525087245	33
704	-0.0283372254320691	33
705	-0.0603065776710733	33
706	0.041988915505922	33
707	0.0495927777140072	33
708	0.2044788548177359	33
709	-0.0435725637695472	33
710	-0.1500462025234352	33
711	0.2084175014589439	33
712	0.0084287277504367	33
713	0.2371066106089759	33
714	-0.0343749804435143	33
715	0.2909498568368333	33
716	0.0186495589876231	33
717	0.1231032579473497	33
718	-0.0401481585787932	33
719	0.1361336114832978	33
720	0.0938630308947572	33
721	-0.1038503676308025	33
722	0.3208843223973954	33
723	0.1035120594425021	33
724	-0.1914490852132066	33
725	-0.1651499256908749	33
726	0.0989337478816588	33
727	0.2045880717950807	33
728	-0.3790718041348039	33
729	0.0364212583560267	33
730	0.1473608646654692	33
731	-0.1497660050826872	33
732	-0.4068160609728698	33
733	-0.3305143827293889	33
734	0.0199964496938706	33
735	0.3597619060518273	33
736	0.0145672841096701	33
737	0.0310858283614458	33
738	-0.3122960445962589	33
739	-0.3162443326121859	33
740	-0.1579607266632922	33
741	-0.037535133849512	33
742	0.0668498568595218	33
743	0.0225507208550194	33
744	-0.0060697717724583	33
745	-0.0900852845256087	33
746	-0.26885987674169	33
747	-0.141798557098607	33
748	0.1747168081540686	33
749	-0.1154198273431504	33
750	-0.0697221174626061	33
751	0.2623524485666128	33
752	0.5665778887722848	33
753	0.0642429373307495	33
754	0.1797556805329183	33
755	-0.03329685610909	33
756	-0.1039037969252752	33
757	0.2969775922102889	33
758	-0.0383239318938491	33
759	0.0831591532993978	33
760	-0.3160980369872203	33
761	0.2026564236926912	33
762	0.1715286183996052	33
763	-0.062854539815765	33
764	-0.1360763064275998	33
765	0.0161617874213096	33
766	-0.126440941612376	33
767	-0.035988244572567	33
768	-0.3825795384305335	33
769	-0.1414431872045967	33
770	0.0703712790659296	33
771	-0.3027078435465658	33
772	0.0582028616794306	33
773	0.1409889268029739	33
774	-0.2164809997218039	33
775	-0.0819997245771906	33
776	0.1098675883172237	33
777	0.1182621969137108	33
778	0.0578119837359627	33
779	-0.1114220787046812	33
780	-0.159930018033198	33
781	0.2783477384175791	33
782	-0.037407984111858	33
783	-0.0421331185261	33
784	0.0648000868543977	33
785	0.1046176683125978	33
786	0.1677943083096392	33
787	-0.2000949263909539	33
788	-0.0494768016268066	33
789	-0.1062998047936783	33
790	-0.0527187991496551	33
791	-0.0364901472071299	33
792	0.0484609154523946	33
793	-0.2784471302867147	33
794	-0.155408153984554	33
795	-0.2441475691715244	33
796	0.0001173316030274	33
797	0.1504455502388406	33
798	0.3553874485486098	33
799	-0.1418802161982737	33
800	0.1062131520301407	33
801	0.0278433363510003	33
802	0.1793121421918323	33
803	0.4245184697661465	33
804	0.0483776953898797	33
805	0.0594683686601457	33
806	-0.0111319057847508	33
807	0.0773651715755968	33
808	0.2894867069318462	33
809	0.0416112336391816	33
810	0.2424523617335834	33
811	-0.2724713618796527	33
812	0.1890441307478868	33
813	-0.0979419578414727	33
814	-0.1307590190960107	33
815	-0.2047445533661378	33
816	-0.0244467166293287	33
817	0.3313053390384747	33
818	0.1487047140729525	33
819	-0.1813669551408297	33
820	0.1307562735889142	33
821	0.0289896201607081	33
822	-0.0247350761495429	33
823	-0.0462198031083265	33
824	0.0905340901714014	33
825	-0.1787617876256049	33
826	0.3132814007192845	33
827	0.2256862658144656	33
828	0.0029220691509999	33
829	0.13717048775498	33
830	-0.074649869823827	33
831	0.1216981642916616	33
832	0.0889207582388852	33
833	-0.3423574267355331	33
834	0.2014868985055219	33
835	-0.181355500150607	33
836	-0.2661049382824421	33
837	0.2253458548113293	33
838	-0.1284043678116646	33
839	0.1473672406246052	33
840	0.2314346246909222	33
841	-0.1035667011692894	33
842	-0.2360657279417558	33
843	0.052001497070989	33
844	-0.0409678473808087	33
845	-0.1113234081633004	33
846	-0.2714528661982213	33
847	0.0321481334636153	33
848	0.1242283790528775	33
849	-0.0607554756665111	33
850	0.0718806340480874	33
851	-0.1300741292532909	33
852	-0.1952659332778117	33
853	-0.2032208434126527	33
854	-0.266725147435174	33
855	0.2454864704983408	33
856	0.3492539362055138	33
857	0.1107013844624413	33
858	-0.0827483612378205	33
859	-0.0337346303032266	33
860	0.1720902385473486	33
861	0.0010500741409216	33
862	-0.1370778565075358	33
863	-0.0678663028355242	33
864	-0.1521238235804157	33
865	0.1971368726457831	33
866	0.067659217514992	33
867	0.2053007941504705	33
868	0.2323940028743596	33
869	0.044579303391293	33
870	0.2156099638750042	33
871	0.0269164857115804	33
872	-0.3381705222260647	33
873	0.0326489799177419	33
874	-0.1176574555944665	33
875	-0.0167830504206288	33
876	0.4045971688130996	33
877	-0.4185325636152364	33
878	-0.4968651416829267	33
879	0.0550757823449496	33
880	-0.1819657574894514	33
881	0.0960738322305212	33
882	0.0884207297231026	33
883	0.1489398899181044	33
884	-0.0292243425790654	33
885	0.0466151896192528	33
886	-0.1374426038448158	33
887	0.4033890776639687	33
888	0.0568786153737935	33
889	0.0480691961456757	33
890	-0.0832268870826376	33
891	0.2681990839142516	33
892	0.0960079907467215	33
893	0.1668503313769497	33
894	-5.139840597370021e-05	33
895	0.1133875886786231	33
896	0.2030996080171768	33
897	0.0639926951868265	33
898	-0.2539989441726452	33
899	0.0899181706441041	33
900	-0.2037661636534091	33
901	0.0207626418019704	33
902	-0.092692881561489	33
903	-0.0626019165725688	33
904	0.2387573674762356	33
905	0.0582924508775569	33
906	-0.0115293082295714	33
907	-0.018265005113696	33
908	0.1334173701379028	33
909	0.2874881933749152	33
910	-0.2131802545965387	33
911	-0.2970929986293147	33
912	0.2675838237105785	33
913	0.4214949134260289	33
914	-0.080867303827134	33
915	-0.0827589388324258	33
916	0.1852331529963487	33
917	0.1303439517551744	33
918	0.0930354003610984	33
919	0.1230974281523988	33
920	-0.1416962555983862	33
921	0.0734645306461291	33
922	0.1246387703100144	33
923	-0.0203056426851894	33
924	0.1061254246114443	33
925	0.0968972594938399	33
926	-0.2051649027665112	33
927	0.079808189569129	33
928	-0.0171023847858213	33
929	0.0997804900167094	33
930	-0.1038370689555953	33
931	-0.1425238980957513	33
932	0.1905706257636452	33
933	-0.0670520772693568	33
934	0.0122908608834616	33
935	0.1587495422843316	33
936	0.1215248238913184	33
937	-0.0627567962731632	33
938	-0.0442037929351289	33
939	0.2395445304045749	33
940	-0.1961029407916445	33
941	-0.0701723555694251	33
942	0.0045326271433643	33
943	-0.1496420656162087	33
944	-0.0654166152765824	33
945	-0.2767580072069793	33
946	-0.0053413981876841	33
947	-0.2276686806926626	33
948	0.0506367456060297	33
949	-0.0314556180158095	33
950	-0.1499325281523268	33
951	-0.1662846599957028	33
952	0.1952366870749916	33
953	0.0811727142567224	33
954	-0.1600098497415376	33
955	0.4487442426609451	33
956	-0.3409370841300103	33
957	0.0473768022440101	33
958	0.2104491884092313	33
959	-0.4439505570373841	33
960	0.1168124379784199	33
961	0.1206046984025168	33
962	-0.2351069252544999	33
963	0.0831280916559373	33
964	-0.3537966494888425	33
965	0.0488548411672998	33
966	-0.0823664327729578	33
967	0.1908520433197798	33
968	0.1246363695600613	33
969	-0.1228307523307889	33
970	-0.3947631986573277	33
971	-0.1406792976561721	33
972	-0.0939156390984483	33
973	-0.104850653449486	33
974	-0.1601977721651189	33
975	-0.2585952796943751	33
976	-0.1217558845115124	33
977	0.1039342857821882	33
978	-0.1022218556957464	33
979	0.1537200500632217	33
980	-0.0925146979086222	33
981	-0.2768886875228868	33
982	-0.2664127053760229	33
983	-0.1030946260096949	33
984	0.256158485153222	33
985	-0.0386052527685302	33
986	0.0531927210161925	33
987	0.1726820204583123	33
988	0.1450696354880882	33
989	0.2026987157684096	33
990	-0.2801855628734399	33
991	0.1651767657309217	33
992	-0.0856189771470266	33
993	-0.1178966295097613	33
994	-0.1999481787446138	33
995	0.1412843422514525	33
996	-0.1803116400857177	33
997	0.0374230492374495	33
998	0.0201246045439892	33
999	0.0850447978962546	33
1000	0.1494593826212243	33
1001	-0.2961960297698083	33
1002	0.0664341082361272	33
1003	-0.0101441930988334	33
1004	-0.0372854221651461	33
1005	-0.0681831152831154	33
1006	-0.1129152986603474	33
1007	-0.0488919563951127	33
1008	0.1150956591814907	33
1009	0.2143500363428695	33
1010	0.1177162446136038	33
1011	-0.0603705321911803	33
1012	0.1926765743111251	33
1013	0.0215543513499171	33
1014	0.1331455088603385	33
1015	0.0435487635349179	33
1016	-0.2620451502858777	33
1017	0.0707857092088467	33
1018	-0.0492032452778854	33
1019	-0.0490660320411779	33
1020	-0.0153340728965594	33
1021	0.2002316493929261	33
1022	-0.3867680019776585	33
1023	0.1430631112609218	33
1024	0.0283030374958668	33
1025	-0.2245292054427732	33
1026	0.2335803635200603	33
1027	0.0117096430411333	33
1028	0.0098505711096332	33
1029	0.0420777403039671	33
1030	0.0791697627422438	33
1031	-0.2625095940541105	33
1032	0.3418723331852872	33
1033	-0.2213184614530724	33
1034	0.2893050550148109	33
1035	-0.1560526723697193	33
1036	0.133309650692647	33
1037	-0.0593192829540536	33
1038	0.064054413874418	33
1039	-0.1658273481508407	33
1040	-0.022860981659883	33
1041	0.1975548856971926	33
1042	0.0911522939738394	33
1043	-0.3383915166754286	33
1044	-0.2261915736280368	33
1045	0.1104528739928843	33
1046	-0.0595061774090744	33
1047	0.1799594850949192	33
1048	-0.3449845918601096	33
1049	0.3122599359739271	33
1050	0.0268736446120247	33
1051	-0.19721837225671	33
1052	0.0630380835032332	33
1053	0.117342387279814	33
1054	0.1922989621516838	33
1055	0.0874727687560864	33
1056	-0.0611626022671035	33
1057	-0.2437138324439967	33
1058	-0.0469999589051374	33
1059	0.0315152718430886	33
1060	0.3659996908376343	33
1061	-0.0386340831945629	33
1062	-0.0828386218075984	33
1063	0.1193475626338489	33
1064	-0.257480642488499	33
1065	-0.1802263342673798	33
1066	0.073016555472295	33
1067	-0.0959741082963052	33
1068	0.1246631318377983	33
1069	-0.0494650204250689	33
1070	0.1565679115689045	33
1071	0.0177573969522744	33
1072	-0.3244266948492471	33
1073	-0.1060355567683341	33
1074	-0.0593791136622374	33
1075	0.1589385950618844	33
1076	-0.0161225727765087	33
1077	0.1076849723833299	33
1078	-0.060542511815604	33
1079	-0.0051604240070931	33
1080	0.3213509324428897	33
1081	-0.3130905941492677	33
1082	-0.0581623326390095	33
1083	-0.0343767265623048	33
1084	0.2386558201158517	33
1085	0.077142183343384	33
1086	0.1188424854376233	33
1087	0.1116818182799865	33
1088	0.0021521041716025	33
1089	0.110210615364597	33
1090	-0.1871870891478587	33
1091	0.1329479337353475	33
1092	-0.1907739810337127	33
1093	-0.1514716333190817	33
1094	-0.009713000922067	33
1095	-0.2292403761919829	33
1096	0.0975514070418512	33
1097	-0.1792297348365872	33
1098	0.1205724800860899	33
1099	-0.142203947238506	33
1100	0.2899696535540871	33
1101	0.1201084244868738	33
1102	0.2855530851833087	33
1103	-0.0261988486595447	33
1104	0.0087656495282181	33
1105	0.3580067352531166	33
1106	0.1892272633237091	33
1107	-0.2083039983383331	33
1108	0.0154452602190339	33
1109	0.0301496691162769	33
1110	0.2113036003039896	33
1111	-0.2461082839139747	33
1112	-0.0327724848779098	33
1113	0.0761302896665198	33
1114	-0.3243877172359239	33
1115	0.0680173968236192	33
1116	-0.0299260259567728	33
1117	-0.1785783694705334	33
1118	-0.1159808899013764	33
1119	-0.1455637738554981	33
1120	0.081961033664727	33
1121	-0.332623877215042	33
1122	-0.2357160244387362	33
1123	-0.207750286619081	33
1124	-0.0646454109141172	33
1125	0.0049066345796889	33
1126	-0.2314875692973164	33
1127	-0.0723385108625877	33
1128	-0.0854752940783668	33
1129	-0.1582764987735009	33
1130	0.0836191407359115	33
1131	-0.4031568594458322	33
1132	0.1987177880634092	33
1133	-0.148642675217876	33
1134	0.1624815241245349	33
1135	0.1357242227183519	33
1136	-0.0936787507524566	33
1137	-0.2865693222395977	33
1138	-0.1041809486075605	33
1139	0.1635763393644668	33
1140	-0.1477194518899539	33
1141	0.1042457901829144	33
1142	0.0771089524234033	33
1143	0.0935934070210106	33
1144	-0.3245826568990401	33
1145	0.0883919313575146	33
1146	-0.1528211114784081	33
1147	0.2134885053408264	33
1148	-0.0463544446159167	33
1149	0.2509066191076462	33
1150	0.2375961878867735	33
1151	-0.3530754160838845	33
1152	-0.0296471788890893	33
1153	-0.2787341915205842	33
1154	-0.0582669368611499	33
1155	0.027868340621872	33
1156	-0.1780726764068065	33
1157	-0.1682453573296885	33
1158	-0.2259584836986243	33
1159	0.2841240804127816	33
1160	0.1329691075877926	33
1161	-0.4242434034133197	33
1162	0.0808799838608397	33
1163	-0.1287201374214606	33
1164	-0.1910213586864046	33
1165	0.0819117427261109	33
1166	0.0897791275941543	33
1167	-0.0182361205209641	33
1168	0.1460036546198305	33
1169	-0.1052901256212486	33
1170	-0.0075817586316188	33
1171	0.1293298912483199	33
1172	-0.1916865783308387	33
1173	0.1506824527224565	33
1174	-0.2667468906804372	33
1175	0.0230590505684838	33
1176	7.923117965854057e-05	33
1177	0.0801174381299837	33
1178	0.0016281045870136	33
1179	0.0610957778969044	33
1180	-0.0814770332770886	33
1181	0.0559608313176731	33
1182	-0.0073204088592515	33
1183	-0.023172008345596	33
1184	-0.2944970018904797	33
1185	-0.1100023701755849	33
1186	0.094725051954103	33
1187	-0.1537022212507315	33
1188	-0.1597273366271201	33
1189	-0.0941613629826007	33
1190	-0.0883463093758867	33
1191	0.0533878838825238	33
1192	-0.0314441125806186	33
1193	0.0281720545396984	33
1194	-0.0806506278776543	33
1195	-0.1141437679542712	33
1196	-0.1486013399467103	33
1197	0.1934126620183873	33
1198	0.0755316355412561	33
1199	-0.2620995189697062	33
1200	0.0232433914780515	33
1201	-0.2402247033092505	33
1202	-0.0972251612261907	33
1203	0.5300232626838254	33
1204	-0.323786753461682	33
1205	-0.0170330589190707	33
1206	0.2847791432881873	33
1207	0.1926214323184977	33
1208	-0.022018381291119	33
1209	-0.1762533165196718	33
1210	-0.0123644524051908	33
1211	-0.1067489629634046	33
1212	-0.0338718001001542	33
1213	0.1771477943708612	33
1214	-0.103437984183421	33
1215	-0.1505854863720608	33
1216	0.2319575240805958	33
1217	-0.0255808355243409	33
1218	-0.2046584369736878	33
1219	-0.3845456194892986	33
1220	0.1891804079576172	33
1221	0.3164476307859801	33
1222	-0.0809020711989716	33
1223	0.0530186733732029	33
1224	-0.0933006147162786	33
1225	-0.0508674130884697	33
1226	0.2867671675879009	33
1227	-0.3668864068480664	33
1228	-0.2988838863092816	33
1229	0.1675474337387092	33
1230	-0.1041187054958296	33
1231	0.3872953249349533	33
1232	-0.0156156382311518	33
1233	0.18890954342018	33
1234	-0.146679344791086	33
1235	0.1583140262798356	33
1236	0.2250034489063941	33
1237	0.1123264668835362	33
1238	-0.0980729350701487	33
1239	-0.0368483393218615	33
1240	-0.1200677203374002	33
1241	0.1784067142720118	33
1242	-0.0858973574642994	33
1243	0.1085694152535069	33
1244	-0.0494970825952978	33
1245	0.1406747353145614	33
1246	0.0143657913692546	33
1247	-0.1603962351426534	33
1248	-0.1617593480449764	33
1249	0.1253440468093576	33
1250	0.1480854724824948	33
1251	-0.1778028820402564	33
1252	-0.100394032946954	33
1253	-0.0490123081056536	33
1254	-0.0962907370117209	33
1255	-0.0752127993913955	33
1256	-0.1138947240999741	33
1257	-0.0900526553126307	33
1258	-0.0678979649318679	33
1259	-0.1568327498409348	33
1260	0.0597070761657781	33
1261	-0.1019222342307449	33
1262	0.005751548851041	33
1263	0.3115119187156937	33
1264	-0.1207566921462843	33
1265	0.1205699519954882	33
1266	0.0796336495609728	33
1267	-0.0243551523981516	33
1268	-0.2392399916436262	33
1269	0.0104124302628383	33
1270	-0.1913076857245754	33
1271	0.258656869077304	33
1272	-0.0860728056968438	33
1273	-0.1817053970248588	33
1274	-0.0106150682712668	33
1275	-0.1223497581333291	33
1276	0.008213876039774	33
1277	0.3199258835106888	33
1278	-0.1791916123983052	33
1279	0.2202922925038044	33
1280	0.0968569422979575	33
1281	0.0342804928294353	33
1282	0.0904958221582673	33
1283	0.0976386046217734	33
1284	0.0673134562612055	33
1285	-0.2084351464821818	33
1286	0.0388340188465712	33
1287	-0.1294895260673335	33
1288	-0.1169437461171811	33
1289	0.1411934223455768	33
1290	-0.2455405735891661	33
1291	0.1092320919750771	33
1292	0.0140613675708456	33
1293	0.1529020108267021	33
1294	-0.3972042104098886	33
1295	-0.3144332419946424	33
1296	0.0947046199526874	33
1297	0.0834942030842937	33
1298	-0.0885530175341118	33
1299	-0.0021790456112617	33
1300	-0.0913014042499538	33
1301	0.0115397550046002	33
1302	-0.1855369061508299	33
1303	0.0640103559996551	33
1304	0.1518013866184294	33
1305	-0.0522755245701358	33
1306	0.0716675918873657	33
1307	0.3034417377632474	33
1308	-0.0342243235766966	33
1309	0.1895686112129413	33
1310	0.4600554845837012	33
1311	0.0444085958017281	33
1312	-0.061921244862478	33
1313	-0.3390650827834858	33
1314	0.3632452881588968	33
1315	0.0770862713680952	33
1316	0.2167290572797316	33
1317	-0.2114741251444021	33
1318	0.1585207262428202	33
1319	0.1097561712158624	33
1320	0.0709599680435164	33
1321	0.1223374636424435	33
1322	-0.069265154120357	33
1323	0.2103913683638771	33
1324	0.0404095766745733	33
1325	0.0031410638811843	33
1326	0.1066083796439465	33
1327	0.0199431052141264	33
1328	-0.0758617566682586	33
1329	0.1059249252839499	33
1330	-0.0097634166221603	33
1331	0.1689805683258178	33
1332	0.1801511864859855	33
1333	0.2509609098820058	33
1334	0.1332719235983347	33
1335	-0.0132599161921927	33
1336	-0.2586732187799371	33
1337	-0.1002645395046024	33
1338	0.1149368099933151	33
1339	0.1437938509125159	33
1340	-0.0423305574727526	33
1341	0.1701851264037579	33
1342	0.1023108346439985	33
1343	-0.0049188222071688	33
1344	0.0994939612975073	33
1345	-0.0112640440145838	33
1346	-0.0018639301590751	33
1347	0.1799909780423793	33
1348	-0.0978485639688937	33
1349	0.1613604831894592	33
1350	0.291699176964128	33
1351	0.1557907355003745	33
1352	-0.0784347492829236	33
1353	0.1200983286548691	33
1354	0.0100806496821193	33
1355	-0.2698664339186825	33
1356	-0.1583491523940111	33
1357	-0.0423701848690101	33
1358	0.0162301200541034	33
1359	0.1049411613543318	33
1360	-0.2940499762742087	33
1361	-0.0879668121800819	33
1362	0.0553550699452228	33
1363	-0.1672277719350731	33
1364	0.2490178775659501	33
1365	-0.1149901873290314	33
1366	-0.2563738166956046	33
1367	0.1435177728817924	33
1368	-0.1127123553873331	33
1369	0.121707839982526	33
1370	-0.286158365695113	33
1371	-0.3810148073740657	33
1372	0.3568941037745632	33
1373	-0.2736172391187035	33
1374	-0.061353214938078	33
1375	0.2221806617248715	33
1376	0.1684552978643473	33
1377	0.1827433406988556	33
1378	0.2661202969396456	33
1379	0.0252350043778036	33
1380	0.3010050380601165	33
1381	-0.0385510286648635	33
1382	0.051297083394861	33
1383	0.0373412024533773	33
1384	-0.2062449558141768	33
1385	-0.0023560115549257	33
1386	0.1189434826683411	33
1387	-0.1352791256486254	33
1388	0.0005832437618423	33
1389	0.1754037888813367	33
1390	-0.0689959085041451	33
1391	-0.0235752840029198	33
1392	0.2543981763042808	33
1393	-0.2010195195640077	33
1394	0.1464285244420153	33
1395	0.0225213987595392	33
1396	-0.1438586388992814	33
1397	-0.0377792787247717	33
1398	-0.0426984384422381	33
1399	-0.3684026897064616	33
1400	0.0858825005172194	33
1401	-0.1074066017121585	33
1402	0.0373189192176583	33
1403	-0.1119906954751205	33
1404	0.2153752218624706	33
1405	-0.082293612911521	33
1406	-0.0554818153687209	33
1407	-0.0954122420827709	33
1408	0.0067942234396737	33
1409	-0.1167309037267157	33
1410	-0.0192545825782656	33
1411	0.2316093102570619	33
1412	0.1828464608839899	33
1413	0.1078828839497845	33
1414	0.063008818320572	33
1415	0.2376104633219954	33
1416	-0.3292924866235376	33
1417	-0.0778763730180805	33
1418	0.3801914506694268	33
1419	0.089324950633231	33
1420	-0.2628081988500343	33
1421	-0.0669193852106745	33
1422	0.2384763464578993	33
1423	0.0481980375567973	33
1424	0.3017276927852101	33
1425	0.0516767711344247	33
1426	-0.2837429873384355	33
1427	0.2397484535855564	33
1428	0.1698150026593197	33
1429	-0.0342717651442218	33
1430	0.0654246521481703	33
1431	0.0575631073655915	33
1432	0.0846454207451238	33
1433	-0.0030524342770211	33
1434	-0.3934262518219375	33
1435	0.0251493742595928	33
1436	0.3503828333786922	33
1437	-0.1583029851349176	33
1438	0.0101782879841769	33
1439	-0.1929989169178251	33
1440	0.0538732433817801	33
1441	-0.2608743819608088	33
1442	-0.0181483736482887	33
1443	0.0738022567434552	33
1444	0.1340344822009015	33
1445	0.117844907760494	33
1446	-0.4664883703183159	33
1447	0.0157327367277087	33
1448	-0.021607618943136	33
1449	-0.0098257267640946	33
1450	-0.0541345066101824	33
1451	0.0294446056475743	33
1452	-0.0926543576723909	33
1453	0.0656755978886171	33
1454	-0.129534387200828	33
1455	0.2816772811185097	33
1456	0.1930899026804683	33
1457	-0.0372553973178271	33
1458	-0.0105334277094222	33
1459	0.1420909308139255	33
1460	0.0987564065795596	33
1461	0.0212079462972806	33
1462	0.0833550758616091	33
1463	0.1625438377910074	33
1464	-0.1570937973351928	33
1465	-0.0583894025993054	33
1466	0.0088864660902309	33
1467	-0.1005673760322051	33
1468	0.2241197180237011	33
1469	0.2866232160401477	33
1470	-0.2089252138472228	33
1471	0.2477030375732037	33
1472	0.4077599714529281	33
1473	-0.1216130318069934	33
1474	-0.0441063591447378	33
1475	-0.0515230777844173	33
1476	0.1595893505250207	33
1477	0.0588789781373611	33
1478	-0.0546277514769905	33
1479	0.076249215969898	33
1480	-0.0544487368225549	33
1481	-0.2031161278709608	33
1482	-0.0003594116742914	33
1483	-0.076194362218486	33
1484	-0.1087819191507166	33
1485	-0.1530097094999611	33
1486	-0.2257734175838884	33
1487	0.1106713833204724	33
1488	0.1879929306552157	33
1489	-0.0033816179956905	33
1490	-0.0590534572563862	33
1491	-0.0947120865545056	33
1492	-0.3054409996245099	33
1493	0.2597279954866769	33
1494	-0.2153687141425889	33
1495	0.0177279932823405	33
1496	0.0766179249339198	33
1497	0.0385939414604067	33
1498	-0.0672107945919521	33
1499	0.0280448996144259	33
1500	0.1507900162908764	33
1501	-0.0296851783775799	33
1502	-0.1621027572366305	33
1503	0.0563719930658683	33
1504	0.0061809393080977	33
1505	-0.0098328319006972	33
1506	0.0600315748401148	33
1507	0.2288364642591918	33
1508	-0.0688828416235345	33
1509	-0.0581896631762844	33
1510	0.0544790582040536	33
1511	0.0506006335842711	33
1512	-0.211892733536814	33
1513	-0.0566807047759219	33
1514	0.0822459923962252	33
1515	-0.330811576984809	33
1516	-0.0995079590932848	33
1517	0.3837654781428985	33
1518	0.1739361717158306	33
1519	0.1211488201614877	33
1520	-0.0882379512168697	33
1521	0.2792001342807151	33
1522	0.1287651230897219	33
1523	-0.1883838898411281	33
1524	-0.1820797972142996	33
1525	0.0763142003515437	33
1526	-0.2815654915310072	33
1527	-0.0841433099089829	33
1528	0.0887510498365994	33
1529	-0.0923404695319923	33
1530	-0.1568100428344814	33
1531	0.1955438823170537	33
1532	-0.008258542006737	33
1533	-0.1364676034913424	33
1534	0.2300933085930269	33
1535	-0.2455378909340654	33
1536	-0.1727600895723405	33
1537	0.068126951130025	33
1538	-0.0851398696234454	33
1539	-0.0812447953562167	33
1540	0.1192181531366764	33
1541	-0.1302034137110399	33
1542	0.2411994463322284	33
1543	0.020608627910725	33
1544	-0.2242026141902545	33
1545	-0.0235735980981966	33
1546	0.2856137355488459	33
1547	-0.1082382666203319	33
1548	0.2007851695754175	33
1549	-0.0252667864411967	33
1550	0.0496101299880358	33
1551	-0.0685921659996593	33
1552	0.1075916912168964	33
1553	-0.175808968984892	33
1554	-0.1475916398276165	33
1555	-0.1322126876089323	33
1556	-0.050351097274091	33
1557	0.3721505656775993	33
1558	-0.1604113896646235	33
1559	-0.0467312262938251	33
1560	-0.1957654222724587	33
1561	-0.1670867175739648	33
1562	0.1109854058583648	33
1563	0.0870060802613787	33
1564	0.0508579423054709	33
1565	0.1039340385726778	33
1566	0.03562633432915	33
1567	0.1173044148289646	33
1568	0.094699439342729	33
1569	0.0763798523890597	33
1570	-0.2957418288598576	33
1571	-0.1121013672291328	33
1572	-0.232047479457905	33
1573	-0.0550776692012163	33
1574	0.0540123285269612	33
1575	0.0547990021687775	33
1576	0.191843222712339	33
1577	-0.1468953570055815	33
1578	0.0994919044601468	33
1579	-0.3021087063049065	33
1580	-0.0031085943274682	33
1581	0.0801418904340346	33
1582	0.2015578853315409	33
1583	-0.0648924056956713	33
1584	0.0556153686098053	33
1585	-0.1899982173975527	33
1586	-0.2219555038385129	33
1587	-0.3222332410347059	33
1588	0.0057780198497581	33
1589	-0.0873689505282776	33
1590	-0.040575812539225	33
1591	0.307729114742099	33
1592	0.0779977880498889	33
1593	-0.045479426265973	33
1594	-0.3052185009142477	33
1595	0.0467632333520766	33
1596	-0.3947752859900157	33
1597	-0.2138046470161893	33
1598	0.045772892856685	33
1599	-0.0875090836781813	33
1600	0.1168930122298339	33
1601	-0.1101108639985417	33
1602	-0.0709947894028807	33
1603	0.1324574784051442	33
1604	-0.2799705752406002	33
1605	-0.5405911150901181	33
1606	0.0374944890843983	33
1607	0.2589119033135993	33
1608	-0.0866977601816325	33
1609	-0.1105398031493153	33
1610	0.1337511382694217	33
1611	0.2319837913865689	33
1612	0.193298104393263	33
1613	0.1117770142274354	33
1614	0.1235681764502017	33
1615	0.0802922547135565	33
1616	0.1438780544602445	33
1617	0.1143532263478897	33
1618	0.1801531771134877	33
1619	0.0513718964321589	33
1620	-0.4333091289637919	33
1621	0.0081039225457803	33
1622	-0.1373290660149084	33
1623	0.1817966002506786	33
1624	-0.2357349801058975	33
1625	0.0115068465401761	33
1626	-0.0158882487822011	33
1627	-0.0796028636406475	33
1628	0.0833338693375053	33
1629	-0.0708517675335111	33
1630	-0.0462218816680775	33
1631	-0.1859455547622299	33
1632	-0.1763535713425191	33
1633	0.154939983208344	33
1634	0.0066203402648908	33
1635	-0.2812475433823447	33
1636	0.2045421514027443	33
1637	0.191076839071483	33
1638	0.166236934330848	33
1639	-0.3877823053167901	33
1640	-0.3246949388919932	33
1641	0.2135057673765553	33
1642	-0.0716470241638269	33
1643	0.0006864315004748	33
1644	0.0315206001809304	33
1645	0.3165361959616298	33
1646	-0.025291521181623	33
1647	0.0179848522252267	33
1648	0.0813961340875312	33
1649	0.0033747991399246	33
1650	0.0312226297072135	33
1651	-0.2271062105616266	33
1652	-0.140969967617202	33
1653	-0.2189230109199525	33
1654	0.0102881128505266	33
1655	0.0576821690049904	33
1656	-0.1773689516223152	33
1657	-0.0962061274462293	33
1658	-0.1282043218673781	33
1659	-0.0402440607360211	33
1660	-0.2151655128415141	33
1661	-0.0325211049658506	33
1662	-0.5179837340537696	33
1663	0.084116327837953	33
1664	0.2230634271706131	33
1665	-0.0216823034987064	33
1666	0.1703847853110719	33
1667	0.0662466703597484	33
1668	-0.0028942706313415	33
1669	0.0928826494400409	33
1670	-0.0512725291445889	33
1671	0.0928159375210303	33
1672	-0.0540191757533942	33
1673	0.0341217478131715	33
1674	-0.1451753257533238	33
1675	-0.1852609082419971	33
1676	0.1721297011747567	33
1677	-0.1088954248709827	33
1678	-0.2478976652776631	33
1679	0.0112867529742698	33
1680	-0.0389065084939556	33
1681	0.2414098520648543	33
1682	-0.093050713484339	33
1683	0.0795865504657845	33
1684	0.0434638642133795	33
1685	0.0148288223307967	33
1686	-0.2231510322548318	33
1687	-0.1163018014967003	33
1688	0.0756673305116384	33
1689	-0.0706199339180019	33
1690	-0.1155467270301234	33
1691	0.0882684640685867	33
1692	0.1047429135225388	33
1693	0.3042495960617547	33
1694	0.1379726522041556	33
1695	-0.2730612220290114	33
1696	0.0439236764716298	33
1697	0.1585300399594804	33
1698	0.1867952866662627	33
1699	0.2421721141755573	33
1700	0.0819645100832506	33
1701	0.0101128749268264	33
1702	-0.1209954312025766	33
1703	0.1189732375994656	33
1704	-0.0266401041059022	33
1705	0.1304982545242773	33
1706	0.0632954795122305	33
1707	0.2462340213269245	33
1708	-0.0696583765882468	33
1709	0.0630010236942934	33
1710	0.1709481690623558	33
1711	-0.0665282905527703	33
1712	-0.1524938470458903	33
1713	-0.1189857719476887	33
1714	-0.0995061816721476	33
1715	0.1530592691795873	33
1716	0.3318237611010826	33
1717	-0.1719054722598179	33
1718	-0.0285785466070869	33
1719	-0.3643254508850415	33
1720	0.1926354377775112	33
1721	0.0368461883868968	33
1722	-0.1829121136728225	33
1723	-0.2351815081801114	33
1724	-0.233445490435719	33
1725	-0.2004772442763146	33
1726	0.2693880092360499	33
1727	-0.0121531646287375	33
1728	-0.0703737991764523	33
1729	-0.2830881445448205	33
1730	-0.0634985636179568	33
1731	-0.0270442731928836	33
1732	-0.0757510667331961	33
1733	0.0137194614874471	33
1734	0.0860144814636999	33
1735	-0.1880946596065412	33
1736	0.0001734715318888	33
1737	0.2071521050918237	33
1738	-0.1830566468258453	33
1739	0.1124731353770101	33
1740	-0.0948763674276128	33
1741	-0.1980380092764269	33
1742	-0.1625806186872943	33
1743	0.1908064217669953	33
1744	0.0475933675803883	33
1745	-0.081799253432902	33
1746	0.0128530807841552	33
1747	0.1341913805882079	33
1748	0.015655746334766	33
1749	-0.0423822147559765	33
1750	0.3039907271420904	33
1751	0.0635927108376885	33
1752	-0.1438979283898569	33
1753	-0.0126787399153078	33
1754	0.1302274584901384	33
1755	-0.1711884876438299	33
1756	-0.2057780481228375	33
1757	0.1833039025973883	33
1758	-0.1012243659820125	33
1759	0.2140274214066678	33
1760	0.1001016117380731	33
1761	-0.0872946546887364	33
1762	-0.2859306569421292	33
1763	0.0909001330091314	33
1764	-0.1444864682487246	33
1765	0.1710457763166181	33
1766	0.2685634175750291	33
1767	-0.4601994403851794	33
1768	-0.3571240765566015	33
1769	-0.029184345780414	33
1770	-0.0160697150949725	33
1771	0.2423134823044205	33
1772	0.0910793048014974	33
1773	-0.0038617761319247	33
1774	-0.0519681807772055	33
1775	0.0196106880813798	33
1776	-0.0258930929970499	33
1777	0.0603448764862587	33
1778	-0.0837535364782874	33
1779	0.2018529152401462	33
1780	-0.0112841014878031	33
1781	-0.0638462357037759	33
1782	-0.0155827045348716	33
1783	0.1826877513626235	33
1784	-0.2251937045399361	33
1785	0.0032249184165309	33
1786	0.1558522323164337	33
1787	0.0059226380158427	33
1788	0.1891041478315788	33
1789	-0.1970612249401332	33
1790	-0.073495933838194	33
1791	0.0839813331224299	33
1792	-0.0406676753835672	33
1793	0.1386621486317421	33
1794	-0.0540454640785807	33
1795	0.1124246894563152	33
1796	-0.0602436580951961	33
1797	-0.0506954036212499	33
1798	0.220540077647401	33
1799	0.0856512319253798	33
1800	-0.0452925150136818	33
1801	0.2889413950487937	33
1802	-0.0219027334397588	33
1803	-0.0813533446169221	33
1804	-0.1077849627006431	33
1805	-0.0463103416792823	33
1806	0.1197531900998167	33
1807	-0.0723379664948916	33
1808	-0.0845667982596027	33
1809	-0.3085977692995689	33
1810	0.0654052123599295	33
1811	0.3887194702479211	33
1812	0.0278172326285287	33
1813	-0.2022486847504676	33
1814	0.4646045547219611	33
1815	-0.1193267488794265	33
1816	-0.1195484799158478	33
1817	0.0559201722297567	33
1818	0.1999168366622209	33
1819	0.0265497624593108	33
1820	-0.169686230918258	33
1821	-0.3178613228159109	33
1822	-0.0959033148294388	33
1823	-0.3216574973445554	33
1824	-0.1235937306757116	33
1825	0.2495637029035234	33
1826	-0.0664212179338112	33
1827	-0.1683475107402141	33
1828	0.1846858563920049	33
1829	-0.2578904241303146	33
1830	-0.0305263927158436	33
1831	-0.1824168032935507	33
1832	0.2035988950353705	33
1833	-0.0448774344658365	33
1834	0.2002568688866456	33
1835	0.0341625037374348	33
1836	0.1719577471466334	33
1837	-0.1952836854058351	33
1838	-0.0035687677649742	33
1839	0.2364066037037329	33
1840	0.1077021458047779	33
1841	0.3771318142268581	33
1842	0.181971271672797	33
1843	0.1191801587515072	33
1844	-0.0152852994879045	33
1845	0.1503706968045003	33
1846	-0.222110667310392	33
1847	0.0035099520239521	33
1848	-0.249906570638416	33
1849	-0.0988146690904746	33
1850	0.0187886751154697	33
1851	0.0162872488132644	33
1852	0.1447547719846126	33
1853	0.1877910056258076	33
1854	-0.2599527442829858	33
1855	-0.0545799577047308	33
1856	-0.1102842335651436	33
1857	-0.4287332627655233	33
1858	-0.2197060311710765	33
1859	0.3484636972808683	33
1860	0.3561405369180308	33
1861	-0.0933970401548714	33
1862	0.3372904597504974	33
1863	0.0300692250384184	33
1864	0.0417233534238372	33
1865	-0.0343012308366126	33
1866	-0.0194643144266463	33
1867	0.2165202888991316	33
1868	0.1573777108243114	33
1869	-0.0067035457612119	33
1870	-0.0503738474287903	33
1871	-0.0344433891555076	33
1872	0.0506227475697241	33
1873	-0.3409915742976673	33
1874	0.1039801557174942	33
1875	0.2665663634319068	33
1876	-0.1493272106411804	33
1877	-0.4007582697288251	33
1878	-0.0066684088412059	33
1879	-0.1569504221772467	33
1880	0.2184551906542833	33
1881	0.2924761623663564	33
1882	-0.0386581539597173	33
1883	-0.1667201767700669	33
1884	0.1165828836981032	33
1885	0.0186203947201153	33
1886	-0.172045094170785	33
1887	-0.0393862512952399	33
1888	-0.1040244104557848	33
1889	-0.1595891501125695	33
1890	0.1238561226982533	33
1891	0.1476367285358583	33
1892	-0.094638268149074	33
1893	0.0519584171979205	33
1894	0.0730075704483274	33
1895	-0.2191604900613658	33
1896	0.1347584056961912	33
1897	-0.1566968770043522	33
1898	-0.2924278861548745	33
1899	0.0498846408506612	33
1900	-0.0236533697353887	33
1901	-0.343204150457579	33
1902	0.1432339723400142	33
1903	-0.155756966258666	33
1904	0.4791558414072548	33
1905	0.0526177012430274	33
1906	-0.0929894358329201	33
1907	0.0260684143312142	33
1908	-0.2823852402509916	33
1909	0.0972788389453775	33
1910	0.0171378270534748	33
1911	-0.0430187499062891	33
1912	-0.3347666275249126	33
1913	-0.1037617757484529	33
1914	0.0080501451748043	33
1915	-0.0094011945655787	33
1916	-0.0548862736206846	33
1917	-0.2898050892033378	33
1918	0.0693789074745052	33
1919	0.1869675700758122	33
1920	0.1193807407710788	33
1921	-0.1439918984946104	33
1922	-0.038816501580611	33
1923	0.1420794647973469	33
1924	0.0199814905582919	33
1925	0.1925393126109378	33
1926	-0.3774986217824175	33
1927	0.0908261385764045	33
1928	0.0467789224373229	33
1929	0.0729387777910139	33
1930	0.0050569710268556	33
1931	-0.2212335053708812	33
1932	0.2134799102455516	33
1933	-0.0232832697363261	33
1934	0.0074707879150342	33
1935	0.1673585289724503	33
1936	0.2833337138747754	33
1937	-0.0026963373376946	33
1938	0.1664807402618313	33
1939	0.0402159738918894	33
1940	-0.0643341710064486	33
1941	-0.2508656708086192	33
1942	0.3715273788017434	33
1943	-0.0810339858178216	33
1944	0.3293162079117681	33
1945	0.1360853744435345	33
1946	-0.2545960107815479	33
1947	-0.0506185772608508	33
1948	0.0734706770161668	33
1949	-0.1542516089225915	33
1950	-0.1614787283945488	33
1951	-0.0048301638412635	33
1952	-0.0944898523161885	33
1953	0.1531681520151946	33
1954	-0.1736967352219443	33
1955	0.0951492113304548	33
1956	-0.2078083374077259	33
1957	-0.2140506969583512	33
1958	-0.1786631349694974	33
1959	-0.0402785748609919	33
1960	0.0891132915456024	33
1961	-0.0451944899095217	33
1962	0.0679060145585693	33
1963	0.2838875209563024	33
1964	0.1493326592893216	33
1965	0.0986977223101864	33
1966	-0.2604676481616654	33
1967	-0.1128514957951471	33
1968	0.0528521505084892	33
1969	-0.0328765034772049	33
1970	0.1106432993478316	33
1971	0.1733802524246088	33
1972	-0.0184167467087493	33
1973	-0.0710237334366599	33
1974	-0.4492942636959625	33
1975	-0.0030435337166041	33
1976	0.0684004584510011	33
1977	-0.0378046155844545	33
1978	0.1715478761119953	33
1979	-0.000492459067934	33
1980	-0.0402657078014071	33
1981	0.0065257726124756	33
1982	-0.0755447246710024	33
1983	0.4231666211304086	33
1984	-0.1763657363133948	33
1985	-0.0832904985895781	33
1986	0.1373529250879953	33
1987	-0.1051635673163207	33
1988	0.0567884093383632	33
1989	-0.0197507426367542	33
1990	-0.0132722343678367	33
1991	0.2021781991320679	33
1992	0.1601681272015106	33
1993	-0.1220754565243391	33
1994	-0.2248798774569172	33
1995	-0.0125954253920271	33
1996	-0.0208534139463798	33
1997	0.0924723956123355	33
1998	-0.0670983335275672	33
1999	0.1068855363763607	33
2000	0.3108573004061328	33
2001	0.0402333542420623	33
2002	-0.0196875006297582	33
2003	0.1839142016120858	33
2004	0.2341486048199397	33
2005	0.0187703877140017	33
2006	0.2119914061658453	33
2007	0.041252473321833	33
2008	0.0490094590637258	33
2009	-0.2158051267096559	33
2010	-0.0972978427855152	33
2011	0.2477168913528254	33
2012	-0.3060150551407674	33
2013	0.0618721050979187	33
2014	0.2780277211763028	33
2015	-0.1237203101683858	33
2016	-0.0761633553242099	33
2017	-0.16720576803905	33
2018	0.2300675084477489	33
2019	-0.3444161630018807	33
2020	-0.0322083702020861	33
2021	-0.0953613527971796	33
2022	0.0353755389098397	33
2023	0.1566907482313908	33
2024	-0.1817813592532273	33
2025	-0.1444501082077587	33
2026	0.026922779138247	33
2027	0.1174585283854701	33
2028	0.3277768503490597	33
2029	-0.2341215279189742	33
2030	0.0115292967236362	33
2031	-0.0031065046157948	33
2032	0.2269139229453682	33
2033	-0.1776778365235161	33
2034	-0.1254070639670667	33
2035	-0.061162039297089	33
2036	-0.0243226192299723	33
2037	0.0781806465051002	33
2038	-0.4058597492377145	33
2039	0.2095524636904193	33
2040	-0.2049018028104866	33
2041	-0.0718230924212824	33
2042	0.0398295077749109	33
2043	0.1372252045064567	33
2044	-0.1688564195265068	33
2045	-0.2222608615074418	33
2046	0.0824971645775682	33
2047	0.0066150586025139	33
2048	0.0347288855037783	33
2049	0.301655061740578	33
2050	0.0132175791160731	33
2051	0.0143411574181551	33
2052	0.0250261707172452	33
2053	-0.0806819946437183	33
2054	-0.2095643602975894	33
2055	-0.0384574952927342	33
2056	0.1298852537631544	33
2057	-0.1123250756918578	33
2058	-0.2369038082126306	33
2059	0.1504247446188371	33
2060	-0.1266356122027804	33
2061	-0.1336623989737203	33
2062	-0.0987723119305295	33
2063	-0.1326446089788898	33
2064	-0.1109138661405384	33
2065	-0.0042381932593083	33
2066	-0.2022515764170808	33
2067	0.1699520029889574	33
2068	-0.060647523018034	33
2069	0.1876050483675331	33
2070	0.0289339820041998	33
2071	-0.002322490213219	33
2072	0.1508995782573516	33
2073	0.1153704039156476	33
2074	-0.0024321473496255	33
2075	-0.2954461287759201	33
2076	0.0255575040113342	33
2077	0.1639866957450632	33
2078	-0.1395962945037167	33
2079	-0.1311204202740685	33
2080	-0.1474621611141641	33
2081	-0.0717060515584221	33
2082	0.1314308018009096	33
2083	-0.0684675512272073	33
2084	-0.09462066152916	33
2085	-0.2653531286849677	33
2086	0.2301397145097301	33
2087	-0.1318780205586853	33
2088	-0.0309566528203768	33
2089	-0.2870787534219013	33
2090	-0.1060678111559895	33
2091	0.3489942236335865	33
2092	-0.0877926182476192	33
2093	-0.1440831662774138	33
2094	-0.1345913698054395	33
2095	-0.1369712585919919	33
2096	-0.2039958676561881	33
2097	-0.0282719214692731	33
2098	0.0148099319798406	33
2099	0.3747290199292206	33
2100	0.1737266048773709	33
2101	0.1538723213330193	33
2102	0.1285781983683561	33
2103	0.1865221078160341	33
2104	-0.1036582797651897	33
2105	-0.0658137166208285	33
2106	-0.4186569209575482	33
2107	0.1060189527117848	33
2108	-0.1971577813736648	33
2109	-0.1616252128349469	33
2110	0.0603953075177424	33
2111	-0.1130455692617733	33
2112	-0.2413972889593243	33
2113	-0.1580158242896247	33
2114	-0.0205107440739952	33
2115	-0.1284617918283856	33
2116	0.087302099383813	33
2117	-0.0025770502925501	33
2118	0.2299389764353617	33
2119	-0.2367605269470854	33
2120	0.0571675963422141	33
2121	0.0079560985970098	33
2122	-0.0404167846560045	33
2123	-0.0244293427097022	33
2124	0.2663675295677607	33
2125	0.3188692470073316	33
2126	-0.253275547496057	33
2127	-0.1919034051392784	33
2128	-0.0367834306621461	33
2129	0.1195528504332881	33
2130	-0.134299158428857	33
2131	-0.1079704433011899	33
2132	0.1117298979166224	33
2133	-0.0814385939068861	33
2134	-0.1858090251122657	33
2135	0.0110223030403694	33
2136	0.1860728375144493	33
2137	-0.1061133969230762	33
2138	-0.0773812381935068	33
2139	0.0125269596904543	33
2140	-0.1058110311296206	33
2141	-0.2651622156361239	33
2142	-0.0910094013088424	33
2143	0.1648963973832558	33
2144	-0.0947413500370086	33
2145	-0.063279824655195	33
2146	-0.1111968579413406	33
2147	0.0550274017296107	33
2148	0.207469588606437	33
2149	-0.0025062366058778	33
2150	0.1856483844694362	33
2151	0.0514979329935287	33
2152	-0.1978973394320344	33
2153	0.0782999873577336	33
2154	-0.0219058925554437	33
2155	0.235999410445952	33
2156	-0.0421779519069961	33
2157	0.0460719701861123	33
2158	-0.2167834658108363	33
2159	-0.0134790676538084	33
2160	0.0833602923520806	33
2161	0.4011496183835317	33
2162	-0.0029952542280326	33
2163	0.0789584799129488	33
2164	0.2808049592416918	33
2165	0.0068507229359405	33
2166	0.0714183889695642	33
2167	0.0625777043452721	33
2168	-0.2185177795617524	33
2169	0.1999714162030993	33
2170	-0.1369028055479686	33
2171	-0.0813103800996713	33
2172	-0.1549068243351896	33
2173	-0.0076421645268655	33
2174	0.0841457468109468	33
2175	0.2191222011918752	33
2176	0.1195836145406755	33
2177	-0.1165205171002458	33
2178	-0.0346629276218883	33
2179	-0.2042927922696219	33
2180	-0.0737964922912701	33
2181	0.0914694901951337	33
2182	0.1043577485229852	33
2183	-0.0871993996528581	33
2184	0.0233926422682871	33
2185	-0.4308047074583837	33
2186	-0.1101211461978059	33
2187	-0.0662896473782236	33
2188	0.2368733007997911	33
2189	-0.1607442222080632	33
2190	-0.1223486021203187	33
2191	0.0101669514380171	33
2192	-0.1557291531125219	33
2193	-0.1039196124228736	33
2194	-0.0413393037776328	33
2195	-0.0883626370186008	33
2196	-0.2829818151147365	33
2197	0.058291004649807	33
2198	-0.0994857449788284	33
2199	-0.1685659016203535	33
2200	-0.0126793594697646	33
2201	0.083351947354549	33
2202	-0.1216280322750583	33
2203	-0.2497420985294939	33
2204	-0.1063628766890552	33
2205	0.0242275677879169	33
2206	0.0398622161009026	33
2207	-0.011854111365619	33
2208	0.3082166266885868	33
2209	0.165399995011435	33
2210	0.0883783085993065	33
2211	0.1341014737785794	33
2212	-0.0672670542037049	33
2213	-0.1898564245039728	33
2214	-0.0524941985472397	33
2215	0.1992320713626221	33
2216	-0.0088354023481904	33
2217	0.1615548149068206	33
2218	0.2548260139488118	33
2219	0.067419540248241	33
2220	-0.2030474129584206	33
2221	0.2515634449885776	33
2222	0.4427665361199648	33
2223	0.041158906819476	33
2224	0.0120011171908144	33
2225	0.2182250805218528	33
2226	-0.1587847937826234	33
2227	0.0519504912046129	33
2228	0.2788673413813189	33
2229	-0.3230838064102208	33
2230	0.0858743591167456	33
2231	-0.0201478340636391	33
2232	-0.1038197324733674	33
2233	-0.156288281999016	33
2234	-0.059514554886019	33
2235	-0.1313472362799982	33
2236	0.2466443781556622	33
2237	-0.3567852020296037	33
2238	0.0098420134000351	33
2239	-0.1224644094257953	33
2240	0.0052102109960618	33
2241	0.200921820155826	33
2242	0.1843068689257586	33
2243	-0.0275478137143296	33
2244	-0.2103088808469524	33
2245	-0.1525949666120658	33
2246	0.0655488535769408	33
2247	0.1059301915931568	33
2248	-0.2411459481464574	33
2249	0.0343272387848278	33
2250	0.2500536180691303	33
2251	0.2910220038669566	33
2252	-0.0255406000023525	33
2253	0.1739844922953424	33
2254	0.0748053678664582	33
2255	0.1448591734189009	33
2256	0.0596025186458419	33
2257	-0.0166998428418319	33
2258	-0.0343969802240997	33
2259	0.1709356239660609	33
2260	-0.175828029985591	33
2261	0.2159857140487565	33
2262	0.2416860419789868	33
2263	0.0845150845937595	33
2264	0.1632581548811536	33
2265	-0.1251111271466602	33
2266	-0.1986904373916783	33
2267	0.1218490997684252	33
2268	-0.0453543359833083	33
2269	0.3354342376318163	33
2270	-0.063403855608539	33
2271	0.1325997782134546	33
2272	-0.2956750990441231	33
2273	0.1352354229555036	33
2274	0.0873000760114356	33
2275	0.0552452900728108	33
2276	0.1441304192486393	33
2277	-0.0778498747391585	33
2278	0.0184848439835	33
2279	-0.0611738459599439	33
2280	0.0793950424143009	33
2281	-0.0224905717524155	33
2282	-0.347392059341226	33
2283	-0.0923839853937524	33
2284	-0.1389423894154808	33
2285	-0.251945996080377	33
2286	-0.2944234040652454	33
2287	0.0846677936565194	33
2288	-0.4207434696948439	33
2289	-0.0505830434601969	33
2290	-0.1102050521650097	33
2291	-0.1605199476495175	33
2292	0.0538720476176402	33
2293	0.2613167191465789	33
2294	0.0671488220000071	33
2295	0.1761805935564714	33
2296	-0.352116726384933	33
2297	-0.0509062178943793	33
2298	-0.1716490845093508	33
2299	-0.2027088398618763	33
2300	0.3401808572140375	33
2301	-0.101655237232146	33
2302	-0.0665433436696529	33
2303	0.1834989469457227	33
2304	-0.1947190781973298	33
2305	0.0556304072385982	33
2306	0.4379055842835441	33
2307	0.0137446538517803	33
2308	0.0380812623887115	33
2309	-0.0008230800494407	33
2310	0.0438925264434166	33
2311	0.133513186879747	33
2312	9.563056233874089e-06	33
2313	-0.1966196605503957	33
2314	-0.1176084990471136	33
2315	0.128910634895923	33
2316	0.0269056495227918	33
2317	0.0667052488349141	33
2318	-0.0636818364140147	33
2319	-0.0470830331523573	33
2320	-0.239025482134963	33
2321	-0.0618045794353938	33
2322	0.1816551895503509	33
2323	0.1184773727574142	33
2324	0.219991570105876	33
2325	-0.1095627916751474	33
2326	0.0624324803708434	33
2327	-0.0248220730895121	33
2328	0.1984115399286968	33
2329	0.0963656202141092	33
2330	-0.0020684863688271	33
2331	0.3367567515623878	33
2332	-0.1427619344321621	33
2333	-0.1252287825341478	33
2334	-0.382700594949815	33
2335	-0.0656658325487811	33
2336	-0.1044002021201664	33
2337	0.0840543212407774	33
2338	-0.227151967202527	33
2339	0.1876907708158737	33
2340	0.1392728118167328	33
2341	-0.1123718861303856	33
2342	0.1510149725306853	33
2343	-0.0501172036214063	33
2344	0.2556621390774994	33
2345	-0.0907219521022468	33
2346	-0.1383775704170091	33
2347	-0.0628937574985291	33
2348	0.0596468850070893	33
2349	0.0814704627824902	33
2350	-0.1297256127767818	33
2351	0.0996591271945935	33
2352	0.2262492238591344	33
2353	-0.09983149980847	33
2354	-0.1929614725925704	33
2355	0.0590268080478842	33
2356	-0.0575899578342078	33
2357	0.1554762744126522	33
2358	0.0089020310014563	33
2359	0.1784918257674514	33
2360	0.1686571805124855	33
2361	-0.0013854879663271	33
2362	-0.4714707293638441	33
2363	-0.0632253619340289	33
2364	-0.1144265410318693	33
2365	-0.0596838834030146	33
2366	-0.1599887999136012	33
2367	0.0915532578951314	33
2368	-0.1793583437883274	33
2369	-0.0325864874756227	33
2370	0.1497523347366857	33
2371	0.0002008981785453	33
2372	-0.1009949041594023	33
2373	0.2509568282659157	33
2374	-0.1480299453220294	33
2375	-0.0745599548932482	33
2376	-0.2055239075411804	33
2377	0.1725694713667143	33
2378	0.177771666835403	33
2379	0.0416446273054222	33
2380	-0.0103861324012687	33
2381	0.2310827398014576	33
2382	0.0995581727259541	33
2383	-0.1810378224080806	33
2384	-0.1925099210844785	33
2385	-0.1818632318527274	33
2386	0.0298684531495635	33
2387	0.1658272575688087	33
2388	-0.1112414942222378	33
2389	-0.1734938932086677	33
2390	-0.1936851751484355	33
2391	-0.0172761190323493	33
2392	0.056880763159376	33
2393	-0.1857930894430511	33
2394	-0.2104692489426896	33
2395	0.0812691265542612	33
2396	0.0566188843917132	33
2397	0.0620352745163055	33
2398	-0.1620879153551657	33
2399	-0.060608792010878	33
2400	0.1830911065754472	33
2401	-0.049456812753456	33
2402	0.005470602238805	33
2403	0.3609073693965592	33
2404	0.3287216277288459	33
2405	-0.0995922853515668	33
2406	-0.2510061600622925	33
2407	-0.2166162147901876	33
2408	0.1986930915825332	33
2409	-0.0151715637005455	33
2410	-0.0596580351649826	33
2411	-0.0387911446523839	33
2412	-0.1784263436338782	33
2413	-0.2823172098898152	33
2414	-0.4066481600360611	33
2415	0.2478395581947172	33
2416	0.1670719272625392	33
2417	-0.2679313282556422	33
2418	-0.0713313256814201	33
2419	-0.0251769483036012	33
2420	0.2844877221124812	33
2421	-0.1568244176210149	33
2422	-0.0796244542368896	33
2423	-0.3117960757904529	33
2424	0.181477955519427	33
2425	-0.1289691465328935	33
2426	0.2514249984739761	33
2427	-0.1030210728552704	33
2428	0.0023644912821923	33
2429	-0.0789901293170528	33
2430	0.0898284581793434	33
2431	0.0371271298892845	33
2432	-0.0934484748661207	33
2433	-0.1127231161120068	33
2434	-0.1553286154886427	33
2435	0.1682932784943559	33
2436	0.0820148604264669	33
2437	0.2034645721835694	33
2438	0.2589224077958242	33
2439	-0.0229349717739536	33
2440	-0.3289315954113432	33
2441	-0.0033035865593409	33
2442	-0.1501603503679467	33
2443	-0.1257573331316587	33
2444	0.1952928877995509	33
2445	-0.0022530057248487	33
2446	0.0684118468143056	33
2447	-0.4151850107634064	33
2448	0.0207490253471061	33
2449	0.2033498879084877	33
2450	0.1734556583766945	33
2451	0.0553211906721209	33
2452	-0.251144472506837	33
2453	0.0463814654393652	33
2454	0.2150382693034764	33
2455	0.1151365138514859	33
2456	-0.3232512355680233	33
2457	0.0342448319453373	33
2458	-0.3501652922939769	33
2459	-0.0797328185123648	33
2460	0.1028552632436184	33
2461	-0.0111450969999221	33
2462	-0.0881378303156003	33
2463	0.1538972829632112	33
2464	-0.0748073020389289	33
2465	-0.0899308528919513	33
2466	-0.0432320262573873	33
2467	-0.275197125681551	33
2468	0.290311598435099	33
2469	0.1970598950574604	33
2470	-0.0540243281308525	33
2471	0.167180300986383	33
2472	-0.2190237945000566	33
2473	-0.1960828064485905	33
2474	-0.0140661417535526	33
2475	0.2213486161872681	33
2476	-0.0806496426908872	33
2477	0.3357476902358384	33
2478	-0.0690587072731267	33
2479	-0.1116859051827228	33
2480	0.0404247300053869	33
2481	0.0990335143997928	33
2482	-0.0695493442884352	33
2483	0.2950805879232206	33
2484	0.0524424399524306	33
2485	-0.096942858674532	33
2486	0.0660795955119108	33
2487	0.1197071062849917	33
2488	-0.1217846573942342	33
2489	-0.2036732556855888	33
2490	-0.1463729406218638	33
2491	-0.0487086605192101	33
2492	-0.0215764235067982	33
2493	0.0865290198279766	33
2494	0.0428989373932166	33
2495	0.047090794591307	33
2496	0.0786522488884009	33
2497	0.0800828643807284	33
2498	-0.0119374360776963	33
2499	0.0238619481002883	33
2500	-0.2536246177601268	33
2501	0.1570510367625879	33
2502	-0.1879619245790742	33
2503	-0.2814297269846719	33
2504	-0.0214411108693964	33
2505	0.1873925771597731	33
2506	0.1894676065049406	33
2507	-0.1606839768585579	33
2508	-0.0075914498394528	33
2509	0.1009371289893938	33
2510	-0.2441838632830235	33
2511	-0.0254012464189133	33
2512	-0.0823272644499678	33
2513	0.0789157777074921	33
2514	-0.179542494779887	33
2515	-0.248996785747717	33
2516	-0.1825015388275902	33
2517	-0.1226423560834022	33
2518	-0.1434557698785131	33
2519	0.0987992580357711	33
2520	-0.2128229605602576	33
2521	0.0402979476089296	33
2522	-0.0392758692323493	33
2523	-0.2198770463422614	33
2524	-0.0343707221270557	33
2525	-0.1340149248099981	33
2526	-0.0264138326207813	33
2527	-0.0808280620289916	33
2528	-0.0192184934270438	33
2529	-0.0965492433441772	33
2530	0.0821736627719888	33
2531	-0.163875177661345	33
2532	-0.0348308659477681	33
2533	-0.1533208079723706	33
2534	0.0806415261487397	33
2535	0.0783935866250196	33
2536	-0.3041410985457085	33
2537	-0.2247518741456672	33
2538	-0.0017826827828226	33
2539	0.0913447741279042	33
2540	0.3545935754848807	33
2541	-0.1363047789287575	33
2542	-0.0661517504576046	33
2543	0.1910355347274258	33
2544	-0.0893155719053294	33
2545	0.199546331532497	33
2546	0.3168748364076867	33
2547	-0.3445169789205968	33
2548	0.2421657829130097	33
2549	0.4433080745350772	33
2550	-0.0416118850947882	33
2551	-0.0063885459783083	33
2552	-0.1674497046036033	33
2553	0.1350429957572551	33
2554	0.2828277739525934	33
2555	-0.056388498567063	33
2556	0.0987614559575761	33
2557	-0.0769540623409812	33
2558	0.0046557173429406	33
2559	0.1747001262644474	33
2560	0.0327102239828833	33
2561	-0.1333385414243916	33
2562	0.026010608045099	33
2563	0.0831836083051183	33
2564	-0.1438735383452907	33
2565	0.1721390119662622	33
2566	-0.1585719979881872	33
2567	0.2032443639298998	33
2568	-0.0705433475037937	33
2569	0.1167346896636913	33
2570	0.0277262453939559	33
2571	-0.177458551404512	33
2572	-0.143656082491018	33
2573	-0.1200236855558153	33
2574	0.2134931272536342	33
2575	0.213284817656533	33
2576	-0.0209660345686445	33
2577	0.0735233493257058	33
2578	-0.2587286411375384	33
2579	0.1833794382865083	33
2580	0.1406310307979474	33
2581	0.0456297023224938	33
2582	-0.10373462081261	33
2583	-0.038078132457691	33
2584	-0.0552045179678531	33
2585	0.0373727541419087	33
2586	0.0744023608085054	33
2587	0.0923333654617048	33
2588	0.1084887561134501	33
2589	0.0988599799280325	33
2590	-0.1348698122238368	33
2591	0.0440265311665521	33
2592	0.0604387634162673	33
2593	-0.1144621220733537	33
2594	-0.0488744483992562	33
2595	0.0790170108764165	33
2596	0.0967108906787318	33
2597	0.0727573870935204	33
2598	-0.0675026166440039	33
2599	0.1397071505079919	33
2600	0.2415910972353062	33
2601	-0.1488821428543959	33
2602	-0.1329047268169971	33
2603	-0.3154802402150751	33
2604	0.0916060389585937	33
2605	0.2086130091021205	33
2606	0.0817849007044059	33
2607	0.0666794635549164	33
2608	-0.1860159040253698	33
2609	0.0410937656049973	33
2610	0.2390524578684258	33
2611	0.2162794931089501	33
2612	0.0245573971652716	33
2613	-0.2393452224763919	33
2614	0.0498712698451824	33
2615	-0.1585481158732932	33
2616	-0.2793488667005594	33
2617	0.125858225656074	33
2618	-0.018810230087667	33
2619	0.0432532243682846	33
2620	0.1342646848190955	33
2621	0.0867658703996953	33
2622	-0.1538981418736932	33
2623	0.2013759151513663	33
2624	-0.0632086022065705	33
2625	0.0897503616307547	33
2626	0.1145831811772238	33
2627	-0.3169455136402018	33
2628	-0.0619291245663514	33
2629	-0.0905693169598756	33
2630	0.0786757476067042	33
2631	-0.1311259451437818	33
2632	-0.0393957321227976	33
2633	0.0774938342450412	33
2634	0.1408600226540853	33
2635	-0.0569654564341629	33
2636	0.1481919809744012	33
2637	0.1615197337234283	33
2638	-0.1382246735469452	33
2639	0.1136138249022934	33
2640	-0.2674815303730505	33
2641	-0.1873204807780633	33
2642	-0.2488027780398644	33
2643	-0.2070352908633719	33
2644	-0.0419796531422792	33
2645	-0.225731875254328	33
2646	-0.1269340224382912	33
2647	-0.1647929760836472	33
2648	-0.3846917478264735	33
2649	-0.1368610865996695	33
2650	0.1829319867224758	33
2651	0.1786544076442965	33
2652	0.3881523861961735	33
2653	0.0444821998502882	33
2654	0.1778131586090935	33
2655	0.0711718721215198	33
2656	0.1520431634948191	33
2657	0.2548331387506754	33
2658	-0.0337590754106654	33
2659	0.1642117825743127	33
2660	-0.0302083297945298	33
2661	-0.024836871820291	33
2662	-0.0558471484628233	33
2663	0.1338624952016443	33
2664	0.250106226749796	33
2665	0.1213131357676055	33
2666	0.1556387972968262	33
2667	-0.0882336892121702	33
2668	-0.1537811625049239	33
2669	0.0216034848911467	33
2670	-0.0931685736315818	33
2671	0.35237011609324	33
2672	0.2457148609502469	33
2673	0.0354237427250641	33
2674	0.0793767443581653	33
2675	0.1129697884172624	33
2676	0.3030122620571192	33
2677	-0.2270220810070306	33
2678	0.3532534121984959	33
2679	0.1199532445539211	33
2680	0.1908128007427936	33
2681	0.284401674309436	33
2682	0.1187329347981042	33
2683	0.1637068506300471	33
2684	0.1714999890691308	33
2685	0.2620050250922692	33
2686	0.0674759021838531	33
2687	0.1412523728616051	33
2688	0.2101234034275463	33
2689	0.2441210012664314	33
2690	-0.1041010429576938	33
2691	0.0914160180204128	33
2692	0.1049477098489856	33
2693	0.2115434607262032	33
2694	-0.0352617189188352	33
2695	0.0773931752742449	33
2696	0.1321115161855564	33
2697	0.0205425951716146	33
2698	0.1552092361219186	33
2699	-0.0391143773568416	33
2700	0.1387233510175931	33
2701	-0.0495906269668096	33
2702	-0.13200747621383	33
2703	-0.1163530892767177	33
2704	-0.2357615689772646	33
2705	-0.4036111559649742	33
2706	-0.3309803775231465	33
2707	0.1062191585238719	33
2708	0.0336213310151268	33
2709	-0.0480810492803813	33
2710	-0.0819991368301731	33
2711	0.122975870673413	33
2712	-0.0141753252819173	33
2713	-0.2703864424314882	33
2714	-0.0816484876014321	33
2715	0.1737805577174241	33
2716	0.0725100434948426	33
2717	-0.0218097796441079	33
2718	-0.0036806707575999	33
2719	-0.1840057184714783	33
2720	0.1234644054489414	33
2721	0.2619572057818471	33
2722	-0.264373843113055	33
2723	-0.0617990648254096	33
2724	0.0186933974715465	33
2725	-0.1510390695276043	33
2726	0.055045969804011	33
2727	0.1544717345068993	33
2728	-0.0908830208232465	33
2729	-0.1144300845253546	33
2730	-0.3507263394654061	33
2731	-0.005836968214813	33
2732	0.171054191345672	33
2733	0.1837692641358569	33
2734	0.0642492030069792	33
2735	-0.0732564782677488	33
2736	-0.0796058426776485	33
2737	0.05468534536244	33
2738	0.2390052099922014	33
2739	-0.1826848169925921	33
2740	-0.1165368349460563	33
2741	0.172868299787413	33
2742	-0.2857379352373714	33
2743	-0.1277419846851235	33
2744	0.084933586564907	33
2745	0.0703856117035409	33
2746	-0.1324817040151916	33
2747	0.0258525994706937	33
2748	0.1336960416159515	33
2749	-0.043172140158877	33
2750	-0.1092695531920953	33
2751	0.2414985460850967	33
2752	-0.1769337274353026	33
2753	-0.1671655584346168	33
2754	0.0548556541778389	33
2755	-0.1719246309409276	33
2756	-0.0424456102242743	33
2757	-0.1812787064204685	33
2758	-0.06462756931424	33
2759	0.2734129365316144	33
2760	0.2361378575761683	33
2761	-0.1330152381131841	33
2762	0.1263836184561802	33
2763	-0.0416540772608802	33
2764	-0.0985023942564004	33
2765	0.0353416713321547	33
2766	0.1758933591055003	33
2767	0.0568820348039995	33
2768	0.1960306303911438	33
2769	-0.1769197703427914	33
2770	-0.077324959457363	33
2771	-0.2492960895938298	33
2772	0.1812782991706426	33
2773	-0.0453347077731127	33
2774	-0.3808424490274303	33
2775	-0.0247621142614156	33
2776	0.1580691029757719	33
2777	0.0580663117713212	33
2778	0.1852613169918199	33
2779	-0.1763608932582484	33
2780	0.2975050110934366	33
2781	0.2140635916159212	33
2782	-0.0159840510919336	33
2783	0.1792299743766813	33
2784	-0.1383296742131397	33
2785	-0.0808195721977391	33
2786	-0.0480923038371408	33
2787	0.0622182710946145	33
2788	-0.042277612547308	33
2789	-0.0804127856596473	33
2790	-0.1783976564847642	33
2791	-0.2308200227353632	33
2792	-0.028281214994098	33
2793	0.125252680211979	33
2794	0.249933025276946	33
2795	0.073635813446661	33
2796	0.1532251013737876	33
2797	0.0365526086885153	33
2798	-0.0169938977921168	33
2799	0.0273107017672474	33
2800	0.0262995986122987	33
2801	-0.1167061590533593	33
2802	-0.2517508804986342	33
2803	-0.0534356395678363	33
2804	0.1001674300512824	33
2805	-0.0841862442953873	33
2806	-0.174755742369791	33
2807	-0.1304515307968225	33
2808	-0.249239135022938	33
2809	-0.1676754024775451	33
2810	-0.0185600086640045	33
2811	0.0186023304491449	33
2812	0.2303279753318565	33
2813	0.2119715147922791	33
2814	-0.0561358421406423	33
2815	0.0618186475006142	33
2816	-0.1535923949976046	33
2817	0.0623526677432165	33
2818	0.1087860643571085	33
2819	-0.058429924585422	33
2820	0.1628372354885271	33
2821	-0.1081491756533517	33
2822	-0.1447708321719388	33
2823	0.1254592272897773	33
2824	-0.0318976265190278	33
2825	0.0192863862569867	33
2826	-0.0349732188910615	33
2827	0.1429656181198639	33
2828	-0.0571952114233085	33
2829	-0.088264892061265	33
2830	-0.1636686764839	33
2831	0.0306366994628161	33
2832	-0.0712866227102557	33
2833	-0.1818391899002965	33
2834	-0.3889105774111733	33
2835	0.1561762046020225	33
2836	0.1075747277398837	33
2837	-0.0387275269065297	33
2838	-0.1550804964210822	33
2839	-0.1056491655728643	33
2840	0.0286315935973387	33
2841	0.1520208365678533	33
2842	0.0583732230815797	33
2843	0.0810654112353454	33
2844	0.0491095230277859	33
2845	-0.202970338418762	33
2846	0.0059472678572278	33
2847	0.1993793928592461	33
2848	-0.2778093952265933	33
2849	0.0983211768735668	33
2850	0.2232242729919235	33
2851	-0.2002641641175088	33
2852	-0.0274800411059047	33
2853	0.2196013166584296	33
2854	-0.2070732861844376	33
2855	0.0404268845132597	33
2856	-0.0453117689618309	33
2857	-0.1222510465536175	33
2858	-0.1320757618484523	33
2859	0.0247863442960191	33
2860	-0.2541529691913894	33
2861	-0.3270158363243272	33
2862	0.029721162039347	33
2863	0.1596634992401511	33
2864	0.0261536770657672	33
2865	0.2974453542370214	33
2866	-0.185111823775965	33
2867	-0.2329740524165634	33
2868	0.0024156935789763	33
2869	0.1762995483519072	33
2870	0.1111698601586142	33
2871	-0.0959876161903053	33
2872	-0.2613224414446708	33
2873	-0.2216640057072682	33
2874	0.3139128291658349	33
2875	0.3493973001470031	33
2876	0.3574414746025294	33
2877	0.0599639133455913	33
2878	-0.2297977272329559	33
2879	0.2020668695201913	33
2880	0.1037449800525995	33
2881	-0.247982082189533	33
2882	-0.3648182037183959	33
2883	-0.1307731506063706	33
2884	-0.2884076140662825	33
2885	-0.1561431698311264	33
2886	0.120440781861565	33
2887	-0.1765595502433261	33
2888	-0.1306609146699519	33
2889	-0.1221445482684261	33
2890	-0.1846787803928558	33
2891	0.344092461472574	33
2892	-0.2312309871980335	33
2893	-0.1976382911775975	33
2894	-0.07815252785159	33
2895	0.1188548949292362	33
2896	-0.3677909449728409	33
2897	-0.3427635980567704	33
2898	-0.3292883587586704	33
2899	-0.0997164999794222	33
2900	0.1702383782452532	33
2901	-0.0136111042751606	33
2902	0.0179136527296205	33
2903	-0.0930954971260377	33
2904	0.002189496219566	33
2905	0.0776392193149663	33
2906	0.1162175829608507	33
2907	-0.0399157142112848	33
2908	-0.0540627133837491	33
2909	-0.141568681469086	33
2910	0.1782321152520239	33
2911	0.0283730052978771	33
2912	0.2243455772904504	33
2913	-0.0947074588544104	33
2914	0.4408355413260929	33
2915	0.1771436154522969	33
2916	-0.4652803710693988	33
2917	-0.2235348631375444	33
2918	0.5937158811680953	33
2919	0.0767933285800394	33
2920	-0.2227028266153024	33
2921	0.0383456681847768	33
2922	0.0087139024944086	33
2923	-0.1456283417380793	33
2924	0.2180011676877643	33
2925	-0.1922267708892565	33
2926	-0.0674360935405736	33
2927	-0.0806316977509667	33
2928	0.173036223564607	33
2929	-0.1265663498402783	33
2930	0.0794253103019563	33
2931	0.1635886441393136	33
2932	-0.2612934976408526	33
2933	-0.1439407805632465	33
2934	0.0584020924042535	33
2935	-0.340536157933276	33
2936	0.2034769737736568	33
2937	-0.0951836128474382	33
2938	-0.234289791979528	33
2939	-0.0405815795639996	33
2940	0.1359237983185692	33
2941	0.0277234623843037	33
2942	-0.4134693975714748	33
2943	0.0922254501857298	33
2944	-0.186284968462094	33
2945	0.3061848944772207	33
2946	-0.2262707715680367	33
2947	0.2976096125852452	33
2948	-0.2019928617490243	33
2949	0.2101471896130874	33
2950	0.1981887378415268	33
2951	0.0717201442591616	33
2952	-0.2488265423949005	33
2953	0.0492084418810878	33
2954	0.1360361691824697	33
2955	-0.0583223279857463	33
2956	-0.3063155927732211	33
2957	0.4343403001854737	33
2958	-0.1393734572504273	33
2959	-0.1250801776684116	33
2960	-0.1434860111269467	33
2961	-0.1611669476627622	33
2962	-0.0494130862804915	33
2963	-0.1311926347122375	33
2964	0.1007123254470569	33
2965	0.0568739289933408	33
2966	-0.3147183465444758	33
2967	0.0522005689417423	33
2968	0.3174553339542745	33
2969	0.007660748621118	33
2970	-0.011640041588538	33
2971	-0.009594158121134	33
2972	-0.0782328981582203	33
2973	0.3125429906583566	33
2974	0.3716766784652781	33
2975	-0.1885415190413126	33
2976	0.053619575414119	33
2977	0.0020248003734639	33
2978	0.2325176601500281	33
2979	0.3089873530864703	33
2980	-0.0848556882830248	33
2981	-0.215451715401202	33
2982	-0.1687793385363047	33
2983	-0.1581374440846445	33
2984	0.1711933773427361	33
2985	-0.1424891250878784	33
2986	-0.0194031699525772	33
2987	-0.058475523306822	33
2988	0.0604880812541943	33
2989	-0.1265164423463133	33
2990	0.3334635592785908	33
2991	-0.0842493500945331	33
2992	0.0705818805470077	33
2993	0.0654841456315982	33
2994	0.0027268098477114	33
2995	-0.1060968189651918	33
2996	0.2812429085770163	33
2997	-0.3955925892672643	33
2998	-0.0716528404311492	33
2999	-0.0755097387175458	33
3000	-0.0513635304619006	33
3001	-0.0795928890933622	33
3002	-0.0311414953211537	33
3003	0.1037808969245568	33
3004	0.0523513559998673	33
3005	-0.4440732882356685	33
3006	0.0789487021698986	33
3007	0.0041733468837103	33
3008	0.0947555857681602	33
3009	-0.2387098741216135	33
3010	-0.0425920115490381	33
3011	-0.1184286718535503	33
3012	-0.2608199044128055	33
3013	0.0250670520352195	33
3014	0.0924789009438921	33
3015	0.1095967243190359	33
3016	-0.0810487251768086	33
3017	0.1498025505297706	33
3018	-0.0432708186478209	33
3019	0.224683671585465	33
3020	-0.0292416402892627	33
3021	0.285869603082508	33
3022	-0.2582011342050908	33
3023	0.1290887065440695	33
3024	0.0920305052027433	33
3025	0.1064235565285783	33
3026	0.1042534156833534	33
3027	-0.0017183023487605	33
3028	0.0927065696857055	33
3029	-0.1251003459175662	33
3030	0.3159624684425903	33
3031	-0.0438032233552282	33
3032	0.0801696680388358	33
3033	0.0175505119673598	33
3034	0.0964103343717395	33
3035	-0.1277908924275314	33
3036	0.0415992984594218	33
3037	0.0279291643498005	33
3038	-0.2138100767725207	33
3039	-0.0251243794779955	33
3040	-0.4620805992032582	33
3041	0.0816755475013362	33
3042	-0.135956001772989	33
3043	-0.0531982156253701	33
3044	0.1966978205623742	33
3045	-0.0363071690747808	33
3046	-0.2389198200236439	33
3047	-0.2817829950351265	33
3048	-0.1451847092838167	33
3049	0.2765917506569909	33
3050	-0.0773627354394139	33
3051	0.1119649669543096	33
3052	-0.0122185104770454	33
3053	0.1698690844269294	33
3054	0.0797813386369708	33
3055	-0.0684720179397142	33
3056	0.1284094292487821	33
3057	0.0429108560770766	33
3058	0.0610976604635424	33
3059	0.2240977694525598	33
3060	0.0946089364575246	33
3061	-0.1409191730080318	33
3062	0.0377871513138353	33
3063	-0.2869687730368017	33
3064	0.3559049249562513	33
3065	0.118882985798038	33
3066	0.1006229932979958	33
3067	-0.3765081616048904	33
3068	-0.1128813155000899	33
3069	0.1919461323162171	33
3070	0.0861413917094972	33
3071	0.0370386394205046	33
3072	-0.0200455065674393	33
3073	0.1480613031475263	33
3074	-0.1192423927948023	33
3075	-0.1778548014744906	33
3076	0.3135751607268397	33
3077	-0.1026408298237401	33
3078	-0.063109566222972	33
3079	0.0714274421171179	33
3080	-0.0171635356302723	33
3081	-0.0833291506449948	33
3082	-0.4437125412477158	33
3083	-0.0988521358484909	33
3084	-0.0132646286741541	33
3085	0.1875469330360175	33
3086	-0.0912567349691423	33
3087	0.1952965802972626	33
3088	0.0137228872186003	33
3089	0.120781549100707	33
3090	-0.2835276444182316	33
3091	-0.0650302185726808	33
3092	0.2126697023844325	33
3093	0.151875209039988	33
3094	-0.0827345734972271	33
3095	-0.1657339819550913	33
3096	0.0151336711134059	33
3097	-0.0926535196966344	33
3098	-0.0973492989612044	33
3099	0.0425189926969036	33
3100	0.3599948885855731	33
3101	-0.0012961530152664	33
3102	-0.3508356802531915	33
3103	0.0532821496431904	33
3104	0.4674288773317012	33
3105	-0.2058391582730731	33
3106	-0.0543132850268376	33
3107	0.0219156256659555	33
3108	0.1064306695184552	33
3109	0.0453654494711478	33
3110	-0.0118470232121493	33
3111	0.0327691137589425	33
3112	-0.2031427769602087	33
3113	0.1686037733664191	33
3114	0.3318876146696549	33
3115	0.0733940904188908	33
3116	0.0480290541580318	33
3117	-0.0187973916096984	33
3118	0.0641384637880646	33
3119	0.0897700850271053	33
3120	-0.0298434433286488	33
3121	-0.0351875141703096	33
3122	-0.0525543882012906	33
3123	0.0076889584637259	33
3124	-0.1816217218961097	33
3125	0.123828067657771	33
3126	-0.1424224907073904	33
3127	0.2985995909213594	33
3128	0.1899634217993138	33
3129	0.3087235200540194	33
3130	-0.2616016614264039	33
3131	-0.1330865987762789	33
3132	0.0127860017111666	33
3133	0.2476900108253997	33
3134	-0.1355330507725121	33
3135	0.159749642169665	33
3136	-0.0734869335254399	33
3137	0.151039192664023	33
3138	-0.2562587359397841	33
3139	0.2191346260796459	33
3140	-0.3044747909610201	33
3141	0.2185233108630369	33
3142	-0.0453783898087359	33
3143	-0.0115805503190828	33
3144	-0.1588938843021575	33
3145	-0.167722269235905	33
3146	-0.184953785255439	33
3147	-0.0845000239421822	33
3148	0.1681283369527846	33
3149	-0.1913257422433638	33
3150	0.2661906265143114	33
3151	0.0331027332144023	33
3152	0.1638474916680806	33
3153	-0.222095025635246	33
3154	0.0661862909412976	33
3155	0.4306544331168955	33
3156	-0.0784044678667005	33
3157	-0.2661572132511715	33
3158	-0.1367587094923662	33
3159	0.1901787512702499	33
3160	0.259891901876425	33
3161	0.1321605186013948	33
3162	0.119503161207516	33
3163	0.0408392879697435	33
3164	0.1622119779302034	33
3165	0.0739888948559704	33
3166	0.4235823159708055	33
3167	0.1211213702492741	33
3168	-0.2536784955310492	33
3169	0.0790552161934339	33
3170	-0.0655593462803726	33
3171	-0.0060218286728428	33
3172	-0.2822613634681623	33
3173	0.1041578503087198	33
3174	-0.1013244905882373	33
3175	-0.0851277620997732	33
3176	-0.4403932272555296	33
3177	0.1064999413973736	33
3178	-0.1800197154006631	33
3179	0.0137200137323068	33
3180	-0.2344627830668262	33
3181	0.1297812313740519	33
3182	-0.2442807165759065	33
3183	0.1363261212009327	33
3184	-0.140114365450497	33
3185	0.0717617331088699	33
3186	-0.1775674567663263	33
3187	-0.1978154098508329	33
3188	-0.1505995691669564	33
3189	0.2675213087053963	33
3190	-0.2534656348375872	33
3191	-0.1020186540791135	33
3192	0.0800463865408873	33
3193	0.2565473023988666	33
3194	0.0649936817353545	33
3195	0.0051981955730724	33
3196	0.3628827100275222	33
3197	-0.0624367826218693	33
3198	0.1074525294961173	33
3199	-0.2016098107447344	33
3200	-0.0727418622237941	33
3201	-0.2492829742995469	33
3202	0.0270046493399193	33
3203	0.1072959345816936	33
3204	0.2840423508517479	33
3205	-0.5517274062752257	33
3206	0.2333302922810983	33
3207	-0.2509815519359198	33
3208	-0.344955392649486	33
3209	-0.0085304524345629	33
3210	0.0797241159419849	33
3211	-0.2169312889418088	33
3212	-0.0489868945787072	33
3213	0.1341549783442933	33
3214	0.1334816754928336	33
3215	-0.1128176152819355	33
3216	-0.0619009943096927	33
3217	-0.4287727398351906	33
3218	-0.0168374800194962	33
3219	0.1996487372161397	33
3220	-0.1864601747923236	33
3221	-0.0145964959886663	33
3222	-0.2895559519333074	33
3223	-0.0634712091858017	33
3224	-0.0596229142964168	33
3225	-0.3630640550281661	33
3226	0.2606524052575715	33
3227	0.0839291149099196	33
3228	0.0061110762358488	33
3229	-0.0962296987098094	33
3230	0.0022592386937733	33
3231	0.1637629394169431	33
3232	0.2021832500699266	33
3233	0.0017918205217396	33
3234	-0.0257616848092249	33
3235	0.2229530068950705	33
3236	-0.070309220294113	33
3237	0.3710871352075642	33
3238	0.1386447736322996	33
3239	-0.1694885931300414	33
3240	0.2018024221627152	33
3241	0.2113768118296731	33
3242	0.0875787616005706	33
3243	0.0503467033623571	33
3244	-0.0133889150184391	33
3245	0.1633538154216069	33
3246	-0.0895365356465304	33
3247	0.0827230073630959	33
3248	-0.3365143384055793	33
3249	-0.091306064577321	33
3250	-0.1332918743773375	33
3251	0.1264781242213181	33
3252	-0.2191434595819503	33
3253	0.017947931749273	33
3254	-0.2913274762999271	33
3255	0.2520965039515859	33
3256	-0.195558939203248	33
3257	-0.2598310089105384	33
3258	0.0263518919990058	33
3259	0.2400126937779023	33
3260	-0.1399749094857384	33
3261	0.0127693485906021	33
3262	-0.0971680611030784	33
3263	-0.2661523003680326	33
3264	0.1472487264319949	33
3265	0.225799834038877	33
3266	0.2068765074121483	33
3267	0.029778239684385	33
3268	0.2288834234454831	33
3269	0.0051573125400461	33
3270	-0.0382300048664351	33
3271	-0.1279487963140845	33
3272	0.0183363202863516	33
3273	-0.2241193376050683	33
3274	-0.2730265264808221	33
3275	-0.0271353737736135	33
3276	-0.0646769093453024	33
3277	-0.2292072457455649	33
3278	-0.2018688740257487	33
3279	0.2630507396451503	33
3280	0.0427686139692273	33
3281	-0.1423138366008497	33
3282	-0.1900938943923242	33
3283	-0.2084418205356802	33
3284	0.0746608774750464	33
3285	0.2743857102769383	33
3286	-0.1285425596616793	33
3287	0.4167465461337571	33
3288	-0.0400986053251151	33
3289	0.0533456735369176	33
3290	-0.0659891344971614	33
3291	0.077877452859128	33
3292	-0.2445573739040649	33
3293	-0.1593612162666267	33
3294	0.1068668983897435	33
3295	-0.1943535298351505	33
3296	0.1432746610170219	33
3297	0.1447172347956247	33
3298	0.1471678696498748	33
3299	0.0092852629230646	33
3300	-0.0594771725450457	33
3301	0.0255566309616536	33
3302	0.2137438494514296	33
3303	-0.3136287429873826	33
3304	0.155583079656376	33
3305	0.1243456132708159	33
3306	-0.0495139263509303	33
3307	-0.3688853391429891	33
3308	0.2964509286241604	33
3309	0.3294948149085734	33
3310	-0.1081561166938036	33
3311	-0.1082890851962198	33
3312	0.2168788194598521	33
3313	0.1136636702557664	33
3314	0.0586607412965973	33
3315	-0.1373065994137882	33
3316	0.105067864233603	33
3317	-0.0952558330048408	33
3318	-0.2246654366073806	33
3319	0.03105079402913	33
3320	0.3504218616300435	33
3321	0.127033663765354	33
3322	-0.0337639438981155	33
3323	-0.1168586587593485	33
3324	-0.047183285505276	33
3325	-0.1337109813732322	33
3326	0.0182377931511549	33
3327	-0.0309609839496291	33
3328	0.176657960431647	33
3329	-0.3588886061848681	33
3330	-0.2073482014158699	33
3331	-0.0385287456657592	33
3332	-0.1031173012349755	33
3333	-0.1965288358463917	33
3334	-0.0577190359606273	33
3335	-0.4271724351158625	33
3336	0.0222569216536914	33
3337	-0.1617326553736656	33
3338	0.1994516393705155	33
3339	0.1905254700945282	33
3340	-0.0876592320092917	33
3341	-0.168820889191039	33
3342	-0.1601916662026252	33
3343	-0.2775129343123425	33
3344	0.2598839320269038	33
3345	0.2820827005993186	33
3346	-0.0982883581912348	33
3347	0.0655331940867557	33
3348	-0.0252294382928032	33
3349	-0.0339289779839553	33
3350	-0.1740454856113077	33
3351	0.092090157057913	33
3352	0.0051350684736048	33
3353	-0.1672634553895081	33
3354	0.0689731881500106	33
3355	-0.1916451929900177	33
3356	-0.1063720169620092	33
3357	-0.0115500436123888	33
3358	-0.0260188027291618	33
3359	0.1208432104570015	33
3360	-0.1400425145870288	33
3361	-0.3005284785199675	33
3362	-0.0854209680858666	33
3363	0.0200968165508846	33
3364	0.3295898005358372	33
3365	-0.0384101200126653	33
3366	-0.0929514628465631	33
3367	-0.3537616883055399	33
3368	-0.097316481025614	33
3369	0.0012834346856677	33
3370	-0.0098463651196368	33
3371	-0.0177995620079553	33
3372	0.0361466535984073	33
3373	-0.1782611921229597	33
3374	-0.1229221491333766	33
3375	-0.0593625529570561	33
3376	-0.1324036689560191	33
3377	0.1003300298299504	33
3378	0.0036164347169754	33
3379	-0.0788734676367047	33
3380	-0.0878740795485595	33
3381	0.0466243432452388	33
3382	0.2171547156683533	33
3383	-0.0005007871434438	33
3384	0.1545120399261723	33
3385	0.0004829046727317	33
3386	-0.1346134436699391	33
3387	0.1107283087829936	33
3388	-0.2445824824862156	33
3389	0.0378698484068149	33
3390	0.0670895226019132	33
3391	0.4090365488915817	33
3392	0.1316587103528865	33
3393	-0.0653657276336661	33
3394	-0.0357773523298821	33
3395	-0.1365590442734025	33
3396	-0.0558636031147022	33
3397	0.0104869833436825	33
3398	0.0997767978910706	33
3399	0.139409387287743	33
3400	-0.2616704217814519	33
3401	0.1447255058517942	33
3402	0.1752423670473911	33
3403	-0.0736673285808574	33
3404	0.1419526895553667	33
3405	-0.0259580791806226	33
3406	-0.1086596654051467	33
3407	0.1061020430081289	33
3408	-0.242024080892467	33
3409	-0.165071952775504	33
3410	0.0434563898942611	33
3411	0.0253844073568868	33
3412	0.0567457131088935	33
3413	-0.1376057158749385	33
3414	0.185662386831797	33
3415	-0.2348539180593638	33
3416	-0.2476155894398484	33
3417	0.2035982963918013	33
3418	0.0961824296178497	33
3419	0.4937415434325581	33
3420	-0.2272009682626898	33
3421	0.0344339463587995	33
3422	-0.0396988035133505	33
3423	0.1366925227241393	33
3424	-0.1453369658743774	33
3425	0.0056527642779192	33
3426	0.1395631456532386	33
3427	-0.11199033610813	33
3428	-0.1433540763097418	33
3429	0.2429556218430501	33
3430	-0.1119838576646523	33
3431	0.121031709057273	33
3432	0.2892238414604456	33
3433	0.0491840318647653	33
3434	0.1988728464945075	33
3435	0.1153558916555508	33
3436	0.1784930248639917	33
3437	-0.0231076431920326	33
3438	-0.0091199605525852	33
3439	-0.1298449264971371	33
3440	0.1557210986436118	33
3441	-0.1132275960328653	33
3442	0.277598803266718	33
3443	-0.0771358808018133	33
3444	-0.091254166302822	33
3445	-0.1354889854118503	33
3446	0.063200023238553	33
3447	0.0166020831121627	33
3448	-0.1954721884904177	33
3449	0.1713323515525001	33
3450	0.2122793803413102	33
3451	-0.2315399006540381	33
3452	0.0332893942060032	33
3453	-0.166857999666588	33
3454	0.1092820899519767	33
3455	0.277903922626949	33
3456	0.1111374272408945	33
3457	0.00303742670105	33
3458	-0.1120547909357534	33
3459	0.1652495946047792	33
3460	0.0746520286145171	33
3461	0.1975944231976673	33
3462	-0.0351551767287499	33
3463	0.148496126080671	33
3464	0.4041048368146216	33
3465	0.0575485781272689	33
3466	0.2182147628217437	33
3467	0.2576182244164196	33
3468	0.0709291655047516	33
3469	-0.2992669184631905	33
3470	0.236823125032308	33
3471	0.1479185417770194	33
3472	0.1753845937683319	33
3473	-0.2246912391258859	33
3474	-0.0695632897814601	33
3475	-0.2499972523496444	33
3476	-0.2304065404186586	33
3477	0.2597041632009781	33
3478	0.0979681148210405	33
3479	-0.0421735426256939	33
3480	0.0437030927825229	33
3481	0.1056672735527779	33
3482	-0.0544823208712182	33
3483	-0.0440678392669932	33
3484	-0.1920320824878108	33
3485	0.151927831987032	33
3486	-0.2767929552674569	33
3487	-0.1096999683973156	33
3488	0.0050655422827078	33
3489	-0.1942384726992598	33
3490	-0.0881325499061507	33
3491	0.1027920526672311	33
3492	-0.000942803346226	33
3493	0.0942282419831651	33
3494	0.1407232255871292	33
3495	0.0581417341800142	33
3496	-0.1121817794326074	33
3497	0.3430732274251991	33
3498	-0.0702291561738883	33
3499	-0.0554309907778265	33
3500	-0.115953522459684	33
3501	0.1084796244140814	33
3502	-0.388536251367029	33
3503	-0.0461873839328587	33
3504	-0.114530369768004	33
3505	-0.0271750829895176	33
3506	0.1399413975415336	33
3507	-0.0225087695971123	33
3508	0.0886173060312652	33
3509	0.0879809902446877	33
3510	0.0451222697740582	33
3511	0.2540530643621663	33
3512	-0.0428780131545042	33
3513	-0.181753308531498	33
3514	-0.1093789006696929	33
3515	0.1067477846354592	33
3516	0.1437877003076193	33
3517	-0.1190468416116483	33
3518	-0.0488444128951157	33
3519	0.0046123281035429	33
3520	-0.2319079120045988	33
3521	-0.2060948988222086	33
3522	0.3624090452035201	33
3523	0.2111440555866935	33
3524	0.2681196539954165	33
3525	-0.0317678901196813	33
3526	-0.0596391821474447	33
3527	-0.0802282842670528	33
3528	0.0768314522191061	33
3529	0.1334785978233214	33
3530	0.0486062070631827	33
3531	-0.0323050724439937	33
3532	0.1751018064837993	33
3533	-0.1850646400779253	33
3534	-0.1504691744104937	33
3535	0.1001301334596109	33
3536	0.0340341736773603	33
3537	0.0868422424639827	33
3538	0.2192071655344851	33
3539	-0.0684830318125497	33
3540	-0.1468372914821771	33
3541	0.5298727102227897	33
3542	-0.1011124725022426	33
3543	-0.0532895332178998	33
3544	-0.2445880747396056	33
3545	0.0146223297194865	33
3546	-0.1719359138316561	33
3547	-0.0671652681972035	33
3548	-0.1314119204449442	33
3549	-0.2112201232939722	33
3550	0.1851675709418106	33
3551	-0.173627350061575	33
3552	0.2635312362377653	33
3553	0.2421501598143416	33
3554	0.0878141949586934	33
3555	-0.0864228838830277	33
3556	-0.1126794567764	33
3557	-0.2186574573556239	33
3558	-0.2336662977574729	33
3559	0.1169620351606516	33
3560	-0.1336898371678936	33
3561	-0.1324165374323624	33
3562	0.1282085300713661	33
3563	0.0710526652048604	33
3564	0.0953370384253916	33
3565	-0.0491663674428739	33
3566	0.1381077516872801	33
3567	0.0292283713836513	33
3568	-0.1519653673573966	33
3569	-0.1929936999608643	33
3570	-0.1531477102044365	33
3571	-0.4094137961312417	33
3572	0.208490735671121	33
3573	-0.2561697889142534	33
3574	0.0006371990442757	33
3575	0.1926610718777446	33
3576	0.1096357539836923	33
3577	0.1906366930096661	33
3578	-0.2739601358683921	33
3579	-0.1057284685041869	33
3580	0.3831445433642089	33
3581	-0.0134459912955907	33
3582	-0.0732164148703644	33
3583	-0.0275301299629615	33
3584	-0.0336724184339355	33
3585	0.2056317436252405	33
3586	-0.2828176203614144	33
3587	0.0891949727038202	33
3588	0.1595855037114512	33
3589	-0.0698161879627141	33
3590	-0.275194095415946	33
3591	0.0804388912452399	33
3592	0.0887263220965537	33
3593	-0.0462612578693817	33
3594	-0.2621629803079607	33
3595	-0.2791951845000325	33
3596	0.218255586947149	33
3597	-0.1227671627348433	33
3598	-0.1490282765195895	33
3599	-0.1929388574244796	33
3600	0.1141933276995386	33
3601	-0.1424555599007457	33
3602	0.0104450517517567	33
3603	0.048821944956772	33
3604	-0.1902917998654034	33
3605	-0.3252155093352369	33
3606	-0.0586876468712722	33
3607	-0.0392421845849268	33
3608	0.1807176811925915	33
3609	-0.3066657841518272	33
3610	-0.0652642412647772	33
3611	0.0714597950880557	33
3612	-0.0469468048518148	33
3613	-0.0775486538351429	33
3614	0.2065722017607104	33
3615	0.1123190542220755	33
3616	0.1164702762195064	33
3617	-0.3199451209838198	33
3618	-0.1541735666373878	33
3619	-0.1059417534739461	33
3620	-0.1519681853387385	33
3621	0.2719813394559697	33
3622	0.1523351218382387	33
3623	0.0767657980608205	33
3624	0.1495846282000804	33
3625	0.11048006003967	33
3626	-0.0489817183994316	33
3627	-0.2367391612043929	33
3628	0.0135321832576706	33
3629	-0.3213490040582624	33
3630	-0.0022547314517726	33
3631	0.13287970523463	33
3632	0.2245862594223203	33
3633	-0.2079714487196992	33
3634	-0.189889986269212	33
3635	0.1039174338716792	33
3636	-0.0693330085098844	33
3637	-0.0149230384348943	33
3638	-0.1431457132071293	33
3639	0.335508044199419	33
3640	0.2440151871796438	33
3641	0.150631666984113	33
3642	-0.0846337002691516	33
3643	0.0837326384486443	33
3644	0.0850139354723565	33
3645	-0.0439106728387937	33
3646	-0.3888063242963127	33
3647	-0.1510118897924521	33
3648	-0.3557673776814551	33
3649	-0.2123972388702916	33
3650	0.053637802522172	33
3651	-0.3096245240889617	33
3652	-0.1536168547053755	33
3653	-0.0571975296141187	33
3654	-0.0121160438248219	33
3655	0.4399850127497534	33
3656	-0.2826404910516757	33
3657	0.0769602050494588	33
3658	0.1381525047376549	33
3659	0.1296836340029606	33
3660	-0.0178468368152211	33
3661	0.1943898397166089	33
3662	-0.1701095143501933	33
3663	-0.3795036512882329	33
3664	0.274334929128543	33
3665	0.3726572954332468	33
3666	0.0064951524650528	33
3667	0.2302804103220468	33
3668	-0.0495029352107155	33
3669	-0.0122934644095526	33
3670	0.0789736883857133	33
3671	0.1649610445878542	33
3672	-0.0068858500994197	33
3673	-0.2033195228214641	33
3674	0.0515059901466751	33
3675	-0.1826161605305201	33
3676	-0.143732830335293	33
3677	0.0069017461548519	33
3678	-0.0770375899878323	33
3679	-0.1585669326610926	33
3680	-0.3504838250260506	33
3681	0.2929341308741103	33
3682	0.0890041072904016	33
3683	-0.2012863692150252	33
3684	0.1555338753169834	33
3685	-0.1039499671109821	33
3686	-0.0465461892799567	33
3687	0.0943769645011929	33
3688	-0.1443564523810703	33
3689	0.0708225477855154	33
3690	-0.2931262455380373	33
3691	-0.6713054615699722	33
3692	0.0220892319443187	33
3693	0.1777676479386845	33
3694	-0.3326856587604228	33
3695	0.1681355869417563	33
3696	0.2085619767985127	33
3697	-0.2375599211401479	33
3698	0.1832952199028454	33
3699	-0.3204912971113259	33
3700	0.0339119536317725	33
3701	0.2349550054221294	33
3702	0.0301539055331512	33
3703	0.010012611603447	33
3704	-0.0551184859556635	33
3705	0.2221630187078914	33
3706	-0.1588256748389429	33
3707	-0.196839416096919	33
3708	-0.0151919086197795	33
3709	0.4073679135275997	33
3710	-0.2678199405792908	33
3711	0.1440764585684209	33
3712	-0.0823315477560367	33
3713	0.2664833580553274	33
3714	0.2618704874310358	33
3715	0.1275291137158726	33
3716	0.212907897210871	33
3717	-0.0162632177089748	33
3718	-0.1385872103953962	33
3719	0.1222040478988342	33
3720	0.0884531742557488	33
3721	0.0402313929146508	33
3722	0.3011849693696559	33
3723	-0.3503704803440399	33
3724	-0.0393603358235211	33
3725	-0.2148743319946902	33
3726	0.1527532806336886	33
3727	-0.2152573552751427	33
3728	0.384546971608298	33
3729	-0.3157394922051276	33
3730	-0.1820350314267933	33
3731	0.1123165577617852	33
3732	-0.0530953056182519	33
3733	-0.0723401257001644	33
3734	-0.2258019800159104	33
3735	-0.0054430334402699	33
3736	-0.2379840837823743	33
3737	0.0521035823296643	33
3738	-0.1117086583271878	33
3739	-0.0785369076493006	33
3740	-0.075475492709884	33
3741	-0.1703466128985748	33
3742	-0.1655953194485782	33
3743	-0.1646397456400626	33
3744	-0.0335246075514214	33
3745	-0.0026401876263835	33
3746	-0.1019939628180653	33
3747	-0.0276753917499555	33
3748	-0.0946782669441195	33
3749	-0.1747612146251018	33
3750	0.0941114089370839	33
3751	0.1036620962346858	33
3752	-0.2110411461254038	33
3753	0.2211407873547682	33
3754	-0.0308597535211155	33
3755	-0.2267637452402128	33
3756	0.1287996508456691	33
3757	-0.0981453358837568	33
3758	0.0323606234734834	33
3759	-0.0900063893328958	33
3760	0.0467332544041317	33
3761	0.2638530653734798	33
3762	0.1618570962366309	33
3763	0.2082874954928467	33
3764	-0.0516318877163404	33
3765	-0.1531065855976313	33
3766	-0.1825768683296978	33
3767	-0.0535528514327791	33
3768	-0.0989351231727641	33
3769	0.0878065154388086	33
3770	0.0054655297631101	33
3771	-0.1851641253364513	33
3772	-0.0709371244167929	33
3773	-0.0758593182613939	33
3774	0.2980652529848886	33
3775	0.2605499608545479	33
3776	-0.1215259470826023	33
3777	0.1620513656753861	33
3778	0.1145754337127492	33
3779	0.0458679055141113	33
3780	0.1318263573686563	33
3781	0.0831189701520182	33
3782	-0.0244059880291025	33
3783	0.1832971353592352	33
3784	-0.142285467501295	33
3785	-0.0547610880917998	33
3786	-0.0009315577023153	33
3787	0.1448122961709786	33
3788	-0.0433834558298371	33
3789	-0.1041286833890057	33
3790	0.3265117970540535	33
3791	-0.2641281223009267	33
3792	-0.32352656423025	33
3793	0.1596339556930983	33
3794	0.2126833039165004	33
3795	-0.1780649000431726	33
3796	0.1147739860913633	33
3797	0.4711151798653462	33
3798	-0.0894727774571476	33
3799	0.0621006131274708	33
3800	0.1422554372174647	33
3801	-0.2332949178503069	33
3802	-0.1513327342705279	33
3803	0.1709022896608703	33
3804	-0.1782447378640885	33
3805	-0.2392261614445993	33
3806	-0.2475404695530526	33
3807	0.3667628909495067	33
3808	0.0979098509636071	33
3809	-0.1865405839689602	33
3810	-0.0342405137076807	33
3811	-0.2010778695743009	33
3812	0.0142999590760812	33
3813	0.0622081423815266	33
3814	-0.1445755070272895	33
3815	0.0128502382185611	33
3816	0.0017054797849383	33
3817	-0.2512366571845978	33
3818	0.1140901458880548	33
3819	-0.0678667052474978	33
3820	-0.2836808657597608	33
3821	0.1869739948910462	33
3822	0.0792997979541669	33
3823	0.0750755243429065	33
3824	0.0970714553514284	33
3825	-0.1659144068433966	33
3826	-0.2160378056183044	33
3827	0.0728601246317006	33
3828	-0.2225803570826023	33
3829	-0.1196803325336469	33
3830	0.2089015555224831	33
3831	0.1457820316043062	33
3832	-0.0904797022297914	33
3833	-0.1200606018421173	33
3834	-0.2656001388441981	33
3835	-0.2765572555486329	33
3836	0.2992268691471312	33
3837	0.0590325665294516	33
3838	-0.087588719062254	33
3839	-0.165061213628318	33
3840	0.1725205608642564	33
3841	-0.1899929792030721	33
3842	0.2835347610071248	33
3843	-0.0221041658360067	33
3844	0.2713290855823119	33
3845	-0.0157785066888874	33
3846	0.2804779833007174	33
3847	-0.4043379934038398	33
3848	-0.1804502378057407	33
3849	0.3543219561875305	33
3850	-0.1959486690772053	33
3851	0.3246440270576865	33
3852	-0.1192991022520322	33
3853	-0.0793336600057799	33
3854	-0.0333715372802769	33
3855	-0.1249379630460302	33
3856	0.2579873699905385	33
3857	0.0291744897536451	33
3858	-0.1053817864741577	33
3859	0.1126324410963949	33
3860	0.2108159942318837	33
3861	-0.2046219412187987	33
3862	-0.1632347622458086	33
3863	0.062289615069359	33
3864	-0.0266149843958388	33
3865	-0.0955886002694452	33
3866	-0.11887507313848	33
3867	-0.2771389523850482	33
3868	0.0421462019756752	33
3869	-0.0352867481624105	33
3870	0.1150880771576386	33
3871	-0.0945264147272401	33
3872	0.0693324489691071	33
3873	0.1214511983266602	33
3874	-0.0033000659751347	33
3875	0.0174469332671153	33
3876	-0.0175488705946649	33
3877	-0.0410007923649279	33
3878	-0.0974486340870831	33
3879	0.0718663808331224	33
3880	-0.0561805521768004	33
3881	-0.1450245664035229	33
3882	-0.2146762067840416	33
3883	0.1095846985892505	33
3884	-0.0455271855334486	33
3885	0.2322828935552493	33
3886	0.1648609851320319	33
3887	0.2960071037208644	33
3888	0.0431430342965087	33
3889	-0.2729627650527408	33
3890	0.1617825994649069	33
3891	-0.0186071372265474	33
3892	0.0827245512858918	33
3893	-0.1029730649404591	33
3894	-0.1986093277050126	33
3895	0.0717376658320802	33
3896	0.0415294311342854	33
3897	-0.0412261701842672	33
3898	0.2639425874120782	33
3899	0.2550294623478232	33
3900	-0.1207510950207961	33
3901	0.1091456975624159	33
3902	-0.2816092827539388	33
3903	-0.067925992669629	33
3904	0.2307393612853492	33
3905	-0.0353364186362878	33
3906	-0.0520342365066166	33
3907	0.0399920351195921	33
3908	0.0823245728274418	33
3909	-0.1342682849588677	33
3910	0.198328717606303	33
3911	-0.1905833954496399	33
3912	0.0547810584022311	33
3913	-0.0259939491641358	33
3914	0.2066004845222331	33
3915	0.2786422549024835	33
3916	-0.0001579443941584	33
3917	0.0326251005392188	33
3918	0.4745357011447488	33
3919	0.0124721277234188	33
3920	0.0243649332029129	33
3921	0.0501871237988676	33
3922	-0.1928059663405446	33
3923	-0.0597842138993822	33
3924	-0.0422992430676732	33
3925	0.2536003855595403	33
3926	-0.0214466297274484	33
3927	-0.0832058546820984	33
3928	-0.2274698868504926	33
3929	-0.2430820219774574	33
3930	0.0054626298207054	33
3931	0.3953590328606546	33
3932	-0.11820819655874	33
3933	-0.0216604703098101	33
3934	-0.0451014278194419	33
3935	-0.0593805581512617	33
3936	-0.1900698950262932	33
3937	-0.0551779456561155	33
3938	-0.0517078952653674	33
3939	0.1017761313758476	33
3940	-0.0544891677669004	33
3941	-0.1192728421758212	33
3942	0.2428729651100615	33
3943	-0.2404029433438624	33
3944	0.0351361502538044	33
3945	-0.088472863620388	33
3946	0.2793495406674403	33
3947	-0.0550403365314227	33
3948	0.1141194641397281	33
3949	-0.0860899216707212	33
3950	-0.3989340314136655	33
3951	0.1781316280620667	33
3952	-0.073929013279126	33
3953	-0.287306188311734	33
3954	0.1309715731156367	33
3955	0.1846889400572707	33
3956	0.0925086140724401	33
3957	-0.0749860185845741	33
3958	0.048384666884722	33
3959	-0.0978944569134157	33
3960	0.0140410885107385	33
3961	-0.1704824592600393	33
3962	-0.1039130669399922	33
3963	0.0858221295126633	33
3964	-0.0782056383411222	33
3965	0.1397535377567958	33
3966	-0.2389466475224002	33
3967	-0.0690914349282236	33
3968	-0.1301909397531428	33
3969	0.0462825461174742	33
3970	-0.0557003328564139	33
3971	0.0420984480692908	33
3972	0.2626938634517715	33
3973	0.0685042511841577	33
3974	-0.0202976469038351	33
3975	-0.4138883650324371	33
3976	-0.2302144009654313	33
3977	0.1155435721644934	33
3978	0.1449376826042012	33
3979	0.3012823205101397	33
3980	0.0101485798877378	33
3981	0.3580004549588629	33
3982	-0.3378183517453123	33
3983	-0.1655717367751677	33
3984	0.2341156948861404	33
3985	0.0655784495929199	33
3986	-0.0013172586298949	33
3987	0.2470135347013562	33
3988	0.2628743051201105	33
3989	-0.1704610889787532	33
3990	0.1662422410905898	33
3991	-0.2667352136679375	33
3992	0.062051978123231	33
3993	0.0079708162743609	33
3994	-0.2818209192260804	33
3995	-0.3458129316729585	33
3996	0.2739213106952662	33
3997	0.1630257563563111	33
3998	0.3740183482547582	33
3999	-0.0060455435503567	33
4000	0.1543930286897341	33
4001	-0.5112491903818619	33
4002	-0.1642412711637719	33
4003	0.2184176066064989	33
4004	-0.0989227593763497	33
4005	0.1242625303997484	33
4006	0.2377728422067738	33
4007	-0.1745732144581677	33
4008	-0.0435417426825597	33
4009	0.1404766066579814	33
4010	0.3226938665665346	33
4011	0.2758706451988812	33
4012	-0.0770860506940054	33
4013	-0.1855414853661584	33
4014	0.103703831733387	33
4015	0.09755403224962	33
4016	0.2792247882060856	33
4017	0.1988656239292676	33
4018	0.0797504173657298	33
4019	0.1501942193444821	33
4020	-0.1621347482115278	33
4021	0.0683286770852204	33
4022	-0.0526151169432006	33
4023	0.0012511266741244	33
4024	0.1077441288824272	33
4025	-0.1996813591083897	33
4026	0.0620625081027167	33
4027	0.1498209088134816	33
4028	-0.244008081418019	33
4029	0.0820112310981586	33
4030	0.1084134406730035	33
4031	0.1265399677516694	33
4032	-0.0897879701178924	33
4033	-0.2228025569683736	33
4034	-0.0198874216506471	33
4035	0.0170664828217147	33
4036	-0.1951747341946622	33
4037	-0.1044784266722626	33
4038	0.1320076797953596	33
4039	-0.2266927217346489	33
4040	0.1211366239432505	33
4041	-0.0818389162096144	33
4042	0.0629726412691448	33
4043	-0.0011992301739054	33
4044	0.1751663001363467	33
4045	-0.1438675894108423	33
4046	0.2194818399427521	33
4047	-0.012958605539497	33
4048	-0.188376287384624	33
4049	-0.0804327372953883	33
4050	-0.2020846956745836	33
4051	0.0534120367263899	33
4052	0.2318331327651249	33
4053	0.0364815085766011	33
4054	0.0739983925787869	33
4055	-0.0836809391337531	33
4056	-0.0837846050466928	33
4057	-0.0379440768823747	33
4058	-0.1524073217916192	33
4059	-0.1267912422050741	33
4060	-0.1014831132640376	33
4061	0.2416953221166352	33
4062	0.1055755248107657	33
4063	0.0348467293945294	33
4064	-0.0910008821479633	33
4065	-0.027775273917353	33
4066	-0.1522504400900165	33
4067	0.0974005985076828	33
4068	0.19314907648376	33
4069	-0.3191615694605309	33
4070	0.0859846409827004	33
4071	0.1586084342865472	33
4072	-0.0161974424702806	33
4073	0.1273348103764098	33
4074	-0.0139663159744626	33
4075	-0.2068148194081565	33
4076	-0.1033675725192946	33
4077	0.1826334705761282	33
4078	-0.0086916500932327	33
4079	-0.2705254063500448	33
4080	-0.2277478712515088	33
4081	-0.3703177332748488	33
4082	-0.0993782198504785	33
4083	-0.2761267965020071	33
4084	-0.1053316799372247	33
4085	0.0891062659377149	33
4086	-0.160238280293022	33
4087	-0.081322984860433	33
4088	-0.053067516091935	33
4089	0.107057026151165	33
4090	0.2426924180910355	33
4091	0.0458075578178724	33
4092	0.1288342311083305	33
4093	0.0373749884452889	33
4094	0.134719087683544	33
4095	0.0715000519540711	33
4096	0.0034044178516485	33
4097	-0.2150956202744157	33
4098	-0.0814410412784997	33
4099	0.0937704873416194	33
4100	0.1278406803939223	33
4101	0.0599979904993237	33
4102	-0.0885104154958147	33
4103	-0.002032929450909	33
4104	-0.0795008398471373	33
4105	0.0472982807662223	33
4106	0.1021894762509839	33
4107	0.2869330412859107	33
4108	-0.1303736308722792	33
4109	-0.1292013842478986	33
4110	-0.1537483292327259	33
4111	-0.1589997503930529	33
4112	-0.2189710133342749	33
4113	-0.051376601429167	33
4114	0.0267966277182909	33
4115	-0.1563695850455143	33
4116	-0.0490535401394725	33
4117	-0.1125721944785878	33
4118	-0.051338948307823	33
4119	-0.2650833193784673	33
4120	-0.1805841447176771	33
4121	0.0767600767850461	33
4122	-0.1230367476687829	33
4123	0.1865712491454112	33
4124	0.3678035526367768	33
4125	-0.2706759376228532	33
4126	-0.2158557980827938	33
4127	0.2426966221304132	33
4128	-0.12939275572965	33
4129	-0.1015053928157498	33
4130	-0.1457274746458146	33
4131	0.0765823737486071	33
4132	-0.1380662485927354	33
4133	0.0359895641064772	33
4134	-0.2595056770410767	33
4135	-0.0539477482130982	33
4136	0.1921776052445321	33
4137	0.0985474667553626	33
4138	0.2203549594612773	33
4139	-0.078122752281021	33
4140	0.2621828767840587	33
4141	0.1068917222441251	33
4142	-5.465627094462626e-05	33
4143	0.0929716985937939	33
4144	0.1230252512328335	33
4145	-0.3648017606793139	33
4146	-0.1311979304638688	33
4147	0.1477496606496579	33
4148	0.145466216078311	33
4149	0.1156410390254206	33
4150	0.1846221549252932	33
4151	-0.0640814999828048	33
4152	0.088412893905725	33
4153	0.0175417368438261	33
4154	-0.0807921076402227	33
4155	-0.0489680595072899	33
4156	-0.0911540705392239	33
4157	-0.0823406892300483	33
4158	-0.0501122110972777	33
4159	0.0893806331476976	33
4160	-0.2582539072334849	33
4161	-0.2877943253549172	33
4162	0.0532686109553478	33
4163	0.014631432595372	33
4164	-0.1164300115903499	33
4165	0.0943723374100337	33
4166	-0.1868057827808193	33
4167	-0.1391831190911827	33
4168	0.1399702144855965	33
4169	0.0509942672370163	33
4170	0.0067114378601217	33
4171	-0.0972881820143424	33
4172	-0.0596928041477113	33
4173	-0.172326585051929	33
4174	0.2142707810315924	33
4175	-0.1892058955908008	33
4176	-0.1858360332327517	33
4177	0.1761142955342699	33
4178	-0.291084295854745	33
4179	0.2747145991711132	33
4180	-0.0258632146504036	33
4181	-0.1370414676953515	33
4182	-0.0577713481560471	33
4183	0.2621255590732024	33
4184	-0.0494738025938803	33
4185	-0.0031270217304494	33
4186	-0.138734065043535	33
4187	0.1170324711683091	33
4188	-0.2687438634135331	33
4189	-0.0230971738281418	33
4190	0.0749654403054999	33
4191	0.2017229094172287	33
4192	0.0585469875862271	33
4193	-0.3109633365531912	33
4194	-0.0929287637020249	33
4195	-0.0351164616630278	33
4196	-0.0841144405498646	33
4197	-0.0129612451083748	33
4198	0.2613877458207313	33
4199	0.1431401740154284	33
4200	-0.2702535299718782	33
4201	0.0124075043762166	33
4202	-0.0131241817466244	33
4203	0.1992562681069034	33
4204	-0.2577283331026016	33
4205	0.287404917418833	33
4206	0.0270531002287405	33
4207	0.2827203407106711	33
4208	0.0024989080183813	33
4209	-0.1845385740469591	33
4210	0.2344996545217414	33
4211	-0.1102840550247866	33
4212	0.0592868883137753	33
4213	-0.2229963275494128	33
4214	-0.0427235329808338	33
4215	-0.0435521844673198	33
4216	-0.2397766150886588	33
4217	0.0919215343674561	33
4218	-0.0789946359215372	33
4219	-0.0140902115490023	33
4220	-0.1047470456058941	33
4221	0.1049996319579084	33
4222	-0.1795729641876696	33
4223	0.1557527674995651	33
4224	0.0122801490380037	33
4225	0.0951258337461342	33
4226	-0.0198394572611987	33
4227	0.0882324793955594	33
4228	-0.1578020546837795	33
4229	-0.1592746737645772	33
4230	-0.1037619780417085	33
4231	-0.1661058521338344	33
4232	0.1193044579485969	33
4233	-0.1646159902438288	33
4234	0.410992860940317	33
4235	-0.0332390486478772	33
4236	-0.0572925475218964	33
4237	-0.1551304537088325	33
4238	0.0144363962897447	33
4239	-0.1295627990353093	33
4240	-0.2276335877742198	33
4241	-0.0782201064895539	33
4242	-0.1340099335511063	33
4243	0.0163317854149129	33
4244	0.1096371129219665	33
4245	-0.1926014917815195	33
4246	0.1254054265194778	33
4247	-0.1950541187279702	33
4248	-0.3166322441289685	33
4249	0.316972385800471	33
4250	-0.0280496315411	33
4251	0.0190754314864654	33
4252	-0.0109905771191227	33
4253	-0.2439514521470972	33
4254	-0.1493021215571753	33
4255	0.0454714076033043	33
4256	0.1244097675814889	33
4257	-0.0419822061701707	33
4258	0.1589919972428379	33
4259	-0.1212569520851207	33
4260	-0.1189437799360118	33
4261	-0.086288107766886	33
4262	-0.1058114177106989	33
4263	-0.0117610948378255	33
4264	0.1076209245063851	33
4265	0.0087961557367984	33
4266	0.0289785685528329	33
4267	0.155520036085269	33
4268	0.1890844263404298	33
4269	-0.270899915927403	33
4270	-0.090542114122686	33
4271	-0.0385094188427361	33
4272	0.0812483848234554	33
4273	-0.1623625704938616	33
4274	-0.117336174848902	33
4275	0.2713459673478626	33
4276	0.0983357534060101	33
4277	0.1774322912603	33
4278	-0.1078227277656325	33
4279	0.120371604467926	33
4280	-0.121741484284333	33
4281	0.1226870891529191	33
4282	0.2377882580246607	33
4283	-0.0626570738814941	33
4284	0.2283291472680862	33
4285	-0.133806471999943	33
4286	0.0135968072119595	33
4287	-0.1463381550229832	33
4288	0.1212974883817061	33
4289	-0.1062248711056568	33
4290	0.5356239883184147	33
4291	-0.1131336881857426	33
4292	0.3595267073408075	33
4293	-0.0103823898846764	33
4294	0.3100972012518336	33
4295	0.1188600736283668	33
4296	-0.189336818715338	33
4297	-0.1879068219291683	33
4298	-0.0151678725713089	33
4299	0.0887261730553049	33
4300	0.2342634560242406	33
4301	0.1542947488356545	33
4302	-0.1461630136036001	33
4303	0.0157045074713224	33
4304	-0.2839392832571191	33
4305	0.1065949879328035	33
4306	-0.0397677481142938	33
4307	-0.1873184813706963	33
4308	-0.0488177244020242	33
4309	0.0874117278378516	33
4310	0.061171557094765	33
4311	-0.2049763293605121	33
4312	-0.0238000141415012	33
4313	-0.2111353458488279	33
4314	-0.007592134403294	33
4315	-0.1969342206420803	33
4316	0.0511223661750881	33
4317	-0.0052805621225209	33
4318	0.3573627173969653	33
4319	-0.1177905115374132	33
4320	-0.2673252323364137	33
4321	-0.0329030247937727	33
4322	-0.0525293719747807	33
4323	-0.1521970824913031	33
4324	-0.0243500358507353	33
4325	-0.0916948030068334	33
4326	0.080938494259067	33
4327	0.265420005878679	33
4328	-0.0522387043702995	33
4329	-0.1833664006506101	33
4330	-0.2053092162556024	33
4331	0.048221620756435	33
4332	-0.1288900545892452	33
4333	-0.4041642025002335	33
4334	-0.0299556611277205	33
4335	0.0535416145418194	33
4336	-0.2143009593892019	33
4337	0.0887101203636872	33
4338	0.043777661714906	33
4339	-0.1994931636229807	33
4340	0.0465157141075538	33
4341	0.1611177072100654	33
4342	0.1738300741303269	33
4343	-0.0787199655507731	33
4344	0.0873469472340033	33
4345	0.2265727683689332	33
4346	-0.0854533448884634	33
4347	0.139141247413034	33
4348	-0.1849143543324977	33
4349	-0.2324226426400808	33
4350	0.2126775239287102	33
4351	-0.1337646704544017	33
4352	-0.0605150924225523	33
4353	0.0197571254284141	33
4354	-0.1623806175913587	33
4355	0.0658686777843414	33
4356	-0.088263864859551	33
4357	0.1701859029846817	33
4358	-0.1700401563409564	33
4359	-0.2378440792717706	33
4360	-0.0025204206165522	33
4361	-0.145081531725362	33
4362	0.1517959066058496	33
4363	-0.1426672663395799	33
4364	0.4283850560217431	33
4365	0.3764015094715379	33
4366	-0.1158899815988991	33
4367	0.1410973449808964	33
4368	0.3122443070327416	33
4369	-0.2130787737866156	33
4370	-0.0420042510039509	33
4371	-0.0307136456701048	33
4372	-0.0188214400983212	33
4373	-0.0272331657568275	33
4374	0.0259195966439517	33
4375	-0.120665787128073	33
4376	0.1102269011084923	33
4377	-0.1175386701422569	33
4378	-0.2833230752054015	33
4379	-0.2540155652210119	33
4380	-0.0273515543096157	33
4381	-0.0739858404801882	33
4382	0.1809389449655517	33
4383	0.1611825862794906	33
4384	-0.0819651638619409	33
4385	-0.32426649790129	33
4386	0.1737145680186877	33
4387	0.0795030940845987	33
4388	-0.2399231200620023	33
4389	0.2606660644103873	33
4390	-0.2408659796154614	33
4391	0.010248718675002	33
4392	0.2969018603792098	33
4393	0.2289058755133363	33
4394	-0.0467570488778171	33
4395	-0.1530474833189607	33
4396	-0.1360072474295163	33
4397	0.322731778212983	33
4398	-0.1481814997279651	33
4399	-0.2038972013589058	33
4400	-0.121224524236309	33
4401	0.0659014035676723	33
4402	0.0384416213333878	33
4403	-0.0139245204930424	33
4404	-0.1184279760902708	33
4405	0.1988125372869179	33
4406	0.1281568117162873	33
4407	0.2175904885240525	33
4408	0.2400550229188501	33
4409	0.2037990564867649	33
4410	-0.024480864572031	33
4411	0.089132492979299	33
4412	-0.2582865166561315	33
4413	-0.0481037162683477	33
4414	0.0961450441866519	33
4415	-0.0836906225567993	33
4416	-0.2024964277774301	33
4417	-0.0155412951242952	33
4418	-0.0136819186553871	33
4419	-0.1208572430586176	33
4420	-0.1089102843929722	33
4421	0.1961236191892237	33
4422	-0.1783739665373759	33
4423	-0.1036179760242429	33
4424	0.1436774751234865	33
4425	-0.5032695911336	33
4426	-0.1305440466995406	33
4427	0.3133333188446566	33
4428	-0.0124576098112893	33
4429	-0.1313873617453499	33
4430	-0.2691850230554295	33
4431	0.0258035448258066	33
4432	-0.0348193867009873	33
4433	-0.219854155012318	33
4434	0.0388758899612085	33
4435	-0.0832496286299105	33
4436	0.2886598588238805	33
4437	-0.0105659013441629	33
4438	-0.0788442429875813	33
4439	0.0922691431972958	33
4440	-0.0330314457909107	33
4441	-0.0633744689710345	33
4442	0.0023939411889342	33
4443	0.2975050936503618	33
4444	-0.3315891580923339	33
4445	-0.1046427860640129	33
4446	0.0586459853438989	33
4447	0.1165310592739665	33
4448	-0.0057503921262043	33
4449	-0.3282463511413538	33
4450	-0.083983922772799	33
4451	-0.1070365544389101	33
4452	0.1530098488052747	33
4453	0.0334219468400807	33
4454	-0.0011857191747925	33
4455	0.1072782001914261	33
4456	-0.0508311884932276	33
4457	-0.248726883896777	33
4458	-0.0066798472934661	33
4459	0.0496103165556557	33
4460	0.0372110667081873	33
4461	0.0515549097188971	33
4462	0.2750294060967397	33
4463	0.2406199608843245	33
4464	-0.0714337108867962	33
4465	-0.201846378035341	33
4466	0.1079838849288344	33
4467	-0.0465052045705639	33
4468	0.2047400356634268	33
4469	-0.3401014123759336	33
4470	-0.0191453206338855	33
4471	-0.1653818848418904	33
4472	0.0869476533383399	33
4473	-0.0422516108183313	33
4474	-0.0072966170624307	33
4475	0.3022805768208104	33
4476	0.170945573446681	33
4477	0.2838090861954127	33
4478	0.4176656356462523	33
4479	0.2173219099179194	33
4480	-0.25724227166039	33
4481	0.133683155392175	33
4482	0.018087620939117	33
4483	-0.0715270408437266	33
4484	0.0224457993073147	33
4485	-0.3758424879313602	33
4486	-0.0380989193900142	33
4487	0.2135903937791984	33
4488	-0.1125043413226747	33
4489	0.0054236822823937	33
4490	0.3106145554188961	33
4491	-0.0268684975143018	33
4492	0.2191843002035113	33
4493	0.0132353378483015	33
4494	-0.1650623306002462	33
4495	-0.037061062950426	33
4496	-0.1548913017274258	33
4497	0.0590114640402704	33
4498	-0.0063917592902938	33
4499	-0.1138924678127443	33
4500	0.15429237265241	33
4501	0.029801362272105	33
4502	0.1369926453817244	33
4503	-0.0430862400794224	33
4504	0.0059998853293345	33
4505	-0.3004986461955221	33
4506	0.0487574596157628	33
4507	0.2324169226637571	33
4508	0.1429413935623184	33
4509	0.2616918813713313	33
4510	0.0833387795247627	33
4511	-0.1895124885058298	33
4512	-0.0866454824748024	33
4513	-0.1384648939401521	33
4514	0.0589425234502054	33
4515	-0.3298106044518803	33
4516	-0.1447986628539388	33
4517	-0.0874467004285097	33
4518	-0.102438021836579	33
4519	0.2406852978601595	33
4520	0.0629420487263495	33
4521	0.0722574606292053	33
4522	0.075838233848436	33
4523	0.1632977448913567	33
4524	0.0681522761099428	33
4525	-0.0815701075908738	33
4526	0.3356355904815304	33
4527	0.0695193981376031	33
4528	0.4124313388224345	33
4529	-0.1066430426108264	33
4530	-0.0709365005959995	33
4531	0.2800955324264981	33
4532	-0.157649793946044	33
4533	0.06815430002223	33
4534	0.1839281625346845	33
4535	0.0561395987072521	33
4536	0.1995329377491198	33
4537	0.0064525208522447	33
4538	0.1578328502385705	33
4539	0.2037095216210327	33
4540	0.0673196907284214	33
4541	-0.0328411834149419	33
4542	-0.1864612875175415	33
4543	-0.0132171554605135	33
4544	0.1387714352988218	33
4545	0.0445078637493899	33
4546	0.0734137352897577	33
4547	0.1172956575743661	33
4548	0.1661379250296253	33
4549	0.3877778298300435	33
4550	-0.0558106422403283	33
4551	-0.0903515773212933	33
4552	-0.1496491967422134	33
4553	-0.2475267675277997	33
4554	0.1901172352142671	33
4555	0.189066780851747	33
4556	0.5782956570000288	33
4557	0.0672882447192034	33
4558	-0.1459208538831679	33
4559	0.1921804853829506	33
4560	0.267253665579467	33
4561	0.1569623543915596	33
4562	0.1306348209987961	33
4563	0.1301220551182997	33
4564	0.2236488624811078	33
4565	-0.1833978934881545	33
4566	-0.2804596274601617	33
4567	0.0643155909618006	33
4568	0.0786098923662419	33
4569	0.1528623725009621	33
4570	-0.0436692579657781	33
4571	0.3648466163875968	33
4572	-0.0192324348913832	33
4573	0.1022876444006729	33
4574	0.0185118926376325	33
4575	-0.1712527695933526	33
4576	0.2446426965358847	33
4577	-0.369460317174204	33
4578	0.1471587216094344	33
4579	-0.032364685359005	33
4580	-0.1111109747089141	33
4581	0.1807087178205128	33
4582	-0.0233436506909512	33
4583	0.090222062259825	33
4584	0.1827593460537811	33
4585	-0.1871215270542818	33
4586	0.0975530273623804	33
4587	-0.201543544730022	33
4588	-0.1127615162487826	33
4589	0.0322298693686244	33
4590	0.1616467606477043	33
4591	0.1928970771394061	33
4592	0.0552101063516294	33
4593	0.1278681925243702	33
4594	-0.1517074766074754	33
4595	-0.1156721611934755	33
4596	0.1450437200650864	33
4597	0.2062329015702451	33
4598	-0.0739330164242247	33
4599	0.1295434519133076	33
4600	-0.1850347142721972	33
4601	0.1914047605999151	33
4602	-0.0970416877731795	33
4603	0.0399048036860902	33
4604	0.0944429391980095	33
4605	0.2526981337599807	33
4606	-0.0198742122516285	33
4607	0.4009232822171836	33
4608	0.1982185736366601	33
4609	-0.0623350927981838	33
4610	0.3770428961089508	33
4611	-0.0067302253579482	33
4612	-0.1089634739357364	33
4613	0.0417953089758606	33
4614	0.3318880969288191	33
4615	-0.0045663724535216	33
4616	-0.1904586174996103	33
4617	0.1897463678733001	33
4618	-0.1737196407411511	33
4619	-0.3531222557635083	33
4620	0.2543959212956899	33
4621	0.1566970787785837	33
4622	-0.1571725087394574	33
4623	-0.0080796557770132	33
4624	-0.1700809437516895	33
4625	-0.1894738092053185	33
4626	-0.1108278088729502	33
4627	-0.2656657252184543	33
4628	0.1595186580087143	33
4629	-0.1773131587128772	33
4630	-0.004227861906027	33
4631	0.1892227884481311	33
4632	-0.1881657511430483	33
4633	-0.0038604433087658	33
4634	-0.0558137996352036	33
4635	0.0342350351763069	33
4636	-0.0975904065133164	33
4637	-0.1906385971070631	33
4638	0.1119431587838568	33
4639	0.0303192855934188	33
4640	0.1042922522985873	33
4641	-0.2209548029692095	33
4642	-0.4225838011892324	33
4643	-0.1461817628190591	33
4644	-0.0484768117169941	33
4645	0.2114701216988412	33
4646	-0.1225938893875982	33
4647	-0.0471088597090432	33
4648	-0.1699945636134724	33
4649	0.082368134550575	33
4650	-0.2332311272686039	33
4651	0.0167923154064732	33
4652	0.0243636838952379	33
4653	-0.0850962512716531	33
4654	-0.0391800322938811	33
4655	-0.0687683147542399	33
4656	0.2145362011641681	33
4657	0.3548276876724246	33
4658	0.0299115361322239	33
4659	-0.5166297209604317	33
4660	-0.2436330484237829	33
4661	0.4126193145837956	33
4662	0.0598525265774477	33
4663	0.0967106408376416	33
4664	0.3163376443071399	33
4665	0.0654754497089492	33
4666	0.0777553385623337	33
4667	0.1862927052683449	33
4668	-0.1159275116910006	33
4669	0.1116029511997442	33
4670	0.1483451044031868	33
4671	0.0734159040297635	33
4672	0.068581733422432	33
4673	0.0073773174468276	33
4674	-0.0196943557876945	33
4675	-0.2950559121049305	33
4676	-0.2240378202336303	33
4677	-0.0116785137232143	33
4678	-0.0116501762154863	33
4679	0.2868911392949119	33
4680	-0.1137967481506224	33
4681	-0.1768170448849502	33
4682	0.2153869320882103	33
4683	-0.1131975543172896	33
4684	0.4012729399009077	33
4685	0.038624818062924	33
4686	0.0542384303631438	33
4687	0.0985372468827259	33
4688	-0.1454810206675282	33
4689	0.3731178221486025	33
4690	-0.0536509652589389	33
4691	-0.1060392983536131	33
4692	0.0536861316760258	33
4693	0.2139280517392282	33
4694	0.1318346998935545	33
4695	0.1789090229060322	33
4696	-0.1140268939790079	33
4697	0.2281797840145172	33
4698	-0.0225699316559057	33
4699	-0.1795306450950751	33
4700	-0.071045942304357	33
4701	0.4735641150134639	33
4702	0.0163159651928946	33
4703	-0.1145465672448386	33
4704	0.1066142334053482	33
4705	-0.1109428164843273	33
4706	-0.0200444422259249	33
4707	0.2512473638716156	33
4708	0.0799375625582673	33
4709	-0.2638783896538333	33
4710	0.1362436893723352	33
4711	-0.1521411589795819	33
4712	0.040440616270242	33
4713	0.2443758842859329	33
4714	0.225229607607496	33
4715	-0.2627867550804545	33
4716	0.0655342863529358	33
4717	-0.1048124045384078	33
4718	0.0313739891811129	33
4719	-0.3098395660603141	33
4720	-0.2351464213429683	33
4721	-0.1892739662711373	33
4722	-0.0210124270986936	33
4723	0.0745017518133105	33
4724	-0.0403352751562622	33
4725	-0.0741530812430457	33
4726	-0.1216610011097938	33
4727	-0.1576541428059121	33
4728	0.2520126040985427	33
4729	0.3143979932493442	33
4730	-0.0610232312019321	33
4731	-0.2002871261816181	33
4732	0.0659838706838959	33
4733	-0.0451945970503122	33
4734	-0.2505288281952696	33
4735	-0.0292469944003257	33
4736	0.0053739002702723	33
4737	-0.0135015109248808	33
4738	0.0221255200626748	33
4739	-0.1928182266576057	33
4740	-0.051009015726147	33
4741	-0.1122423802942374	33
4742	-0.1809051306358702	33
4743	-0.1464552126926112	33
4744	-0.1169625541540642	33
4745	-0.3505146589021997	33
4746	-0.3176462531056659	33
4747	0.2172353180904007	33
4748	0.1578938982148668	33
4749	0.1130787288141796	33
4750	-0.0460255334190311	33
4751	-0.0074507758060788	33
4752	0.0722424713493369	33
4753	0.1433765402857808	33
4754	-0.066465622005638	33
4755	0.0954152016161982	33
4756	0.367037571344718	33
4757	0.1116937591413866	33
4758	-0.2047686494781118	33
4759	-0.0808100756142962	33
4760	0.0597280429017871	33
4761	-0.1014577531469892	33
4762	-0.1566509916899194	33
4763	0.2842163592324315	33
4764	0.1992079866260927	33
4765	0.2168080871002192	33
4766	0.3475685177274555	33
4767	-0.0426532112238698	33
4768	-0.0194059393183008	33
4769	-0.0411373865649665	33
4770	0.1219684703271726	33
4771	0.2365726344888726	33
4772	0.2530918452606807	33
4773	0.1664260140591783	33
4774	-0.1851678147781679	33
4775	0.0488253182072185	33
4776	-0.1829483651816134	33
4777	-0.0308152815223293	33
4778	-0.1642559476420688	33
4779	-0.0161006707783318	33
4780	0.0291676638890999	33
4781	-0.0152594036482198	33
4782	-0.0474330293160974	33
4783	-0.1815254998876738	33
4784	0.0072487308274161	33
4785	-0.0600029219690943	33
4786	0.1139605546638132	33
4787	-0.0084291268775325	33
4788	0.1689318289934763	33
4789	0.1793701950436547	33
4790	0.0920847933006762	33
4791	0.133982879204784	33
4792	0.1267547131003519	33
4793	0.195873311909806	33
4794	-0.13844084218333	33
4795	-0.1305799902768355	33
4796	0.0220863060364735	33
4797	0.0510069646069748	33
4798	-0.1920590311665443	33
4799	0.1204824493911525	33
4800	-0.1348217736524666	33
4801	-0.103619651309061	33
4802	-0.1446990364567495	33
4803	0.0811246685342616	33
4804	0.0383166296364409	33
4805	0.096399492060062	33
4806	-0.1952580367893	33
4807	-0.0914142427186287	33
4808	-0.5542237398094406	33
4809	-0.1368000658849036	33
4810	0.192265143341791	33
4811	-0.0478216731374021	33
4812	-0.1957647993296458	33
4813	-0.0805593453983639	33
4814	-0.1100523456733054	33
4815	0.1272078815052198	33
4816	0.0375462185568968	33
4817	0.0294133546088182	33
4818	0.1074293680088918	33
4819	-0.1720118308926639	33
4820	-0.2174001929508912	33
4821	-0.2612042245494838	33
4822	-0.0262967245501805	33
4823	-0.1427821831621266	33
4824	0.1833534064835697	33
4825	0.1890358577011465	33
4826	-0.2530827271469161	33
4827	0.2790679229200377	33
4828	-0.0605139202348809	33
4829	0.1542846534949798	33
4830	0.2028031878486687	33
4831	-0.2233582464421357	33
4832	0.0930411238018228	33
4833	0.0414711957362357	33
4834	-0.0465934568569548	33
4835	0.0555245222938557	33
4836	-0.257728321791651	33
4837	-0.3334936692009339	33
4838	-0.1174952057796295	33
4839	0.0829851861966551	33
4840	-0.2102079315626511	33
4841	0.270375054309075	33
4842	-0.0696508838479983	33
4843	0.2558487958971823	33
4844	-0.0541339777860864	33
4845	-0.0111148077516022	33
4846	-0.2951095834693933	33
4847	0.2261058209687037	33
4848	-0.19003792759424	33
4849	-0.1395161058550196	33
4850	0.1338698549983236	33
4851	0.0491987008546794	33
4852	-0.3060014290182026	33
4853	-0.1090628199962941	33
4854	-0.1021841970400053	33
4855	-0.1267140250092236	33
4856	-0.098397393854246	33
4857	0.362608878449442	33
4858	0.1374869405330107	33
4859	0.061203701279712	33
4860	0.1984803425285975	33
4861	-0.412541997237865	33
4862	-0.0752010074552685	33
4863	0.0054546924808938	33
4864	0.2091303778183744	33
4865	0.2794864425299742	33
4866	0.1628795244797947	33
4867	0.2296649526606772	33
4868	-0.043305266928283	33
4869	-0.0075487836581819	33
4870	0.236239822382906	33
4871	-0.0450161533012518	33
4872	0.0833042545433666	33
4873	-0.0197926718452172	33
4874	-0.0949903345624839	33
4875	-0.2562072022064812	33
4876	-0.0673934344430963	33
4877	0.0389177651277589	33
4878	-0.0878436391245421	33
4879	-0.2028317892266594	33
4880	-0.0822467975042881	33
4881	0.0751116137851895	33
4882	-0.1627381882241301	33
4883	0.1573189063690709	33
4884	-0.3437695852728341	33
4885	0.2464702165133575	33
4886	0.1477061754471847	33
4887	0.1693716862391812	33
4888	0.1032747093603591	33
4889	0.1485464550055008	33
4890	0.2074099731975608	33
4891	0.2482027886725638	33
4892	-0.215857360557743	33
4893	-0.1051431954626633	33
4894	-0.0374418099287104	33
4895	-0.1025026663872292	33
4896	0.2037582255039614	33
4897	-0.2890822664671605	33
4898	-0.0786731670417795	33
4899	0.0611420827514426	33
4900	-0.2197990522520561	33
4901	0.0513141387785469	33
4902	0.0132945901993396	33
4903	0.2256612541442973	33
4904	-0.0093419098934907	33
4905	0.0352046464636859	33
4906	0.0525296614090116	33
4907	-0.2323581768135042	33
4908	-0.0868840936148739	33
4909	-0.0479710165255904	33
4910	0.0644230893633895	33
4911	-0.1700803272783605	33
4912	0.2048637846776655	33
4913	0.0154086754639001	33
4914	-0.0953735454936039	33
4915	0.1125822163982738	33
4916	0.1222340663109473	33
4917	0.2984595573565425	33
4918	-0.0258938159380205	33
4919	-0.2356149345055566	33
4920	-0.3010397856194601	33
4921	-0.3087379602608515	33
4922	0.0333422898358538	33
4923	-0.0903903276240464	33
4924	-0.1721853082360717	33
4925	-0.0378091228602795	33
4926	0.0536404690332141	33
4927	-0.1689800539329707	33
4928	0.0926251248446716	33
4929	0.0819921986481301	33
4930	0.0794592226231541	33
4931	-0.0711136780112597	33
4932	0.0317168745262213	33
4933	0.3162842010074089	33
4934	-0.0002632838196782	33
4935	0.093617430441495	33
4936	0.2655387848941903	33
4937	0.0624343388466167	33
4938	0.0626293583806169	33
4939	0.0933770277364764	33
4940	0.208758739437485	33
4941	0.2081284226183904	33
4942	0.1829953172795157	33
4943	-0.2864858437050337	33
4944	-0.1772799288080659	33
4945	0.2404759170105557	33
4946	0.0324458235243685	33
4947	0.0758180384582554	33
4948	-0.1390119249512107	33
4949	0.0239174277821564	33
4950	-0.0248551175066618	33
4951	0.0553102264706746	33
4952	0.3003646921391607	33
4953	0.0096549595055739	33
4954	-0.0843694029187604	33
4955	-0.2009780189279695	33
4956	0.1050281709500456	33
4957	0.0127204953575909	33
4958	-0.0644174902386728	33
4959	-0.1018613864856655	33
4960	0.1215314868591052	33
4961	-0.0738779874475504	33
4962	-0.0602992260153133	33
4963	-0.4496622807515211	33
4964	0.185750507366986	33
4965	0.2394184970865074	33
4966	0.0171284417050278	33
4967	-0.1140495896331775	33
4968	-0.2588250234426296	33
4969	-0.0441574167768924	33
4970	-0.2441313648707115	33
4971	0.3679074127047769	33
4972	0.0254447402160839	33
4973	-0.1783963143760873	33
4974	0.3815220785703024	33
4975	0.1537819952414146	33
4976	-0.0327714433865456	33
4977	-0.2030542197126736	33
4978	-0.1910136045089644	33
4979	0.0905726696040572	33
4980	0.1998301982896212	33
4981	-0.1690006171413915	33
4982	0.2931377208059821	33
4983	0.134220717248171	33
4984	0.3417705433951074	33
4985	-0.3342868743532049	33
4986	0.1037814252125741	33
4987	0.1704421104295571	33
4988	-0.1075235404537561	33
4989	0.0934104087025915	33
4990	0.1096047853981981	33
4991	0.1194127285739188	33
4992	-0.0177114832587602	33
4993	0.0854040988639879	33
4994	0.0121937047876457	33
4995	0.0798898225827057	33
4996	-0.0273872114286116	33
4997	-0.0652874724797028	33
4998	-0.0130090972123767	33
4999	0.0240982493604223	33
5000	0.0480513511617462	33
